participant,ROI,fold,model,rank,test_r,val_r
subj01,V1,fold_0,vis2vis,1,0.4981070551314001,0.5242399509925818
subj01,V1,fold_0,vis2vis,2,0.5121842513970456,0.5540788800155286
subj01,V1,fold_0,vis2vis,3,0.5670906725206272,0.609257628414749
subj01,V1,fold_0,vis2vis,4,0.5602065732478427,0.6160789733950189
subj01,V1,fold_0,vis2vis,5,0.5590050870140028,0.617597846298319
subj01,V1,fold_0,vis2vis,6,0.5621683594974621,0.6198507369329759
subj01,V1,fold_0,vis2vis,7,0.5628387079847718,0.6203345373257199
subj01,V1,fold_0,vis2vis,8,0.5599795305214114,0.615466647146877
subj01,V1,fold_0,vis2vis,9,0.5620367244227518,0.6161719996186412
subj01,V1,fold_0,vis2vis,10,0.5631967734625855,0.6159096690982051
subj01,V1,fold_0,vis2vis,11,0.562028645465679,0.6168308322814219
subj01,V1,fold_0,vis2vis,12,0.5618005186968811,0.6163461950274469
subj01,V1,fold_1,vis2vis,1,0.6555714439737507,0.5327798807210686
subj01,V1,fold_1,vis2vis,2,0.6900010574863571,0.608478255448309
subj01,V1,fold_1,vis2vis,3,0.715973250997306,0.6187134503932721
subj01,V1,fold_1,vis2vis,4,0.7050120329492678,0.6262068087848457
subj01,V1,fold_1,vis2vis,5,0.7038290100202226,0.6276925707909656
subj01,V1,fold_1,vis2vis,6,0.7027241894319638,0.6224677206464968
subj01,V1,fold_1,vis2vis,7,0.6998691612320472,0.6244128575796438
subj01,V1,fold_1,vis2vis,8,0.7005237811337923,0.6232654288457645
subj01,V1,fold_1,vis2vis,9,0.7006764098970919,0.6235368995232443
subj01,V1,fold_1,vis2vis,10,0.7007346893683056,0.6244381436877967
subj01,V1,fold_1,vis2vis,11,0.7025180715363278,0.6251385598184537
subj01,V1,fold_1,vis2vis,12,0.7015165439813413,0.6268012867940284
subj01,V1,fold_2,vis2vis,1,0.48208266873137506,0.5458919385354014
subj01,V1,fold_2,vis2vis,2,0.5432882789246236,0.6030046907289124
subj01,V1,fold_2,vis2vis,3,0.5690020609920216,0.6175289561199359
subj01,V1,fold_2,vis2vis,4,0.5664338449471198,0.6165938474088798
subj01,V1,fold_2,vis2vis,5,0.5691754664631505,0.6168581217118662
subj01,V1,fold_2,vis2vis,6,0.568168780158388,0.6158001382332119
subj01,V1,fold_2,vis2vis,7,0.5711794926989037,0.6161682398230945
subj01,V1,fold_2,vis2vis,8,0.5727253537322513,0.6176726564635416
subj01,V1,fold_2,vis2vis,9,0.5747597860148917,0.6186426093088598
subj01,V1,fold_2,vis2vis,10,0.5755043285443677,0.6199259026626321
subj01,V1,fold_2,vis2vis,11,0.5762117451333912,0.6200693710082559
subj01,V1,fold_2,vis2vis,12,0.5742896575555664,0.6200953356428954
subj01,V1,fold_3,vis2vis,1,0.504187411410059,0.5064428055672127
subj01,V1,fold_3,vis2vis,2,0.5565730934368592,0.5822835486088085
subj01,V1,fold_3,vis2vis,3,0.5750767629688156,0.6235560301068875
subj01,V1,fold_3,vis2vis,4,0.5766444724743357,0.6244781536900772
subj01,V1,fold_3,vis2vis,5,0.5814070789227044,0.628200940207798
subj01,V1,fold_3,vis2vis,6,0.5760567533284395,0.6378727074308145
subj01,V1,fold_3,vis2vis,7,0.5752505250055718,0.6330190234968627
subj01,V1,fold_3,vis2vis,8,0.5718561995747599,0.6350051959578012
subj01,V1,fold_3,vis2vis,9,0.5675244730099467,0.6379272570637778
subj01,V1,fold_3,vis2vis,10,0.5681870982900946,0.6398641267493084
subj01,V1,fold_3,vis2vis,11,0.5699208931464782,0.6376344876758502
subj01,V1,fold_3,vis2vis,12,0.5701388634778601,0.6386070920677128
subj01,V2,fold_0,vis2vis,1,0.28596123593838657,0.4236345204616256
subj01,V2,fold_0,vis2vis,2,0.39205699002054284,0.5211479488916834
subj01,V2,fold_0,vis2vis,3,0.361479144403959,0.5059223679018954
subj01,V2,fold_0,vis2vis,4,0.37170826842817856,0.5126598129226779
subj01,V2,fold_0,vis2vis,5,0.39303973908803647,0.5362768973668298
subj01,V2,fold_0,vis2vis,6,0.39033704400083513,0.538681525051813
subj01,V2,fold_0,vis2vis,7,0.3896855061659754,0.5280304361822231
subj01,V2,fold_0,vis2vis,8,0.38793760416685785,0.5303419858343209
subj01,V2,fold_0,vis2vis,9,0.38377507497538804,0.5261771270554607
subj01,V2,fold_0,vis2vis,10,0.3814698943631168,0.5226019642517991
subj01,V2,fold_0,vis2vis,11,0.38173596893648126,0.524517956548147
subj01,V2,fold_0,vis2vis,12,0.3808073966529056,0.5240399353852371
subj01,V2,fold_1,vis2vis,1,0.45507519631963755,0.41400232080995025
subj01,V2,fold_1,vis2vis,2,0.5286083977634314,0.4429472928787378
subj01,V2,fold_1,vis2vis,3,0.5270413819419659,0.47578402480901016
subj01,V2,fold_1,vis2vis,4,0.5407420082079905,0.47863736466676127
subj01,V2,fold_1,vis2vis,5,0.5541303012094474,0.48794131137026625
subj01,V2,fold_1,vis2vis,6,0.5382498124341912,0.47337405110558267
subj01,V2,fold_1,vis2vis,7,0.5492993547958952,0.47674597530834534
subj01,V2,fold_1,vis2vis,8,0.5558424696088752,0.47880908879152473
subj01,V2,fold_1,vis2vis,9,0.5567262071592323,0.47766103086561745
subj01,V2,fold_1,vis2vis,10,0.5577619393238415,0.4824251012733767
subj01,V2,fold_1,vis2vis,11,0.56018284880225,0.48633122388800787
subj01,V2,fold_1,vis2vis,12,0.5613511659133841,0.4939744243299579
subj01,V2,fold_2,vis2vis,1,0.19925285028122047,0.4565617778423836
subj01,V2,fold_2,vis2vis,2,0.27933181459725503,0.5401233867243371
subj01,V2,fold_2,vis2vis,3,0.27909399351246755,0.5487680737611819
subj01,V2,fold_2,vis2vis,4,0.2724503419389806,0.5546565898429433
subj01,V2,fold_2,vis2vis,5,0.2917311027460982,0.5448980236874515
subj01,V2,fold_2,vis2vis,6,0.29905774050724215,0.5273161784529701
subj01,V2,fold_2,vis2vis,7,0.30205457728602453,0.5245071740342745
subj01,V2,fold_2,vis2vis,8,0.3066884509071264,0.5243062931277356
subj01,V2,fold_2,vis2vis,9,0.3100642380989469,0.5243429209371325
subj01,V2,fold_2,vis2vis,10,0.309594539260315,0.5257574498784202
subj01,V2,fold_2,vis2vis,11,0.30928413364587964,0.516654133967413
subj01,V2,fold_2,vis2vis,12,0.3109930516178705,0.5262477392898157
subj01,V2,fold_3,vis2vis,1,0.378746732080981,0.2382089833876131
subj01,V2,fold_3,vis2vis,2,0.3057292168712414,0.3461680003562153
subj01,V2,fold_3,vis2vis,3,0.3126050471448987,0.37343671504041626
subj01,V2,fold_3,vis2vis,4,0.31658288320072986,0.41755363773034493
subj01,V2,fold_3,vis2vis,5,0.3314015691266216,0.45536967581395577
subj01,V2,fold_3,vis2vis,6,0.3545133660282214,0.46049696474438784
subj01,V2,fold_3,vis2vis,7,0.37931277979229644,0.4720293952289805
subj01,V2,fold_3,vis2vis,8,0.37899334556660597,0.47592082708345285
subj01,V2,fold_3,vis2vis,9,0.3819036501209709,0.475043856769437
subj01,V2,fold_3,vis2vis,10,0.37634388539315333,0.46846699655436086
subj01,V2,fold_3,vis2vis,11,0.37235479686583156,0.47169009371565873
subj01,V2,fold_3,vis2vis,12,0.37652434576271115,0.4722173919284111
subj01,V3,fold_0,vis2vis,1,0.2960168228707067,0.36413543411287125
subj01,V3,fold_0,vis2vis,2,0.3531113888838255,0.3654205989696739
subj01,V3,fold_0,vis2vis,3,0.3379980517416024,0.3030742395886819
subj01,V3,fold_0,vis2vis,4,0.313456020935642,0.3030498579889959
subj01,V3,fold_0,vis2vis,5,0.31162474379428257,0.2915189763361344
subj01,V3,fold_0,vis2vis,6,0.32340531280805207,0.32703549712861685
subj01,V3,fold_0,vis2vis,7,0.3250788347557614,0.33224911910577365
subj01,V3,fold_0,vis2vis,8,0.3231240160374942,0.33354297436314834
subj01,V3,fold_0,vis2vis,9,0.32671783531429893,0.334074702034959
subj01,V3,fold_0,vis2vis,10,0.3321984915686144,0.33807164182890376
subj01,V3,fold_0,vis2vis,11,0.32976853294338687,0.3362155418410217
subj01,V3,fold_0,vis2vis,12,0.32721994056448084,0.33701359160502803
subj01,V3,fold_1,vis2vis,1,0.3814536157013079,0.3560409029134309
subj01,V3,fold_1,vis2vis,2,0.3066236917887836,0.29522454473596366
subj01,V3,fold_1,vis2vis,3,0.4140386214882629,0.37610003731114067
subj01,V3,fold_1,vis2vis,4,0.44303510901679183,0.3914888380029156
subj01,V3,fold_1,vis2vis,5,0.44010286012262556,0.3942360054026685
subj01,V3,fold_1,vis2vis,6,0.4369395220556667,0.3964828134855028
subj01,V3,fold_1,vis2vis,7,0.4320759501118359,0.39323497182965933
subj01,V3,fold_1,vis2vis,8,0.43683632109448167,0.3917134822233607
subj01,V3,fold_1,vis2vis,9,0.4477903249220183,0.3926567377405021
subj01,V3,fold_1,vis2vis,10,0.44717663124344753,0.3896882745218167
subj01,V3,fold_1,vis2vis,11,0.4487028398430139,0.39111768195809504
subj01,V3,fold_1,vis2vis,12,0.4492716880344732,0.38979996079137963
subj01,V3,fold_2,vis2vis,1,0.3296081861934075,0.33671532224398987
subj01,V3,fold_2,vis2vis,2,0.31584566754554816,0.3380672767203016
subj01,V3,fold_2,vis2vis,3,0.2693337654372302,0.3970778395014097
subj01,V3,fold_2,vis2vis,4,0.2670493828890477,0.40050983089809106
subj01,V3,fold_2,vis2vis,5,0.25184308091768015,0.3855415090934297
subj01,V3,fold_2,vis2vis,6,0.2610981507121523,0.3978576213866017
subj01,V3,fold_2,vis2vis,7,0.25866107005822087,0.39043635093621587
subj01,V3,fold_2,vis2vis,8,0.2641639453475557,0.38429628823099665
subj01,V3,fold_2,vis2vis,9,0.2602076946459965,0.38287046346943593
subj01,V3,fold_2,vis2vis,10,0.2629385936852408,0.37985529303556836
subj01,V3,fold_2,vis2vis,11,0.26674214852179595,0.38118350098812476
subj01,V3,fold_2,vis2vis,12,0.26845385235066677,0.38224673574438633
subj01,V3,fold_3,vis2vis,1,0.3697979032986363,0.15308288990370986
subj01,V3,fold_3,vis2vis,2,0.3770932073877784,0.2753178084261545
subj01,V3,fold_3,vis2vis,3,0.41547100271833765,0.23778748533411664
subj01,V3,fold_3,vis2vis,4,0.41469911751282434,0.41442924626349414
subj01,V3,fold_3,vis2vis,5,0.4158093206810108,0.405189040961168
subj01,V3,fold_3,vis2vis,6,0.3985565638144126,0.4160438578746215
subj01,V3,fold_3,vis2vis,7,0.38072484617511543,0.411723451123158
subj01,V3,fold_3,vis2vis,8,0.3860886907488559,0.4175621496246089
subj01,V3,fold_3,vis2vis,9,0.3880864071326702,0.4134131909399428
subj01,V3,fold_3,vis2vis,10,0.38645766787373476,0.415367401203177
subj01,V3,fold_3,vis2vis,11,0.38437580093528556,0.41497013104789676
subj01,V3,fold_3,vis2vis,12,0.3838070692013263,0.41854231956188465
subj01,hV4,fold_0,vis2vis,1,0.5646598260778163,0.47798705316117573
subj01,hV4,fold_0,vis2vis,2,0.5737033842551583,0.4782637812548885
subj01,hV4,fold_0,vis2vis,3,0.5755457774812992,0.47300753022521774
subj01,hV4,fold_0,vis2vis,4,0.5715565875526094,0.4771426687507404
subj01,hV4,fold_0,vis2vis,5,0.5752941279704852,0.47968945983719574
subj01,hV4,fold_0,vis2vis,6,0.5745710038690011,0.47986022970109493
subj01,hV4,fold_0,vis2vis,7,0.5746999555652749,0.4795629628545402
subj01,hV4,fold_0,vis2vis,8,0.5743424866627275,0.4797327518477482
subj01,hV4,fold_0,vis2vis,9,0.5745046981097186,0.47981744422587697
subj01,hV4,fold_0,vis2vis,10,0.5744893498860255,0.47980643627564384
subj01,hV4,fold_0,vis2vis,11,0.5744673753619242,0.4797712584896339
subj01,hV4,fold_0,vis2vis,12,0.57447397067134,0.4797452218628462
subj01,hV4,fold_1,vis2vis,1,0.64271587853022,0.48445494447839116
subj01,hV4,fold_1,vis2vis,2,0.6446232975855715,0.4820932437895741
subj01,hV4,fold_1,vis2vis,3,0.6428576502954949,0.48398385673429406
subj01,hV4,fold_1,vis2vis,4,0.6539775995530517,0.4725319030473054
subj01,hV4,fold_1,vis2vis,5,0.6534513775013482,0.4749647734539254
subj01,hV4,fold_1,vis2vis,6,0.6489139519314303,0.4853226626447139
subj01,hV4,fold_1,vis2vis,7,0.6488872124678007,0.48555699847736905
subj01,hV4,fold_1,vis2vis,8,0.6488704817395037,0.4853905095293363
subj01,hV4,fold_1,vis2vis,9,0.6493279780358215,0.48550947695771624
subj01,hV4,fold_1,vis2vis,10,0.6492461399958147,0.48545911147309745
subj01,hV4,fold_1,vis2vis,11,0.6493188260697611,0.4853780058568638
subj01,hV4,fold_1,vis2vis,12,0.6492957513605603,0.48540307723855103
subj01,hV4,fold_2,vis2vis,1,0.47060295137170355,0.5704160216391712
subj01,hV4,fold_2,vis2vis,2,0.4797926541162289,0.5294812837894799
subj01,hV4,fold_2,vis2vis,3,0.5078472262760151,0.5219237520391607
subj01,hV4,fold_2,vis2vis,4,0.5013369980907391,0.5214903711251002
subj01,hV4,fold_2,vis2vis,5,0.49665548600506726,0.5230507326904855
subj01,hV4,fold_2,vis2vis,6,0.5019421236718679,0.5133763539414753
subj01,hV4,fold_2,vis2vis,7,0.5046000812472585,0.5162139587253838
subj01,hV4,fold_2,vis2vis,8,0.5078163648071665,0.5273991093806788
subj01,hV4,fold_2,vis2vis,9,0.5073720783181618,0.5296427996016878
subj01,hV4,fold_2,vis2vis,10,0.5075086179241255,0.5293262852139894
subj01,hV4,fold_2,vis2vis,11,0.5059820936184946,0.5298227039027272
subj01,hV4,fold_2,vis2vis,12,0.5058889444321388,0.5295338276629485
subj01,hV4,fold_3,vis2vis,1,0.5512928813195951,0.5214961323012787
subj01,hV4,fold_3,vis2vis,2,0.5399604426173025,0.5593004424921362
subj01,hV4,fold_3,vis2vis,3,0.5195812094930431,0.5500549501117736
subj01,hV4,fold_3,vis2vis,4,0.5212598250673681,0.5627833276042512
subj01,hV4,fold_3,vis2vis,5,0.5228404097457979,0.5648156519069076
subj01,hV4,fold_3,vis2vis,6,0.5230087920844343,0.5633703919713253
subj01,hV4,fold_3,vis2vis,7,0.5230941956450794,0.5603309034762959
subj01,hV4,fold_3,vis2vis,8,0.5220152560806531,0.5595792235362876
subj01,hV4,fold_3,vis2vis,9,0.521998026038612,0.5603092389919103
subj01,hV4,fold_3,vis2vis,10,0.5216571059787201,0.5605043832699623
subj01,hV4,fold_3,vis2vis,11,0.5213401562693596,0.5602678034334805
subj01,hV4,fold_3,vis2vis,12,0.5212606098844251,0.5602105648518226
subj01,ventral,fold_0,vis2vis,1,0.2740796421607801,0.1785953048760609
subj01,ventral,fold_0,vis2vis,2,0.3575104682970302,0.2992174136339142
subj01,ventral,fold_0,vis2vis,3,0.3406688698847502,0.2711315098811143
subj01,ventral,fold_0,vis2vis,4,0.34673363724404427,0.28861669671201406
subj01,ventral,fold_0,vis2vis,5,0.35828933769621807,0.2923862879961212
subj01,ventral,fold_0,vis2vis,6,0.3506882633577273,0.30031798136419935
subj01,ventral,fold_0,vis2vis,7,0.33458866557017947,0.28221428864929016
subj01,ventral,fold_0,vis2vis,8,0.3339478111603041,0.28156043900744976
subj01,ventral,fold_0,vis2vis,9,0.3253262645401823,0.27949410302678684
subj01,ventral,fold_0,vis2vis,10,0.3271015026534282,0.2769650978698021
subj01,ventral,fold_0,vis2vis,11,0.3251607865696796,0.27804772293339053
subj01,ventral,fold_0,vis2vis,12,0.3332057800785434,0.2679123222922352
subj01,ventral,fold_1,vis2vis,1,0.185902182066501,0.3577832439769783
subj01,ventral,fold_1,vis2vis,2,0.27738280618632055,0.37413992822600006
subj01,ventral,fold_1,vis2vis,3,0.30500437322850377,0.3264371313698419
subj01,ventral,fold_1,vis2vis,4,0.3147803151697265,0.3275793230181436
subj01,ventral,fold_1,vis2vis,5,0.2900631429982125,0.33132052432788633
subj01,ventral,fold_1,vis2vis,6,0.28500713554091234,0.32498151637521716
subj01,ventral,fold_1,vis2vis,7,0.28857163691783333,0.3218180352852774
subj01,ventral,fold_1,vis2vis,8,0.28824518223706364,0.3265874910969197
subj01,ventral,fold_1,vis2vis,9,0.28463670484119946,0.3257403203436868
subj01,ventral,fold_1,vis2vis,10,0.26843101195435515,0.3269922753659399
subj01,ventral,fold_1,vis2vis,11,0.26594331871532834,0.32837865711056585
subj01,ventral,fold_1,vis2vis,12,0.2596709985442194,0.32150045404850636
subj01,ventral,fold_2,vis2vis,1,0.11148177764160132,0.15915164848739702
subj01,ventral,fold_2,vis2vis,2,0.11678143225353206,0.2174366172567378
subj01,ventral,fold_2,vis2vis,3,0.11365313616575987,0.23582200511173804
subj01,ventral,fold_2,vis2vis,4,0.11802569517324323,0.23201367191322717
subj01,ventral,fold_2,vis2vis,5,0.13541879730478334,0.24622435961254505
subj01,ventral,fold_2,vis2vis,6,0.12869880399640607,0.2443334354623655
subj01,ventral,fold_2,vis2vis,7,0.12450476008601609,0.24348495625488378
subj01,ventral,fold_2,vis2vis,8,0.11781716619999447,0.24748205494126801
subj01,ventral,fold_2,vis2vis,9,0.09583341330179582,0.22818530812001162
subj01,ventral,fold_2,vis2vis,10,0.09606041513200292,0.23111235237198127
subj01,ventral,fold_2,vis2vis,11,0.10141592643351177,0.2256469473728792
subj01,ventral,fold_2,vis2vis,12,0.10032718707118904,0.22625798959690963
subj01,ventral,fold_3,vis2vis,1,0.3138945260811921,0.21054211262478584
subj01,ventral,fold_3,vis2vis,2,0.2591270234627926,0.17027945185141646
subj01,ventral,fold_3,vis2vis,3,0.26985692385635723,0.20732207754015586
subj01,ventral,fold_3,vis2vis,4,0.2857093836613874,0.22176555159888522
subj01,ventral,fold_3,vis2vis,5,0.29339538687106864,0.2244750115374035
subj01,ventral,fold_3,vis2vis,6,0.2875218940067284,0.20922379836447833
subj01,ventral,fold_3,vis2vis,7,0.27615606433252526,0.21443237816304567
subj01,ventral,fold_3,vis2vis,8,0.2675772450508713,0.21614236066941195
subj01,ventral,fold_3,vis2vis,9,0.2522797371824419,0.20305517280186758
subj01,ventral,fold_3,vis2vis,10,0.2484843453954114,0.20370137470717845
subj01,ventral,fold_3,vis2vis,11,0.2414992915115632,0.2022856146675678
subj01,ventral,fold_3,vis2vis,12,0.24018966312499573,0.20324217493229632
subj01,lateral,fold_0,vis2vis,1,0.3188105018346879,0.26547517804647114
subj01,lateral,fold_0,vis2vis,2,0.31528481520033136,0.31271479087063936
subj01,lateral,fold_0,vis2vis,3,0.3188170932893,0.33471938046069866
subj01,lateral,fold_0,vis2vis,4,0.31407099987840975,0.33008620245663256
subj01,lateral,fold_0,vis2vis,5,0.31277518512407443,0.3386090837389689
subj01,lateral,fold_0,vis2vis,6,0.30866422298388513,0.3403141941361633
subj01,lateral,fold_0,vis2vis,7,0.301357231508553,0.33710837809801136
subj01,lateral,fold_0,vis2vis,8,0.30437177376376967,0.3437206639140275
subj01,lateral,fold_0,vis2vis,9,0.30729655126696087,0.3399825108607332
subj01,lateral,fold_0,vis2vis,10,0.30721123503306447,0.3397516613504243
subj01,lateral,fold_0,vis2vis,11,0.3005937124150923,0.3386616049398062
subj01,lateral,fold_0,vis2vis,12,0.3022618975044342,0.33847104337240413
subj01,lateral,fold_1,vis2vis,1,0.2430209105605502,0.30706544425570487
subj01,lateral,fold_1,vis2vis,2,0.31405277389262093,0.3712314526177944
subj01,lateral,fold_1,vis2vis,3,0.343825280158041,0.3616276375435878
subj01,lateral,fold_1,vis2vis,4,0.3377289081166559,0.3669513824429954
subj01,lateral,fold_1,vis2vis,5,0.33160165889192517,0.37478204877353233
subj01,lateral,fold_1,vis2vis,6,0.32406298727455635,0.368347418224222
subj01,lateral,fold_1,vis2vis,7,0.2884451591478338,0.3517894999749528
subj01,lateral,fold_1,vis2vis,8,0.266272001399547,0.3519367470633342
subj01,lateral,fold_1,vis2vis,9,0.2651215623986167,0.3499618455727849
subj01,lateral,fold_1,vis2vis,10,0.2614401754798683,0.3533140820060389
subj01,lateral,fold_1,vis2vis,11,0.27023456828994186,0.36059362843584464
subj01,lateral,fold_1,vis2vis,12,0.26528365827110006,0.36020692656877873
subj01,lateral,fold_2,vis2vis,1,0.1933296027597281,0.3362317152361555
subj01,lateral,fold_2,vis2vis,2,0.21727039695955042,0.3710431003559601
subj01,lateral,fold_2,vis2vis,3,0.20822162324793075,0.3831536505240668
subj01,lateral,fold_2,vis2vis,4,0.17612725552300929,0.3630078137559179
subj01,lateral,fold_2,vis2vis,5,0.1843063391456571,0.35699035175666355
subj01,lateral,fold_2,vis2vis,6,0.19205590198198244,0.36166439277232526
subj01,lateral,fold_2,vis2vis,7,0.19572556085914938,0.3605640970590169
subj01,lateral,fold_2,vis2vis,8,0.18020542887310884,0.36560917697750256
subj01,lateral,fold_2,vis2vis,9,0.18686559620479226,0.37173471885298337
subj01,lateral,fold_2,vis2vis,10,0.18296798520450316,0.37240946525309726
subj01,lateral,fold_2,vis2vis,11,0.18423002482298373,0.3671894837906221
subj01,lateral,fold_2,vis2vis,12,0.179136137716002,0.36310122022591035
subj01,lateral,fold_3,vis2vis,1,0.3175704534136429,0.31235182124635624
subj01,lateral,fold_3,vis2vis,2,0.2909579173994325,0.2829344219261813
subj01,lateral,fold_3,vis2vis,3,0.2876409686519537,0.2926734156292178
subj01,lateral,fold_3,vis2vis,4,0.29235019363447834,0.30606767904212057
subj01,lateral,fold_3,vis2vis,5,0.29660969941885834,0.30926611871864507
subj01,lateral,fold_3,vis2vis,6,0.34567592893669147,0.3575067842515173
subj01,lateral,fold_3,vis2vis,7,0.3482140330775954,0.35582166947524424
subj01,lateral,fold_3,vis2vis,8,0.34327280637758345,0.3542953486438555
subj01,lateral,fold_3,vis2vis,9,0.3442472725026251,0.35440857773075324
subj01,lateral,fold_3,vis2vis,10,0.3414386023725823,0.35469849655282376
subj01,lateral,fold_3,vis2vis,11,0.3389818511885277,0.3587507221501314
subj01,lateral,fold_3,vis2vis,12,0.33712598860809634,0.3585989617423718
subj01,parietal,fold_0,vis2vis,1,0.31643699190256047,0.21221021377165822
subj01,parietal,fold_0,vis2vis,2,0.3599262516172431,0.25650649179596996
subj01,parietal,fold_0,vis2vis,3,0.355268141891224,0.24748593263357466
subj01,parietal,fold_0,vis2vis,4,0.3329900806245751,0.2398943990194614
subj01,parietal,fold_0,vis2vis,5,0.3290348455373052,0.2454815722091298
subj01,parietal,fold_0,vis2vis,6,0.33673803086262405,0.2605255152468135
subj01,parietal,fold_0,vis2vis,7,0.3592716828109489,0.24009293829131687
subj01,parietal,fold_0,vis2vis,8,0.35482612882330444,0.24521653301252264
subj01,parietal,fold_0,vis2vis,9,0.34858391315398846,0.24316606638508972
subj01,parietal,fold_0,vis2vis,10,0.34619315840404935,0.23715967595005474
subj01,parietal,fold_0,vis2vis,11,0.34564099468633325,0.23185727213596327
subj01,parietal,fold_0,vis2vis,12,0.3365794074030692,0.2233570882010265
subj01,parietal,fold_1,vis2vis,1,0.3765132623266794,0.046600104766416066
subj01,parietal,fold_1,vis2vis,2,0.39433510868114474,0.11536947270358396
subj01,parietal,fold_1,vis2vis,3,0.38996099511690646,0.1573856273928696
subj01,parietal,fold_1,vis2vis,4,0.377837076922395,0.16217303947508926
subj01,parietal,fold_1,vis2vis,5,0.381920919429593,0.17150953406372046
subj01,parietal,fold_1,vis2vis,6,0.3731191341582728,0.1743417379816862
subj01,parietal,fold_1,vis2vis,7,0.37032121313505434,0.16411979936546095
subj01,parietal,fold_1,vis2vis,8,0.36641265559369807,0.16221312383388103
subj01,parietal,fold_1,vis2vis,9,0.36206667221358124,0.1708496861010009
subj01,parietal,fold_1,vis2vis,10,0.3610213005058847,0.17698744143593262
subj01,parietal,fold_1,vis2vis,11,0.3601571348420828,0.18352162156763996
subj01,parietal,fold_1,vis2vis,12,0.35838459523437644,0.18128723971116814
subj01,parietal,fold_2,vis2vis,1,-0.0796249916724949,0.234273785040566
subj01,parietal,fold_2,vis2vis,2,0.020353547911402786,0.2268091351976511
subj01,parietal,fold_2,vis2vis,3,0.03060521168462318,0.21693810159045424
subj01,parietal,fold_2,vis2vis,4,0.026566826266151932,0.2239223290162317
subj01,parietal,fold_2,vis2vis,5,0.04118739339267812,0.21610105638936453
subj01,parietal,fold_2,vis2vis,6,0.045020955273869304,0.20057158540948208
subj01,parietal,fold_2,vis2vis,7,0.05054734130324468,0.2010279936703278
subj01,parietal,fold_2,vis2vis,8,0.05185250365389485,0.20133481322311345
subj01,parietal,fold_2,vis2vis,9,0.05251332557374462,0.19534968610609316
subj01,parietal,fold_2,vis2vis,10,0.04891847685098345,0.1892371472379204
subj01,parietal,fold_2,vis2vis,11,0.05459844458572548,0.1851960291098505
subj01,parietal,fold_2,vis2vis,12,0.05298075188382742,0.18929930461306607
subj01,parietal,fold_3,vis2vis,1,0.24101140897519482,0.2967091112945228
subj01,parietal,fold_3,vis2vis,2,0.22990493829693728,0.3483516741224618
subj01,parietal,fold_3,vis2vis,3,0.22912258377058778,0.33884926359544815
subj01,parietal,fold_3,vis2vis,4,0.2059716087275926,0.33509627973666484
subj01,parietal,fold_3,vis2vis,5,0.199410385168125,0.32124222315987055
subj01,parietal,fold_3,vis2vis,6,0.18554530262794738,0.3209584049287752
subj01,parietal,fold_3,vis2vis,7,0.17651654501488584,0.3117775267290631
subj01,parietal,fold_3,vis2vis,8,0.1745996107504872,0.3097889084017917
subj01,parietal,fold_3,vis2vis,9,0.16570455535155734,0.32181941510341705
subj01,parietal,fold_3,vis2vis,10,0.1684870430759768,0.3228404920891909
subj01,parietal,fold_3,vis2vis,11,0.17763539241598572,0.32500800280045045
subj01,parietal,fold_3,vis2vis,12,0.17183566174696766,0.33853933330653796
subj02,V1,fold_0,vis2vis,1,0.7348728534414464,0.638916105337585
subj02,V1,fold_0,vis2vis,2,0.7627850208268709,0.6686865803223413
subj02,V1,fold_0,vis2vis,3,0.7663113284130899,0.659578904786232
subj02,V1,fold_0,vis2vis,4,0.7618054501273402,0.6602321923716963
subj02,V1,fold_0,vis2vis,5,0.7508152151364242,0.6546755336608843
subj02,V1,fold_0,vis2vis,6,0.7503085500840071,0.6573548537841003
subj02,V1,fold_0,vis2vis,7,0.7497613947810876,0.6571843802089381
subj02,V1,fold_0,vis2vis,8,0.7482389807199271,0.6591197218863828
subj02,V1,fold_0,vis2vis,9,0.7491991468554167,0.660243468587214
subj02,V1,fold_0,vis2vis,10,0.7484306992499793,0.6591491382691157
subj02,V1,fold_0,vis2vis,11,0.7485967813548792,0.6596203985374322
subj02,V1,fold_0,vis2vis,12,0.7484554053142408,0.6591805683715486
subj02,V1,fold_1,vis2vis,1,0.7450334058693808,0.6437141374740342
subj02,V1,fold_1,vis2vis,2,0.7625766297417779,0.6556119168450963
subj02,V1,fold_1,vis2vis,3,0.7962765172568358,0.6747931911659507
subj02,V1,fold_1,vis2vis,4,0.7901571696642561,0.6809946733479681
subj02,V1,fold_1,vis2vis,5,0.7882666917660148,0.6839949624115749
subj02,V1,fold_1,vis2vis,6,0.7876574500993613,0.6844641733273682
subj02,V1,fold_1,vis2vis,7,0.7883732857892282,0.685102805922213
subj02,V1,fold_1,vis2vis,8,0.7865516285797218,0.6827638838312496
subj02,V1,fold_1,vis2vis,9,0.7849690536669864,0.6821370016876304
subj02,V1,fold_1,vis2vis,10,0.7847383926463753,0.6817867786578785
subj02,V1,fold_1,vis2vis,11,0.7850254055402303,0.6814918297888368
subj02,V1,fold_1,vis2vis,12,0.7850371789712082,0.6819419372268991
subj02,V1,fold_2,vis2vis,1,0.690104594971056,0.6574673833171749
subj02,V1,fold_2,vis2vis,2,0.712325127192727,0.6817306709543933
subj02,V1,fold_2,vis2vis,3,0.7185806964028039,0.6906561786207122
subj02,V1,fold_2,vis2vis,4,0.7250831877282734,0.6921578850718961
subj02,V1,fold_2,vis2vis,5,0.7290279874674882,0.6921342507366964
subj02,V1,fold_2,vis2vis,6,0.7281378102785324,0.6902669766041519
subj02,V1,fold_2,vis2vis,7,0.7268515862767562,0.6870971996598235
subj02,V1,fold_2,vis2vis,8,0.7282588604381981,0.6856041122625863
subj02,V1,fold_2,vis2vis,9,0.7281597501300827,0.6856563563182804
subj02,V1,fold_2,vis2vis,10,0.7285585096293291,0.6852595402993724
subj02,V1,fold_2,vis2vis,11,0.7272584323702881,0.6843801977023162
subj02,V1,fold_2,vis2vis,12,0.7273900697434992,0.6842012126793509
subj02,V1,fold_3,vis2vis,1,0.6536625510915925,0.6952852202721646
subj02,V1,fold_3,vis2vis,2,0.6765441734688489,0.7174620711117169
subj02,V1,fold_3,vis2vis,3,0.6648137500256964,0.7153374257691062
subj02,V1,fold_3,vis2vis,4,0.6625860340264245,0.7157372386041646
subj02,V1,fold_3,vis2vis,5,0.6634474797799912,0.7172934636201334
subj02,V1,fold_3,vis2vis,6,0.6659180363822219,0.721239077243362
subj02,V1,fold_3,vis2vis,7,0.6645109503686519,0.7213481393579656
subj02,V1,fold_3,vis2vis,8,0.6617947808215228,0.7242044588076261
subj02,V1,fold_3,vis2vis,9,0.6623475295527205,0.7250118967184676
subj02,V1,fold_3,vis2vis,10,0.6611859817889829,0.7271508011732574
subj02,V1,fold_3,vis2vis,11,0.6613480429973585,0.7278973503258098
subj02,V1,fold_3,vis2vis,12,0.6616304408121021,0.7272408487901422
subj02,V2,fold_0,vis2vis,1,0.5723518222096932,0.48871225280864034
subj02,V2,fold_0,vis2vis,2,0.637875483848613,0.5690698750290425
subj02,V2,fold_0,vis2vis,3,0.6393386554674225,0.6100444095914299
subj02,V2,fold_0,vis2vis,4,0.6534789455833203,0.6222721711416903
subj02,V2,fold_0,vis2vis,5,0.6429865855376091,0.6292876208083517
subj02,V2,fold_0,vis2vis,6,0.6393361467502537,0.6295646156985224
subj02,V2,fold_0,vis2vis,7,0.6432003228508841,0.6352682899739249
subj02,V2,fold_0,vis2vis,8,0.6359412559055836,0.6361887668916401
subj02,V2,fold_0,vis2vis,9,0.629522614766638,0.6347265728834259
subj02,V2,fold_0,vis2vis,10,0.6300883492962832,0.6355325064038927
subj02,V2,fold_0,vis2vis,11,0.6280487777957681,0.634452042169342
subj02,V2,fold_0,vis2vis,12,0.629858415637752,0.635416610984273
subj02,V2,fold_1,vis2vis,1,0.5504099152069493,0.5147665088273488
subj02,V2,fold_1,vis2vis,2,0.6512141992840346,0.5997956869095059
subj02,V2,fold_1,vis2vis,3,0.6977294640019982,0.6296224059129437
subj02,V2,fold_1,vis2vis,4,0.7040071229048622,0.6377229246605046
subj02,V2,fold_1,vis2vis,5,0.692893632308908,0.6380137528650187
subj02,V2,fold_1,vis2vis,6,0.6945657879530095,0.6341834219667127
subj02,V2,fold_1,vis2vis,7,0.7009815023920464,0.6410625165419057
subj02,V2,fold_1,vis2vis,8,0.7013832467341301,0.6406079910216488
subj02,V2,fold_1,vis2vis,9,0.7004148171589478,0.6403144731080861
subj02,V2,fold_1,vis2vis,10,0.7014177233257463,0.6400004592108034
subj02,V2,fold_1,vis2vis,11,0.7010602734289763,0.6414901281636061
subj02,V2,fold_1,vis2vis,12,0.7014304749486372,0.6409414699638908
subj02,V2,fold_2,vis2vis,1,0.5526902639740474,0.5177111255021974
subj02,V2,fold_2,vis2vis,2,0.6297179113560408,0.6077169192355579
subj02,V2,fold_2,vis2vis,3,0.652011176048386,0.6371349402359693
subj02,V2,fold_2,vis2vis,4,0.6715649702454718,0.6452054931613476
subj02,V2,fold_2,vis2vis,5,0.6687446714838526,0.6540482726165501
subj02,V2,fold_2,vis2vis,6,0.656599560552587,0.6624577071488887
subj02,V2,fold_2,vis2vis,7,0.6615234249492776,0.6609401242079107
subj02,V2,fold_2,vis2vis,8,0.6593492282489186,0.663303221774001
subj02,V2,fold_2,vis2vis,9,0.6614532664735058,0.6605320611210349
subj02,V2,fold_2,vis2vis,10,0.6592303868648176,0.6595856509552993
subj02,V2,fold_2,vis2vis,11,0.6574144788508917,0.6594872224998247
subj02,V2,fold_2,vis2vis,12,0.6590835553112869,0.6629167284340383
subj02,V2,fold_3,vis2vis,1,0.49241313324639896,0.5596837627648841
subj02,V2,fold_3,vis2vis,2,0.5733578253235941,0.637247128701688
subj02,V2,fold_3,vis2vis,3,0.5977348481259068,0.6654607957299693
subj02,V2,fold_3,vis2vis,4,0.6026320373035027,0.6779181838570808
subj02,V2,fold_3,vis2vis,5,0.6138050023175916,0.6820842325278363
subj02,V2,fold_3,vis2vis,6,0.6168096351414529,0.6821803928983275
subj02,V2,fold_3,vis2vis,7,0.618170858858471,0.6804049978944217
subj02,V2,fold_3,vis2vis,8,0.6202483928600412,0.6808421239413013
subj02,V2,fold_3,vis2vis,9,0.6208722568570446,0.6801610455750065
subj02,V2,fold_3,vis2vis,10,0.6213374948920757,0.6783379764255923
subj02,V2,fold_3,vis2vis,11,0.6217135233930844,0.6785648332417676
subj02,V2,fold_3,vis2vis,12,0.6218843884248282,0.6781620159241606
subj02,V3,fold_0,vis2vis,1,0.6424410601386582,0.5648005512690504
subj02,V3,fold_0,vis2vis,2,0.6688172733044122,0.5970901434099857
subj02,V3,fold_0,vis2vis,3,0.6797308041225283,0.6220909428650433
subj02,V3,fold_0,vis2vis,4,0.6765316761752005,0.6303215077524098
subj02,V3,fold_0,vis2vis,5,0.6662525138974801,0.6285156945997389
subj02,V3,fold_0,vis2vis,6,0.6657289064102723,0.627498595580624
subj02,V3,fold_0,vis2vis,7,0.6664990410184924,0.6251400688901948
subj02,V3,fold_0,vis2vis,8,0.6668034950541496,0.6245673415637483
subj02,V3,fold_0,vis2vis,9,0.6682670632836163,0.6242332680459136
subj02,V3,fold_0,vis2vis,10,0.6670681992981585,0.6248354679373143
subj02,V3,fold_0,vis2vis,11,0.668223948865577,0.6251886855065137
subj02,V3,fold_0,vis2vis,12,0.6673463555854203,0.6246149007108991
subj02,V3,fold_1,vis2vis,1,0.47344626637544535,0.5810704320481132
subj02,V3,fold_1,vis2vis,2,0.5552396784794633,0.6460145311305552
subj02,V3,fold_1,vis2vis,3,0.6116725571166995,0.6630378668158731
subj02,V3,fold_1,vis2vis,4,0.6296478078718392,0.6505117666349934
subj02,V3,fold_1,vis2vis,5,0.6294285006790062,0.6480496214741867
subj02,V3,fold_1,vis2vis,6,0.6300216439042481,0.6502158793120875
subj02,V3,fold_1,vis2vis,7,0.6346636812771281,0.6520522626849746
subj02,V3,fold_1,vis2vis,8,0.6305739374704454,0.6494773854754896
subj02,V3,fold_1,vis2vis,9,0.6297291525362178,0.6484815059942037
subj02,V3,fold_1,vis2vis,10,0.6362849047741874,0.6460856840724822
subj02,V3,fold_1,vis2vis,11,0.6349930182871891,0.6464304243952719
subj02,V3,fold_1,vis2vis,12,0.6352618611955262,0.6469061906273628
subj02,V3,fold_2,vis2vis,1,0.6129166778296764,0.5934895869249087
subj02,V3,fold_2,vis2vis,2,0.6157056662901579,0.6201802203848772
subj02,V3,fold_2,vis2vis,3,0.6148579661460232,0.6397202569426444
subj02,V3,fold_2,vis2vis,4,0.5984734105584121,0.6410159434838629
subj02,V3,fold_2,vis2vis,5,0.5938794882129677,0.6445537374348037
subj02,V3,fold_2,vis2vis,6,0.5924379673406058,0.6449421151655145
subj02,V3,fold_2,vis2vis,7,0.5920902184554078,0.641377207725972
subj02,V3,fold_2,vis2vis,8,0.5910325293183114,0.642515604330522
subj02,V3,fold_2,vis2vis,9,0.5909021991472417,0.6401448043596065
subj02,V3,fold_2,vis2vis,10,0.5898286746213471,0.6401769667314271
subj02,V3,fold_2,vis2vis,11,0.5904916428757473,0.6390820320787695
subj02,V3,fold_2,vis2vis,12,0.5904309565023305,0.6396913400269052
subj02,V3,fold_3,vis2vis,1,0.5534399146465518,0.6330932797450046
subj02,V3,fold_3,vis2vis,2,0.5826852439548131,0.6980426838994647
subj02,V3,fold_3,vis2vis,3,0.5964687105486924,0.694551052886684
subj02,V3,fold_3,vis2vis,4,0.5861607575507887,0.6853489599126911
subj02,V3,fold_3,vis2vis,5,0.591360101538138,0.6870631341638208
subj02,V3,fold_3,vis2vis,6,0.5885465595982109,0.6872083355694761
subj02,V3,fold_3,vis2vis,7,0.5906600843158721,0.6886605826179827
subj02,V3,fold_3,vis2vis,8,0.5915492866016889,0.6896407873196155
subj02,V3,fold_3,vis2vis,9,0.5919204878201522,0.6900578507609609
subj02,V3,fold_3,vis2vis,10,0.5917899233295548,0.6902832677636473
subj02,V3,fold_3,vis2vis,11,0.5913244894744625,0.689854428466664
subj02,V3,fold_3,vis2vis,12,0.5916011917921569,0.6901750066549092
subj02,hV4,fold_0,vis2vis,1,0.6905871368654137,0.5939348172679109
subj02,hV4,fold_0,vis2vis,2,0.6974878524328189,0.5907642031632839
subj02,hV4,fold_0,vis2vis,3,0.6929204239391884,0.5945791878837523
subj02,hV4,fold_0,vis2vis,4,0.6861223839680657,0.5945888937018969
subj02,hV4,fold_0,vis2vis,5,0.6861808571335034,0.5911547836692471
subj02,hV4,fold_0,vis2vis,6,0.6883050778088674,0.5903627935339653
subj02,hV4,fold_0,vis2vis,7,0.6895655522259553,0.5901646740985373
subj02,hV4,fold_0,vis2vis,8,0.6874350292705784,0.5882517037657155
subj02,hV4,fold_0,vis2vis,9,0.6879096816959803,0.5889658614020248
subj02,hV4,fold_0,vis2vis,10,0.68790641808002,0.5889657922777478
subj02,hV4,fold_1,vis2vis,1,0.4303607182331278,0.5874981032810649
subj02,hV4,fold_1,vis2vis,2,0.4523214323194293,0.6013395813952612
subj02,hV4,fold_1,vis2vis,3,0.4913800623734644,0.5996800117372876
subj02,hV4,fold_1,vis2vis,4,0.48642484067837266,0.5968621136020483
subj02,hV4,fold_1,vis2vis,5,0.506673159420876,0.6045927702920217
subj02,hV4,fold_1,vis2vis,6,0.5078808165995649,0.6053872668983847
subj02,hV4,fold_1,vis2vis,7,0.5063852523111092,0.6052167209525461
subj02,hV4,fold_1,vis2vis,8,0.5076548505830509,0.6015543024960879
subj02,hV4,fold_1,vis2vis,9,0.5075541867339206,0.6015729688963469
subj02,hV4,fold_1,vis2vis,10,0.5075600552160384,0.6015777475074953
subj02,hV4,fold_2,vis2vis,1,0.40669677202231636,0.6110288121453241
subj02,hV4,fold_2,vis2vis,2,0.4412211405242733,0.6259345028245418
subj02,hV4,fold_2,vis2vis,3,0.4248784542586118,0.6222206722378958
subj02,hV4,fold_2,vis2vis,4,0.4252884369077128,0.624897913980518
subj02,hV4,fold_2,vis2vis,5,0.4248859416316212,0.6269934101632584
subj02,hV4,fold_2,vis2vis,6,0.42939436396322767,0.6287284360228661
subj02,hV4,fold_2,vis2vis,7,0.43109250867723503,0.6295399825974444
subj02,hV4,fold_2,vis2vis,8,0.43025701252552234,0.6297012703303336
subj02,hV4,fold_2,vis2vis,9,0.4301650195090393,0.6294060494761927
subj02,hV4,fold_2,vis2vis,10,0.43015611722264335,0.6294228574013603
subj02,hV4,fold_3,vis2vis,1,0.5554463882692842,0.41930600181672756
subj02,hV4,fold_3,vis2vis,2,0.5581623977115326,0.4554799411460623
subj02,hV4,fold_3,vis2vis,3,0.5585525314086176,0.44997572772950434
subj02,hV4,fold_3,vis2vis,4,0.554060174997934,0.4489406119402942
subj02,hV4,fold_3,vis2vis,5,0.5534808445467795,0.4485164883055265
subj02,hV4,fold_3,vis2vis,6,0.5540105971068073,0.44907273961299127
subj02,hV4,fold_3,vis2vis,7,0.5532226873692762,0.44876691863611134
subj02,hV4,fold_3,vis2vis,8,0.5534192542881005,0.44899246045546704
subj02,hV4,fold_3,vis2vis,9,0.5539176862521109,0.44949812047302007
subj02,hV4,fold_3,vis2vis,10,0.5541986649475238,0.4498201153052224
subj02,ventral,fold_0,vis2vis,1,0.2993787786757712,0.31140734848850793
subj02,ventral,fold_0,vis2vis,2,0.349375871040008,0.32710023754298045
subj02,ventral,fold_0,vis2vis,3,0.3472445144474377,0.35479358376965653
subj02,ventral,fold_0,vis2vis,4,0.3702788471048458,0.3676934791344055
subj02,ventral,fold_0,vis2vis,5,0.39300256988754384,0.38845932775325914
subj02,ventral,fold_0,vis2vis,6,0.3879846238437861,0.37397181583720107
subj02,ventral,fold_0,vis2vis,7,0.38551495292872684,0.37249404189569163
subj02,ventral,fold_0,vis2vis,8,0.4044108260738672,0.37684538434536224
subj02,ventral,fold_0,vis2vis,9,0.40486050501115817,0.3771411107008885
subj02,ventral,fold_0,vis2vis,10,0.4029100553523323,0.3776063966761317
subj02,ventral,fold_0,vis2vis,11,0.3983431071864144,0.3773592762839636
subj02,ventral,fold_0,vis2vis,12,0.3980147957264507,0.3767475144319341
subj02,ventral,fold_1,vis2vis,1,0.24313567359287472,0.3918235693430432
subj02,ventral,fold_1,vis2vis,2,0.3396571869966989,0.4377365411170549
subj02,ventral,fold_1,vis2vis,3,0.34958936588234735,0.472647020244786
subj02,ventral,fold_1,vis2vis,4,0.31419724836631924,0.480495400721445
subj02,ventral,fold_1,vis2vis,5,0.31681323313887005,0.48920119422321495
subj02,ventral,fold_1,vis2vis,6,0.30970426536911577,0.4845137220353599
subj02,ventral,fold_1,vis2vis,7,0.29998005086219165,0.4872321502450065
subj02,ventral,fold_1,vis2vis,8,0.30662104182767863,0.49102754091053064
subj02,ventral,fold_1,vis2vis,9,0.31430412004414765,0.4885055674371857
subj02,ventral,fold_1,vis2vis,10,0.31510770061541343,0.4891207067938996
subj02,ventral,fold_1,vis2vis,11,0.31192488171930866,0.4850256480527042
subj02,ventral,fold_1,vis2vis,12,0.30933624578878105,0.4870510558026649
subj02,ventral,fold_2,vis2vis,1,0.2851134768417414,0.3943988264594269
subj02,ventral,fold_2,vis2vis,2,0.21499415481579592,0.4593333558530756
subj02,ventral,fold_2,vis2vis,3,0.265175595243461,0.48986776208724664
subj02,ventral,fold_2,vis2vis,4,0.26497329580208323,0.5062611565385745
subj02,ventral,fold_2,vis2vis,5,0.2754764603608141,0.5012632965861403
subj02,ventral,fold_2,vis2vis,6,0.27233985061312715,0.5084688439210995
subj02,ventral,fold_2,vis2vis,7,0.26186229401517136,0.5022378387328005
subj02,ventral,fold_2,vis2vis,8,0.25802466779917405,0.5024566147762912
subj02,ventral,fold_2,vis2vis,9,0.25435909947645313,0.5029869112349086
subj02,ventral,fold_2,vis2vis,10,0.25368474495643145,0.5005342237431426
subj02,ventral,fold_2,vis2vis,11,0.2544389483022602,0.5005347119230716
subj02,ventral,fold_2,vis2vis,12,0.25312531982432757,0.49669278213737966
subj02,ventral,fold_3,vis2vis,1,0.2402838481772259,0.17442586023554602
subj02,ventral,fold_3,vis2vis,2,0.3647133059029344,0.2587256321106966
subj02,ventral,fold_3,vis2vis,3,0.3815481302352117,0.28350270298969654
subj02,ventral,fold_3,vis2vis,4,0.39687619245679007,0.30492587430453527
subj02,ventral,fold_3,vis2vis,5,0.40789491242167497,0.3276008051832454
subj02,ventral,fold_3,vis2vis,6,0.4088935990335924,0.33585620617831524
subj02,ventral,fold_3,vis2vis,7,0.40909647017769174,0.335781793367423
subj02,ventral,fold_3,vis2vis,8,0.41182057824549695,0.347347277318912
subj02,ventral,fold_3,vis2vis,9,0.39323650950348493,0.3470727081066606
subj02,ventral,fold_3,vis2vis,10,0.3918127689993627,0.35432058896848484
subj02,ventral,fold_3,vis2vis,11,0.4037001068946891,0.3458014787052905
subj02,ventral,fold_3,vis2vis,12,0.402607485450947,0.3427475297644588
subj02,lateral,fold_0,vis2vis,1,0.5191324556657063,0.43654474511344954
subj02,lateral,fold_0,vis2vis,2,0.5173980488588744,0.4476533935327118
subj02,lateral,fold_0,vis2vis,3,0.521377653427179,0.43406033011026357
subj02,lateral,fold_0,vis2vis,4,0.5235155308252583,0.4344582303800846
subj02,lateral,fold_0,vis2vis,5,0.5256894751903552,0.43094523285684033
subj02,lateral,fold_0,vis2vis,6,0.5291272035928924,0.4300079170682449
subj02,lateral,fold_0,vis2vis,7,0.5225419231146745,0.43018923449681595
subj02,lateral,fold_0,vis2vis,8,0.5182003957009191,0.4324202485792159
subj02,lateral,fold_0,vis2vis,9,0.5191021738371477,0.43570435171116734
subj02,lateral,fold_0,vis2vis,10,0.5135939628117443,0.43455168218406404
subj02,lateral,fold_0,vis2vis,11,0.5140330918715752,0.4319264554510247
subj02,lateral,fold_0,vis2vis,12,0.5106544706401824,0.43246772727978083
subj02,lateral,fold_1,vis2vis,1,0.2785406079627272,0.5371679645904485
subj02,lateral,fold_1,vis2vis,2,0.29451991961651447,0.538286358905034
subj02,lateral,fold_1,vis2vis,3,0.2937716394741304,0.5290020970735727
subj02,lateral,fold_1,vis2vis,4,0.29326173970795577,0.5352257195643206
subj02,lateral,fold_1,vis2vis,5,0.29649403610999187,0.538995533969867
subj02,lateral,fold_1,vis2vis,6,0.29685847747641164,0.5364876961831841
subj02,lateral,fold_1,vis2vis,7,0.2880803261296658,0.5309080078690381
subj02,lateral,fold_1,vis2vis,8,0.2860047549816408,0.5268293157869252
subj02,lateral,fold_1,vis2vis,9,0.2877977633146473,0.5275479390385719
subj02,lateral,fold_1,vis2vis,10,0.28397007313758865,0.5243729888106744
subj02,lateral,fold_1,vis2vis,11,0.2843244278553577,0.5231656571721582
subj02,lateral,fold_1,vis2vis,12,0.283500336774422,0.5149197000350026
subj02,lateral,fold_2,vis2vis,1,0.3102614776586583,0.5625130177392734
subj02,lateral,fold_2,vis2vis,2,0.3287841359868342,0.5612756086740577
subj02,lateral,fold_2,vis2vis,3,0.3071502696814106,0.5594716161634979
subj02,lateral,fold_2,vis2vis,4,0.31821496512412084,0.5448677351454023
subj02,lateral,fold_2,vis2vis,5,0.3178704844350706,0.5488444752384545
subj02,lateral,fold_2,vis2vis,6,0.3189954905483038,0.5511461357259755
subj02,lateral,fold_2,vis2vis,7,0.322004235076779,0.5544984997347001
subj02,lateral,fold_2,vis2vis,8,0.3222095991009545,0.5559954743449613
subj02,lateral,fold_2,vis2vis,9,0.31844165554524473,0.5549251780467886
subj02,lateral,fold_2,vis2vis,10,0.31570843090313305,0.5549522738909429
subj02,lateral,fold_2,vis2vis,11,0.3171621718109561,0.5542102476371201
subj02,lateral,fold_2,vis2vis,12,0.31182099600426094,0.556638243288422
subj02,lateral,fold_3,vis2vis,1,0.4251975850876742,0.2741437929503701
subj02,lateral,fold_3,vis2vis,2,0.42466577926713617,0.2778277281978224
subj02,lateral,fold_3,vis2vis,3,0.43708220462783415,0.2710136633527178
subj02,lateral,fold_3,vis2vis,4,0.44488342732119185,0.2601068741737246
subj02,lateral,fold_3,vis2vis,5,0.45300102500527506,0.267138458497713
subj02,lateral,fold_3,vis2vis,6,0.452529697681267,0.266075627572208
subj02,lateral,fold_3,vis2vis,7,0.4480311782192846,0.2618177071930571
subj02,lateral,fold_3,vis2vis,8,0.4405461595846105,0.2640955128830072
subj02,lateral,fold_3,vis2vis,9,0.44209387403566375,0.26628533547550715
subj02,lateral,fold_3,vis2vis,10,0.43825515617568594,0.257583928029484
subj02,lateral,fold_3,vis2vis,11,0.4364593683728262,0.2552627352731171
subj02,lateral,fold_3,vis2vis,12,0.4360079043450975,0.2564349133700122
subj02,parietal,fold_0,vis2vis,1,0.5466388153430982,0.5372723789432929
subj02,parietal,fold_0,vis2vis,2,0.5376870699967311,0.5321715425966138
subj02,parietal,fold_0,vis2vis,3,0.539392272677628,0.5427757035765842
subj02,parietal,fold_0,vis2vis,4,0.5465467938473056,0.5425925595772093
subj02,parietal,fold_0,vis2vis,5,0.5432612159502916,0.5445719848186977
subj02,parietal,fold_0,vis2vis,6,0.5306593095452895,0.5317176529443588
subj02,parietal,fold_0,vis2vis,7,0.532082429183984,0.5282251814598099
subj02,parietal,fold_0,vis2vis,8,0.5333160749787934,0.5205176869531184
subj02,parietal,fold_0,vis2vis,9,0.5341205376112371,0.5201162347311684
subj02,parietal,fold_0,vis2vis,10,0.5338378947071262,0.5166289568530446
subj02,parietal,fold_0,vis2vis,11,0.5428755119342384,0.5212919352472811
subj02,parietal,fold_0,vis2vis,12,0.5388316079489104,0.5161026357924239
subj02,parietal,fold_1,vis2vis,1,0.5071621490834533,0.5594623846119708
subj02,parietal,fold_1,vis2vis,2,0.5202918103779478,0.5019381627659932
subj02,parietal,fold_1,vis2vis,3,0.5071672518129546,0.4618388652088865
subj02,parietal,fold_1,vis2vis,4,0.4936493313349845,0.46199773063710975
subj02,parietal,fold_1,vis2vis,5,0.49434882688886655,0.4639385814007304
subj02,parietal,fold_1,vis2vis,6,0.5158829681990533,0.4732659017828991
subj02,parietal,fold_1,vis2vis,7,0.508528943609196,0.4808584665418343
subj02,parietal,fold_1,vis2vis,8,0.5271397381707716,0.4917006275959819
subj02,parietal,fold_1,vis2vis,9,0.5359914011672481,0.49011319251171936
subj02,parietal,fold_1,vis2vis,10,0.5439582796796738,0.489742249671577
subj02,parietal,fold_1,vis2vis,11,0.5452700403734588,0.4892598441412311
subj02,parietal,fold_1,vis2vis,12,0.546766136377337,0.48702122224062677
subj02,parietal,fold_2,vis2vis,1,0.16901987453472295,0.6563793774478357
subj02,parietal,fold_2,vis2vis,2,0.21349960779038532,0.6324187784863506
subj02,parietal,fold_2,vis2vis,3,0.20875627555589005,0.6130406162302656
subj02,parietal,fold_2,vis2vis,4,0.22580767535274207,0.6050845916994474
subj02,parietal,fold_2,vis2vis,5,0.2189555121047681,0.6024761125357322
subj02,parietal,fold_2,vis2vis,6,0.22167294311794608,0.6042798414694813
subj02,parietal,fold_2,vis2vis,7,0.22404431381021375,0.5974010266388077
subj02,parietal,fold_2,vis2vis,8,0.22724784827434089,0.5842140760289917
subj02,parietal,fold_2,vis2vis,9,0.23169194138228794,0.5824779937878591
subj02,parietal,fold_2,vis2vis,10,0.22657793517083183,0.5802672037944265
subj02,parietal,fold_2,vis2vis,11,0.22438251237407913,0.5779121110537235
subj02,parietal,fold_2,vis2vis,12,0.22375957047130365,0.58033626411495
subj02,parietal,fold_3,vis2vis,1,0.533392580331212,0.2692625062358293
subj02,parietal,fold_3,vis2vis,2,0.5279422228113512,0.2921805075806916
subj02,parietal,fold_3,vis2vis,3,0.513062247565771,0.30123765256095447
subj02,parietal,fold_3,vis2vis,4,0.5048499987813247,0.31237787365728625
subj02,parietal,fold_3,vis2vis,5,0.4880895158473661,0.31597680444885534
subj02,parietal,fold_3,vis2vis,6,0.4922070196776659,0.31340629422541577
subj02,parietal,fold_3,vis2vis,7,0.48986750573390436,0.31460136215498885
subj02,parietal,fold_3,vis2vis,8,0.4882518203995674,0.31772782332399213
subj02,parietal,fold_3,vis2vis,9,0.485129724544952,0.3185126206515122
subj02,parietal,fold_3,vis2vis,10,0.4854553360285691,0.3264178749006257
subj02,parietal,fold_3,vis2vis,11,0.48050472458763616,0.3308468320060618
subj02,parietal,fold_3,vis2vis,12,0.4779225943796719,0.3279313487411943
subj03,V1,fold_0,vis2vis,1,0.6479259036421321,0.7445423114165179
subj03,V1,fold_0,vis2vis,2,0.639337502810177,0.757297133084854
subj03,V1,fold_0,vis2vis,3,0.6419642906781936,0.7640192690748565
subj03,V1,fold_0,vis2vis,4,0.6423529798042453,0.7610712021921839
subj03,V1,fold_0,vis2vis,5,0.6329099635583199,0.7577722935638935
subj03,V1,fold_0,vis2vis,6,0.6328571579187365,0.7573230625172027
subj03,V1,fold_0,vis2vis,7,0.6349543076586094,0.7588563176657032
subj03,V1,fold_0,vis2vis,8,0.6340039890778238,0.7584356419608245
subj03,V1,fold_0,vis2vis,9,0.6337932297821264,0.7583709000357293
subj03,V1,fold_0,vis2vis,10,0.6329025795088085,0.7576970497277139
subj03,V1,fold_0,vis2vis,11,0.6330295657008242,0.7570993385146291
subj03,V1,fold_0,vis2vis,12,0.6325468505018537,0.7579130034613221
subj03,V1,fold_1,vis2vis,1,0.2952111829961922,0.7428459107099238
subj03,V1,fold_1,vis2vis,2,0.31440676432096476,0.753537225528534
subj03,V1,fold_1,vis2vis,3,0.32262429652975577,0.7569362154843351
subj03,V1,fold_1,vis2vis,4,0.3268608493685147,0.7579174085804063
subj03,V1,fold_1,vis2vis,5,0.32770686726986714,0.7572272850779164
subj03,V1,fold_1,vis2vis,6,0.3280195648693854,0.7575407250848964
subj03,V1,fold_1,vis2vis,7,0.32922194470680843,0.7573531322916854
subj03,V1,fold_1,vis2vis,8,0.3294448626678705,0.7569593306051617
subj03,V1,fold_1,vis2vis,9,0.3294795279254628,0.7569766067817638
subj03,V1,fold_1,vis2vis,10,0.32957752975265914,0.7570752800078279
subj03,V1,fold_1,vis2vis,11,0.32975711907393984,0.7571806855323472
subj03,V1,fold_1,vis2vis,12,0.32976129266861665,0.7571513651853093
subj03,V1,fold_2,vis2vis,1,0.6570491976684122,0.7542806385473049
subj03,V1,fold_2,vis2vis,2,0.6784774510446918,0.765653348866844
subj03,V1,fold_2,vis2vis,3,0.6775123183608449,0.7689781024852738
subj03,V1,fold_2,vis2vis,4,0.6830996941391133,0.7708030790854453
subj03,V1,fold_2,vis2vis,5,0.6830741164477983,0.7700904125399627
subj03,V1,fold_2,vis2vis,6,0.6824046743765173,0.7705126582431484
subj03,V1,fold_2,vis2vis,7,0.681650490338592,0.7697827630500863
subj03,V1,fold_2,vis2vis,8,0.681868359575568,0.7697610005502425
subj03,V1,fold_2,vis2vis,9,0.6816945050717774,0.7702302088083639
subj03,V1,fold_2,vis2vis,10,0.6819292611397147,0.77016847737999
subj03,V1,fold_2,vis2vis,11,0.6826231513305653,0.7700455737772848
subj03,V1,fold_2,vis2vis,12,0.6825748129495518,0.7699872038161796
subj03,V1,fold_3,vis2vis,1,0.7551235740193218,0.6606930235048032
subj03,V1,fold_3,vis2vis,2,0.7438159906293145,0.6962893903374024
subj03,V1,fold_3,vis2vis,3,0.7464070264047452,0.701201959693557
subj03,V1,fold_3,vis2vis,4,0.7484930078383896,0.7016704378033366
subj03,V1,fold_3,vis2vis,5,0.7485797013742356,0.7063020684376059
subj03,V1,fold_3,vis2vis,6,0.7469824858534362,0.7076875269609254
subj03,V1,fold_3,vis2vis,7,0.7464684149616413,0.7054564577243047
subj03,V1,fold_3,vis2vis,8,0.7465798472953126,0.7060302208177103
subj03,V1,fold_3,vis2vis,9,0.7468596605896546,0.7061249662345693
subj03,V1,fold_3,vis2vis,10,0.7467477391694792,0.7060920425974412
subj03,V1,fold_3,vis2vis,11,0.7469376326347678,0.706123168619965
subj03,V1,fold_3,vis2vis,12,0.7469967911575884,0.706112901068434
subj03,V2,fold_0,vis2vis,1,0.5834076742904869,0.6170948034748988
subj03,V2,fold_0,vis2vis,2,0.6014163518942519,0.6470012975713959
subj03,V2,fold_0,vis2vis,3,0.6145079117890149,0.6721923998557247
subj03,V2,fold_0,vis2vis,4,0.6137711740813514,0.670312195728928
subj03,V2,fold_0,vis2vis,5,0.6136292043463843,0.6704388508157585
subj03,V2,fold_0,vis2vis,6,0.6139332253755876,0.6711218860772162
subj03,V2,fold_0,vis2vis,7,0.6155483809821032,0.668965651408339
subj03,V2,fold_0,vis2vis,8,0.6147257177040669,0.6688746842108132
subj03,V2,fold_0,vis2vis,9,0.6149465789673806,0.6690294592763244
subj03,V2,fold_0,vis2vis,10,0.6148697240905836,0.6693021671383389
subj03,V2,fold_0,vis2vis,11,0.6148025676581823,0.6694411021972239
subj03,V2,fold_0,vis2vis,12,0.6148704851026981,0.6692646055928223
subj03,V2,fold_1,vis2vis,1,0.604894714963001,0.6537546850797941
subj03,V2,fold_1,vis2vis,2,0.658895888663763,0.7088895577254787
subj03,V2,fold_1,vis2vis,3,0.658518463940593,0.705487527909479
subj03,V2,fold_1,vis2vis,4,0.6574685139373182,0.7040458497202617
subj03,V2,fold_1,vis2vis,5,0.6564432718710921,0.6999560214675398
subj03,V2,fold_1,vis2vis,6,0.6563064457996443,0.7011900348240003
subj03,V2,fold_1,vis2vis,7,0.6557876196149872,0.7002171232734627
subj03,V2,fold_1,vis2vis,8,0.6548373879200267,0.7010235532611737
subj03,V2,fold_1,vis2vis,9,0.6545669858712084,0.7003211242839642
subj03,V2,fold_1,vis2vis,10,0.6557182101567993,0.7004818333506995
subj03,V2,fold_1,vis2vis,11,0.655474382210942,0.6999287082393901
subj03,V2,fold_1,vis2vis,12,0.6553852699615821,0.6987082040285229
subj03,V2,fold_2,vis2vis,1,0.49646353711365954,0.6089937188876597
subj03,V2,fold_2,vis2vis,2,0.5291873628769546,0.6657639272522883
subj03,V2,fold_2,vis2vis,3,0.548776069806929,0.6705555929258733
subj03,V2,fold_2,vis2vis,4,0.5461378520617826,0.6708760443802261
subj03,V2,fold_2,vis2vis,5,0.5490669249345164,0.6688952979844087
subj03,V2,fold_2,vis2vis,6,0.5493993354191951,0.6694727047211132
subj03,V2,fold_2,vis2vis,7,0.5489269401418301,0.6695124267457718
subj03,V2,fold_2,vis2vis,8,0.5489187738993241,0.6693624072601897
subj03,V2,fold_2,vis2vis,9,0.549091749893503,0.6693186938802851
subj03,V2,fold_2,vis2vis,10,0.5491545145783858,0.6695615020418968
subj03,V2,fold_2,vis2vis,11,0.550164958990644,0.6699458231880601
subj03,V2,fold_2,vis2vis,12,0.5500883068456186,0.6700525176429953
subj03,V2,fold_3,vis2vis,1,0.5740029324874919,0.5022430896628629
subj03,V2,fold_3,vis2vis,2,0.6197350903308901,0.5467189324370826
subj03,V2,fold_3,vis2vis,3,0.6193628579143795,0.5530184523339586
subj03,V2,fold_3,vis2vis,4,0.6169907200181788,0.5542386727520755
subj03,V2,fold_3,vis2vis,5,0.6232948947983459,0.5607063323462259
subj03,V2,fold_3,vis2vis,6,0.6227456602570761,0.5589551789625452
subj03,V2,fold_3,vis2vis,7,0.6218979828322706,0.5596786208313167
subj03,V2,fold_3,vis2vis,8,0.6210894665983613,0.5602239864516533
subj03,V2,fold_3,vis2vis,9,0.6196731373288127,0.5595061003172986
subj03,V2,fold_3,vis2vis,10,0.619638052028838,0.560220772822833
subj03,V2,fold_3,vis2vis,11,0.6184661568382591,0.5600229996291256
subj03,V2,fold_3,vis2vis,12,0.6185504368858173,0.559558255820547
subj03,V3,fold_0,vis2vis,1,0.6507152764320706,0.527652162371439
subj03,V3,fold_0,vis2vis,2,0.6048330720750823,0.5332046349093729
subj03,V3,fold_0,vis2vis,3,0.592852406676772,0.5420549109841865
subj03,V3,fold_0,vis2vis,4,0.5910657753068961,0.5562677873547786
subj03,V3,fold_0,vis2vis,5,0.5871583835306536,0.5486601234422088
subj03,V3,fold_0,vis2vis,6,0.5880136767388828,0.5514418783043363
subj03,V3,fold_0,vis2vis,7,0.5870793188605786,0.5525666677290415
subj03,V3,fold_0,vis2vis,8,0.5883472783918804,0.5554986362902643
subj03,V3,fold_0,vis2vis,9,0.5882603016652151,0.555811133090924
subj03,V3,fold_0,vis2vis,10,0.5912896429615548,0.5558686796542779
subj03,V3,fold_0,vis2vis,11,0.5917681785344325,0.5535422314415464
subj03,V3,fold_0,vis2vis,12,0.5916258300846047,0.5532930085414546
subj03,V3,fold_1,vis2vis,1,0.27596445532490377,0.5415151864911533
subj03,V3,fold_1,vis2vis,2,0.27824465164888396,0.5265382532251406
subj03,V3,fold_1,vis2vis,3,0.26415167224034874,0.5286514986785237
subj03,V3,fold_1,vis2vis,4,0.2614075065367684,0.5328645671670934
subj03,V3,fold_1,vis2vis,5,0.262757637743177,0.5381781060445693
subj03,V3,fold_1,vis2vis,6,0.25956959686257863,0.5384511074572088
subj03,V3,fold_1,vis2vis,7,0.2617882677872512,0.5554696883853228
subj03,V3,fold_1,vis2vis,8,0.26222410780675726,0.5535763373114548
subj03,V3,fold_1,vis2vis,9,0.26057734958297946,0.5530136676055076
subj03,V3,fold_1,vis2vis,10,0.25967662077111703,0.5542105425870598
subj03,V3,fold_1,vis2vis,11,0.25648772877787296,0.5518669304286902
subj03,V3,fold_1,vis2vis,12,0.2574886820858487,0.5517143421276485
subj03,V3,fold_2,vis2vis,1,0.3629924023378147,0.5272009413628166
subj03,V3,fold_2,vis2vis,2,0.3558257577182428,0.5606532044805307
subj03,V3,fold_2,vis2vis,3,0.36004740901482124,0.5267413487572284
subj03,V3,fold_2,vis2vis,4,0.3617467102979098,0.5355090568742654
subj03,V3,fold_2,vis2vis,5,0.36174737789297273,0.5377127354538055
subj03,V3,fold_2,vis2vis,6,0.3630140525582486,0.5389114741960231
subj03,V3,fold_2,vis2vis,7,0.36436510465563454,0.5398026669824768
subj03,V3,fold_2,vis2vis,8,0.36523199194251843,0.5408991639134486
subj03,V3,fold_2,vis2vis,9,0.3650983278905266,0.5389848671311752
subj03,V3,fold_2,vis2vis,10,0.36535647158087253,0.5394694163541256
subj03,V3,fold_2,vis2vis,11,0.365223890569221,0.5395035179065216
subj03,V3,fold_2,vis2vis,12,0.36648440067718663,0.5392673366942784
subj03,V3,fold_3,vis2vis,1,0.4233093511053615,0.46372475282910497
subj03,V3,fold_3,vis2vis,2,0.417512424104668,0.46232062835887977
subj03,V3,fold_3,vis2vis,3,0.42372063836979584,0.45334085384823086
subj03,V3,fold_3,vis2vis,4,0.4282053425631367,0.45768881195361044
subj03,V3,fold_3,vis2vis,5,0.43278267316972163,0.4542717000425169
subj03,V3,fold_3,vis2vis,6,0.4383661294886356,0.45773209507337964
subj03,V3,fold_3,vis2vis,7,0.43083925299016623,0.4558121268862032
subj03,V3,fold_3,vis2vis,8,0.43091322847580205,0.45599706129524664
subj03,V3,fold_3,vis2vis,9,0.43232616296747056,0.4586643370016324
subj03,V3,fold_3,vis2vis,10,0.4311014541646554,0.4575706726972145
subj03,V3,fold_3,vis2vis,11,0.4309021963029543,0.45500746544906895
subj03,V3,fold_3,vis2vis,12,0.4278988733464612,0.45413365196519023
subj03,hV4,fold_0,vis2vis,1,0.4911691037293699,0.4867479051977884
subj03,hV4,fold_0,vis2vis,2,0.5439423085474455,0.526883524778544
subj03,hV4,fold_0,vis2vis,3,0.5411250967245276,0.5190358003054613
subj03,hV4,fold_0,vis2vis,4,0.5228372942657221,0.5073780189192298
subj03,hV4,fold_0,vis2vis,5,0.5241134835190455,0.5079851618751223
subj03,hV4,fold_0,vis2vis,6,0.5251507995379393,0.5171194493010951
subj03,hV4,fold_0,vis2vis,7,0.5469883734819985,0.5061758138319611
subj03,hV4,fold_0,vis2vis,8,0.5487592947103399,0.4998667084529379
subj03,hV4,fold_0,vis2vis,9,0.5468659665732079,0.4997571615344831
subj03,hV4,fold_1,vis2vis,1,0.2898116712296036,0.575926539617198
subj03,hV4,fold_1,vis2vis,2,0.3118578013979161,0.5643763458576131
subj03,hV4,fold_1,vis2vis,3,0.30575472075815785,0.5738974940601298
subj03,hV4,fold_1,vis2vis,4,0.29182993887235303,0.5711333611357065
subj03,hV4,fold_1,vis2vis,5,0.29036164894469624,0.5743488920495576
subj03,hV4,fold_1,vis2vis,6,0.29000710049213935,0.5696324301451534
subj03,hV4,fold_1,vis2vis,7,0.29002953422726424,0.5694250996232729
subj03,hV4,fold_1,vis2vis,8,0.28859861894279254,0.5677611227625956
subj03,hV4,fold_1,vis2vis,9,0.2888158480050147,0.5673420793150119
subj03,hV4,fold_2,vis2vis,1,0.2419156636878702,0.5054451192443241
subj03,hV4,fold_2,vis2vis,2,0.26599055352611983,0.4993038540610303
subj03,hV4,fold_2,vis2vis,3,0.29732016790224913,0.5104393770602312
subj03,hV4,fold_2,vis2vis,4,0.29621346516610614,0.5080556559604328
subj03,hV4,fold_2,vis2vis,5,0.27604655717917503,0.4872142932428456
subj03,hV4,fold_2,vis2vis,6,0.2762903098708638,0.4859182196534386
subj03,hV4,fold_2,vis2vis,7,0.2756830474150073,0.4853169341748098
subj03,hV4,fold_2,vis2vis,8,0.27570977889588877,0.48500476227018235
subj03,hV4,fold_2,vis2vis,9,0.2757168630957902,0.484562950770269
subj03,hV4,fold_3,vis2vis,1,0.5290835279936942,0.2656304054248874
subj03,hV4,fold_3,vis2vis,2,0.511150360045555,0.3132222889434683
subj03,hV4,fold_3,vis2vis,3,0.4883563136121121,0.3115322910108771
subj03,hV4,fold_3,vis2vis,4,0.4921341694454,0.3285079146045713
subj03,hV4,fold_3,vis2vis,5,0.4855697312172155,0.33100509555927243
subj03,hV4,fold_3,vis2vis,6,0.481467004986288,0.33404073907676535
subj03,hV4,fold_3,vis2vis,7,0.4801055545780966,0.333964293112209
subj03,hV4,fold_3,vis2vis,8,0.4800580541686452,0.33249117409214624
subj03,hV4,fold_3,vis2vis,9,0.48014035292648416,0.3324786700134468
subj03,ventral,fold_0,vis2vis,1,0.35036545003960295,0.29702555014648485
subj03,ventral,fold_0,vis2vis,2,0.34251873225701557,0.32332810214192864
subj03,ventral,fold_0,vis2vis,3,0.3488287584394025,0.33926837906272395
subj03,ventral,fold_0,vis2vis,4,0.3404789157159878,0.32806139358756964
subj03,ventral,fold_0,vis2vis,5,0.3431384867434213,0.32811989937283714
subj03,ventral,fold_0,vis2vis,6,0.3327547458537307,0.32931647041726836
subj03,ventral,fold_0,vis2vis,7,0.3268027345924187,0.34826113596071673
subj03,ventral,fold_0,vis2vis,8,0.32630060519474596,0.34451069300597037
subj03,ventral,fold_0,vis2vis,9,0.33154130785135716,0.34426822772142873
subj03,ventral,fold_0,vis2vis,10,0.33743091376910006,0.34562495327186427
subj03,ventral,fold_0,vis2vis,11,0.33810833613967634,0.35046552675244114
subj03,ventral,fold_0,vis2vis,12,0.33971382759006413,0.3297666075792958
subj03,ventral,fold_1,vis2vis,1,0.3275114458996757,0.3503075631234594
subj03,ventral,fold_1,vis2vis,2,0.3051961250517293,0.3651949719237124
subj03,ventral,fold_1,vis2vis,3,0.30354915381646164,0.35269442820242247
subj03,ventral,fold_1,vis2vis,4,0.3072524063220879,0.3530372819502633
subj03,ventral,fold_1,vis2vis,5,0.2879303486387182,0.3622163251762283
subj03,ventral,fold_1,vis2vis,6,0.2930997873987919,0.3680508100761457
subj03,ventral,fold_1,vis2vis,7,0.29150912646224825,0.3668936747410892
subj03,ventral,fold_1,vis2vis,8,0.28184047790786426,0.36464950751796316
subj03,ventral,fold_1,vis2vis,9,0.2834612324835706,0.3650077793479007
subj03,ventral,fold_1,vis2vis,10,0.28435801022289736,0.36383638154437303
subj03,ventral,fold_1,vis2vis,11,0.2845321512793957,0.35361491931852945
subj03,ventral,fold_1,vis2vis,12,0.28461288597045803,0.35281993277043494
subj03,ventral,fold_2,vis2vis,1,0.17997760050207315,0.16362071688084823
subj03,ventral,fold_2,vis2vis,2,0.2890003172840397,0.3176012893815541
subj03,ventral,fold_2,vis2vis,3,0.2263336063270177,0.29685081341251673
subj03,ventral,fold_2,vis2vis,4,0.22292642373406726,0.2979942297011301
subj03,ventral,fold_2,vis2vis,5,0.2233245717809205,0.30945941132684773
subj03,ventral,fold_2,vis2vis,6,0.23263475960126984,0.3116095268867766
subj03,ventral,fold_2,vis2vis,7,0.22273429426953498,0.30690509491371065
subj03,ventral,fold_2,vis2vis,8,0.21857102051267704,0.3084090514281175
subj03,ventral,fold_2,vis2vis,9,0.22395221950312083,0.31008024844793236
subj03,ventral,fold_2,vis2vis,10,0.22538616361630706,0.30905783514670787
subj03,ventral,fold_2,vis2vis,11,0.23339866067196008,0.3180444887912318
subj03,ventral,fold_2,vis2vis,12,0.22556369766190287,0.3121367978155325
subj03,ventral,fold_3,vis2vis,1,0.2958547316669018,0.32309663012271217
subj03,ventral,fold_3,vis2vis,2,0.3511476497697398,0.34536677575354496
subj03,ventral,fold_3,vis2vis,3,0.3267628706962068,0.34754605430411317
subj03,ventral,fold_3,vis2vis,4,0.3291016405621502,0.354805571035254
subj03,ventral,fold_3,vis2vis,5,0.3209159400416665,0.3490385149281557
subj03,ventral,fold_3,vis2vis,6,0.3216271325006767,0.3538614826013155
subj03,ventral,fold_3,vis2vis,7,0.3190343291970813,0.35021286372147065
subj03,ventral,fold_3,vis2vis,8,0.313493786424448,0.3542869751032422
subj03,ventral,fold_3,vis2vis,9,0.313176737124241,0.3510334749838131
subj03,ventral,fold_3,vis2vis,10,0.31550281317627454,0.3523796759304052
subj03,ventral,fold_3,vis2vis,11,0.316145654275604,0.34847986364513894
subj03,ventral,fold_3,vis2vis,12,0.3124469506612365,0.34611845599000224
subj03,lateral,fold_0,vis2vis,1,-0.08758975776853019,0.06476904528174121
subj03,lateral,fold_0,vis2vis,2,0.03441047791997379,0.15106080022778254
subj03,lateral,fold_0,vis2vis,3,0.04013348529166754,0.16309540137188563
subj03,lateral,fold_0,vis2vis,4,0.08793387579448157,0.1919580605145076
subj03,lateral,fold_0,vis2vis,5,0.09340243507594127,0.2646013858550237
subj03,lateral,fold_0,vis2vis,6,0.0975356022811812,0.2540071415198895
subj03,lateral,fold_0,vis2vis,7,0.10220992897602467,0.25019400630833544
subj03,lateral,fold_0,vis2vis,8,0.11518296654441137,0.24342685189752047
subj03,lateral,fold_0,vis2vis,9,0.12385403828151685,0.24859658071899568
subj03,lateral,fold_0,vis2vis,10,0.11940324401682872,0.2404599000624825
subj03,lateral,fold_0,vis2vis,11,0.12319661820888451,0.24294326413309222
subj03,lateral,fold_0,vis2vis,12,0.12059637841099322,0.2542883549429812
subj03,lateral,fold_1,vis2vis,1,0.23010237336309505,0.31845013103258546
subj03,lateral,fold_1,vis2vis,2,0.20220345349132066,0.379027174407732
subj03,lateral,fold_1,vis2vis,3,0.2183047379129244,0.4295293474774611
subj03,lateral,fold_1,vis2vis,4,0.18614891058389738,0.43522696345548106
subj03,lateral,fold_1,vis2vis,5,0.18322869440849854,0.42602685281910524
subj03,lateral,fold_1,vis2vis,6,0.1792227050913273,0.4249143799374744
subj03,lateral,fold_1,vis2vis,7,0.17863751105856554,0.42805853448013864
subj03,lateral,fold_1,vis2vis,8,0.18052751323853988,0.41777670779205994
subj03,lateral,fold_1,vis2vis,9,0.18795289952157612,0.40720525529684654
subj03,lateral,fold_1,vis2vis,10,0.17648332129867908,0.41027544081783396
subj03,lateral,fold_1,vis2vis,11,0.17861314703805284,0.41007591881648386
subj03,lateral,fold_1,vis2vis,12,0.1744015155209324,0.4125569366025577
subj03,lateral,fold_2,vis2vis,1,0.017577327202316848,0.1754039336599071
subj03,lateral,fold_2,vis2vis,2,0.07500447707387632,0.19173480801586337
subj03,lateral,fold_2,vis2vis,3,0.09949964078788946,0.25434051315407336
subj03,lateral,fold_2,vis2vis,4,0.1148875843247757,0.26719621867696747
subj03,lateral,fold_2,vis2vis,5,0.12169448010729994,0.28034631948268324
subj03,lateral,fold_2,vis2vis,6,0.13539194540914343,0.2908588600513489
subj03,lateral,fold_2,vis2vis,7,0.1283153573990191,0.279915804978689
subj03,lateral,fold_2,vis2vis,8,0.14117823579051955,0.2859734436427534
subj03,lateral,fold_2,vis2vis,9,0.1384974960952172,0.28790769779186276
subj03,lateral,fold_2,vis2vis,10,0.13259498979888196,0.2850708779008906
subj03,lateral,fold_2,vis2vis,11,0.1254884379694025,0.2878025823512584
subj03,lateral,fold_2,vis2vis,12,0.12666564328938135,0.2880750788219807
subj03,lateral,fold_3,vis2vis,1,0.44220470088438174,0.2930811573154532
subj03,lateral,fold_3,vis2vis,2,0.4457649688844425,0.29773071373648813
subj03,lateral,fold_3,vis2vis,3,0.4782820922406188,0.2891648915349982
subj03,lateral,fold_3,vis2vis,4,0.4843550642854081,0.29812371687509254
subj03,lateral,fold_3,vis2vis,5,0.4675214839371757,0.3069047318031535
subj03,lateral,fold_3,vis2vis,6,0.4575771560125606,0.3098889741829116
subj03,lateral,fold_3,vis2vis,7,0.4560999947290004,0.31435606041762976
subj03,lateral,fold_3,vis2vis,8,0.44844444160055397,0.31464065832357135
subj03,lateral,fold_3,vis2vis,9,0.44933848228600265,0.31179002600373046
subj03,lateral,fold_3,vis2vis,10,0.4465659323122588,0.31066706570419217
subj03,lateral,fold_3,vis2vis,11,0.4471096695887721,0.3089724339362131
subj03,lateral,fold_3,vis2vis,12,0.4438442706844331,0.30823107398508703
subj03,parietal,fold_0,vis2vis,1,0.13425270943527995,0.1702118681742487
subj03,parietal,fold_0,vis2vis,2,0.09660071806032611,0.26977147488970565
subj03,parietal,fold_0,vis2vis,3,0.09487816899810883,0.2985818396351038
subj03,parietal,fold_0,vis2vis,4,0.07755055265097092,0.2951153303395653
subj03,parietal,fold_0,vis2vis,5,0.0799131029570012,0.29838948724383835
subj03,parietal,fold_0,vis2vis,6,0.07323911782799832,0.29819822800549595
subj03,parietal,fold_0,vis2vis,7,0.08873300919228763,0.27574537444466607
subj03,parietal,fold_0,vis2vis,8,0.11432555283336804,0.2966033311673599
subj03,parietal,fold_0,vis2vis,9,0.10336812992888812,0.31007024268420824
subj03,parietal,fold_0,vis2vis,10,0.10382143116521486,0.3062789028716525
subj03,parietal,fold_0,vis2vis,11,0.10958143245202809,0.3194923481341876
subj03,parietal,fold_0,vis2vis,12,0.1193368130607946,0.34841659948463494
subj03,parietal,fold_1,vis2vis,1,0.12051265406550801,0.4308722747815437
subj03,parietal,fold_1,vis2vis,2,0.13437644616593575,0.43323364365292977
subj03,parietal,fold_1,vis2vis,3,0.132141492404002,0.45188061439389915
subj03,parietal,fold_1,vis2vis,4,0.1594582387508334,0.49642164506376074
subj03,parietal,fold_1,vis2vis,5,0.1694090131603374,0.5015189500972144
subj03,parietal,fold_1,vis2vis,6,0.1561033108059383,0.4928687333003576
subj03,parietal,fold_1,vis2vis,7,0.1507183368927753,0.48983110868120877
subj03,parietal,fold_1,vis2vis,8,0.15031454419200652,0.49043060640194397
subj03,parietal,fold_1,vis2vis,9,0.14897321405558453,0.4883438534495123
subj03,parietal,fold_1,vis2vis,10,0.14759108781024555,0.4887323430249958
subj03,parietal,fold_1,vis2vis,11,0.14610991485920713,0.4888639123491829
subj03,parietal,fold_1,vis2vis,12,0.14644754899190304,0.48994476256527303
subj03,parietal,fold_2,vis2vis,1,0.126311758637712,0.21909781010317736
subj03,parietal,fold_2,vis2vis,2,0.3769422866149873,0.4061871062093821
subj03,parietal,fold_2,vis2vis,3,0.3618219559930473,0.38970474924090137
subj03,parietal,fold_2,vis2vis,4,0.36213716199533014,0.4162567056528714
subj03,parietal,fold_2,vis2vis,5,0.3681604185854541,0.4299582401209476
subj03,parietal,fold_2,vis2vis,6,0.39640618220848,0.43072034434123807
subj03,parietal,fold_2,vis2vis,7,0.40443938942836594,0.43428560601293315
subj03,parietal,fold_2,vis2vis,8,0.41863085349823503,0.4429176451719236
subj03,parietal,fold_2,vis2vis,9,0.4166167638000944,0.4439358987094084
subj03,parietal,fold_2,vis2vis,10,0.42172180767825695,0.4449571294603598
subj03,parietal,fold_2,vis2vis,11,0.42125933601659366,0.4391605162929062
subj03,parietal,fold_2,vis2vis,12,0.4219294129619566,0.43562481260561553
subj03,parietal,fold_3,vis2vis,1,0.06865179414755182,0.11012982328786258
subj03,parietal,fold_3,vis2vis,2,0.07624892166100929,0.120735154065591
subj03,parietal,fold_3,vis2vis,3,0.0892504585372939,0.12891430833571138
subj03,parietal,fold_3,vis2vis,4,0.08988173068123124,0.13999925945268818
subj03,parietal,fold_3,vis2vis,5,0.09813914510511261,0.15025505874322762
subj03,parietal,fold_3,vis2vis,6,0.1008939506509247,0.1471424583274772
subj03,parietal,fold_3,vis2vis,7,0.10229076058318218,0.1508626030744481
subj03,parietal,fold_3,vis2vis,8,0.10336399635416016,0.1526767292524065
subj03,parietal,fold_3,vis2vis,9,0.1038710129210849,0.15115889421293494
subj03,parietal,fold_3,vis2vis,10,0.10135616423194471,0.15145128643925757
subj03,parietal,fold_3,vis2vis,11,0.10639124136003875,0.15264260501644675
subj03,parietal,fold_3,vis2vis,12,0.107709204784558,0.15927410992846258
subj04,V1,fold_0,vis2vis,1,0.5894509808879739,0.6962523817800318
subj04,V1,fold_0,vis2vis,2,0.597541533679395,0.7036677353641408
subj04,V1,fold_0,vis2vis,3,0.5970540470002097,0.6966329904674463
subj04,V1,fold_0,vis2vis,4,0.5991486847649438,0.6977186997482776
subj04,V1,fold_0,vis2vis,5,0.6007318084712091,0.7046136982063668
subj04,V1,fold_0,vis2vis,6,0.602330167174284,0.7023579361487406
subj04,V1,fold_0,vis2vis,7,0.6029457982305366,0.7029486367746005
subj04,V1,fold_0,vis2vis,8,0.604998522660356,0.7017090442613199
subj04,V1,fold_0,vis2vis,9,0.6050367007516146,0.7018068403105118
subj04,V1,fold_0,vis2vis,10,0.6050275985057638,0.7017297147001137
subj04,V1,fold_0,vis2vis,11,0.6051425024058273,0.7016362034114944
subj04,V1,fold_0,vis2vis,12,0.6051262197887127,0.7016465452226535
subj04,V1,fold_1,vis2vis,1,0.492462003344592,0.699910175981096
subj04,V1,fold_1,vis2vis,2,0.49304133478295786,0.7096493403895248
subj04,V1,fold_1,vis2vis,3,0.5060814054864881,0.7114408699043705
subj04,V1,fold_1,vis2vis,4,0.5073561872172022,0.703447838763083
subj04,V1,fold_1,vis2vis,5,0.509128969386254,0.7045048948783221
subj04,V1,fold_1,vis2vis,6,0.5103551465070156,0.7028114789793004
subj04,V1,fold_1,vis2vis,7,0.5099590654511785,0.7007917938319554
subj04,V1,fold_1,vis2vis,8,0.5110004567044353,0.7023903796078307
subj04,V1,fold_1,vis2vis,9,0.511144184179519,0.7023040229864702
subj04,V1,fold_1,vis2vis,10,0.5122575558275174,0.7032861896064343
subj04,V1,fold_1,vis2vis,11,0.5126135089038342,0.7035691473481772
subj04,V1,fold_1,vis2vis,12,0.5126188220769339,0.7035691504429142
subj04,V1,fold_2,vis2vis,1,0.28694417863419863,0.7355198056834358
subj04,V1,fold_2,vis2vis,2,0.28902648448409957,0.733169292264441
subj04,V1,fold_2,vis2vis,3,0.30558326301865035,0.7323819431683394
subj04,V1,fold_2,vis2vis,4,0.324816737519448,0.7189159234243503
subj04,V1,fold_2,vis2vis,5,0.3559176908764451,0.7203477376369514
subj04,V1,fold_2,vis2vis,6,0.3575400480619566,0.7194362749050046
subj04,V1,fold_2,vis2vis,7,0.3590430316251908,0.7189428209947947
subj04,V1,fold_2,vis2vis,8,0.3577101777746988,0.7213038254914308
subj04,V1,fold_2,vis2vis,9,0.3554642626095269,0.7219718348265641
subj04,V1,fold_2,vis2vis,10,0.35301166160297565,0.7222678241271289
subj04,V1,fold_2,vis2vis,11,0.3524150406753883,0.7222580312268028
subj04,V1,fold_2,vis2vis,12,0.3525489589471875,0.7201050470549065
subj04,V1,fold_3,vis2vis,1,0.6706451099270248,0.3637925078396995
subj04,V1,fold_3,vis2vis,2,0.6558517310550681,0.40133555617296524
subj04,V1,fold_3,vis2vis,3,0.6616971633900782,0.4351293712115482
subj04,V1,fold_3,vis2vis,4,0.6564058593855884,0.42981757854783564
subj04,V1,fold_3,vis2vis,5,0.6545690307596561,0.4365710684007152
subj04,V1,fold_3,vis2vis,6,0.660486332270245,0.43513965352690104
subj04,V1,fold_3,vis2vis,7,0.659901766929271,0.4349903546168209
subj04,V1,fold_3,vis2vis,8,0.6562918688072401,0.4386538458059612
subj04,V1,fold_3,vis2vis,9,0.6550235844372035,0.43909820937406163
subj04,V1,fold_3,vis2vis,10,0.6571214503668865,0.4392231764912036
subj04,V1,fold_3,vis2vis,11,0.6573956041347782,0.43867268494108724
subj04,V1,fold_3,vis2vis,12,0.6578830681589456,0.43873840993175334
subj04,V2,fold_0,vis2vis,1,0.7115434801739624,0.7890508953222471
subj04,V2,fold_0,vis2vis,2,0.7293720490133896,0.8079837262528295
subj04,V2,fold_0,vis2vis,3,0.725832781767514,0.8100635404711636
subj04,V2,fold_0,vis2vis,4,0.7266492304522377,0.8095726402971616
subj04,V2,fold_0,vis2vis,5,0.7265081072648016,0.808947419788017
subj04,V2,fold_0,vis2vis,6,0.7235132623773706,0.8100183499963554
subj04,V2,fold_0,vis2vis,7,0.7225727825051098,0.8111845340293078
subj04,V2,fold_0,vis2vis,8,0.7224993332165952,0.8111703633833648
subj04,V2,fold_0,vis2vis,9,0.7225970755038698,0.8112816890807246
subj04,V2,fold_0,vis2vis,10,0.7232586382762486,0.8112832833753051
subj04,V2,fold_0,vis2vis,11,0.7232617615662218,0.8112638378277375
subj04,V2,fold_0,vis2vis,12,0.7232685908318166,0.8112620846943173
subj04,V2,fold_1,vis2vis,1,0.7121505765651721,0.8053016561221544
subj04,V2,fold_1,vis2vis,2,0.7159391050126577,0.813415833490972
subj04,V2,fold_1,vis2vis,3,0.7149125915037424,0.815835654056998
subj04,V2,fold_1,vis2vis,4,0.7142318343565887,0.8161436754088243
subj04,V2,fold_1,vis2vis,5,0.7143077512720581,0.8159781843447755
subj04,V2,fold_1,vis2vis,6,0.7138779480657815,0.8156443520858975
subj04,V2,fold_1,vis2vis,7,0.7137229669393083,0.815565797645317
subj04,V2,fold_1,vis2vis,8,0.7136027364323805,0.8157337748965339
subj04,V2,fold_1,vis2vis,9,0.713595633424097,0.8158437683426432
subj04,V2,fold_1,vis2vis,10,0.7140440425399996,0.8159696858209624
subj04,V2,fold_1,vis2vis,11,0.7140557565014012,0.815965443947023
subj04,V2,fold_1,vis2vis,12,0.7140155579245332,0.8159207898844216
subj04,V2,fold_2,vis2vis,1,0.38350324574415584,0.8066693824366234
subj04,V2,fold_2,vis2vis,2,0.3884551066578725,0.8121043497237913
subj04,V2,fold_2,vis2vis,3,0.3956128730923021,0.8160019570506376
subj04,V2,fold_2,vis2vis,4,0.39647794964401883,0.8163507463209618
subj04,V2,fold_2,vis2vis,5,0.3962868384788931,0.8163905305930753
subj04,V2,fold_2,vis2vis,6,0.3951138563660465,0.8163879668255295
subj04,V2,fold_2,vis2vis,7,0.3947352060270508,0.8168301583881896
subj04,V2,fold_2,vis2vis,8,0.39531137365692803,0.8165475450380094
subj04,V2,fold_2,vis2vis,9,0.395005215989332,0.8167548879615696
subj04,V2,fold_2,vis2vis,10,0.39481818891713455,0.8168770760444042
subj04,V2,fold_2,vis2vis,11,0.39475724663013634,0.8169489179232652
subj04,V2,fold_2,vis2vis,12,0.3949069966228199,0.8171574081521351
subj04,V2,fold_3,vis2vis,1,0.8082038215791694,0.45268281767997404
subj04,V2,fold_3,vis2vis,2,0.8180327533564582,0.46373352626177833
subj04,V2,fold_3,vis2vis,3,0.818516707695745,0.4728887515295337
subj04,V2,fold_3,vis2vis,4,0.8144503852285166,0.46742613477567324
subj04,V2,fold_3,vis2vis,5,0.8147602222901139,0.46735759098391355
subj04,V2,fold_3,vis2vis,6,0.814737311828726,0.46673108448056083
subj04,V2,fold_3,vis2vis,7,0.8148802032463809,0.46536640809096164
subj04,V2,fold_3,vis2vis,8,0.8136693029352133,0.46400078419656654
subj04,V2,fold_3,vis2vis,9,0.8140236147582722,0.46350514692015427
subj04,V2,fold_3,vis2vis,10,0.8129408049757318,0.46285165808171236
subj04,V2,fold_3,vis2vis,11,0.8132007943718251,0.46260697637252335
subj04,V2,fold_3,vis2vis,12,0.8134632464868026,0.46337732188078384
subj04,V3,fold_0,vis2vis,1,0.5034149473707092,0.47320123539046954
subj04,V3,fold_0,vis2vis,2,0.4909324566919683,0.5009024165490343
subj04,V3,fold_0,vis2vis,3,0.4884491342786874,0.5055387741326814
subj04,V3,fold_0,vis2vis,4,0.484052140735862,0.5007648167690143
subj04,V3,fold_0,vis2vis,5,0.4828418162072949,0.502672918703336
subj04,V3,fold_0,vis2vis,6,0.482013275037136,0.5077424213691754
subj04,V3,fold_0,vis2vis,7,0.4810207342690641,0.5101598844826376
subj04,V3,fold_0,vis2vis,8,0.48165640148964817,0.5105864847976358
subj04,V3,fold_0,vis2vis,9,0.481978887645703,0.510567439563137
subj04,V3,fold_0,vis2vis,10,0.48262539011612177,0.5102134097370359
subj04,V3,fold_0,vis2vis,11,0.48302564517415597,0.5115072506354172
subj04,V3,fold_0,vis2vis,12,0.4827181826355992,0.5106593262265168
subj04,V3,fold_1,vis2vis,1,0.5071474502448023,0.5192163752322189
subj04,V3,fold_1,vis2vis,2,0.5575917294321849,0.5037757377171328
subj04,V3,fold_1,vis2vis,3,0.5572820313368622,0.5269678623651052
subj04,V3,fold_1,vis2vis,4,0.5553447525751428,0.5258880224994977
subj04,V3,fold_1,vis2vis,5,0.5621348560844653,0.535971981116866
subj04,V3,fold_1,vis2vis,6,0.561200408635018,0.5337442454018435
subj04,V3,fold_1,vis2vis,7,0.5575327719244946,0.5304258636451524
subj04,V3,fold_1,vis2vis,8,0.5616210263585951,0.5301086728004243
subj04,V3,fold_1,vis2vis,9,0.5588165425281145,0.5304876527581988
subj04,V3,fold_1,vis2vis,10,0.5575677952239741,0.530934962547231
subj04,V3,fold_1,vis2vis,11,0.5582820369703531,0.5305740572241118
subj04,V3,fold_1,vis2vis,12,0.5586391298462848,0.5310458369224459
subj04,V3,fold_2,vis2vis,1,0.508360625292219,0.48969668278110523
subj04,V3,fold_2,vis2vis,2,0.5073694754860156,0.5151893723016822
subj04,V3,fold_2,vis2vis,3,0.5165699879244127,0.5254634767006727
subj04,V3,fold_2,vis2vis,4,0.5110090977612357,0.5186307385644893
subj04,V3,fold_2,vis2vis,5,0.5100059980677684,0.5240631012415551
subj04,V3,fold_2,vis2vis,6,0.5069202408233469,0.5205749713936725
subj04,V3,fold_2,vis2vis,7,0.508400993392657,0.519607167505431
subj04,V3,fold_2,vis2vis,8,0.5090714580001362,0.5195142377667201
subj04,V3,fold_2,vis2vis,9,0.506898614021961,0.5201684372927304
subj04,V3,fold_2,vis2vis,10,0.50744473401089,0.5193112461584116
subj04,V3,fold_2,vis2vis,11,0.5071091753633032,0.5190960620362245
subj04,V3,fold_2,vis2vis,12,0.5072244438155763,0.51926849226
subj04,V3,fold_3,vis2vis,1,0.5413767210990348,0.49831496686946186
subj04,V3,fold_3,vis2vis,2,0.5260812777248887,0.522880002050584
subj04,V3,fold_3,vis2vis,3,0.529141049102321,0.5365127001160528
subj04,V3,fold_3,vis2vis,4,0.5366800462721486,0.5312695559184183
subj04,V3,fold_3,vis2vis,5,0.5241203396310308,0.5179914877153693
subj04,V3,fold_3,vis2vis,6,0.530298448176481,0.5022104070002136
subj04,V3,fold_3,vis2vis,7,0.5318628397791465,0.5091112225135495
subj04,V3,fold_3,vis2vis,8,0.53293391545265,0.5085119841738525
subj04,V3,fold_3,vis2vis,9,0.5335111504719023,0.5074168739938291
subj04,V3,fold_3,vis2vis,10,0.5271675882227707,0.5018457325713175
subj04,V3,fold_3,vis2vis,11,0.5252376928215998,0.5033564432735295
subj04,V3,fold_3,vis2vis,12,0.5249982398152941,0.5038188357329656
subj04,hV4,fold_0,vis2vis,1,0.342991175316997,-0.0728629210823435
subj04,hV4,fold_0,vis2vis,2,0.34531557678600205,-0.0030938312481210207
subj04,hV4,fold_0,vis2vis,3,0.3282483653332386,-0.01167850358640577
subj04,hV4,fold_0,vis2vis,4,0.30803681242738595,-0.01536148880149218
subj04,hV4,fold_0,vis2vis,5,0.31774557598942477,-0.013280661078000725
subj04,hV4,fold_0,vis2vis,6,0.3243280325511364,-0.0018723627107173745
subj04,hV4,fold_0,vis2vis,7,0.3275932893649137,-0.0027052421616011843
subj04,hV4,fold_0,vis2vis,8,0.3250765671283588,0.00047856827243606125
subj04,hV4,fold_0,vis2vis,9,0.32539437690733053,-0.0004709398204476113
subj04,hV4,fold_0,vis2vis,10,0.3253591552323916,-0.0003871697161411072
subj04,hV4,fold_1,vis2vis,1,0.3532816898608704,0.252526707342826
subj04,hV4,fold_1,vis2vis,2,0.3376496770839166,0.25661010089157255
subj04,hV4,fold_1,vis2vis,3,0.316372848402346,0.23100830789414722
subj04,hV4,fold_1,vis2vis,4,0.30215896715367846,0.21105466859039054
subj04,hV4,fold_1,vis2vis,5,0.2895338219865757,0.21150693119968392
subj04,hV4,fold_1,vis2vis,6,0.2713575303229212,0.18979598368421735
subj04,hV4,fold_1,vis2vis,7,0.272988925208197,0.19060956674690668
subj04,hV4,fold_1,vis2vis,8,0.2700215773080679,0.19107608253488934
subj04,hV4,fold_1,vis2vis,9,0.2678983056947727,0.19070411613787344
subj04,hV4,fold_1,vis2vis,10,0.2678217080140567,0.19067826070226257
subj04,hV4,fold_2,vis2vis,1,0.2646842814632385,0.3108797445693831
subj04,hV4,fold_2,vis2vis,2,0.24072075644379504,0.3187201764147396
subj04,hV4,fold_2,vis2vis,3,0.2411315901106103,0.2986253959554218
subj04,hV4,fold_2,vis2vis,4,0.25462089978253294,0.27215024077726746
subj04,hV4,fold_2,vis2vis,5,0.242826002223356,0.2689962101868121
subj04,hV4,fold_2,vis2vis,6,0.23522465950961813,0.27184758894848704
subj04,hV4,fold_2,vis2vis,7,0.23314606478136818,0.27587144316266154
subj04,hV4,fold_2,vis2vis,8,0.23696523326525587,0.28540069134364
subj04,hV4,fold_2,vis2vis,9,0.2344172090649242,0.28506541158582294
subj04,hV4,fold_2,vis2vis,10,0.23454958990253094,0.28524618217124453
subj04,hV4,fold_3,vis2vis,1,0.13666853341931634,0.17861202110548818
subj04,hV4,fold_3,vis2vis,2,0.12437890959698972,0.2309949434382425
subj04,hV4,fold_3,vis2vis,3,0.13324936090324108,0.22010603763500014
subj04,hV4,fold_3,vis2vis,4,0.15197943371787304,0.2253527494877614
subj04,hV4,fold_3,vis2vis,5,0.1566025358781205,0.2509408286517535
subj04,hV4,fold_3,vis2vis,6,0.0945535953350122,0.23729482581176256
subj04,hV4,fold_3,vis2vis,7,0.08695919837781894,0.23176224209608076
subj04,hV4,fold_3,vis2vis,8,0.08717835359286004,0.2297991824083229
subj04,hV4,fold_3,vis2vis,9,0.08504777576686125,0.23123132547021757
subj04,hV4,fold_3,vis2vis,10,0.08506921598138896,0.23069195093472122
subj04,ventral,fold_0,vis2vis,1,0.39283839735393017,0.19556637355043038
subj04,ventral,fold_0,vis2vis,2,0.4444356583848654,0.24414780394182428
subj04,ventral,fold_0,vis2vis,3,0.4519981515644088,0.2587724606058528
subj04,ventral,fold_0,vis2vis,4,0.44621425094771505,0.25833537282670305
subj04,ventral,fold_0,vis2vis,5,0.4291129314508475,0.2525821682916098
subj04,ventral,fold_0,vis2vis,6,0.4353823729820512,0.2468606927847597
subj04,ventral,fold_0,vis2vis,7,0.42667895607786754,0.24839030650543334
subj04,ventral,fold_0,vis2vis,8,0.42375402755575864,0.25049496568254737
subj04,ventral,fold_0,vis2vis,9,0.42286739283651864,0.2496639495154267
subj04,ventral,fold_0,vis2vis,10,0.42075606400829246,0.24646084774167534
subj04,ventral,fold_0,vis2vis,11,0.4049003670263829,0.24160896800473664
subj04,ventral,fold_0,vis2vis,12,0.40277304509887335,0.23788176447924067
subj04,ventral,fold_1,vis2vis,1,0.3257961724786204,0.23844906942250754
subj04,ventral,fold_1,vis2vis,2,0.33414246243251616,0.29351621813720774
subj04,ventral,fold_1,vis2vis,3,0.33848433171616105,0.3076378966914151
subj04,ventral,fold_1,vis2vis,4,0.3715736765487858,0.30912686264028055
subj04,ventral,fold_1,vis2vis,5,0.35880393649706005,0.3103148496922595
subj04,ventral,fold_1,vis2vis,6,0.3583165166035534,0.30518312051124413
subj04,ventral,fold_1,vis2vis,7,0.35682455898932813,0.31238974129989044
subj04,ventral,fold_1,vis2vis,8,0.3629874939359109,0.31494903129177304
subj04,ventral,fold_1,vis2vis,9,0.3633459691964028,0.3228082793436598
subj04,ventral,fold_1,vis2vis,10,0.3624238125112392,0.32146718763797383
subj04,ventral,fold_1,vis2vis,11,0.35972414939886455,0.32253167957616824
subj04,ventral,fold_1,vis2vis,12,0.36195248608651864,0.3238437872668084
subj04,ventral,fold_2,vis2vis,1,0.3023547984650145,0.41388787800850874
subj04,ventral,fold_2,vis2vis,2,0.2700702927931815,0.38301923363154167
subj04,ventral,fold_2,vis2vis,3,0.26835137124073727,0.4017640793787983
subj04,ventral,fold_2,vis2vis,4,0.23889321260251692,0.40775307319674287
subj04,ventral,fold_2,vis2vis,5,0.23846568997811374,0.40773825339310305
subj04,ventral,fold_2,vis2vis,6,0.24959259777309248,0.39885730880379083
subj04,ventral,fold_2,vis2vis,7,0.24618076267924702,0.3970675219885571
subj04,ventral,fold_2,vis2vis,8,0.2438845519216293,0.4037892594768833
subj04,ventral,fold_2,vis2vis,9,0.24656623613883089,0.40683228573452285
subj04,ventral,fold_2,vis2vis,10,0.24450295447666756,0.40855708080046854
subj04,ventral,fold_2,vis2vis,11,0.24579424241184916,0.40309562770825924
subj04,ventral,fold_2,vis2vis,12,0.23624188732799756,0.4009373310835167
subj04,ventral,fold_3,vis2vis,1,0.4045501514129479,0.19434775270987592
subj04,ventral,fold_3,vis2vis,2,0.34718956737955786,0.2047398193900284
subj04,ventral,fold_3,vis2vis,3,0.3433434875549294,0.2156894284533511
subj04,ventral,fold_3,vis2vis,4,0.32372324844801104,0.2493828944088501
subj04,ventral,fold_3,vis2vis,5,0.32494926620812875,0.24488637263420426
subj04,ventral,fold_3,vis2vis,6,0.32390384361935715,0.24285586197216577
subj04,ventral,fold_3,vis2vis,7,0.3149530497755613,0.24051098566392984
subj04,ventral,fold_3,vis2vis,8,0.31022018032991955,0.24270760330819383
subj04,ventral,fold_3,vis2vis,9,0.317245596905034,0.2409448270736576
subj04,ventral,fold_3,vis2vis,10,0.3140021715173312,0.23429479594246694
subj04,ventral,fold_3,vis2vis,11,0.3108707544891785,0.24096590006005641
subj04,ventral,fold_3,vis2vis,12,0.31149198274265744,0.24851589165525756
subj04,lateral,fold_0,vis2vis,1,0.025495028216925213,0.039892009637581084
subj04,lateral,fold_0,vis2vis,2,0.11793926287714315,0.18088419787823132
subj04,lateral,fold_0,vis2vis,3,0.14841658390282209,0.17377858285217712
subj04,lateral,fold_0,vis2vis,4,0.15774946423187422,0.17215810844665566
subj04,lateral,fold_0,vis2vis,5,0.14390408165876054,0.1776385472362161
subj04,lateral,fold_0,vis2vis,6,0.1452745420211297,0.17448154711575276
subj04,lateral,fold_0,vis2vis,7,0.13886883838955424,0.17468049432537627
subj04,lateral,fold_0,vis2vis,8,0.13723480140516972,0.1837645525276375
subj04,lateral,fold_0,vis2vis,9,0.1373963203092743,0.17679279233177952
subj04,lateral,fold_0,vis2vis,10,0.13953487161791583,0.1808774115762412
subj04,lateral,fold_0,vis2vis,11,0.11393655523295701,0.16484477975367856
subj04,lateral,fold_0,vis2vis,12,0.1118350076274021,0.16354248169746924
subj04,lateral,fold_1,vis2vis,1,0.21010824063291614,0.06354153645865694
subj04,lateral,fold_1,vis2vis,2,0.25999752686416555,0.13602521549048766
subj04,lateral,fold_1,vis2vis,3,0.24818189003228366,0.15328122773072378
subj04,lateral,fold_1,vis2vis,4,0.2815668874771404,0.17354408365048804
subj04,lateral,fold_1,vis2vis,5,0.2813008957928126,0.17039721223146706
subj04,lateral,fold_1,vis2vis,6,0.29891697176026943,0.19627495663871344
subj04,lateral,fold_1,vis2vis,7,0.2945433527095813,0.1989792846096652
subj04,lateral,fold_1,vis2vis,8,0.2916083484602588,0.20177244513888332
subj04,lateral,fold_1,vis2vis,9,0.2796833342929682,0.20013246201984838
subj04,lateral,fold_1,vis2vis,10,0.2768716127886281,0.2009923353937077
subj04,lateral,fold_1,vis2vis,11,0.2789643518316584,0.20063428405383912
subj04,lateral,fold_1,vis2vis,12,0.28123296760147937,0.19909005396926804
subj04,lateral,fold_2,vis2vis,1,0.2168784770071164,0.1986601153096816
subj04,lateral,fold_2,vis2vis,2,0.2756613399739334,0.3082968320868722
subj04,lateral,fold_2,vis2vis,3,0.239275396211631,0.31717733646985063
subj04,lateral,fold_2,vis2vis,4,0.2361756951876232,0.3193732238766662
subj04,lateral,fold_2,vis2vis,5,0.2137276543998116,0.3170017682705822
subj04,lateral,fold_2,vis2vis,6,0.2117398200128867,0.31605538726090127
subj04,lateral,fold_2,vis2vis,7,0.20844948865269525,0.31123828919893815
subj04,lateral,fold_2,vis2vis,8,0.20849701070676396,0.31113037689460865
subj04,lateral,fold_2,vis2vis,9,0.20959802880736575,0.3111566152428666
subj04,lateral,fold_2,vis2vis,10,0.20864890646616838,0.312189427290591
subj04,lateral,fold_2,vis2vis,11,0.20553660829076595,0.31185136600845104
subj04,lateral,fold_2,vis2vis,12,0.2037711171225301,0.3085889923124684
subj04,lateral,fold_3,vis2vis,1,0.3408230017219096,0.2973556140341942
subj04,lateral,fold_3,vis2vis,2,0.337854268133483,0.3302594610705457
subj04,lateral,fold_3,vis2vis,3,0.34423786918891536,0.3298720462372755
subj04,lateral,fold_3,vis2vis,4,0.2798886796266542,0.32224295132088043
subj04,lateral,fold_3,vis2vis,5,0.2788951596912526,0.33678957917963726
subj04,lateral,fold_3,vis2vis,6,0.27247131241962447,0.3410215738737008
subj04,lateral,fold_3,vis2vis,7,0.26518892124507415,0.3423569992247727
subj04,lateral,fold_3,vis2vis,8,0.27384327345666837,0.3449805867211061
subj04,lateral,fold_3,vis2vis,9,0.27254233910326614,0.341366531893621
subj04,lateral,fold_3,vis2vis,10,0.270575296877567,0.3420965764135201
subj04,lateral,fold_3,vis2vis,11,0.2707117787523939,0.3399869282477191
subj04,lateral,fold_3,vis2vis,12,0.2623778039235254,0.3391051290932537
subj04,parietal,fold_0,vis2vis,1,0.08338342464901975,-0.027057138823083655
subj04,parietal,fold_0,vis2vis,2,0.07408593574662738,-0.002391628751130079
subj04,parietal,fold_0,vis2vis,3,0.10997033093780983,0.028078488282718677
subj04,parietal,fold_0,vis2vis,4,0.09136112454134378,0.02649715529395434
subj04,parietal,fold_0,vis2vis,5,0.1141467155318502,0.035345842399563246
subj04,parietal,fold_0,vis2vis,6,0.10861883046380542,0.061115602682140883
subj04,parietal,fold_0,vis2vis,7,0.13122493047623848,0.06851854941992158
subj04,parietal,fold_0,vis2vis,8,0.10727101631151059,0.06598813667122475
subj04,parietal,fold_0,vis2vis,9,0.1081434541112718,0.06337287608786536
subj04,parietal,fold_0,vis2vis,10,0.10803917092988312,0.07520758148304033
subj04,parietal,fold_0,vis2vis,11,0.1487693580428446,0.08054488628997822
subj04,parietal,fold_0,vis2vis,12,0.14134710799181657,0.09744323876564431
subj04,parietal,fold_1,vis2vis,1,-0.039637135956074494,-0.18206658902871029
subj04,parietal,fold_1,vis2vis,2,-0.00832993952497373,-0.12405109650471313
subj04,parietal,fold_1,vis2vis,3,0.005385707290107075,-0.13077308572251484
subj04,parietal,fold_1,vis2vis,4,0.018975681627786543,-0.11396351708347699
subj04,parietal,fold_1,vis2vis,5,-0.00562125993249921,-0.11864220212974882
subj04,parietal,fold_1,vis2vis,6,-0.017099524998983637,-0.08359696667656699
subj04,parietal,fold_1,vis2vis,7,-0.022240466892169717,-0.08450682134460805
subj04,parietal,fold_1,vis2vis,8,-0.004354124386063567,-0.07958276609886132
subj04,parietal,fold_1,vis2vis,9,0.002067027571944957,-0.06674928223404576
subj04,parietal,fold_1,vis2vis,10,0.0009142597863719234,-0.04364829708289058
subj04,parietal,fold_1,vis2vis,11,0.07257173571841487,-0.03440074345507689
subj04,parietal,fold_1,vis2vis,12,0.12890395873156743,0.00039091774762586645
subj04,parietal,fold_2,vis2vis,1,-0.09248312581112365,-0.04569778544250094
subj04,parietal,fold_2,vis2vis,2,-0.07631111481782156,0.029833377741537402
subj04,parietal,fold_2,vis2vis,3,-0.06642485797222308,0.042343377654507415
subj04,parietal,fold_2,vis2vis,4,-0.06447250229993423,0.05937589825509325
subj04,parietal,fold_2,vis2vis,5,-0.057023529751165494,0.05528356870186786
subj04,parietal,fold_2,vis2vis,6,-0.06282841198766864,0.06809520358611149
subj04,parietal,fold_2,vis2vis,7,-0.057027329689819876,0.06752119143817936
subj04,parietal,fold_2,vis2vis,8,-0.0640516394956089,0.06925353391278548
subj04,parietal,fold_2,vis2vis,9,-0.07020884390397868,0.07529243031883173
subj04,parietal,fold_2,vis2vis,10,-0.07022155689833605,0.0774030809569627
subj04,parietal,fold_2,vis2vis,11,-0.07577616946940713,0.08950658998657499
subj04,parietal,fold_2,vis2vis,12,-0.08907386396068001,0.09354545807316066
subj04,parietal,fold_3,vis2vis,1,0.06919292559346825,-0.0913321905885749
subj04,parietal,fold_3,vis2vis,2,0.0844469212683635,-0.04111956643687279
subj04,parietal,fold_3,vis2vis,3,0.14059515339228396,-0.037991527909816004
subj04,parietal,fold_3,vis2vis,4,0.12074452565166667,-0.005486086488760869
subj04,parietal,fold_3,vis2vis,5,0.11806554125101877,-0.004061704085381174
subj04,parietal,fold_3,vis2vis,6,0.08761820491985876,-0.01828411504729143
subj04,parietal,fold_3,vis2vis,7,0.07423590395602041,-0.001545941634958856
subj04,parietal,fold_3,vis2vis,8,0.07250200148268852,-0.003379221490425304
subj04,parietal,fold_3,vis2vis,9,0.07522390583086326,-0.005537588948281935
subj04,parietal,fold_3,vis2vis,10,0.07638514449910241,-0.012873807840561951
subj04,parietal,fold_3,vis2vis,11,0.06787247136896613,-0.007798878158384799
subj04,parietal,fold_3,vis2vis,12,0.06484307185733613,0.0010302563197244507
subj05,V1,fold_0,vis2vis,1,0.2892313349253048,0.547970335324407
subj05,V1,fold_0,vis2vis,2,0.3560454475981609,0.5664012490359047
subj05,V1,fold_0,vis2vis,3,0.36356855262838844,0.5641400681301844
subj05,V1,fold_0,vis2vis,4,0.37127423847019986,0.5640629880070925
subj05,V1,fold_0,vis2vis,5,0.3741240998034958,0.5706873015355327
subj05,V1,fold_0,vis2vis,6,0.3684043182396233,0.5653042549705641
subj05,V1,fold_0,vis2vis,7,0.3814246148232346,0.5717813503526646
subj05,V1,fold_0,vis2vis,8,0.37988074845535896,0.5733695162545577
subj05,V1,fold_0,vis2vis,9,0.37409572783219774,0.5654941175263815
subj05,V1,fold_0,vis2vis,10,0.36515686805739733,0.5665005501358349
subj05,V1,fold_0,vis2vis,11,0.36482475848265256,0.565259135038774
subj05,V1,fold_0,vis2vis,12,0.36540001136674133,0.5663214630315678
subj05,V1,fold_1,vis2vis,1,0.11150714925527294,0.5784679489250591
subj05,V1,fold_1,vis2vis,2,0.0789643875792152,0.5956268119340015
subj05,V1,fold_1,vis2vis,3,0.10580949678850969,0.6096206276206914
subj05,V1,fold_1,vis2vis,4,0.1111068361932109,0.6122066124664325
subj05,V1,fold_1,vis2vis,5,0.10723668648143554,0.6021057911230777
subj05,V1,fold_1,vis2vis,6,0.09936627584585316,0.6077297218061308
subj05,V1,fold_1,vis2vis,7,0.10342421396236316,0.6105106032136802
subj05,V1,fold_1,vis2vis,8,0.10403613734447939,0.6115379998484929
subj05,V1,fold_1,vis2vis,9,0.10247179824079415,0.6104958838876668
subj05,V1,fold_1,vis2vis,10,0.10046090554787475,0.6120324703646242
subj05,V1,fold_1,vis2vis,11,0.10223079548090111,0.6120943999572408
subj05,V1,fold_1,vis2vis,12,0.10272378421605102,0.6122798451797283
subj05,V1,fold_2,vis2vis,1,0.23057263091601685,0.5205939811724779
subj05,V1,fold_2,vis2vis,2,0.30113890389553194,0.5338827682017916
subj05,V1,fold_2,vis2vis,3,0.30898424637047894,0.5419414082655105
subj05,V1,fold_2,vis2vis,4,0.32382786316196166,0.5556653486818941
subj05,V1,fold_2,vis2vis,5,0.33307700501112764,0.5626797913314087
subj05,V1,fold_2,vis2vis,6,0.33417245415484076,0.5638575264083995
subj05,V1,fold_2,vis2vis,7,0.3351609365162963,0.5653792274149235
subj05,V1,fold_2,vis2vis,8,0.3352718674666854,0.5624261169204756
subj05,V1,fold_2,vis2vis,9,0.33555722208923244,0.5624827562951087
subj05,V1,fold_2,vis2vis,10,0.3343343391011526,0.5621486414206917
subj05,V1,fold_2,vis2vis,11,0.3345863745500675,0.5618246855125346
subj05,V1,fold_2,vis2vis,12,0.33426159809049527,0.5616704378151376
subj05,V1,fold_3,vis2vis,1,0.582779891111156,0.38866910481242306
subj05,V1,fold_3,vis2vis,2,0.5929738070718195,0.4102881920291432
subj05,V1,fold_3,vis2vis,3,0.5977005420919652,0.435613119206705
subj05,V1,fold_3,vis2vis,4,0.5810091078356937,0.4206963948076394
subj05,V1,fold_3,vis2vis,5,0.5813486669004037,0.42376297263320944
subj05,V1,fold_3,vis2vis,6,0.5841954614406929,0.42922933174617744
subj05,V1,fold_3,vis2vis,7,0.5856998815859294,0.4313252147936528
subj05,V1,fold_3,vis2vis,8,0.5857674059039383,0.4302609747685078
subj05,V1,fold_3,vis2vis,9,0.5872409761046563,0.4304119966176562
subj05,V1,fold_3,vis2vis,10,0.5869886603419908,0.4286369200525255
subj05,V1,fold_3,vis2vis,11,0.5796556087010695,0.42176481374950575
subj05,V1,fold_3,vis2vis,12,0.580714621950414,0.42270078867603306
subj05,V2,fold_0,vis2vis,1,0.5633827716500212,0.5862260488619121
subj05,V2,fold_0,vis2vis,2,0.5490758259484263,0.6007158422797876
subj05,V2,fold_0,vis2vis,3,0.5514523628579002,0.6335376553843669
subj05,V2,fold_0,vis2vis,4,0.5869142427630268,0.6648328537508241
subj05,V2,fold_0,vis2vis,5,0.5922486238100532,0.6751580207207607
subj05,V2,fold_0,vis2vis,6,0.5926793361406478,0.6742545318401448
subj05,V2,fold_0,vis2vis,7,0.5923662630190152,0.6739309457427296
subj05,V2,fold_0,vis2vis,8,0.5929910948699958,0.672926014494011
subj05,V2,fold_0,vis2vis,9,0.5932193328094779,0.6728595456373967
subj05,V2,fold_0,vis2vis,10,0.593340654846698,0.6731830864250539
subj05,V2,fold_0,vis2vis,11,0.5932459467398449,0.6729662743191365
subj05,V2,fold_0,vis2vis,12,0.5929592731689665,0.6728926626259454
subj05,V2,fold_1,vis2vis,1,0.38028991106065124,0.5785207474380745
subj05,V2,fold_1,vis2vis,2,0.4190368146983392,0.6525389063434832
subj05,V2,fold_1,vis2vis,3,0.4551393894232861,0.6801407800428491
subj05,V2,fold_1,vis2vis,4,0.45692998365747584,0.6766607525968992
subj05,V2,fold_1,vis2vis,5,0.4634360062816928,0.6809626776616792
subj05,V2,fold_1,vis2vis,6,0.4510326034337302,0.6892357733696154
subj05,V2,fold_1,vis2vis,7,0.44946037465172883,0.6907043954448175
subj05,V2,fold_1,vis2vis,8,0.4487037184072465,0.6905045647666386
subj05,V2,fold_1,vis2vis,9,0.44834035104063746,0.6890797149826212
subj05,V2,fold_1,vis2vis,10,0.4463669847012675,0.6885956579482394
subj05,V2,fold_1,vis2vis,11,0.4466060190850532,0.6880145724956103
subj05,V2,fold_1,vis2vis,12,0.44651608512351937,0.6879639785216403
subj05,V2,fold_2,vis2vis,1,0.4484348404869836,0.5747720290915533
subj05,V2,fold_2,vis2vis,2,0.4650728043052086,0.6283739695304498
subj05,V2,fold_2,vis2vis,3,0.4860365846459162,0.6566686839191304
subj05,V2,fold_2,vis2vis,4,0.5324460980433195,0.6671891324355222
subj05,V2,fold_2,vis2vis,5,0.5379101641049545,0.6735622127485545
subj05,V2,fold_2,vis2vis,6,0.5287106549295766,0.6723372378452844
subj05,V2,fold_2,vis2vis,7,0.5263085631659552,0.6753959152506709
subj05,V2,fold_2,vis2vis,8,0.5268361953149717,0.6745299455525403
subj05,V2,fold_2,vis2vis,9,0.5224163909017879,0.6763783678661403
subj05,V2,fold_2,vis2vis,10,0.5236568211147891,0.6797309008624077
subj05,V2,fold_2,vis2vis,11,0.5245351195663537,0.6797968447390145
subj05,V2,fold_2,vis2vis,12,0.5232605451350099,0.6805063194126194
subj05,V2,fold_3,vis2vis,1,0.5469811236188701,0.4594215301032641
subj05,V2,fold_3,vis2vis,2,0.577131377277002,0.4978679094480043
subj05,V2,fold_3,vis2vis,3,0.6254223974796035,0.5741583866465391
subj05,V2,fold_3,vis2vis,4,0.623893764749401,0.5737623677376222
subj05,V2,fold_3,vis2vis,5,0.6309181774393363,0.5726845356268819
subj05,V2,fold_3,vis2vis,6,0.6297838299987972,0.5699522781206036
subj05,V2,fold_3,vis2vis,7,0.6302426197812592,0.5672619539990589
subj05,V2,fold_3,vis2vis,8,0.6287810299849996,0.5731989262694637
subj05,V2,fold_3,vis2vis,9,0.6281945600479498,0.5712064940373321
subj05,V2,fold_3,vis2vis,10,0.6298388955522541,0.5715853005795147
subj05,V2,fold_3,vis2vis,11,0.6290530880282097,0.575591985730364
subj05,V2,fold_3,vis2vis,12,0.6270287407192275,0.575087069112656
subj05,V3,fold_0,vis2vis,1,0.28861283150438194,0.3697001540957473
subj05,V3,fold_0,vis2vis,2,0.22240856665277606,0.4248815645940798
subj05,V3,fold_0,vis2vis,3,0.2661868945854447,0.4326478953020709
subj05,V3,fold_0,vis2vis,4,0.2303190319743366,0.45574436122529877
subj05,V3,fold_0,vis2vis,5,0.24399536959482643,0.4621770951237516
subj05,V3,fold_0,vis2vis,6,0.24159434074544978,0.478372524148424
subj05,V3,fold_0,vis2vis,7,0.2622498860836804,0.4767158992742395
subj05,V3,fold_0,vis2vis,8,0.2633383679711371,0.4777367109621178
subj05,V3,fold_0,vis2vis,9,0.2611937867627681,0.4751468482698645
subj05,V3,fold_0,vis2vis,10,0.25161317318369725,0.4773204990004633
subj05,V3,fold_0,vis2vis,11,0.24671548200567886,0.47291302326486545
subj05,V3,fold_0,vis2vis,12,0.2489270006623583,0.4683152660853828
subj05,V3,fold_1,vis2vis,1,0.24491637104541994,0.5266802043579113
subj05,V3,fold_1,vis2vis,2,0.2515975246998772,0.5129679978340645
subj05,V3,fold_1,vis2vis,3,0.2313154627670462,0.4931885388849629
subj05,V3,fold_1,vis2vis,4,0.22004237134081228,0.5228570313903296
subj05,V3,fold_1,vis2vis,5,0.21857390137571264,0.5193054354810013
subj05,V3,fold_1,vis2vis,6,0.22939831024429833,0.5298787018973569
subj05,V3,fold_1,vis2vis,7,0.23889584751709836,0.580739379022183
subj05,V3,fold_1,vis2vis,8,0.24181267097608894,0.5813520139899362
subj05,V3,fold_1,vis2vis,9,0.24841453034204597,0.5872620692424766
subj05,V3,fold_1,vis2vis,10,0.24420403848222888,0.5875807068395931
subj05,V3,fold_1,vis2vis,11,0.245456826593901,0.587665181562599
subj05,V3,fold_1,vis2vis,12,0.25597781095797356,0.5889317226903722
subj05,V3,fold_2,vis2vis,1,0.3248124415640077,0.4942004719272374
subj05,V3,fold_2,vis2vis,2,0.1970977479726815,0.5301631324876945
subj05,V3,fold_2,vis2vis,3,0.20863078384138434,0.524095403587997
subj05,V3,fold_2,vis2vis,4,0.1890401924937881,0.522174892529569
subj05,V3,fold_2,vis2vis,5,0.16141681094436947,0.5816409280077612
subj05,V3,fold_2,vis2vis,6,0.15709311364079534,0.5822355361276452
subj05,V3,fold_2,vis2vis,7,0.15555724171101354,0.5820096257680775
subj05,V3,fold_2,vis2vis,8,0.2060911598184594,0.5917140682924689
subj05,V3,fold_2,vis2vis,9,0.2021735572728834,0.5909814942567664
subj05,V3,fold_2,vis2vis,10,0.2000836860041111,0.5927802967230416
subj05,V3,fold_2,vis2vis,11,0.20111939723740657,0.5916744066689876
subj05,V3,fold_2,vis2vis,12,0.19994774954626526,0.5914184917705239
subj05,V3,fold_3,vis2vis,1,0.4323845058112659,0.16061530897750967
subj05,V3,fold_3,vis2vis,2,0.4567683721023224,0.18979716340601932
subj05,V3,fold_3,vis2vis,3,0.4597804506758194,0.20742817182360082
subj05,V3,fold_3,vis2vis,4,0.45702491308066884,0.24052820095560246
subj05,V3,fold_3,vis2vis,5,0.45756818263734256,0.24633395748903805
subj05,V3,fold_3,vis2vis,6,0.4478624817069388,0.23433178530911997
subj05,V3,fold_3,vis2vis,7,0.44649958116599425,0.2335070401619313
subj05,V3,fold_3,vis2vis,8,0.4502263671706319,0.23844910567363703
subj05,V3,fold_3,vis2vis,9,0.44948213142451543,0.23911938535186583
subj05,V3,fold_3,vis2vis,10,0.4490256293158373,0.23879725861975903
subj05,V3,fold_3,vis2vis,11,0.4483411829181662,0.23806488837744275
subj05,V3,fold_3,vis2vis,12,0.44703885179347236,0.23802263266886262
subj05,hV4,fold_0,vis2vis,1,0.1059688783758475,0.21467263685891894
subj05,hV4,fold_0,vis2vis,2,0.12419732049376675,0.28873467625891863
subj05,hV4,fold_0,vis2vis,3,0.1725323336764137,0.3308644479279431
subj05,hV4,fold_0,vis2vis,4,0.1149466604318885,0.345374263151669
subj05,hV4,fold_0,vis2vis,5,0.11952154287780563,0.34288989988065227
subj05,hV4,fold_0,vis2vis,6,0.09206045063616325,0.33258768276533446
subj05,hV4,fold_0,vis2vis,7,0.09589015900977603,0.3250176383818477
subj05,hV4,fold_0,vis2vis,8,0.09594613849982436,0.3235736205398527
subj05,hV4,fold_0,vis2vis,9,0.0946148891381338,0.32301440669229775
subj05,hV4,fold_0,vis2vis,10,0.09521063257381107,0.3231217694780369
subj05,hV4,fold_0,vis2vis,11,0.09523248391266513,0.3231396125799209
subj05,hV4,fold_1,vis2vis,1,0.15646690242777625,0.05782254492552488
subj05,hV4,fold_1,vis2vis,2,-0.030608798833638474,-0.03341930739226105
subj05,hV4,fold_1,vis2vis,3,0.11127369211193852,0.027777983911764167
subj05,hV4,fold_1,vis2vis,4,0.12772844787590376,0.13211210475774152
subj05,hV4,fold_1,vis2vis,5,0.012042215394695134,0.22243286384756422
subj05,hV4,fold_1,vis2vis,6,0.025502338576617777,0.22421696350940737
subj05,hV4,fold_1,vis2vis,7,0.019259296402200202,0.20546512766019898
subj05,hV4,fold_1,vis2vis,8,0.019141350139044975,0.20523113575769258
subj05,hV4,fold_1,vis2vis,9,0.0179427112899702,0.2047012989562944
subj05,hV4,fold_1,vis2vis,10,0.018083354904268805,0.20441859617506902
subj05,hV4,fold_1,vis2vis,11,0.018065875582760706,0.2043749735720229
subj05,hV4,fold_2,vis2vis,1,0.10700747938075338,0.24345201544921932
subj05,hV4,fold_2,vis2vis,2,0.09696284683514321,0.24813972037410056
subj05,hV4,fold_2,vis2vis,3,0.19403379006259544,0.29550424009700527
subj05,hV4,fold_2,vis2vis,4,0.2002944980925174,0.2839431925188806
subj05,hV4,fold_2,vis2vis,5,0.19369776529488736,0.29805984188740536
subj05,hV4,fold_2,vis2vis,6,0.21272609168295323,0.3039704131870203
subj05,hV4,fold_2,vis2vis,7,0.22224479373892533,0.30397960302313887
subj05,hV4,fold_2,vis2vis,8,0.19554146741774436,0.3008491526527559
subj05,hV4,fold_2,vis2vis,9,0.19655517240331716,0.3062796751620913
subj05,hV4,fold_2,vis2vis,10,0.2016105305225762,0.3094831473287296
subj05,hV4,fold_2,vis2vis,11,0.201615928828609,0.3095629843103151
subj05,hV4,fold_3,vis2vis,1,0.23225406913296795,0.2726236588024167
subj05,hV4,fold_3,vis2vis,2,0.2215676407874607,0.1987449794224043
subj05,hV4,fold_3,vis2vis,3,0.23121006500199853,0.22079236127705057
subj05,hV4,fold_3,vis2vis,4,0.2477825094863677,0.21463738921901437
subj05,hV4,fold_3,vis2vis,5,0.24347173101090783,0.22121343100740995
subj05,hV4,fold_3,vis2vis,6,0.23618131625014913,0.22325326026641407
subj05,hV4,fold_3,vis2vis,7,0.24411066229894465,0.20749636518370196
subj05,hV4,fold_3,vis2vis,8,0.24689004157165748,0.20965954308038218
subj05,hV4,fold_3,vis2vis,9,0.24326565082968718,0.20901155002287597
subj05,hV4,fold_3,vis2vis,10,0.24459634000766597,0.20834883977582772
subj05,hV4,fold_3,vis2vis,11,0.24440661147643183,0.20852866710009918
subj05,ventral,fold_0,vis2vis,1,0.08528854309684368,0.2748282118370169
subj05,ventral,fold_0,vis2vis,2,0.11937659533693416,0.3673114761066542
subj05,ventral,fold_0,vis2vis,3,0.1265733480397911,0.36787710275156743
subj05,ventral,fold_0,vis2vis,4,0.12521161668541655,0.38020122129964296
subj05,ventral,fold_0,vis2vis,5,0.14143389866553982,0.39014475966076945
subj05,ventral,fold_0,vis2vis,6,0.13628527209915772,0.3847804900030766
subj05,ventral,fold_0,vis2vis,7,0.13939305322834297,0.39427419544325615
subj05,ventral,fold_0,vis2vis,8,0.13475338914914786,0.39766679184494025
subj05,ventral,fold_0,vis2vis,9,0.13978083655510173,0.39709290657046786
subj05,ventral,fold_0,vis2vis,10,0.1279641109253855,0.3989486031133919
subj05,ventral,fold_0,vis2vis,11,0.13370423731968298,0.40937489979872305
subj05,ventral,fold_0,vis2vis,12,0.1409012993335696,0.4086813181565629
subj05,ventral,fold_1,vis2vis,1,-0.12483088475120192,0.1865656789142414
subj05,ventral,fold_1,vis2vis,2,0.053175893949876284,0.30899840072560514
subj05,ventral,fold_1,vis2vis,3,0.09214465318555587,0.3283900418720564
subj05,ventral,fold_1,vis2vis,4,0.10321860092675916,0.3202026899230922
subj05,ventral,fold_1,vis2vis,5,0.11206328356883039,0.3338823972250416
subj05,ventral,fold_1,vis2vis,6,0.16857803451843234,0.34577127663062335
subj05,ventral,fold_1,vis2vis,7,0.15462062877317784,0.34084220976250706
subj05,ventral,fold_1,vis2vis,8,0.15209212516554943,0.3366274776117304
subj05,ventral,fold_1,vis2vis,9,0.14276555542469313,0.33611833201615776
subj05,ventral,fold_1,vis2vis,10,0.14735236588154774,0.34293541692151663
subj05,ventral,fold_1,vis2vis,11,0.14573987709578531,0.3457983750062264
subj05,ventral,fold_1,vis2vis,12,0.1491339268178858,0.34578617804905704
subj05,ventral,fold_2,vis2vis,1,0.07509602285115112,0.2273106312621456
subj05,ventral,fold_2,vis2vis,2,0.1830113476510941,0.33504295535666523
subj05,ventral,fold_2,vis2vis,3,0.1268378910236507,0.3379764713367024
subj05,ventral,fold_2,vis2vis,4,0.1397507664598657,0.3622433736720457
subj05,ventral,fold_2,vis2vis,5,0.1395052838112506,0.37395811887076214
subj05,ventral,fold_2,vis2vis,6,0.135380332189382,0.37512898676104495
subj05,ventral,fold_2,vis2vis,7,0.10754538565672617,0.3822858794375828
subj05,ventral,fold_2,vis2vis,8,0.10776069257185285,0.3798756673686409
subj05,ventral,fold_2,vis2vis,9,0.09930389354316967,0.3909107710709197
subj05,ventral,fold_2,vis2vis,10,0.09687747302526062,0.389856983979931
subj05,ventral,fold_2,vis2vis,11,0.09120989436785526,0.3904055245614377
subj05,ventral,fold_2,vis2vis,12,0.09600553048101335,0.3932708514478378
subj05,ventral,fold_3,vis2vis,1,0.25871261303900445,0.2045083757011255
subj05,ventral,fold_3,vis2vis,2,0.306813079245488,0.25020261517253795
subj05,ventral,fold_3,vis2vis,3,0.28995751406403397,0.277193743635929
subj05,ventral,fold_3,vis2vis,4,0.32527834668071853,0.3126638663664548
subj05,ventral,fold_3,vis2vis,5,0.30724722452932296,0.31531591777795964
subj05,ventral,fold_3,vis2vis,6,0.30610729576284706,0.3088525022193719
subj05,ventral,fold_3,vis2vis,7,0.3109602226823257,0.31818339385478356
subj05,ventral,fold_3,vis2vis,8,0.310804782327113,0.31652411368372774
subj05,ventral,fold_3,vis2vis,9,0.3131760174001182,0.32686272908649155
subj05,ventral,fold_3,vis2vis,10,0.3125290321224544,0.32251922081391804
subj05,ventral,fold_3,vis2vis,11,0.3086011905749823,0.32356543232947743
subj05,ventral,fold_3,vis2vis,12,0.30166897229029416,0.32256701393609005
subj05,lateral,fold_0,vis2vis,1,0.15041183643732295,0.3729156421733618
subj05,lateral,fold_0,vis2vis,2,0.38765829642904065,0.4193617720993061
subj05,lateral,fold_0,vis2vis,3,0.33315273913126286,0.4227269181061386
subj05,lateral,fold_0,vis2vis,4,0.3530991711570533,0.432110486155647
subj05,lateral,fold_0,vis2vis,5,0.3839150628702828,0.44708137069742243
subj05,lateral,fold_0,vis2vis,6,0.3723540046916926,0.45482830466060664
subj05,lateral,fold_0,vis2vis,7,0.37446997184739206,0.4555588407397537
subj05,lateral,fold_0,vis2vis,8,0.3628653137470443,0.46190779259389436
subj05,lateral,fold_0,vis2vis,9,0.36491129799163363,0.4644367883327701
subj05,lateral,fold_0,vis2vis,10,0.3684701297977886,0.4704371464944849
subj05,lateral,fold_0,vis2vis,11,0.37652003568697867,0.4713725909849166
subj05,lateral,fold_0,vis2vis,12,0.38146465767522486,0.4702136842532626
subj05,lateral,fold_1,vis2vis,1,0.2117008300716994,0.3673513526520171
subj05,lateral,fold_1,vis2vis,2,0.3619994596963776,0.5025403659384319
subj05,lateral,fold_1,vis2vis,3,0.345030860063566,0.5079755978827522
subj05,lateral,fold_1,vis2vis,4,0.34547151165245443,0.511374946601005
subj05,lateral,fold_1,vis2vis,5,0.34225140452370145,0.5133951452493687
subj05,lateral,fold_1,vis2vis,6,0.353502387266163,0.5229707257598133
subj05,lateral,fold_1,vis2vis,7,0.3693050522367483,0.5375153151892229
subj05,lateral,fold_1,vis2vis,8,0.3715115564437298,0.5399603738263394
subj05,lateral,fold_1,vis2vis,9,0.3854238407437928,0.5392598689605514
subj05,lateral,fold_1,vis2vis,10,0.3869363553933637,0.5391859020936177
subj05,lateral,fold_1,vis2vis,11,0.39768488760064896,0.540493550755601
subj05,lateral,fold_1,vis2vis,12,0.4057843347348787,0.5419978215333396
subj05,lateral,fold_2,vis2vis,1,-0.03756243779705238,0.48880398287249605
subj05,lateral,fold_2,vis2vis,2,-0.026247594638805934,0.4857677581925584
subj05,lateral,fold_2,vis2vis,3,-0.009044205022108821,0.5074048137313761
subj05,lateral,fold_2,vis2vis,4,0.0019131325769451352,0.523916101615162
subj05,lateral,fold_2,vis2vis,5,0.0016257046452760498,0.5242315563917215
subj05,lateral,fold_2,vis2vis,6,-0.01131016575638263,0.5266641531833453
subj05,lateral,fold_2,vis2vis,7,-0.011675400340012828,0.5299362089669463
subj05,lateral,fold_2,vis2vis,8,-0.022665181682831888,0.5342226016912471
subj05,lateral,fold_2,vis2vis,9,-0.0221715259670517,0.5303064702122624
subj05,lateral,fold_2,vis2vis,10,-0.02156772955783356,0.5311832877542567
subj05,lateral,fold_2,vis2vis,11,-0.022755503446534785,0.531197568985534
subj05,lateral,fold_2,vis2vis,12,-0.021721900514468994,0.5311254327069062
subj05,lateral,fold_3,vis2vis,1,0.3800271070193522,0.2943333015219803
subj05,lateral,fold_3,vis2vis,2,0.37463019237386797,0.3242735042984444
subj05,lateral,fold_3,vis2vis,3,0.36289897399309656,0.3306924339667114
subj05,lateral,fold_3,vis2vis,4,0.3590660599504704,0.33243006867705416
subj05,lateral,fold_3,vis2vis,5,0.35850879097951216,0.3341348792859551
subj05,lateral,fold_3,vis2vis,6,0.354804528550222,0.3511216750321438
subj05,lateral,fold_3,vis2vis,7,0.356764180870972,0.3428401841602167
subj05,lateral,fold_3,vis2vis,8,0.35948856284908315,0.3430216630302063
subj05,lateral,fold_3,vis2vis,9,0.3609996513826862,0.34833557226400497
subj05,lateral,fold_3,vis2vis,10,0.3580121572182386,0.3487597652606721
subj05,lateral,fold_3,vis2vis,11,0.36050118567585454,0.35001878873923936
subj05,lateral,fold_3,vis2vis,12,0.35882412993087653,0.3482572412756581
subj05,parietal,fold_0,vis2vis,1,-0.0017612215916818338,0.1730436308956539
subj05,parietal,fold_0,vis2vis,2,0.051130805007168496,0.20089842063022134
subj05,parietal,fold_0,vis2vis,3,0.1344096834153548,0.29077358199758246
subj05,parietal,fold_0,vis2vis,4,0.1322059701204138,0.2892343292705441
subj05,parietal,fold_0,vis2vis,5,0.14034821367720401,0.2892225216637785
subj05,parietal,fold_0,vis2vis,6,0.14242933013209383,0.2813892335284009
subj05,parietal,fold_0,vis2vis,7,0.1860963443736599,0.3296030080157538
subj05,parietal,fold_0,vis2vis,8,0.24821558992563328,0.3232310407702898
subj05,parietal,fold_0,vis2vis,9,0.23747361850219406,0.3309694210476842
subj05,parietal,fold_0,vis2vis,10,0.23908027430160944,0.3331789303377148
subj05,parietal,fold_0,vis2vis,11,0.23956873787369914,0.34287245190940835
subj05,parietal,fold_0,vis2vis,12,0.22835932617298124,0.3271786059138751
subj05,parietal,fold_1,vis2vis,1,-0.13501035385552332,-0.050727946956631575
subj05,parietal,fold_1,vis2vis,2,-0.08853081747514396,0.3493669070800307
subj05,parietal,fold_1,vis2vis,3,-0.08479356535693197,0.36760599763715707
subj05,parietal,fold_1,vis2vis,4,-0.14015739095260057,0.3696800242806733
subj05,parietal,fold_1,vis2vis,5,-0.13492104276703312,0.36463778373694217
subj05,parietal,fold_1,vis2vis,6,-0.09993266881295998,0.3659428748598133
subj05,parietal,fold_1,vis2vis,7,-0.07518366779805775,0.3905954793008083
subj05,parietal,fold_1,vis2vis,8,-0.08008038723695146,0.3855720790255555
subj05,parietal,fold_1,vis2vis,9,-0.06764948279601928,0.3880542183705869
subj05,parietal,fold_1,vis2vis,10,-0.06440489216312954,0.39761893710799456
subj05,parietal,fold_1,vis2vis,11,-0.07714175716572429,0.4006628139494698
subj05,parietal,fold_1,vis2vis,12,-0.07297108447702078,0.3939289893971083
subj05,parietal,fold_2,vis2vis,1,0.17699731888834003,0.12712301138097187
subj05,parietal,fold_2,vis2vis,2,0.22399733086080637,0.153798493204257
subj05,parietal,fold_2,vis2vis,3,0.2854287200347302,0.3624674451667818
subj05,parietal,fold_2,vis2vis,4,0.2745944341380226,0.3470478425392975
subj05,parietal,fold_2,vis2vis,5,0.2726800831110188,0.37071749033425727
subj05,parietal,fold_2,vis2vis,6,0.27593701674696,0.37439575718453966
subj05,parietal,fold_2,vis2vis,7,0.27976423994901517,0.3876128220323265
subj05,parietal,fold_2,vis2vis,8,0.32614628094052467,0.40316194936656463
subj05,parietal,fold_2,vis2vis,9,0.3233304510628515,0.3982939695423409
subj05,parietal,fold_2,vis2vis,10,0.3231896787287242,0.40674167830176033
subj05,parietal,fold_2,vis2vis,11,0.33570824303327174,0.4040061410056904
subj05,parietal,fold_2,vis2vis,12,0.3364255952454972,0.40558120044849505
subj05,parietal,fold_3,vis2vis,1,0.049661127985537824,0.21942690575677262
subj05,parietal,fold_3,vis2vis,2,0.046121842095612126,0.2407553193960674
subj05,parietal,fold_3,vis2vis,3,0.11544517130966025,0.3107263559487481
subj05,parietal,fold_3,vis2vis,4,0.13724817483502968,0.33412876491333915
subj05,parietal,fold_3,vis2vis,5,0.1583401138785433,0.3446136915959051
subj05,parietal,fold_3,vis2vis,6,0.21058141972273603,0.257494277559268
subj05,parietal,fold_3,vis2vis,7,0.246623777695629,0.2784698196164441
subj05,parietal,fold_3,vis2vis,8,0.3168726918472002,0.32447617649253907
subj05,parietal,fold_3,vis2vis,9,0.294880149976959,0.3361383940344907
subj05,parietal,fold_3,vis2vis,10,0.34075824238692487,0.3558879331999382
subj05,parietal,fold_3,vis2vis,11,0.3426166928855073,0.37690266780536613
subj05,parietal,fold_3,vis2vis,12,0.3406998981857552,0.3763990242055731
subj06,V1,fold_0,vis2vis,1,0.12942020626089776,0.4366505197722241
subj06,V1,fold_0,vis2vis,2,0.26966374225908263,0.5463228290769727
subj06,V1,fold_0,vis2vis,3,0.26333096967484854,0.5384055157914583
subj06,V1,fold_0,vis2vis,4,0.28299217580034836,0.5619740471306881
subj06,V1,fold_0,vis2vis,5,0.25096992180993366,0.5488847715511966
subj06,V1,fold_0,vis2vis,6,0.24863531880026962,0.5499304146704143
subj06,V1,fold_0,vis2vis,7,0.2537073584206402,0.5528991681631562
subj06,V1,fold_0,vis2vis,8,0.2541596123877286,0.5516985736493182
subj06,V1,fold_0,vis2vis,9,0.2554002059123728,0.5520269271781079
subj06,V1,fold_0,vis2vis,10,0.2528520713997805,0.5531649059282495
subj06,V1,fold_0,vis2vis,11,0.25249084398893895,0.5533365668384455
subj06,V1,fold_0,vis2vis,12,0.2548740955476812,0.5557020243702198
subj06,V1,fold_1,vis2vis,1,0.20522254450704233,0.5735222246055142
subj06,V1,fold_1,vis2vis,2,0.29654110762398683,0.5602501997383456
subj06,V1,fold_1,vis2vis,3,0.3895095574302805,0.5792026832775773
subj06,V1,fold_1,vis2vis,4,0.4729930756199287,0.5425329898145539
subj06,V1,fold_1,vis2vis,5,0.47990934173922595,0.5483473943704481
subj06,V1,fold_1,vis2vis,6,0.48434074228835655,0.5468020492444916
subj06,V1,fold_1,vis2vis,7,0.4800761419804785,0.5561026079297645
subj06,V1,fold_1,vis2vis,8,0.4903048943694296,0.5600564906577173
subj06,V1,fold_1,vis2vis,9,0.48939268023591387,0.5618224541470681
subj06,V1,fold_1,vis2vis,10,0.48675548735941493,0.562359266144905
subj06,V1,fold_1,vis2vis,11,0.48622214781327344,0.5623922167954837
subj06,V1,fold_1,vis2vis,12,0.48781302790429537,0.5634138601714094
subj06,V1,fold_2,vis2vis,1,0.18833890307632797,0.6251225178843666
subj06,V1,fold_2,vis2vis,2,0.25833417381615636,0.6374622949358366
subj06,V1,fold_2,vis2vis,3,0.2931234516453431,0.6332504618659435
subj06,V1,fold_2,vis2vis,4,0.3132494042612475,0.6391830569073764
subj06,V1,fold_2,vis2vis,5,0.30976790504662816,0.6425306546128244
subj06,V1,fold_2,vis2vis,6,0.31476910717264167,0.6426259765351733
subj06,V1,fold_2,vis2vis,7,0.2974597635663994,0.639518964380094
subj06,V1,fold_2,vis2vis,8,0.3032699142277151,0.6421183246486486
subj06,V1,fold_2,vis2vis,9,0.3085972012471743,0.6393037247652844
subj06,V1,fold_2,vis2vis,10,0.3089810507674931,0.6401434639637561
subj06,V1,fold_2,vis2vis,11,0.3078577506580304,0.6414918655441505
subj06,V1,fold_2,vis2vis,12,0.3065032973057007,0.6388665629026196
subj06,V1,fold_3,vis2vis,1,0.5701944701873736,0.24780089937778535
subj06,V1,fold_3,vis2vis,2,0.5812307546857249,0.2936612721156299
subj06,V1,fold_3,vis2vis,3,0.5876462164015781,0.32692931207190407
subj06,V1,fold_3,vis2vis,4,0.5772610952500333,0.36227037003621865
subj06,V1,fold_3,vis2vis,5,0.5838429658307442,0.384011214129481
subj06,V1,fold_3,vis2vis,6,0.578821616191627,0.3655856043820826
subj06,V1,fold_3,vis2vis,7,0.5788675339234824,0.3646345242979998
subj06,V1,fold_3,vis2vis,8,0.5769557238881682,0.3704418586861163
subj06,V1,fold_3,vis2vis,9,0.574528911099929,0.3763391469450198
subj06,V1,fold_3,vis2vis,10,0.5761330250456225,0.37294469572991706
subj06,V1,fold_3,vis2vis,11,0.5763250908814707,0.374497095012041
subj06,V1,fold_3,vis2vis,12,0.573424762271146,0.3734015024823729
subj06,V2,fold_0,vis2vis,1,0.29806952175311224,0.5429894866280391
subj06,V2,fold_0,vis2vis,2,0.29532624639279126,0.5486106242149547
subj06,V2,fold_0,vis2vis,3,0.3575188426246509,0.565297705969317
subj06,V2,fold_0,vis2vis,4,0.34842138050820415,0.5655682858193836
subj06,V2,fold_0,vis2vis,5,0.4014198745606154,0.5931063499955322
subj06,V2,fold_0,vis2vis,6,0.4006186457347767,0.5931556374206505
subj06,V2,fold_0,vis2vis,7,0.39758885053932125,0.5932727391827257
subj06,V2,fold_0,vis2vis,8,0.39433549987905914,0.5981312512546514
subj06,V2,fold_0,vis2vis,9,0.39242369921588205,0.6003052812821225
subj06,V2,fold_0,vis2vis,10,0.3913575181019468,0.5992258161147169
subj06,V2,fold_0,vis2vis,11,0.39096614109346056,0.5996149543222188
subj06,V2,fold_0,vis2vis,12,0.3904730852490521,0.5996339460170508
subj06,V2,fold_1,vis2vis,1,0.12932473448257856,0.5805093446669168
subj06,V2,fold_1,vis2vis,2,0.2093386595773009,0.664876622119868
subj06,V2,fold_1,vis2vis,3,0.30000390723431275,0.6506158987553831
subj06,V2,fold_1,vis2vis,4,0.30689804128579945,0.6452618612433931
subj06,V2,fold_1,vis2vis,5,0.3467570252903265,0.6262512869027969
subj06,V2,fold_1,vis2vis,6,0.3634720555712674,0.6272694798975157
subj06,V2,fold_1,vis2vis,7,0.37910860253608947,0.6230692176865703
subj06,V2,fold_1,vis2vis,8,0.3900952815930003,0.6379055749730581
subj06,V2,fold_1,vis2vis,9,0.3929594350426036,0.6410662222367812
subj06,V2,fold_1,vis2vis,10,0.39394928003531576,0.638832828924705
subj06,V2,fold_1,vis2vis,11,0.3929518785885165,0.6378180497729811
subj06,V2,fold_1,vis2vis,12,0.3849177151072504,0.6358035604627653
subj06,V2,fold_2,vis2vis,1,0.20659851508629204,0.5446147165538276
subj06,V2,fold_2,vis2vis,2,0.26719038070869183,0.5651881043873983
subj06,V2,fold_2,vis2vis,3,0.30927418261248285,0.6135442393797773
subj06,V2,fold_2,vis2vis,4,0.3234759828368379,0.6143353785612514
subj06,V2,fold_2,vis2vis,5,0.3453738170168849,0.6219047151795944
subj06,V2,fold_2,vis2vis,6,0.35297119065549326,0.6237305516882515
subj06,V2,fold_2,vis2vis,7,0.3644528190739182,0.6257105032067417
subj06,V2,fold_2,vis2vis,8,0.36197566314761165,0.625461179781972
subj06,V2,fold_2,vis2vis,9,0.36330145698089095,0.6251446428895192
subj06,V2,fold_2,vis2vis,10,0.3647298471435594,0.6248850397741484
subj06,V2,fold_2,vis2vis,11,0.36461483789844973,0.6269114928029894
subj06,V2,fold_2,vis2vis,12,0.36507363120080843,0.62386760061917
subj06,V2,fold_3,vis2vis,1,0.4044897910224512,0.36117785020663445
subj06,V2,fold_3,vis2vis,2,0.384376665474847,0.41046349569312096
subj06,V2,fold_3,vis2vis,3,0.3898115024939018,0.4238959416915609
subj06,V2,fold_3,vis2vis,4,0.4005320583383485,0.4251004639675304
subj06,V2,fold_3,vis2vis,5,0.40879382677577486,0.4420687100607827
subj06,V2,fold_3,vis2vis,6,0.42857172453063574,0.4278622163371895
subj06,V2,fold_3,vis2vis,7,0.42962531855125335,0.4291018577522592
subj06,V2,fold_3,vis2vis,8,0.4296236164831439,0.4266677026922592
subj06,V2,fold_3,vis2vis,9,0.4485316012894753,0.4367746509938404
subj06,V2,fold_3,vis2vis,10,0.4501213828323844,0.4366139948166643
subj06,V2,fold_3,vis2vis,11,0.4609340161289051,0.45394532111289987
subj06,V2,fold_3,vis2vis,12,0.4640190733080914,0.4516532168154599
subj06,V3,fold_0,vis2vis,1,0.18773577324654064,0.5054609683192092
subj06,V3,fold_0,vis2vis,2,0.10829429265772021,0.45119224310474687
subj06,V3,fold_0,vis2vis,3,0.10085649745682283,0.47602401688323
subj06,V3,fold_0,vis2vis,4,0.11840939911686126,0.4454252653980493
subj06,V3,fold_0,vis2vis,5,0.11793239027096948,0.4416033157181684
subj06,V3,fold_0,vis2vis,6,0.16423475710700688,0.4150316507033036
subj06,V3,fold_0,vis2vis,7,0.16316394212647387,0.413728526026968
subj06,V3,fold_0,vis2vis,8,0.15273204811195,0.41896903924521195
subj06,V3,fold_0,vis2vis,9,0.18138147677960462,0.4718521722060156
subj06,V3,fold_0,vis2vis,10,0.18039686699033594,0.47017647092868753
subj06,V3,fold_0,vis2vis,11,0.18584169651319518,0.47182985968720415
subj06,V3,fold_0,vis2vis,12,0.17364505542954736,0.4728471399101455
subj06,V3,fold_1,vis2vis,1,0.4354163409117951,0.34808124264942153
subj06,V3,fold_1,vis2vis,2,0.2956409624328525,0.43926392295706645
subj06,V3,fold_1,vis2vis,3,0.3029725640032565,0.4440380448759751
subj06,V3,fold_1,vis2vis,4,0.32961341434082264,0.4331070330782629
subj06,V3,fold_1,vis2vis,5,0.327370564471805,0.4385080268956705
subj06,V3,fold_1,vis2vis,6,0.3256812174737013,0.4382212856012008
subj06,V3,fold_1,vis2vis,7,0.3325921615042075,0.4493147211615814
subj06,V3,fold_1,vis2vis,8,0.3272618661830801,0.45002312686638996
subj06,V3,fold_1,vis2vis,9,0.32551627523697285,0.45012105855954915
subj06,V3,fold_1,vis2vis,10,0.32802192036621286,0.4532198064844164
subj06,V3,fold_1,vis2vis,11,0.32673402969020743,0.4520922620424313
subj06,V3,fold_1,vis2vis,12,0.3275770562495652,0.4521506104727151
subj06,V3,fold_2,vis2vis,1,0.3221593670689162,0.48888943398633056
subj06,V3,fold_2,vis2vis,2,0.33314435665007863,0.520000013906264
subj06,V3,fold_2,vis2vis,3,0.3149110400654667,0.5367769924912488
subj06,V3,fold_2,vis2vis,4,0.33698389524802597,0.542685738298199
subj06,V3,fold_2,vis2vis,5,0.34905453173126566,0.5279118501448073
subj06,V3,fold_2,vis2vis,6,0.34555582151088515,0.5292889216366269
subj06,V3,fold_2,vis2vis,7,0.3403200308877347,0.5400999330985653
subj06,V3,fold_2,vis2vis,8,0.34582859949827,0.5390525778424006
subj06,V3,fold_2,vis2vis,9,0.3454972939728221,0.5392490888646487
subj06,V3,fold_2,vis2vis,10,0.34241571504386337,0.5365280111253893
subj06,V3,fold_2,vis2vis,11,0.3429404071546676,0.5350093755483664
subj06,V3,fold_2,vis2vis,12,0.3445471653304964,0.5314850854411476
subj06,V3,fold_3,vis2vis,1,0.4391209498553676,0.36128411626331824
subj06,V3,fold_3,vis2vis,2,0.46310205490424616,0.3736559218097562
subj06,V3,fold_3,vis2vis,3,0.45912426451693883,0.4108277923881956
subj06,V3,fold_3,vis2vis,4,0.4599558329920705,0.45521294875338564
subj06,V3,fold_3,vis2vis,5,0.46869086092500795,0.4635619215981854
subj06,V3,fold_3,vis2vis,6,0.4770239088251869,0.4486416782235647
subj06,V3,fold_3,vis2vis,7,0.4766737491736815,0.4496244014799731
subj06,V3,fold_3,vis2vis,8,0.47810753138219697,0.4519101244894534
subj06,V3,fold_3,vis2vis,9,0.47725592793522437,0.44893082243283794
subj06,V3,fold_3,vis2vis,10,0.4788619184052119,0.4459335856117532
subj06,V3,fold_3,vis2vis,11,0.47544161620078307,0.44687286264105874
subj06,V3,fold_3,vis2vis,12,0.4752736498909713,0.4473722643892219
subj06,hV4,fold_0,vis2vis,1,0.31973939208813473,0.6217693694781125
subj06,hV4,fold_0,vis2vis,2,0.32660992752562634,0.6541974584926753
subj06,hV4,fold_0,vis2vis,3,0.3135565331961055,0.655412712423363
subj06,hV4,fold_0,vis2vis,4,0.31171780431240437,0.6510426565162822
subj06,hV4,fold_0,vis2vis,5,0.3106280529857956,0.6511230447564871
subj06,hV4,fold_0,vis2vis,6,0.3105466775165986,0.6503457177696743
subj06,hV4,fold_0,vis2vis,7,0.3113816266508171,0.6531832121428045
subj06,hV4,fold_0,vis2vis,8,0.3124277997856929,0.6521291152959964
subj06,hV4,fold_0,vis2vis,9,0.31577576470063395,0.650136029331619
subj06,hV4,fold_0,vis2vis,10,0.3115176611989917,0.651670509168757
subj06,hV4,fold_1,vis2vis,1,0.36625483747998955,0.5764884764167688
subj06,hV4,fold_1,vis2vis,2,0.44511005410731813,0.6226188378067288
subj06,hV4,fold_1,vis2vis,3,0.43326758111165564,0.6222524434530549
subj06,hV4,fold_1,vis2vis,4,0.4214734496636444,0.6161913643071457
subj06,hV4,fold_1,vis2vis,5,0.40182255524042176,0.6112809138507087
subj06,hV4,fold_1,vis2vis,6,0.3837520801043476,0.5961699014241713
subj06,hV4,fold_1,vis2vis,7,0.39853679637605927,0.6080127019239744
subj06,hV4,fold_1,vis2vis,8,0.3962733554513439,0.6108257876865218
subj06,hV4,fold_1,vis2vis,9,0.3962965747254178,0.610902092528729
subj06,hV4,fold_1,vis2vis,10,0.3963059647934628,0.6108730906964333
subj06,hV4,fold_2,vis2vis,1,0.5257851820172699,0.6184068451267556
subj06,hV4,fold_2,vis2vis,2,0.5362208925264819,0.6542220188865767
subj06,hV4,fold_2,vis2vis,3,0.5216393947684196,0.6751369686668339
subj06,hV4,fold_2,vis2vis,4,0.5247666715653246,0.6856038510131786
subj06,hV4,fold_2,vis2vis,5,0.526541361479448,0.6846337178138024
subj06,hV4,fold_2,vis2vis,6,0.5220770895407488,0.6848164110078476
subj06,hV4,fold_2,vis2vis,7,0.5217516089324419,0.684820759396464
subj06,hV4,fold_2,vis2vis,8,0.5224220986420369,0.6857492094435991
subj06,hV4,fold_2,vis2vis,9,0.5218064130093772,0.6846400002711298
subj06,hV4,fold_2,vis2vis,10,0.5217229865199545,0.6848913877341998
subj06,hV4,fold_3,vis2vis,1,0.5543632802828944,0.4854481303854537
subj06,hV4,fold_3,vis2vis,2,0.5462798692140218,0.5031921922147153
subj06,hV4,fold_3,vis2vis,3,0.6033885182949449,0.5805550275481424
subj06,hV4,fold_3,vis2vis,4,0.603634647275449,0.5809957243430571
subj06,hV4,fold_3,vis2vis,5,0.6037270141821807,0.5613056753559469
subj06,hV4,fold_3,vis2vis,6,0.6139856286811207,0.5590761591052937
subj06,hV4,fold_3,vis2vis,7,0.6191053508781146,0.5565591083365325
subj06,hV4,fold_3,vis2vis,8,0.6194553850413487,0.5560052052565126
subj06,hV4,fold_3,vis2vis,9,0.6194870627536408,0.5561270414304051
subj06,hV4,fold_3,vis2vis,10,0.6194869770316809,0.5561290033652325
subj06,ventral,fold_0,vis2vis,1,0.12747522988093501,0.2481426402498999
subj06,ventral,fold_0,vis2vis,2,0.31333417339679215,0.39253800355494806
subj06,ventral,fold_0,vis2vis,3,0.3436173731295008,0.3824327455081235
subj06,ventral,fold_0,vis2vis,4,0.3485871462202301,0.3822177444273935
subj06,ventral,fold_0,vis2vis,5,0.3534665001235937,0.39170079785178624
subj06,ventral,fold_0,vis2vis,6,0.35426524326594505,0.3937422246692564
subj06,ventral,fold_0,vis2vis,7,0.3392816791018617,0.3933372738500385
subj06,ventral,fold_0,vis2vis,8,0.3292026466642838,0.3931189132812164
subj06,ventral,fold_0,vis2vis,9,0.32425255642060996,0.38695432250618805
subj06,ventral,fold_0,vis2vis,10,0.32028422465509265,0.3869871820944399
subj06,ventral,fold_0,vis2vis,11,0.31820527630128714,0.38509991365513146
subj06,ventral,fold_0,vis2vis,12,0.31436919585371026,0.38255080905109123
subj06,ventral,fold_1,vis2vis,1,0.20418634801745678,0.35252323492468124
subj06,ventral,fold_1,vis2vis,2,0.17013729504103162,0.41261958143993827
subj06,ventral,fold_1,vis2vis,3,0.17269035954222917,0.3969035037440423
subj06,ventral,fold_1,vis2vis,4,0.17580778685251397,0.39898496674181044
subj06,ventral,fold_1,vis2vis,5,0.18889957324044032,0.39606647418448016
subj06,ventral,fold_1,vis2vis,6,0.1869388162540062,0.4052151179611992
subj06,ventral,fold_1,vis2vis,7,0.1812331440833344,0.396577819943989
subj06,ventral,fold_1,vis2vis,8,0.17778689793595467,0.3943519909050962
subj06,ventral,fold_1,vis2vis,9,0.18093079897406475,0.3940933419258576
subj06,ventral,fold_1,vis2vis,10,0.1861134240238188,0.39284005985015213
subj06,ventral,fold_1,vis2vis,11,0.17654606291006908,0.3973620388507712
subj06,ventral,fold_1,vis2vis,12,0.18156408825494127,0.3956453377280709
subj06,ventral,fold_2,vis2vis,1,-0.0036875809097433256,0.08865589155626696
subj06,ventral,fold_2,vis2vis,2,0.12613556157114944,0.3434747950329398
subj06,ventral,fold_2,vis2vis,3,0.1647607869225451,0.38897640338082323
subj06,ventral,fold_2,vis2vis,4,0.1611754805210098,0.3756600652529381
subj06,ventral,fold_2,vis2vis,5,0.16877596498881683,0.37081576354979195
subj06,ventral,fold_2,vis2vis,6,0.15761067135150075,0.36387899329562806
subj06,ventral,fold_2,vis2vis,7,0.16481341942256042,0.36785873516312867
subj06,ventral,fold_2,vis2vis,8,0.1581546105322912,0.3721303256159781
subj06,ventral,fold_2,vis2vis,9,0.15771388683918708,0.3772410594441895
subj06,ventral,fold_2,vis2vis,10,0.16027831821680139,0.38104041576984526
subj06,ventral,fold_2,vis2vis,11,0.16450531066808455,0.3793356516261186
subj06,ventral,fold_2,vis2vis,12,0.16490858503266312,0.3758703377297389
subj06,ventral,fold_3,vis2vis,1,0.1758701210085075,0.22320005677005508
subj06,ventral,fold_3,vis2vis,2,0.19773101345385427,0.1932209796457852
subj06,ventral,fold_3,vis2vis,3,0.23276359490138862,0.26993510464068926
subj06,ventral,fold_3,vis2vis,4,0.2362645742833391,0.2756030201519915
subj06,ventral,fold_3,vis2vis,5,0.23725937674400163,0.2669618071068696
subj06,ventral,fold_3,vis2vis,6,0.22580044351480708,0.262865755297336
subj06,ventral,fold_3,vis2vis,7,0.2213539738567336,0.2606181205217592
subj06,ventral,fold_3,vis2vis,8,0.22320417680130025,0.26322500377096547
subj06,ventral,fold_3,vis2vis,9,0.2241069282671348,0.25653416271664325
subj06,ventral,fold_3,vis2vis,10,0.22914407092938968,0.25418463578620437
subj06,ventral,fold_3,vis2vis,11,0.23133561668673397,0.2540804101829742
subj06,ventral,fold_3,vis2vis,12,0.2310424243608308,0.25472015694612327
subj06,lateral,fold_0,vis2vis,1,-0.11285535886365376,0.3627853530072138
subj06,lateral,fold_0,vis2vis,2,-0.057178725809301605,0.3812281680977154
subj06,lateral,fold_0,vis2vis,3,-0.037822455158599826,0.4093396781136514
subj06,lateral,fold_0,vis2vis,4,-0.038905402994908106,0.41229289920147083
subj06,lateral,fold_0,vis2vis,5,-0.042713158748329136,0.4114914132291288
subj06,lateral,fold_0,vis2vis,6,-0.04256659242320598,0.40962733595552986
subj06,lateral,fold_0,vis2vis,7,-0.048051053090801404,0.39872470199621013
subj06,lateral,fold_0,vis2vis,8,-0.051505579017452195,0.3987078760304786
subj06,lateral,fold_0,vis2vis,9,-0.05124399980488416,0.4008126699759494
subj06,lateral,fold_0,vis2vis,10,-0.050569393382202565,0.40041848292585297
subj06,lateral,fold_0,vis2vis,11,-0.062341500707590446,0.3935231562624975
subj06,lateral,fold_0,vis2vis,12,-0.06241745117464128,0.3979288730991256
subj06,lateral,fold_1,vis2vis,1,0.13893332855602994,0.17975451310302903
subj06,lateral,fold_1,vis2vis,2,0.11521693654362025,0.3544187945397886
subj06,lateral,fold_1,vis2vis,3,0.14812520774303192,0.38356199467115265
subj06,lateral,fold_1,vis2vis,4,0.13144862518449982,0.3905847150665158
subj06,lateral,fold_1,vis2vis,5,0.10858584595049113,0.42822899974776624
subj06,lateral,fold_1,vis2vis,6,0.11535153337504644,0.4278210442137288
subj06,lateral,fold_1,vis2vis,7,0.11471656321588106,0.42182293875344234
subj06,lateral,fold_1,vis2vis,8,0.15580765584130676,0.42874778835609934
subj06,lateral,fold_1,vis2vis,9,0.1602096650978522,0.43220735203757005
subj06,lateral,fold_1,vis2vis,10,0.15966253224074434,0.43333336914333087
subj06,lateral,fold_1,vis2vis,11,0.20686452131973757,0.4275343711304596
subj06,lateral,fold_1,vis2vis,12,0.20248195124110768,0.427074263624663
subj06,lateral,fold_2,vis2vis,1,0.051447609221728544,0.04038164323304942
subj06,lateral,fold_2,vis2vis,2,0.17409770532436364,0.35931745439701424
subj06,lateral,fold_2,vis2vis,3,0.13710653070078624,0.34489078992509115
subj06,lateral,fold_2,vis2vis,4,0.1586740459066064,0.3555592932698678
subj06,lateral,fold_2,vis2vis,5,0.15424805626420524,0.3524304094945151
subj06,lateral,fold_2,vis2vis,6,0.1478217632152456,0.3595064568736912
subj06,lateral,fold_2,vis2vis,7,0.1502889575493298,0.3625296129145731
subj06,lateral,fold_2,vis2vis,8,0.15933979513097343,0.37057729977592113
subj06,lateral,fold_2,vis2vis,9,0.16232090443916047,0.3619401146657111
subj06,lateral,fold_2,vis2vis,10,0.17012850473167093,0.36348208406117444
subj06,lateral,fold_2,vis2vis,11,0.16638172866390044,0.3583054948715219
subj06,lateral,fold_2,vis2vis,12,0.1609724951335351,0.35917825967941047
subj06,lateral,fold_3,vis2vis,1,0.27160486512244464,0.19151299414873565
subj06,lateral,fold_3,vis2vis,2,0.315366633835331,0.27250131129749117
subj06,lateral,fold_3,vis2vis,3,0.30131606105857595,0.27592446546173055
subj06,lateral,fold_3,vis2vis,4,0.2788839622291013,0.2769780285827683
subj06,lateral,fold_3,vis2vis,5,0.27930886491174584,0.2855956806942438
subj06,lateral,fold_3,vis2vis,6,0.2884167057376038,0.2918022838990898
subj06,lateral,fold_3,vis2vis,7,0.3053208106255857,0.30466091652138727
subj06,lateral,fold_3,vis2vis,8,0.30641822966360827,0.3063853938394705
subj06,lateral,fold_3,vis2vis,9,0.3094655483792277,0.30389728152484685
subj06,lateral,fold_3,vis2vis,10,0.3040514725102001,0.29967389806755407
subj06,lateral,fold_3,vis2vis,11,0.30661970372041353,0.2968242299542843
subj06,lateral,fold_3,vis2vis,12,0.30305510686922843,0.29937988369384666
subj06,parietal,fold_0,vis2vis,1,0.26527622109672044,-0.07087264615244754
subj06,parietal,fold_0,vis2vis,2,0.18090233307302678,0.0732957189412038
subj06,parietal,fold_0,vis2vis,3,0.20550668955492155,0.15629608203455422
subj06,parietal,fold_0,vis2vis,4,0.21631264921863672,0.1887060477110413
subj06,parietal,fold_0,vis2vis,5,0.16755914627263566,0.2078830064635798
subj06,parietal,fold_0,vis2vis,6,0.17038873454338244,0.2198510712553499
subj06,parietal,fold_0,vis2vis,7,0.1054204488248874,0.23476263377087883
subj06,parietal,fold_0,vis2vis,8,0.08872367525019842,0.22093926974742523
subj06,parietal,fold_0,vis2vis,9,-0.025091156010644607,0.20812879613795068
subj06,parietal,fold_0,vis2vis,10,-0.03688851274622434,0.20478014055106616
subj06,parietal,fold_0,vis2vis,11,-0.04601443490905239,0.2014747409273324
subj06,parietal,fold_0,vis2vis,12,-0.03853347246269192,0.21720037065367476
subj06,parietal,fold_1,vis2vis,1,-0.1240708639251691,0.01353621834181514
subj06,parietal,fold_1,vis2vis,2,-0.13818101724563545,0.01106739658112222
subj06,parietal,fold_1,vis2vis,3,-0.044352164337098966,0.10410685246517444
subj06,parietal,fold_1,vis2vis,4,-0.031003265880877488,0.09715733133992864
subj06,parietal,fold_1,vis2vis,5,-0.028191816087492858,0.10161076046796341
subj06,parietal,fold_1,vis2vis,6,-0.044682749512706975,0.11079729373947378
subj06,parietal,fold_1,vis2vis,7,-0.04079722054953663,0.11756029127678107
subj06,parietal,fold_1,vis2vis,8,-0.05278025957764627,0.11340972579528465
subj06,parietal,fold_1,vis2vis,9,-0.0347465829374831,0.11507540739363253
subj06,parietal,fold_1,vis2vis,10,-0.017948590945085146,0.1288203550988485
subj06,parietal,fold_1,vis2vis,11,-0.01509978597331916,0.13738440178154332
subj06,parietal,fold_1,vis2vis,12,-0.010820330202366616,0.13651317710308922
subj06,parietal,fold_2,vis2vis,1,-0.13088599510769014,0.08738411688193717
subj06,parietal,fold_2,vis2vis,2,-0.11591233555227269,0.10271797397479465
subj06,parietal,fold_2,vis2vis,3,-0.03014119628311111,0.12544705906685016
subj06,parietal,fold_2,vis2vis,4,0.03150502342564641,0.14412688519110906
subj06,parietal,fold_2,vis2vis,5,0.0803466965749442,0.14291004703670596
subj06,parietal,fold_2,vis2vis,6,0.07186877199778254,0.14566006543201074
subj06,parietal,fold_2,vis2vis,7,0.05654286775725496,0.15566089121535917
subj06,parietal,fold_2,vis2vis,8,0.0628485840117271,0.1482354534517613
subj06,parietal,fold_2,vis2vis,9,0.06992837266214545,0.13124138487897413
subj06,parietal,fold_2,vis2vis,10,0.08374143561267341,0.12832616430038896
subj06,parietal,fold_2,vis2vis,11,0.08678570881258386,0.12867083460363296
subj06,parietal,fold_2,vis2vis,12,0.0951960031722718,0.13325306459438585
subj06,parietal,fold_3,vis2vis,1,-0.0966713207123705,0.2616153856674468
subj06,parietal,fold_3,vis2vis,2,-0.09579430119669459,0.3001076815852558
subj06,parietal,fold_3,vis2vis,3,-0.08184095272977607,0.29392106385249545
subj06,parietal,fold_3,vis2vis,4,-0.06705946929665389,0.3034722972196876
subj06,parietal,fold_3,vis2vis,5,-0.0878169870148063,0.2881036745437916
subj06,parietal,fold_3,vis2vis,6,-0.08585842741935891,0.28991519171256314
subj06,parietal,fold_3,vis2vis,7,-0.1274606657718055,0.28647421523097816
subj06,parietal,fold_3,vis2vis,8,-0.09282149563974099,0.2679499992794545
subj06,parietal,fold_3,vis2vis,9,-0.10208443950635693,0.258692500439785
subj06,parietal,fold_3,vis2vis,10,-0.10868592796366834,0.2704547784668257
subj06,parietal,fold_3,vis2vis,11,-0.10793772644470281,0.2761150671962037
subj06,parietal,fold_3,vis2vis,12,-0.11978016906990797,0.3029032915773856
subj07,V1,fold_0,vis2vis,1,0.6026343573864605,0.3992001313089134
subj07,V1,fold_0,vis2vis,2,0.6207884658025062,0.4236081536540378
subj07,V1,fold_0,vis2vis,3,0.65204151035525,0.45054588161984094
subj07,V1,fold_0,vis2vis,4,0.6517879684266163,0.4548002294292433
subj07,V1,fold_0,vis2vis,5,0.6501472790363408,0.4504926354990661
subj07,V1,fold_0,vis2vis,6,0.6533935540278997,0.4549721333867168
subj07,V1,fold_0,vis2vis,7,0.6541848378682308,0.4544782696109988
subj07,V1,fold_0,vis2vis,8,0.6530063632705092,0.4546595683283342
subj07,V1,fold_0,vis2vis,9,0.6527850991320963,0.45478779971109473
subj07,V1,fold_0,vis2vis,10,0.6528516980641319,0.4545817622346539
subj07,V1,fold_0,vis2vis,11,0.6527035673329419,0.45530401098217527
subj07,V1,fold_0,vis2vis,12,0.6524968498363317,0.4551882953794399
subj07,V1,fold_1,vis2vis,1,0.4504393170622232,0.4336833568605368
subj07,V1,fold_1,vis2vis,2,0.455289639670839,0.4624087391068698
subj07,V1,fold_1,vis2vis,3,0.48845854020020363,0.4886364764281826
subj07,V1,fold_1,vis2vis,4,0.49091372756883667,0.4817544045250932
subj07,V1,fold_1,vis2vis,5,0.49490938650137095,0.48565363792589095
subj07,V1,fold_1,vis2vis,6,0.49610157258036774,0.48587292295199525
subj07,V1,fold_1,vis2vis,7,0.5209741322354613,0.48823887922645864
subj07,V1,fold_1,vis2vis,8,0.5324113436100596,0.48588254206927456
subj07,V1,fold_1,vis2vis,9,0.5311597382917836,0.48784905334260287
subj07,V1,fold_1,vis2vis,10,0.531279201688611,0.4860598897289315
subj07,V1,fold_1,vis2vis,11,0.5297492598425922,0.48363054435870445
subj07,V1,fold_1,vis2vis,12,0.5285291763436701,0.48471428745350037
subj07,V1,fold_2,vis2vis,1,0.5175803036526375,0.49592662197163934
subj07,V1,fold_2,vis2vis,2,0.5411004750528666,0.5175011783995471
subj07,V1,fold_2,vis2vis,3,0.5376425021499679,0.546221767618224
subj07,V1,fold_2,vis2vis,4,0.5333885297715227,0.5356801032898397
subj07,V1,fold_2,vis2vis,5,0.5240341324012122,0.5213364141424076
subj07,V1,fold_2,vis2vis,6,0.5228081174780049,0.5208289041262489
subj07,V1,fold_2,vis2vis,7,0.5249198220777425,0.5116844072850706
subj07,V1,fold_2,vis2vis,8,0.5235370171196569,0.5097663667300659
subj07,V1,fold_2,vis2vis,9,0.5261062836849583,0.50864451997288
subj07,V1,fold_2,vis2vis,10,0.5235978201288478,0.510426310009656
subj07,V1,fold_2,vis2vis,11,0.5247674939725041,0.5120374507371129
subj07,V1,fold_2,vis2vis,12,0.5284558267623308,0.5107757722745464
subj07,V1,fold_3,vis2vis,1,0.40799512770815993,0.5756930425130544
subj07,V1,fold_3,vis2vis,2,0.4304947350031899,0.5999866816135703
subj07,V1,fold_3,vis2vis,3,0.45360991221895064,0.6488429782544923
subj07,V1,fold_3,vis2vis,4,0.45385329145002645,0.6641482667204353
subj07,V1,fold_3,vis2vis,5,0.4509445153707241,0.664684949230016
subj07,V1,fold_3,vis2vis,6,0.4528855497512322,0.6666351655036812
subj07,V1,fold_3,vis2vis,7,0.4528685931313941,0.6665759432891755
subj07,V1,fold_3,vis2vis,8,0.45255602928658695,0.6665774025608302
subj07,V1,fold_3,vis2vis,9,0.45384844398002605,0.6665500889767343
subj07,V1,fold_3,vis2vis,10,0.4533517354128017,0.6659565630192363
subj07,V1,fold_3,vis2vis,11,0.453674633563535,0.6657882884503558
subj07,V1,fold_3,vis2vis,12,0.4535449322572285,0.6660374812890006
subj07,V2,fold_0,vis2vis,1,0.2793813802902313,0.32923060329313
subj07,V2,fold_0,vis2vis,2,0.2957441857416785,0.3943677000975501
subj07,V2,fold_0,vis2vis,3,0.33646263751718136,0.3635859313819926
subj07,V2,fold_0,vis2vis,4,0.328225665463826,0.3712529186170094
subj07,V2,fold_0,vis2vis,5,0.3406342600740802,0.3899805141539493
subj07,V2,fold_0,vis2vis,6,0.34259029197623087,0.36053849000453514
subj07,V2,fold_0,vis2vis,7,0.3503810093001753,0.3737513801689943
subj07,V2,fold_0,vis2vis,8,0.3495842023463282,0.36617608567256393
subj07,V2,fold_0,vis2vis,9,0.3409907717434701,0.3689255434697015
subj07,V2,fold_0,vis2vis,10,0.3433133613895313,0.361100680287514
subj07,V2,fold_0,vis2vis,11,0.34073285610623005,0.362112552407331
subj07,V2,fold_0,vis2vis,12,0.34254240080825915,0.36186601078294783
subj07,V2,fold_1,vis2vis,1,0.4188358733750577,0.3456065258398374
subj07,V2,fold_1,vis2vis,2,0.46566873486701077,0.3920232926176469
subj07,V2,fold_1,vis2vis,3,0.44076650170376785,0.3999028565225464
subj07,V2,fold_1,vis2vis,4,0.4809609664871896,0.42223082467047546
subj07,V2,fold_1,vis2vis,5,0.46841588175679794,0.41706973831515926
subj07,V2,fold_1,vis2vis,6,0.4545272508596746,0.42008158180464356
subj07,V2,fold_1,vis2vis,7,0.4479153260489411,0.42228700801629104
subj07,V2,fold_1,vis2vis,8,0.4477288719124834,0.41849236509517695
subj07,V2,fold_1,vis2vis,9,0.4311038023291963,0.4273182006162085
subj07,V2,fold_1,vis2vis,10,0.4297760326893453,0.4419765224903068
subj07,V2,fold_1,vis2vis,11,0.4319607853322574,0.4379267329062322
subj07,V2,fold_1,vis2vis,12,0.4544374716483445,0.4422238578927672
subj07,V2,fold_2,vis2vis,1,0.3686499482576932,0.28936100128076403
subj07,V2,fold_2,vis2vis,2,0.3590703655285895,0.33852059253664535
subj07,V2,fold_2,vis2vis,3,0.35829060229669835,0.4079530347216406
subj07,V2,fold_2,vis2vis,4,0.37739788947907243,0.41528948073922434
subj07,V2,fold_2,vis2vis,5,0.36789053014516926,0.4327284112699049
subj07,V2,fold_2,vis2vis,6,0.36372669997811813,0.42854007696218116
subj07,V2,fold_2,vis2vis,7,0.3588466926671216,0.4033454725783942
subj07,V2,fold_2,vis2vis,8,0.3564175566129021,0.4064387047761323
subj07,V2,fold_2,vis2vis,9,0.35458259555830623,0.4047977913703574
subj07,V2,fold_2,vis2vis,10,0.3539735802615148,0.4056976138885183
subj07,V2,fold_2,vis2vis,11,0.3393218103870942,0.4044099017599644
subj07,V2,fold_2,vis2vis,12,0.3452222534550504,0.3995973822949246
subj07,V2,fold_3,vis2vis,1,0.16034267491249243,0.3794428279633618
subj07,V2,fold_3,vis2vis,2,0.2362482660751338,0.4386814372919058
subj07,V2,fold_3,vis2vis,3,0.1714764285016283,0.4656847531588653
subj07,V2,fold_3,vis2vis,4,0.16454428351124523,0.4699933779301434
subj07,V2,fold_3,vis2vis,5,0.16819679870208057,0.47683974659716527
subj07,V2,fold_3,vis2vis,6,0.1738744374227638,0.47869714772569294
subj07,V2,fold_3,vis2vis,7,0.2030767274076503,0.46828789414222055
subj07,V2,fold_3,vis2vis,8,0.20320535489343258,0.4547670173435957
subj07,V2,fold_3,vis2vis,9,0.21326028636719566,0.4543335453675554
subj07,V2,fold_3,vis2vis,10,0.20922088442226117,0.4552912734683462
subj07,V2,fold_3,vis2vis,11,0.21296334780222376,0.4595709267132178
subj07,V2,fold_3,vis2vis,12,0.21650601957468987,0.4562446637680373
subj07,V3,fold_0,vis2vis,1,0.4833100337986815,0.23544871473225656
subj07,V3,fold_0,vis2vis,2,0.45624864324349473,0.2685860619176857
subj07,V3,fold_0,vis2vis,3,0.44859973835209,0.30491136292402005
subj07,V3,fold_0,vis2vis,4,0.44382917874084904,0.302703988384365
subj07,V3,fold_0,vis2vis,5,0.42944864365818347,0.2978799758458654
subj07,V3,fold_0,vis2vis,6,0.4480910880082844,0.29278414733942154
subj07,V3,fold_0,vis2vis,7,0.4445941311089979,0.29504911826057895
subj07,V3,fold_0,vis2vis,8,0.44312660689968375,0.28233466149807035
subj07,V3,fold_0,vis2vis,9,0.44183893595010987,0.2834494886575863
subj07,V3,fold_0,vis2vis,10,0.44013315275477766,0.2829639000644537
subj07,V3,fold_0,vis2vis,11,0.44076074470460863,0.28365381460801514
subj07,V3,fold_0,vis2vis,12,0.43951604252158166,0.28236919208602307
subj07,V3,fold_1,vis2vis,1,0.242482881025381,0.3703119766080541
subj07,V3,fold_1,vis2vis,2,0.29019486505691106,0.3528118446430349
subj07,V3,fold_1,vis2vis,3,0.283166005744551,0.36588717708439034
subj07,V3,fold_1,vis2vis,4,0.3059486912394041,0.3587303353704375
subj07,V3,fold_1,vis2vis,5,0.3269701368318389,0.35422668454731354
subj07,V3,fold_1,vis2vis,6,0.3245083933733658,0.3568201835103967
subj07,V3,fold_1,vis2vis,7,0.3280212411735618,0.35258639325873864
subj07,V3,fold_1,vis2vis,8,0.33514393117944047,0.3598137429840499
subj07,V3,fold_1,vis2vis,9,0.33622255827091846,0.36061065541866366
subj07,V3,fold_1,vis2vis,10,0.337585203224166,0.36437166780287683
subj07,V3,fold_1,vis2vis,11,0.3378686178342748,0.36571635812815145
subj07,V3,fold_1,vis2vis,12,0.3386843631276862,0.36522896260500987
subj07,V3,fold_2,vis2vis,1,0.3592993902169937,0.3315396422401812
subj07,V3,fold_2,vis2vis,2,0.334451871161425,0.33905405479285233
subj07,V3,fold_2,vis2vis,3,0.33748846789310477,0.35602699314518593
subj07,V3,fold_2,vis2vis,4,0.31947929390620045,0.36101472559253533
subj07,V3,fold_2,vis2vis,5,0.32297793218244714,0.3655990300991242
subj07,V3,fold_2,vis2vis,6,0.31631410237114127,0.36300399886872176
subj07,V3,fold_2,vis2vis,7,0.3095091692940055,0.3582570768982529
subj07,V3,fold_2,vis2vis,8,0.30933932416070575,0.36002342339424026
subj07,V3,fold_2,vis2vis,9,0.30722878352148436,0.35999021983431756
subj07,V3,fold_2,vis2vis,10,0.3083387491453289,0.36008155100571354
subj07,V3,fold_2,vis2vis,11,0.3090498207430027,0.3612300397357361
subj07,V3,fold_2,vis2vis,12,0.30978717083534,0.36082939486978116
subj07,V3,fold_3,vis2vis,1,0.30320720355299074,0.4183126304154892
subj07,V3,fold_3,vis2vis,2,0.3228337233161431,0.47499560589426276
subj07,V3,fold_3,vis2vis,3,0.3406740786020264,0.4749735608069917
subj07,V3,fold_3,vis2vis,4,0.322640754613246,0.4853249156142628
subj07,V3,fold_3,vis2vis,5,0.3228674397792005,0.5068693756342487
subj07,V3,fold_3,vis2vis,6,0.3057726751001111,0.502458770388126
subj07,V3,fold_3,vis2vis,7,0.3089241164035467,0.5134394127375631
subj07,V3,fold_3,vis2vis,8,0.3038281935375933,0.5137314494147509
subj07,V3,fold_3,vis2vis,9,0.3065203667173929,0.5110594006300483
subj07,V3,fold_3,vis2vis,10,0.30614640104965307,0.5116115100263394
subj07,V3,fold_3,vis2vis,11,0.3055156558582058,0.5125689704118233
subj07,V3,fold_3,vis2vis,12,0.3056990191957959,0.5125885864564058
subj07,hV4,fold_0,vis2vis,1,0.21249051763131355,-0.07994829217073376
subj07,hV4,fold_0,vis2vis,2,0.17717868021201622,0.014429749628235768
subj07,hV4,fold_0,vis2vis,3,0.19014232308357173,0.05447399345777668
subj07,hV4,fold_0,vis2vis,4,0.20573588265190718,0.049363762266862864
subj07,hV4,fold_0,vis2vis,5,0.2059591153245191,0.05185801431492574
subj07,hV4,fold_0,vis2vis,6,0.20902282238296238,0.05325659638465141
subj07,hV4,fold_0,vis2vis,7,0.09558371854878661,0.04294207329534107
subj07,hV4,fold_0,vis2vis,8,0.09821250454715091,0.03621683589720271
subj07,hV4,fold_1,vis2vis,1,-0.17857159358997646,-0.14207015107264315
subj07,hV4,fold_1,vis2vis,2,-0.1855992500142625,0.06581096334803468
subj07,hV4,fold_1,vis2vis,3,-0.1358931871415021,0.0942743583212139
subj07,hV4,fold_1,vis2vis,4,-0.14619950911064253,0.09964138656020384
subj07,hV4,fold_1,vis2vis,5,-0.13928963328117672,0.1015530314555493
subj07,hV4,fold_1,vis2vis,6,-0.1335601186953725,0.0880730906100542
subj07,hV4,fold_1,vis2vis,7,-0.1315782751453229,0.08731782092775792
subj07,hV4,fold_1,vis2vis,8,-0.13148191438420395,0.08729861651041876
subj07,hV4,fold_2,vis2vis,1,0.06747465988292622,-0.11804830985370751
subj07,hV4,fold_2,vis2vis,2,0.12076022623029317,-0.048569221905649634
subj07,hV4,fold_2,vis2vis,3,0.10167497064321102,-0.0917928634467531
subj07,hV4,fold_2,vis2vis,4,0.10159588411936549,-0.08918053090273763
subj07,hV4,fold_2,vis2vis,5,0.18300525559344624,-0.05349083599771784
subj07,hV4,fold_2,vis2vis,6,0.21168875332213496,-0.04408050033153921
subj07,hV4,fold_2,vis2vis,7,0.2094396090534294,-0.042211561059378844
subj07,hV4,fold_2,vis2vis,8,0.2093648967549404,-0.042233233038023815
subj07,hV4,fold_3,vis2vis,1,-0.22897650296870958,0.2852936173581865
subj07,hV4,fold_3,vis2vis,2,-0.17532302524880256,0.29354272059194497
subj07,hV4,fold_3,vis2vis,3,-0.12343737020503348,0.29047709661278726
subj07,hV4,fold_3,vis2vis,4,-0.12904343484255082,0.2818055798149982
subj07,hV4,fold_3,vis2vis,5,-0.12651072136401476,0.28290428946489776
subj07,hV4,fold_3,vis2vis,6,-0.12645282211532297,0.2829932053384109
subj07,hV4,fold_3,vis2vis,7,-0.12667097058268578,0.28299718090258713
subj07,hV4,fold_3,vis2vis,8,-0.12666252378358533,0.2830017455308548
subj07,ventral,fold_0,vis2vis,1,0.14644803464634035,0.15391880179014533
subj07,ventral,fold_0,vis2vis,2,0.20994971355097805,0.16789880928104042
subj07,ventral,fold_0,vis2vis,3,0.28036753788874397,0.22961563617094718
subj07,ventral,fold_0,vis2vis,4,0.3394954700730134,0.27901627355058267
subj07,ventral,fold_0,vis2vis,5,0.3212152573211817,0.2896675346947039
subj07,ventral,fold_0,vis2vis,6,0.2959847750735118,0.2724068962545642
subj07,ventral,fold_0,vis2vis,7,0.3057884531300109,0.28725307676495765
subj07,ventral,fold_0,vis2vis,8,0.29582433797004737,0.29047272844897293
subj07,ventral,fold_0,vis2vis,9,0.29610784144884006,0.2955703614408501
subj07,ventral,fold_0,vis2vis,10,0.2814369661827003,0.30043533033120645
subj07,ventral,fold_0,vis2vis,11,0.2782180438807817,0.2992892540475931
subj07,ventral,fold_0,vis2vis,12,0.27907879266797736,0.29810669658502775
subj07,ventral,fold_1,vis2vis,1,0.03560450894503328,0.2360167797108291
subj07,ventral,fold_1,vis2vis,2,0.04473219051275993,0.24911286826150944
subj07,ventral,fold_1,vis2vis,3,0.027727455471141502,0.21411443575954275
subj07,ventral,fold_1,vis2vis,4,0.03922602209454647,0.23568505997592895
subj07,ventral,fold_1,vis2vis,5,0.033006246108147036,0.23096906672927517
subj07,ventral,fold_1,vis2vis,6,0.020655448492621603,0.22745410762448967
subj07,ventral,fold_1,vis2vis,7,0.02880029454925881,0.2497911294931039
subj07,ventral,fold_1,vis2vis,8,0.03758810642294972,0.2590893558919778
subj07,ventral,fold_1,vis2vis,9,0.03622200344419958,0.25785147101376177
subj07,ventral,fold_1,vis2vis,10,0.0370237387410185,0.2573704886864131
subj07,ventral,fold_1,vis2vis,11,0.030764207557476126,0.25527674032462166
subj07,ventral,fold_1,vis2vis,12,0.03317644962727622,0.2539708106870134
subj07,ventral,fold_2,vis2vis,1,-0.03625586310822599,0.22105184023468546
subj07,ventral,fold_2,vis2vis,2,0.0018481344319898545,0.2846428727881073
subj07,ventral,fold_2,vis2vis,3,0.04764151975975871,0.28238273403095276
subj07,ventral,fold_2,vis2vis,4,0.045958880610658746,0.34193590143053604
subj07,ventral,fold_2,vis2vis,5,0.03716631614930247,0.30750655013430833
subj07,ventral,fold_2,vis2vis,6,0.04390499741154494,0.3157909395733558
subj07,ventral,fold_2,vis2vis,7,0.03580134679303017,0.31231603854048434
subj07,ventral,fold_2,vis2vis,8,0.02804678115424418,0.3276271897827057
subj07,ventral,fold_2,vis2vis,9,0.028271647143949953,0.322849979886955
subj07,ventral,fold_2,vis2vis,10,0.026223924082802903,0.3220104508064491
subj07,ventral,fold_2,vis2vis,11,0.019016973319039357,0.3325194308771365
subj07,ventral,fold_2,vis2vis,12,0.007987215609771262,0.32722592546141605
subj07,ventral,fold_3,vis2vis,1,0.2674023165122216,-0.03656875367045668
subj07,ventral,fold_3,vis2vis,2,0.30880774501141495,0.015296448133995263
subj07,ventral,fold_3,vis2vis,3,0.2818987934059705,0.041661936408374234
subj07,ventral,fold_3,vis2vis,4,0.3296197010843791,0.12588279507107683
subj07,ventral,fold_3,vis2vis,5,0.2906897940483705,0.13092929004202322
subj07,ventral,fold_3,vis2vis,6,0.28568115610559763,0.13375946808575379
subj07,ventral,fold_3,vis2vis,7,0.2849950194732488,0.1267373331293291
subj07,ventral,fold_3,vis2vis,8,0.28213163283173676,0.13229543131142388
subj07,ventral,fold_3,vis2vis,9,0.2884621125782038,0.14366384461096054
subj07,ventral,fold_3,vis2vis,10,0.2796047581848191,0.1453733245738185
subj07,ventral,fold_3,vis2vis,11,0.2795848833625164,0.14909136936098394
subj07,ventral,fold_3,vis2vis,12,0.2806066068927058,0.14706940159698775
subj07,lateral,fold_0,vis2vis,1,0.14332240898072204,0.27442492253732176
subj07,lateral,fold_0,vis2vis,2,0.13914391724478462,0.2284605941489457
subj07,lateral,fold_0,vis2vis,3,0.117646428105159,0.24772290481717402
subj07,lateral,fold_0,vis2vis,4,0.08932606123056161,0.2398587607167039
subj07,lateral,fold_0,vis2vis,5,0.0908092424407266,0.24516981931854206
subj07,lateral,fold_0,vis2vis,6,0.08698217767273504,0.2562651901811358
subj07,lateral,fold_0,vis2vis,7,0.09351572677825647,0.2609579504368464
subj07,lateral,fold_0,vis2vis,8,0.09264994413403195,0.26287177551081853
subj07,lateral,fold_0,vis2vis,9,0.08922537920093647,0.25985344463104315
subj07,lateral,fold_0,vis2vis,10,0.08909554345604534,0.2625589468096552
subj07,lateral,fold_0,vis2vis,11,0.07687307866405077,0.257068428723334
subj07,lateral,fold_0,vis2vis,12,0.07484535792050961,0.2558779005202263
subj07,lateral,fold_1,vis2vis,1,-0.006030262445950391,0.08223998628921919
subj07,lateral,fold_1,vis2vis,2,-0.03403103433671002,0.13365672652900118
subj07,lateral,fold_1,vis2vis,3,-0.03207844239374105,0.13233369350099616
subj07,lateral,fold_1,vis2vis,4,-0.025885572796418475,0.12288207554295788
subj07,lateral,fold_1,vis2vis,5,0.02484494131465607,0.16906365175468838
subj07,lateral,fold_1,vis2vis,6,0.024383243220979598,0.1572429659859175
subj07,lateral,fold_1,vis2vis,7,0.01418248014581309,0.16473295001803223
subj07,lateral,fold_1,vis2vis,8,0.0033678903381715256,0.16196252845858286
subj07,lateral,fold_1,vis2vis,9,0.0036442614884576487,0.15619169277423653
subj07,lateral,fold_1,vis2vis,10,-0.005487169290990386,0.15099311606538943
subj07,lateral,fold_1,vis2vis,11,-0.028523423999090386,0.154935817599553
subj07,lateral,fold_1,vis2vis,12,-0.03087336235135848,0.1519625977163597
subj07,lateral,fold_2,vis2vis,1,0.0724222522339617,-0.0014689347247333713
subj07,lateral,fold_2,vis2vis,2,0.08403183112707725,0.029414561817297107
subj07,lateral,fold_2,vis2vis,3,0.11063324420028627,0.07439770859218117
subj07,lateral,fold_2,vis2vis,4,0.1262063384772853,0.09457817412951544
subj07,lateral,fold_2,vis2vis,5,0.14333912299572169,0.10061926521591891
subj07,lateral,fold_2,vis2vis,6,0.1626925717288165,0.09858323168908593
subj07,lateral,fold_2,vis2vis,7,0.16219052497908304,0.08845616713508792
subj07,lateral,fold_2,vis2vis,8,0.1636551680573854,0.09569883522938576
subj07,lateral,fold_2,vis2vis,9,0.14954902149774255,0.0897143157649951
subj07,lateral,fold_2,vis2vis,10,0.14875220472651443,0.08976457220040372
subj07,lateral,fold_2,vis2vis,11,0.14889473777203066,0.10622043475893816
subj07,lateral,fold_2,vis2vis,12,0.1442777658072535,0.10265092662367914
subj07,lateral,fold_3,vis2vis,1,-0.10282099970206018,-0.05453565665991026
subj07,lateral,fold_3,vis2vis,2,-0.07988146452423454,0.02019116216619869
subj07,lateral,fold_3,vis2vis,3,-0.02946068858745615,0.01449814960924995
subj07,lateral,fold_3,vis2vis,4,-0.02687161284068266,0.08688506584722126
subj07,lateral,fold_3,vis2vis,5,-0.005388810670973436,0.08062042857451568
subj07,lateral,fold_3,vis2vis,6,0.0005564175140411002,0.08146769516899617
subj07,lateral,fold_3,vis2vis,7,-0.0016357685862806862,0.10290102571694368
subj07,lateral,fold_3,vis2vis,8,-0.00036199782106411993,0.11713596030966428
subj07,lateral,fold_3,vis2vis,9,-0.010014621680246928,0.10828751835882798
subj07,lateral,fold_3,vis2vis,10,-0.013776866494375997,0.1206757569757125
subj07,lateral,fold_3,vis2vis,11,-0.016755727752981453,0.11655072392943543
subj07,lateral,fold_3,vis2vis,12,-0.018689280255268,0.11602059422297695
subj07,parietal,fold_0,vis2vis,1,-0.1361857010950856,0.10754898434958184
subj07,parietal,fold_0,vis2vis,2,-0.12669337493348978,0.14542122626597204
subj07,parietal,fold_0,vis2vis,3,-0.07093288193224612,0.20328859372526564
subj07,parietal,fold_0,vis2vis,4,-0.07634785542081862,0.180524059484071
subj07,parietal,fold_0,vis2vis,5,-0.07354749488270981,0.16168096053507913
subj07,parietal,fold_0,vis2vis,6,-0.0844425374750266,0.1581388104242819
subj07,parietal,fold_0,vis2vis,7,-0.08636251805281842,0.16607643366924205
subj07,parietal,fold_0,vis2vis,8,-0.09877779325555813,0.17484813073824312
subj07,parietal,fold_0,vis2vis,9,-0.08589965125963393,0.19342243047779217
subj07,parietal,fold_0,vis2vis,10,-0.08672791133391086,0.19670277991849022
subj07,parietal,fold_0,vis2vis,11,-0.11264343617178643,0.21444688113683066
subj07,parietal,fold_0,vis2vis,12,-0.08748228147895781,0.22526485706351213
subj07,parietal,fold_1,vis2vis,1,-0.2861007417007382,0.2576296798276449
subj07,parietal,fold_1,vis2vis,2,-0.19139761966934146,0.3120863716772334
subj07,parietal,fold_1,vis2vis,3,-0.26276907602388183,0.2979854614707461
subj07,parietal,fold_1,vis2vis,4,-0.2469901608795567,0.2313192647871865
subj07,parietal,fold_1,vis2vis,5,-0.2148920588417365,0.20624919898465915
subj07,parietal,fold_1,vis2vis,6,-0.2224534238300444,0.1778767402942157
subj07,parietal,fold_1,vis2vis,7,-0.23545097391724107,0.20569504073662082
subj07,parietal,fold_1,vis2vis,8,-0.23404168499901806,0.1624349637794814
subj07,parietal,fold_1,vis2vis,9,-0.23601384693720648,0.27324493478973166
subj07,parietal,fold_1,vis2vis,10,-0.2338939284138068,0.2921141087311628
subj07,parietal,fold_1,vis2vis,11,-0.23923544058140106,0.2784196093007971
subj07,parietal,fold_1,vis2vis,12,-0.23503448926294634,0.2424627088700657
subj07,parietal,fold_2,vis2vis,1,0.08063744862824278,0.22151441460736454
subj07,parietal,fold_2,vis2vis,2,0.0791686968279907,0.2642619631574392
subj07,parietal,fold_2,vis2vis,3,0.06770525528642145,0.2522911446152878
subj07,parietal,fold_2,vis2vis,4,0.09993734712219329,0.22648954570912905
subj07,parietal,fold_2,vis2vis,5,0.09787886106523234,0.2470717435585368
subj07,parietal,fold_2,vis2vis,6,0.12436261300605889,0.23148312710106617
subj07,parietal,fold_2,vis2vis,7,0.13184399453572046,0.23399738159057837
subj07,parietal,fold_2,vis2vis,8,0.14474424098330776,0.23741358121376027
subj07,parietal,fold_2,vis2vis,9,0.14486788142653792,0.24005416928859696
subj07,parietal,fold_2,vis2vis,10,0.11495597783037001,0.27300455781922134
subj07,parietal,fold_2,vis2vis,11,0.08939515639786777,0.286796998556387
subj07,parietal,fold_2,vis2vis,12,0.07685846578648534,0.2876487803858639
subj07,parietal,fold_3,vis2vis,1,-0.1497853882491137,0.24143204418575137
subj07,parietal,fold_3,vis2vis,2,-0.11269062117446701,0.2876772282023757
subj07,parietal,fold_3,vis2vis,3,-0.11908305698023415,0.2788788831937012
subj07,parietal,fold_3,vis2vis,4,-0.09507747054371944,0.2579373139634008
subj07,parietal,fold_3,vis2vis,5,-0.07730188724081116,0.24330376587490118
subj07,parietal,fold_3,vis2vis,6,-0.06620011831549454,0.27032219140124925
subj07,parietal,fold_3,vis2vis,7,-0.07477398204779197,0.25962182364503267
subj07,parietal,fold_3,vis2vis,8,-0.06659674729430459,0.25695271394690555
subj07,parietal,fold_3,vis2vis,9,-0.06034071011761121,0.2603155824348169
subj07,parietal,fold_3,vis2vis,10,-0.050410941240971695,0.26499516319764604
subj07,parietal,fold_3,vis2vis,11,-0.0524468549436688,0.2720213709911541
subj07,parietal,fold_3,vis2vis,12,-0.05098401199620099,0.2716024654453084
subj08,V1,fold_0,vis2vis,1,0.606395873809848,0.6764337172928626
subj08,V1,fold_0,vis2vis,2,0.6161787891098089,0.6878890738200748
subj08,V1,fold_0,vis2vis,3,0.6254916652094669,0.6922212562931676
subj08,V1,fold_0,vis2vis,4,0.6231420175837052,0.6948774283683045
subj08,V1,fold_0,vis2vis,5,0.6228692304614386,0.6937808270614898
subj08,V1,fold_0,vis2vis,6,0.6224994829672054,0.6924154862750013
subj08,V1,fold_0,vis2vis,7,0.6190312583724087,0.6934700266605098
subj08,V1,fold_0,vis2vis,8,0.6195936679276307,0.6933889407897452
subj08,V1,fold_0,vis2vis,9,0.6207503869695077,0.6940404412899466
subj08,V1,fold_0,vis2vis,10,0.6204128661072541,0.6934783993517267
subj08,V1,fold_0,vis2vis,11,0.620072283932682,0.6925301027527411
subj08,V1,fold_0,vis2vis,12,0.6198430004251204,0.692068267716464
subj08,V1,fold_1,vis2vis,1,0.6826421057545591,0.6795995707112482
subj08,V1,fold_1,vis2vis,2,0.6870057891149336,0.6852219433119044
subj08,V1,fold_1,vis2vis,3,0.7034504040245596,0.6970268666773217
subj08,V1,fold_1,vis2vis,4,0.7093269486844813,0.7044510930646447
subj08,V1,fold_1,vis2vis,5,0.7105728436228765,0.7057781775018087
subj08,V1,fold_1,vis2vis,6,0.6951144538101699,0.7074331956544793
subj08,V1,fold_1,vis2vis,7,0.689100033839397,0.7045570852156223
subj08,V1,fold_1,vis2vis,8,0.6856197451549447,0.7055769637884641
subj08,V1,fold_1,vis2vis,9,0.6868633411342449,0.7061167444151913
subj08,V1,fold_1,vis2vis,10,0.6858125018104148,0.7060167241544902
subj08,V1,fold_1,vis2vis,11,0.6889243399049243,0.7103733213539638
subj08,V1,fold_1,vis2vis,12,0.689129270334564,0.7103238957882616
subj08,V1,fold_2,vis2vis,1,0.5913852508333267,0.6460027066702947
subj08,V1,fold_2,vis2vis,2,0.5938732416074545,0.657255888735071
subj08,V1,fold_2,vis2vis,3,0.5939702733463946,0.6731930731441845
subj08,V1,fold_2,vis2vis,4,0.5990712476083719,0.6815316152551425
subj08,V1,fold_2,vis2vis,5,0.5929618095490578,0.6833191886969788
subj08,V1,fold_2,vis2vis,6,0.5967450551988106,0.6851933352231135
subj08,V1,fold_2,vis2vis,7,0.5971086913249035,0.6848864767292513
subj08,V1,fold_2,vis2vis,8,0.5971839698037241,0.6856611296751345
subj08,V1,fold_2,vis2vis,9,0.5959759880916061,0.6869193766292143
subj08,V1,fold_2,vis2vis,10,0.5947188054916307,0.6892432136421275
subj08,V1,fold_2,vis2vis,11,0.5945935506293235,0.6890562033995583
subj08,V1,fold_2,vis2vis,12,0.5977612262530031,0.6885204119833195
subj08,V1,fold_3,vis2vis,1,0.670432139739897,0.6274024258079443
subj08,V1,fold_3,vis2vis,2,0.6726106498797663,0.6248173195262553
subj08,V1,fold_3,vis2vis,3,0.6787296490434868,0.6284671520182687
subj08,V1,fold_3,vis2vis,4,0.681985710120454,0.6388008526844479
subj08,V1,fold_3,vis2vis,5,0.678310629668651,0.6261557618730816
subj08,V1,fold_3,vis2vis,6,0.6765624363627715,0.6261597954087017
subj08,V1,fold_3,vis2vis,7,0.6764336388621839,0.6231520055145531
subj08,V1,fold_3,vis2vis,8,0.677167907506487,0.6262598503445224
subj08,V1,fold_3,vis2vis,9,0.6778009927086749,0.6280212254856505
subj08,V1,fold_3,vis2vis,10,0.6798443862257878,0.6314294616124807
subj08,V1,fold_3,vis2vis,11,0.6806895072768825,0.6307758399214932
subj08,V1,fold_3,vis2vis,12,0.6802300843121308,0.6307052488857554
subj08,V2,fold_0,vis2vis,1,0.5054097920734921,0.48339295767541257
subj08,V2,fold_0,vis2vis,2,0.44775003949883607,0.5002065029257126
subj08,V2,fold_0,vis2vis,3,0.4655512192391448,0.552996856024086
subj08,V2,fold_0,vis2vis,4,0.46713633943599675,0.5579198166632219
subj08,V2,fold_0,vis2vis,5,0.46947528175025033,0.5568904780980092
subj08,V2,fold_0,vis2vis,6,0.47132229636838346,0.563257832429294
subj08,V2,fold_0,vis2vis,7,0.4741092682113442,0.5627706400924644
subj08,V2,fold_0,vis2vis,8,0.47255074151468196,0.5615829252145623
subj08,V2,fold_0,vis2vis,9,0.46907386246460614,0.5616487240583277
subj08,V2,fold_0,vis2vis,10,0.4711132916497745,0.5632338803485333
subj08,V2,fold_0,vis2vis,11,0.4710185931879211,0.5624358420848099
subj08,V2,fold_0,vis2vis,12,0.4723373652042537,0.5624593586229043
subj08,V2,fold_1,vis2vis,1,0.6366803720226262,0.4658933589682309
subj08,V2,fold_1,vis2vis,2,0.6950460977619086,0.5071911561984537
subj08,V2,fold_1,vis2vis,3,0.7274613647798501,0.5347432998667404
subj08,V2,fold_1,vis2vis,4,0.7270188870018566,0.5527973197970232
subj08,V2,fold_1,vis2vis,5,0.7149406068314564,0.556281372150882
subj08,V2,fold_1,vis2vis,6,0.7183520788003203,0.5585310634706504
subj08,V2,fold_1,vis2vis,7,0.7175233766447368,0.5582909417039589
subj08,V2,fold_1,vis2vis,8,0.7188180498313608,0.5575800154147333
subj08,V2,fold_1,vis2vis,9,0.7226427737035163,0.5607818671484621
subj08,V2,fold_1,vis2vis,10,0.7231946549816662,0.5620840227549179
subj08,V2,fold_1,vis2vis,11,0.7223587305153277,0.5606534653015931
subj08,V2,fold_1,vis2vis,12,0.7218154721487289,0.5594203911636298
subj08,V2,fold_2,vis2vis,1,0.41513867209663885,0.4693555880618633
subj08,V2,fold_2,vis2vis,2,0.4208946048869587,0.5576303236348712
subj08,V2,fold_2,vis2vis,3,0.43336909779629657,0.5893773981825853
subj08,V2,fold_2,vis2vis,4,0.44896142320157284,0.5920259743738964
subj08,V2,fold_2,vis2vis,5,0.4458732386023818,0.5938450756947261
subj08,V2,fold_2,vis2vis,6,0.44539760523943467,0.5963581141024464
subj08,V2,fold_2,vis2vis,7,0.44440814618726293,0.594865861968869
subj08,V2,fold_2,vis2vis,8,0.44104664799988236,0.5962352511921643
subj08,V2,fold_2,vis2vis,9,0.44194441783081295,0.5951561167654729
subj08,V2,fold_2,vis2vis,10,0.44061726460786604,0.5944871053251232
subj08,V2,fold_2,vis2vis,11,0.44388573585440205,0.5953103086963235
subj08,V2,fold_2,vis2vis,12,0.4442575479367936,0.5955250866734639
subj08,V2,fold_3,vis2vis,1,0.4569478153380001,0.45926801199813516
subj08,V2,fold_3,vis2vis,2,0.49012438587948315,0.5151813762511244
subj08,V2,fold_3,vis2vis,3,0.49031685311349,0.5208529908279418
subj08,V2,fold_3,vis2vis,4,0.5029072798900784,0.522778868446174
subj08,V2,fold_3,vis2vis,5,0.5022171303321924,0.5285085728067219
subj08,V2,fold_3,vis2vis,6,0.5045400203022771,0.5251657522044751
subj08,V2,fold_3,vis2vis,7,0.5006285855696085,0.5239398474218901
subj08,V2,fold_3,vis2vis,8,0.5062323356961483,0.5187904832096311
subj08,V2,fold_3,vis2vis,9,0.507370899679357,0.518133858499336
subj08,V2,fold_3,vis2vis,10,0.5133709835344954,0.5195180905394583
subj08,V2,fold_3,vis2vis,11,0.5121161811229227,0.5207542342690789
subj08,V2,fold_3,vis2vis,12,0.5118507662275067,0.505148142746553
subj08,V3,fold_0,vis2vis,1,0.5827940997396251,0.48889786126020024
subj08,V3,fold_0,vis2vis,2,0.5884098906877707,0.5160932710197677
subj08,V3,fold_0,vis2vis,3,0.5719778729851301,0.5718092056446604
subj08,V3,fold_0,vis2vis,4,0.565599950562065,0.5537777343671766
subj08,V3,fold_0,vis2vis,5,0.5568939974641768,0.5629281926724563
subj08,V3,fold_0,vis2vis,6,0.5568109520813354,0.5584290986585616
subj08,V3,fold_0,vis2vis,7,0.5583730660739902,0.5597459812587277
subj08,V3,fold_0,vis2vis,8,0.555696364019082,0.5605211006149299
subj08,V3,fold_0,vis2vis,9,0.5544588780079818,0.5609213784513059
subj08,V3,fold_0,vis2vis,10,0.5549656915181269,0.5611948656662478
subj08,V3,fold_0,vis2vis,11,0.5580816793019128,0.5622863161728929
subj08,V3,fold_0,vis2vis,12,0.5640996427687033,0.5585965329908724
subj08,V3,fold_1,vis2vis,1,0.517112311264937,0.5230879601466412
subj08,V3,fold_1,vis2vis,2,0.5567033968012803,0.5932294143304015
subj08,V3,fold_1,vis2vis,3,0.5705117964613937,0.6086082616781492
subj08,V3,fold_1,vis2vis,4,0.5691191179163655,0.6106879125803105
subj08,V3,fold_1,vis2vis,5,0.568205057873431,0.6127207090649138
subj08,V3,fold_1,vis2vis,6,0.5625204072932771,0.6123456720350258
subj08,V3,fold_1,vis2vis,7,0.5590286819333319,0.6067236444052972
subj08,V3,fold_1,vis2vis,8,0.5636677594677367,0.6073969987646186
subj08,V3,fold_1,vis2vis,9,0.5573949265596445,0.6085177793293248
subj08,V3,fold_1,vis2vis,10,0.5636581295432511,0.6055398351555694
subj08,V3,fold_1,vis2vis,11,0.5596126748502255,0.6084057616463023
subj08,V3,fold_1,vis2vis,12,0.553896162715496,0.6022960211314644
subj08,V3,fold_2,vis2vis,1,0.4120405953808681,0.4476257974829488
subj08,V3,fold_2,vis2vis,2,0.4293385324392022,0.467900992093668
subj08,V3,fold_2,vis2vis,3,0.4184592440562084,0.46341922168730637
subj08,V3,fold_2,vis2vis,4,0.40943325573493833,0.4850036839594277
subj08,V3,fold_2,vis2vis,5,0.41265713993698555,0.480970576369303
subj08,V3,fold_2,vis2vis,6,0.4120830303500417,0.48384315921269355
subj08,V3,fold_2,vis2vis,7,0.4155985698495365,0.4787081473358238
subj08,V3,fold_2,vis2vis,8,0.4094753830904522,0.4802290971088515
subj08,V3,fold_2,vis2vis,9,0.40658572436561946,0.4835155370957253
subj08,V3,fold_2,vis2vis,10,0.4031084783822685,0.48069097882692957
subj08,V3,fold_2,vis2vis,11,0.40314335528067524,0.4784425139816946
subj08,V3,fold_2,vis2vis,12,0.4056001150449592,0.4805336228332446
subj08,V3,fold_3,vis2vis,1,0.4661817110610554,0.40547420626463526
subj08,V3,fold_3,vis2vis,2,0.4572647726341038,0.4310861943399002
subj08,V3,fold_3,vis2vis,3,0.46893335043419376,0.43871898643578133
subj08,V3,fold_3,vis2vis,4,0.48157450006231795,0.4418510713241762
subj08,V3,fold_3,vis2vis,5,0.47970898658982786,0.4427083476222594
subj08,V3,fold_3,vis2vis,6,0.48430951834915753,0.4326850330815313
subj08,V3,fold_3,vis2vis,7,0.48165116100432237,0.44280911578946675
subj08,V3,fold_3,vis2vis,8,0.47744962702044347,0.44147653810730714
subj08,V3,fold_3,vis2vis,9,0.47306066588231466,0.44225849978532106
subj08,V3,fold_3,vis2vis,10,0.47359204664056725,0.4444087780733119
subj08,V3,fold_3,vis2vis,11,0.4723560613763051,0.44278186668316155
subj08,V3,fold_3,vis2vis,12,0.4733612040611933,0.4434253114260241
subj08,hV4,fold_0,vis2vis,1,0.6561767317872913,0.6388422159617244
subj08,hV4,fold_0,vis2vis,2,0.622189039180278,0.6404236819240521
subj08,hV4,fold_0,vis2vis,3,0.6314764690603434,0.6516092948119282
subj08,hV4,fold_0,vis2vis,4,0.6322237404477127,0.6523855594520023
subj08,hV4,fold_0,vis2vis,5,0.6311635495220107,0.6522881901363415
subj08,hV4,fold_0,vis2vis,6,0.6318198610873461,0.6527394224873808
subj08,hV4,fold_0,vis2vis,7,0.6318526340313801,0.6529041675008929
subj08,hV4,fold_0,vis2vis,8,0.6316801597666745,0.6528771592031493
subj08,hV4,fold_0,vis2vis,9,0.6316186749238013,0.6529651360822412
subj08,hV4,fold_0,vis2vis,10,0.6316192268960792,0.6529666697988171
subj08,hV4,fold_1,vis2vis,1,0.7064071334949353,0.6558390402820802
subj08,hV4,fold_1,vis2vis,2,0.7113671675144302,0.6648145042590947
subj08,hV4,fold_1,vis2vis,3,0.7156766685468544,0.6801630563369737
subj08,hV4,fold_1,vis2vis,4,0.7159965014405708,0.691470139796956
subj08,hV4,fold_1,vis2vis,5,0.712817098960308,0.6976596312277771
subj08,hV4,fold_1,vis2vis,6,0.7113817462740701,0.6980622109044836
subj08,hV4,fold_1,vis2vis,7,0.7112377206233892,0.6989356813789871
subj08,hV4,fold_1,vis2vis,8,0.7111486092016517,0.6991195214032271
subj08,hV4,fold_1,vis2vis,9,0.7113624118911562,0.6989357438197309
subj08,hV4,fold_1,vis2vis,10,0.7113366164190368,0.6989780990849425
subj08,hV4,fold_2,vis2vis,1,0.5983663649996623,0.6514027092042649
subj08,hV4,fold_2,vis2vis,2,0.5968918311027829,0.6693917721557401
subj08,hV4,fold_2,vis2vis,3,0.5903634756256263,0.6696321269876272
subj08,hV4,fold_2,vis2vis,4,0.5865869577350123,0.6646388634598778
subj08,hV4,fold_2,vis2vis,5,0.5867294241266962,0.6650071967165356
subj08,hV4,fold_2,vis2vis,6,0.5865134650174377,0.6655643919622809
subj08,hV4,fold_2,vis2vis,7,0.5869893103427897,0.666934018666858
subj08,hV4,fold_2,vis2vis,8,0.5867602208647348,0.6667500943964865
subj08,hV4,fold_2,vis2vis,9,0.588298145349869,0.6671685729642315
subj08,hV4,fold_2,vis2vis,10,0.5883001464573606,0.6667106991911642
subj08,hV4,fold_3,vis2vis,1,0.6442926981624367,0.610975752719659
subj08,hV4,fold_3,vis2vis,2,0.6531638326832254,0.6275999044046902
subj08,hV4,fold_3,vis2vis,3,0.648133877979259,0.6299253119925378
subj08,hV4,fold_3,vis2vis,4,0.6481261377170218,0.616519906987306
subj08,hV4,fold_3,vis2vis,5,0.6462158160059311,0.6177358161293637
subj08,hV4,fold_3,vis2vis,6,0.6456059577469718,0.6162839098234876
subj08,hV4,fold_3,vis2vis,7,0.646776215627064,0.6157423139591461
subj08,hV4,fold_3,vis2vis,8,0.6457743521953436,0.6164239891940803
subj08,hV4,fold_3,vis2vis,9,0.6456521878818899,0.6152244310014696
subj08,hV4,fold_3,vis2vis,10,0.6459070122989431,0.6141704262447807
subj08,ventral,fold_0,vis2vis,1,0.35422324587897525,0.23832754877294124
subj08,ventral,fold_0,vis2vis,2,0.36702361904342545,0.2576936262063015
subj08,ventral,fold_0,vis2vis,3,0.36702065664505046,0.28945439453007193
subj08,ventral,fold_0,vis2vis,4,0.3495250148148932,0.3107965072630944
subj08,ventral,fold_0,vis2vis,5,0.352899644449576,0.3271503188571906
subj08,ventral,fold_0,vis2vis,6,0.35174546863734596,0.3221418138296623
subj08,ventral,fold_0,vis2vis,7,0.35469832262508694,0.32063521573992565
subj08,ventral,fold_0,vis2vis,8,0.35693915090417433,0.32261360766025377
subj08,ventral,fold_0,vis2vis,9,0.3569699889707695,0.313922022305832
subj08,ventral,fold_0,vis2vis,10,0.35382265022077536,0.30870733036979797
subj08,ventral,fold_0,vis2vis,11,0.35414589201175867,0.30374227783360236
subj08,ventral,fold_0,vis2vis,12,0.3549226474994745,0.30672570933768833
subj08,ventral,fold_1,vis2vis,1,0.3022884332126792,0.2548453727913366
subj08,ventral,fold_1,vis2vis,2,0.2975368896151081,0.2943919943798884
subj08,ventral,fold_1,vis2vis,3,0.3101043945969105,0.3443578567509378
subj08,ventral,fold_1,vis2vis,4,0.29957614065953236,0.35269663130450063
subj08,ventral,fold_1,vis2vis,5,0.28493288168001707,0.366757235776344
subj08,ventral,fold_1,vis2vis,6,0.28080210947110845,0.36171740027498145
subj08,ventral,fold_1,vis2vis,7,0.28347461912240707,0.3644478964291405
subj08,ventral,fold_1,vis2vis,8,0.2819430982699325,0.36197445503528003
subj08,ventral,fold_1,vis2vis,9,0.28064158834731423,0.3577058223363478
subj08,ventral,fold_1,vis2vis,10,0.2820346622877451,0.3550973721754707
subj08,ventral,fold_1,vis2vis,11,0.2814578622186893,0.3524200995551822
subj08,ventral,fold_1,vis2vis,12,0.2839317518344411,0.35150499985121003
subj08,ventral,fold_2,vis2vis,1,0.31974418430475954,0.30315205475102885
subj08,ventral,fold_2,vis2vis,2,0.30076594615312885,0.32389204348741346
subj08,ventral,fold_2,vis2vis,3,0.2817547651951245,0.34021830717471613
subj08,ventral,fold_2,vis2vis,4,0.26795818272912036,0.3614284236348994
subj08,ventral,fold_2,vis2vis,5,0.27461710872009776,0.3759490949322485
subj08,ventral,fold_2,vis2vis,6,0.27752299141714554,0.3610599054152888
subj08,ventral,fold_2,vis2vis,7,0.27752687799596626,0.36034866015199707
subj08,ventral,fold_2,vis2vis,8,0.2795569493143474,0.3557393390774732
subj08,ventral,fold_2,vis2vis,9,0.28497203600348275,0.3634310246823525
subj08,ventral,fold_2,vis2vis,10,0.28332210767883964,0.3678410953216641
subj08,ventral,fold_2,vis2vis,11,0.2773859855119484,0.3684097498531637
subj08,ventral,fold_2,vis2vis,12,0.27596445013690035,0.3591553006291799
subj08,ventral,fold_3,vis2vis,1,0.26466368770739046,0.31902169049568146
subj08,ventral,fold_3,vis2vis,2,0.21391275328015755,0.2603338072956078
subj08,ventral,fold_3,vis2vis,3,0.223152063642024,0.31258017031192964
subj08,ventral,fold_3,vis2vis,4,0.22268866624022549,0.3081627850447203
subj08,ventral,fold_3,vis2vis,5,0.24590617926372138,0.30380324992819296
subj08,ventral,fold_3,vis2vis,6,0.23653368099887487,0.3003272135219511
subj08,ventral,fold_3,vis2vis,7,0.24984237898466355,0.30470055155617887
subj08,ventral,fold_3,vis2vis,8,0.2676526250760369,0.31194276244537406
subj08,ventral,fold_3,vis2vis,9,0.26798782582278274,0.311549035566578
subj08,ventral,fold_3,vis2vis,10,0.27790080320102617,0.28733194784217425
subj08,ventral,fold_3,vis2vis,11,0.27893067887199147,0.28930164041350465
subj08,ventral,fold_3,vis2vis,12,0.27286924431038045,0.289504636529821
subj08,lateral,fold_0,vis2vis,1,0.13965991586556442,0.15300421867385572
subj08,lateral,fold_0,vis2vis,2,0.1151532167915428,0.22596624007601077
subj08,lateral,fold_0,vis2vis,3,0.214017359153339,0.2346988688071215
subj08,lateral,fold_0,vis2vis,4,0.2078526130791798,0.24374365153855868
subj08,lateral,fold_0,vis2vis,5,0.2107381815804739,0.24380475525998405
subj08,lateral,fold_0,vis2vis,6,0.20165958916825663,0.2610351900227362
subj08,lateral,fold_0,vis2vis,7,0.21092806343820358,0.26993844439196213
subj08,lateral,fold_0,vis2vis,8,0.19672665725426522,0.24967070496503033
subj08,lateral,fold_0,vis2vis,9,0.19388122023299378,0.22999568828725
subj08,lateral,fold_0,vis2vis,10,0.17975991678834685,0.23297982323633212
subj08,lateral,fold_0,vis2vis,11,0.18502932403455716,0.23630973727321677
subj08,lateral,fold_0,vis2vis,12,0.18945825561455076,0.23810714302273103
subj08,lateral,fold_1,vis2vis,1,0.2686838609042821,0.2337225668614242
subj08,lateral,fold_1,vis2vis,2,0.2732647029393397,0.26122675022596104
subj08,lateral,fold_1,vis2vis,3,0.2489628755353172,0.2645347415869002
subj08,lateral,fold_1,vis2vis,4,0.24936489408659043,0.3061468076155267
subj08,lateral,fold_1,vis2vis,5,0.23963852660671378,0.3075943118452825
subj08,lateral,fold_1,vis2vis,6,0.19901976521996814,0.29989766826167347
subj08,lateral,fold_1,vis2vis,7,0.20067996597894575,0.29724397221828736
subj08,lateral,fold_1,vis2vis,8,0.188631152158104,0.30244095890683953
subj08,lateral,fold_1,vis2vis,9,0.18219841357994052,0.30391924428219924
subj08,lateral,fold_1,vis2vis,10,0.18129351117311338,0.3097337491357742
subj08,lateral,fold_1,vis2vis,11,0.18512148120355063,0.31113312003290233
subj08,lateral,fold_1,vis2vis,12,0.190456370969708,0.3113786165267639
subj08,lateral,fold_2,vis2vis,1,0.2076710254142745,0.2546020431438532
subj08,lateral,fold_2,vis2vis,2,0.21686573290410957,0.27789647547189444
subj08,lateral,fold_2,vis2vis,3,0.22480574884876198,0.30219735549009563
subj08,lateral,fold_2,vis2vis,4,0.24812039899365732,0.3154231167475835
subj08,lateral,fold_2,vis2vis,5,0.23827728436256113,0.3142724813838502
subj08,lateral,fold_2,vis2vis,6,0.24008062879422495,0.32173959795015566
subj08,lateral,fold_2,vis2vis,7,0.24062396375537698,0.32730033500911476
subj08,lateral,fold_2,vis2vis,8,0.24024161547470654,0.32241274594687047
subj08,lateral,fold_2,vis2vis,9,0.23370987756240164,0.3281697627260368
subj08,lateral,fold_2,vis2vis,10,0.2275920007346964,0.32805452973603755
subj08,lateral,fold_2,vis2vis,11,0.22768264613049033,0.3276282507336295
subj08,lateral,fold_2,vis2vis,12,0.22485686358168294,0.32495795189179827
subj08,lateral,fold_3,vis2vis,1,0.127689367778142,0.2039226079438186
subj08,lateral,fold_3,vis2vis,2,0.14916289227719898,0.1962145965085923
subj08,lateral,fold_3,vis2vis,3,0.16786383322274429,0.23514280028502604
subj08,lateral,fold_3,vis2vis,4,0.1708825231599087,0.2385122599953164
subj08,lateral,fold_3,vis2vis,5,0.167615334586089,0.24960264085352704
subj08,lateral,fold_3,vis2vis,6,0.17957012642768272,0.23827673815937106
subj08,lateral,fold_3,vis2vis,7,0.1847559460295344,0.2481528679526939
subj08,lateral,fold_3,vis2vis,8,0.17768745864584753,0.2526663979835719
subj08,lateral,fold_3,vis2vis,9,0.1788331848816543,0.2541522982133171
subj08,lateral,fold_3,vis2vis,10,0.18787109583510544,0.2507458749012991
subj08,lateral,fold_3,vis2vis,11,0.1909406270083596,0.25433963679143523
subj08,lateral,fold_3,vis2vis,12,0.19747433846046203,0.25553664318043007
subj08,parietal,fold_0,vis2vis,1,0.35063616724543833,0.3146635875812707
subj08,parietal,fold_0,vis2vis,2,0.2825664141360689,0.36596488866209614
subj08,parietal,fold_0,vis2vis,3,0.2896568639735441,0.34903009214021424
subj08,parietal,fold_0,vis2vis,4,0.2934248748285959,0.3549456516575208
subj08,parietal,fold_0,vis2vis,5,0.23411787934471007,0.34460334667948894
subj08,parietal,fold_0,vis2vis,6,0.2256889680016019,0.34874312393663226
subj08,parietal,fold_0,vis2vis,7,0.24934667732111054,0.3469199605888398
subj08,parietal,fold_0,vis2vis,8,0.22911278049200542,0.3402458626141099
subj08,parietal,fold_0,vis2vis,9,0.23988130135390567,0.33978304716956137
subj08,parietal,fold_0,vis2vis,10,0.2538525436600343,0.3432572262801759
subj08,parietal,fold_0,vis2vis,11,0.2466535490951658,0.33272688557141405
subj08,parietal,fold_0,vis2vis,12,0.2507971631335305,0.323109506645925
subj08,parietal,fold_1,vis2vis,1,0.055213973773973954,0.2723840700343543
subj08,parietal,fold_1,vis2vis,2,0.15914073505356524,0.3110166387821222
subj08,parietal,fold_1,vis2vis,3,0.1773459673360378,0.32430055244396705
subj08,parietal,fold_1,vis2vis,4,0.17877428018243433,0.3409945028041974
subj08,parietal,fold_1,vis2vis,5,0.19194296103503072,0.343862292449611
subj08,parietal,fold_1,vis2vis,6,0.1931574955943477,0.3448145564482894
subj08,parietal,fold_1,vis2vis,7,0.1927870889897783,0.3304203663627897
subj08,parietal,fold_1,vis2vis,8,0.17884556213393918,0.3202939645686476
subj08,parietal,fold_1,vis2vis,9,0.1739816210106698,0.32669601210216653
subj08,parietal,fold_1,vis2vis,10,0.1611287559829426,0.3231235414341424
subj08,parietal,fold_1,vis2vis,11,0.17543425239694901,0.31420036340370516
subj08,parietal,fold_1,vis2vis,12,0.15961136429644968,0.32123314051752405
subj08,parietal,fold_2,vis2vis,1,0.17238926222730683,0.36189775431749993
subj08,parietal,fold_2,vis2vis,2,0.2017473681903574,0.35446972932299753
subj08,parietal,fold_2,vis2vis,3,0.21578411053588678,0.3348236072196522
subj08,parietal,fold_2,vis2vis,4,0.22709606243556515,0.35226272394733976
subj08,parietal,fold_2,vis2vis,5,0.23356819123196942,0.35923694303950693
subj08,parietal,fold_2,vis2vis,6,0.22155745970651314,0.3710529810752039
subj08,parietal,fold_2,vis2vis,7,0.23339259280273505,0.36680643388616135
subj08,parietal,fold_2,vis2vis,8,0.23296706708771933,0.36736363561670726
subj08,parietal,fold_2,vis2vis,9,0.2300596946716378,0.3620351655380101
subj08,parietal,fold_2,vis2vis,10,0.2215499927157371,0.3636744666027827
subj08,parietal,fold_2,vis2vis,11,0.21974661888417485,0.37059694373278745
subj08,parietal,fold_2,vis2vis,12,0.21860594463353472,0.3689835076076627
subj08,parietal,fold_3,vis2vis,1,0.21962011079167085,0.20625523383858554
subj08,parietal,fold_3,vis2vis,2,0.1768714704515473,0.21296435302627445
subj08,parietal,fold_3,vis2vis,3,0.1502175585177174,0.21074467865778704
subj08,parietal,fold_3,vis2vis,4,0.140174610967247,0.20708117527661352
subj08,parietal,fold_3,vis2vis,5,0.16866803008336326,0.19102127185914541
subj08,parietal,fold_3,vis2vis,6,0.17585284757505595,0.19049134603292647
subj08,parietal,fold_3,vis2vis,7,0.16844820402148883,0.200029422343922
subj08,parietal,fold_3,vis2vis,8,0.16679694363045758,0.1960433884638515
subj08,parietal,fold_3,vis2vis,9,0.14824070082388532,0.2271796661539676
subj08,parietal,fold_3,vis2vis,10,0.1804252931693011,0.23868978028565088
subj08,parietal,fold_3,vis2vis,11,0.18223535111201317,0.23926425593565118
subj08,parietal,fold_3,vis2vis,12,0.18516106802820118,0.24067080160469767
subj01,V1,fold_0,vis2img,1,0.21828465468750466,0.2423532325302744
subj01,V1,fold_0,vis2img,2,0.29063301625185106,0.24446241478693903
subj01,V1,fold_0,vis2img,3,0.3009183798421726,0.2471207065843367
subj01,V1,fold_0,vis2img,4,0.29064247528701775,0.2510841880807238
subj01,V1,fold_0,vis2img,5,0.2862699415994223,0.24773908290774513
subj01,V1,fold_0,vis2img,6,0.2841989989674345,0.2563300733905854
subj01,V1,fold_0,vis2img,7,0.27646931127689245,0.27471797386741564
subj01,V1,fold_0,vis2img,8,0.26963110650203476,0.2654618753360489
subj01,V1,fold_0,vis2img,9,0.26936282245136,0.2658201860267427
subj01,V1,fold_0,vis2img,10,0.27214269308185596,0.2761709283153697
subj01,V1,fold_0,vis2img,11,0.2739604524537242,0.2844355476621146
subj01,V1,fold_0,vis2img,12,0.2696575894674429,0.28130957854626953
subj01,V1,fold_1,vis2img,1,0.012021447100135283,0.10819261272313131
subj01,V1,fold_1,vis2img,2,0.060810458291137334,0.22551775994874373
subj01,V1,fold_1,vis2img,3,0.07044440814142072,0.22998313287105604
subj01,V1,fold_1,vis2img,4,0.0711157193776587,0.21888079331126634
subj01,V1,fold_1,vis2img,5,0.07251378738617172,0.2230584206995136
subj01,V1,fold_1,vis2img,6,0.08901698123219576,0.2316386955346645
subj01,V1,fold_1,vis2img,7,0.08661494335597142,0.22688360549752853
subj01,V1,fold_1,vis2img,8,0.08064280386235308,0.2298555978725764
subj01,V1,fold_1,vis2img,9,0.08318094280584525,0.23039408070644707
subj01,V1,fold_1,vis2img,10,0.08187036320333183,0.22924811324556094
subj01,V1,fold_1,vis2img,11,0.07181135210948411,0.23112757540288534
subj01,V1,fold_1,vis2img,12,0.06950442518360533,0.2322701077445479
subj01,V1,fold_2,vis2img,1,0.15155976180197578,0.16075844315795362
subj01,V1,fold_2,vis2img,2,0.2354957923442127,0.2058025875408683
subj01,V1,fold_2,vis2img,3,0.22614024830532814,0.22589318467561845
subj01,V1,fold_2,vis2img,4,0.2139480325135492,0.23772810548664675
subj01,V1,fold_2,vis2img,5,0.21140980431888345,0.2363100563117118
subj01,V1,fold_2,vis2img,6,0.2181462351250694,0.24201911009143678
subj01,V1,fold_2,vis2img,7,0.2251084532597648,0.257399478873507
subj01,V1,fold_2,vis2img,8,0.20976589329629294,0.24818217250596744
subj01,V1,fold_2,vis2img,9,0.21130260655543423,0.249483669596305
subj01,V1,fold_2,vis2img,10,0.21339974850272517,0.2556052524526451
subj01,V1,fold_2,vis2img,11,0.21652926513542464,0.2550237639785192
subj01,V1,fold_2,vis2img,12,0.21785412950112698,0.2535159662753094
subj01,V1,fold_3,vis2img,1,0.10458896765499831,0.11474926835484765
subj01,V1,fold_3,vis2img,2,0.19585612625677062,0.2081836780712154
subj01,V1,fold_3,vis2img,3,0.19839576679930607,0.21325694551863422
subj01,V1,fold_3,vis2img,4,0.21543993299089212,0.22935041776192408
subj01,V1,fold_3,vis2img,5,0.21628932137571885,0.24932776772730494
subj01,V1,fold_3,vis2img,6,0.21501195628417774,0.25514027888181934
subj01,V1,fold_3,vis2img,7,0.19786067391759726,0.2722016932280391
subj01,V1,fold_3,vis2img,8,0.197675229453996,0.27066503435071926
subj01,V1,fold_3,vis2img,9,0.19811188851998066,0.2682013615977418
subj01,V1,fold_3,vis2img,10,0.1911986798097696,0.26191136495611905
subj01,V1,fold_3,vis2img,11,0.18176685989143196,0.2608385459185935
subj01,V1,fold_3,vis2img,12,0.1812871158281219,0.26210249351181014
subj01,V2,fold_0,vis2img,1,0.044760348006184406,0.4267685488363622
subj01,V2,fold_0,vis2img,2,0.1367493962388818,0.41255807341096384
subj01,V2,fold_0,vis2img,3,0.1387362472551981,0.41430476323924365
subj01,V2,fold_0,vis2img,4,0.13230245332474858,0.4199006139770757
subj01,V2,fold_0,vis2img,5,0.1374453870520404,0.40859348779078625
subj01,V2,fold_0,vis2img,6,0.15004458222190564,0.41444899470149144
subj01,V2,fold_0,vis2img,7,0.1620686047302755,0.4199101448360221
subj01,V2,fold_0,vis2img,8,0.1560907700205052,0.42530315016236686
subj01,V2,fold_0,vis2img,9,0.15523706905561474,0.42651488291253503
subj01,V2,fold_0,vis2img,10,0.15739739007707884,0.422271902015619
subj01,V2,fold_0,vis2img,11,0.1543488719269291,0.4202997119511191
subj01,V2,fold_0,vis2img,12,0.1537331991227395,0.42154511608431944
subj01,V2,fold_1,vis2img,1,0.07995621184484814,0.18223105223019942
subj01,V2,fold_1,vis2img,2,0.0313028979092108,0.16979764566837868
subj01,V2,fold_1,vis2img,3,0.006990352565044898,0.15549984256022806
subj01,V2,fold_1,vis2img,4,0.013211407441162972,0.25158224881163954
subj01,V2,fold_1,vis2img,5,0.013384424167930887,0.25557173625957313
subj01,V2,fold_1,vis2img,6,0.007500413542921982,0.2644966408753994
subj01,V2,fold_1,vis2img,7,0.018016633566556296,0.2816300813275986
subj01,V2,fold_1,vis2img,8,0.018133637621437063,0.30080151187462156
subj01,V2,fold_1,vis2img,9,0.019676529025829715,0.3003026209742093
subj01,V2,fold_1,vis2img,10,0.021065181633816335,0.28252982250774816
subj01,V2,fold_1,vis2img,11,0.01846856433934241,0.28092375071210707
subj01,V2,fold_1,vis2img,12,0.01987950656492832,0.2802384383499442
subj01,V2,fold_2,vis2img,1,0.02056246507577427,0.11809058093351978
subj01,V2,fold_2,vis2img,2,0.09129797424999637,0.17269152114307154
subj01,V2,fold_2,vis2img,3,0.09711897539550848,0.17791137053838366
subj01,V2,fold_2,vis2img,4,0.09615862740574711,0.19120785673378185
subj01,V2,fold_2,vis2img,5,0.09222157124133556,0.1918057529189692
subj01,V2,fold_2,vis2img,6,0.1087136022966614,0.19502901269358977
subj01,V2,fold_2,vis2img,7,0.11278810458701438,0.1952760305714884
subj01,V2,fold_2,vis2img,8,0.09647933693094603,0.19914005657778924
subj01,V2,fold_2,vis2img,9,0.09754990145978043,0.20284457450115875
subj01,V2,fold_2,vis2img,10,0.09841214935211391,0.19651407857155895
subj01,V2,fold_2,vis2img,11,0.09502926492325957,0.196363657334791
subj01,V2,fold_2,vis2img,12,0.09379698125357586,0.1966075649487071
subj01,V2,fold_3,vis2img,1,0.05065968091738117,-0.07042567021853524
subj01,V2,fold_3,vis2img,2,0.08761499262283663,0.010863365022301287
subj01,V2,fold_3,vis2img,3,0.10476585056721693,0.026625248187566758
subj01,V2,fold_3,vis2img,4,0.08993929166602246,0.087872780202985
subj01,V2,fold_3,vis2img,5,0.09391778352951786,0.08064363898235281
subj01,V2,fold_3,vis2img,6,0.08827906348304272,0.08300593172346109
subj01,V2,fold_3,vis2img,7,0.10229934992291975,0.09665855282046629
subj01,V2,fold_3,vis2img,8,0.09906949953016714,0.09880631457172181
subj01,V2,fold_3,vis2img,9,0.09883087800052147,0.10466627085251372
subj01,V2,fold_3,vis2img,10,0.09968354714280789,0.0989140251282229
subj01,V2,fold_3,vis2img,11,0.09714116234728445,0.09691219298012892
subj01,V2,fold_3,vis2img,12,0.09144592519122385,0.09699071652404077
subj01,V3,fold_0,vis2img,1,-0.014803922232057993,0.06911068122663587
subj01,V3,fold_0,vis2img,2,0.13023082788327675,0.1601395707688882
subj01,V3,fold_0,vis2img,3,0.13837848104033904,0.17359612361392565
subj01,V3,fold_0,vis2img,4,0.13784216350554443,0.17578972151881256
subj01,V3,fold_0,vis2img,5,0.1416457075807431,0.17795101329815236
subj01,V3,fold_0,vis2img,6,0.13651399205546141,0.17725768661960903
subj01,V3,fold_0,vis2img,7,0.1335683935750284,0.18495544860274568
subj01,V3,fold_0,vis2img,8,0.14872510688018212,0.1913539211234856
subj01,V3,fold_0,vis2img,9,0.1456843791272921,0.18890492965202443
subj01,V3,fold_0,vis2img,10,0.1462545058420279,0.18942051181075517
subj01,V3,fold_0,vis2img,11,0.14714018858383593,0.1898897273289756
subj01,V3,fold_0,vis2img,12,0.1473855527355518,0.19041997750605866
subj01,V3,fold_1,vis2img,1,0.012259430411411277,0.18030994538627618
subj01,V3,fold_1,vis2img,2,-0.021381148411815053,0.1731610170614537
subj01,V3,fold_1,vis2img,3,0.03117493143323105,0.13985682623156462
subj01,V3,fold_1,vis2img,4,0.05470024199380932,0.14943448752009036
subj01,V3,fold_1,vis2img,5,0.06578192037458505,0.18554763515507236
subj01,V3,fold_1,vis2img,6,0.06254664449232426,0.19475066181390008
subj01,V3,fold_1,vis2img,7,0.06559136354548561,0.2058291113941212
subj01,V3,fold_1,vis2img,8,0.06310847743940444,0.20107312333438712
subj01,V3,fold_1,vis2img,9,0.07558920759102826,0.20784133818686754
subj01,V3,fold_1,vis2img,10,0.07603420142945476,0.20887368514949925
subj01,V3,fold_1,vis2img,11,0.0759484276834779,0.20247405329991505
subj01,V3,fold_1,vis2img,12,0.07594652108902183,0.20521591406314474
subj01,V3,fold_2,vis2img,1,0.053983738076197225,0.14116130984762756
subj01,V3,fold_2,vis2img,2,0.08639957463753617,0.13760132499772595
subj01,V3,fold_2,vis2img,3,0.11343810310403134,0.20236571259249905
subj01,V3,fold_2,vis2img,4,0.11360695431407199,0.20645681193903279
subj01,V3,fold_2,vis2img,5,0.10859596338498727,0.23046515376133814
subj01,V3,fold_2,vis2img,6,0.10672422288121923,0.23671806826560826
subj01,V3,fold_2,vis2img,7,0.08750860507259317,0.24569125212402865
subj01,V3,fold_2,vis2img,8,0.08016320895215774,0.24806044778420847
subj01,V3,fold_2,vis2img,9,0.0823612369082674,0.25503992853632135
subj01,V3,fold_2,vis2img,10,0.09402620402985325,0.25975421256829573
subj01,V3,fold_2,vis2img,11,0.09367966484533406,0.25786859675268653
subj01,V3,fold_2,vis2img,12,0.09159793888740292,0.2579418149301111
subj01,V3,fold_3,vis2img,1,-0.16682936557542938,0.024843708383167795
subj01,V3,fold_3,vis2img,2,-0.14744303626852415,0.07418406389086156
subj01,V3,fold_3,vis2img,3,-0.16617430347401166,0.08530871000526263
subj01,V3,fold_3,vis2img,4,-0.15725253972642705,0.07337016490642122
subj01,V3,fold_3,vis2img,5,-0.06819611523026843,0.07546040367954261
subj01,V3,fold_3,vis2img,6,-0.09654613899338164,0.05317824785481523
subj01,V3,fold_3,vis2img,7,-0.021440372026597616,0.14896723863152264
subj01,V3,fold_3,vis2img,8,0.004011283329356148,0.10640778770161415
subj01,V3,fold_3,vis2img,9,0.019407855409708723,0.11515027495063161
subj01,V3,fold_3,vis2img,10,0.03196077033171907,0.10733118779009602
subj01,V3,fold_3,vis2img,11,0.033404187337847224,0.11052433484658554
subj01,V3,fold_3,vis2img,12,0.030066441299263207,0.11288601437847708
subj01,hV4,fold_0,vis2img,1,-0.10845608788450486,-0.007348619019633007
subj01,hV4,fold_0,vis2img,2,-0.10340516105839445,-0.08815819695088244
subj01,hV4,fold_0,vis2img,3,-0.05005753860222758,-0.06656023356395603
subj01,hV4,fold_0,vis2img,4,0.05868688813604341,-0.06061228079729823
subj01,hV4,fold_0,vis2img,5,0.08871658616184057,-0.0372098721760883
subj01,hV4,fold_0,vis2img,6,0.11656964637858036,0.04405070573574967
subj01,hV4,fold_0,vis2img,7,0.07982449255089648,0.05247765948478161
subj01,hV4,fold_0,vis2img,8,0.06122532013912961,0.07079218400488932
subj01,hV4,fold_0,vis2img,9,0.07204246497743406,0.06958499251822342
subj01,hV4,fold_0,vis2img,10,0.07719427977020386,0.07058828831730343
subj01,hV4,fold_0,vis2img,11,0.07888989198624484,0.07250372952857988
subj01,hV4,fold_0,vis2img,12,0.07922323387011947,0.07258955542223679
subj01,hV4,fold_1,vis2img,1,0.15098933759505773,0.022039825193646286
subj01,hV4,fold_1,vis2img,2,0.13566309353586126,0.09601677665078479
subj01,hV4,fold_1,vis2img,3,0.01923914005857771,-0.06125467617972501
subj01,hV4,fold_1,vis2img,4,0.020393296630442058,-0.023121378056879416
subj01,hV4,fold_1,vis2img,5,0.028794339911624636,0.10600199892300821
subj01,hV4,fold_1,vis2img,6,0.028867803258493807,0.10662254807896214
subj01,hV4,fold_1,vis2img,7,0.02879157500601337,0.10845591048718069
subj01,hV4,fold_1,vis2img,8,0.028573843365267186,0.10844535613960053
subj01,hV4,fold_1,vis2img,9,0.028410358276038238,0.10798890747088304
subj01,hV4,fold_1,vis2img,10,0.028791182085748806,0.10827821692075114
subj01,hV4,fold_1,vis2img,11,0.0288615266413144,0.10820905488785489
subj01,hV4,fold_1,vis2img,12,0.028853596118493485,0.1082522991311228
subj01,hV4,fold_2,vis2img,1,-0.14753011373750477,-0.0062487547915469266
subj01,hV4,fold_2,vis2img,2,0.07205411031509391,0.03479464027676765
subj01,hV4,fold_2,vis2img,3,0.13017726401558044,0.11916485351578499
subj01,hV4,fold_2,vis2img,4,0.12795823303789092,0.16266713680996434
subj01,hV4,fold_2,vis2img,5,0.10117655313681852,0.16026420713526512
subj01,hV4,fold_2,vis2img,6,0.1279582330378442,0.16266713680996622
subj01,hV4,fold_2,vis2img,7,0.12795823303781578,0.16266713680995118
subj01,hV4,fold_2,vis2img,8,0.10117655313684705,0.16026420713527928
subj01,hV4,fold_2,vis2img,9,0.12795823303788695,0.1626671368099643
subj01,hV4,fold_2,vis2img,10,0.12795823303788167,0.16266713680996311
subj01,hV4,fold_2,vis2img,11,0.10312500823873598,0.19000563924587627
subj01,hV4,fold_2,vis2img,12,0.10312500823873816,0.19000563924587574
subj01,hV4,fold_3,vis2img,1,-0.001572927347083112,-0.15121313388970797
subj01,hV4,fold_3,vis2img,2,-0.03538999891456088,-0.0317665871545996
subj01,hV4,fold_3,vis2img,3,-0.01815305548587237,-0.02327515342877396
subj01,hV4,fold_3,vis2img,4,-0.041965999631122165,-0.06098151156834083
subj01,hV4,fold_3,vis2img,5,-0.05723739016926699,-0.0887785592731468
subj01,hV4,fold_3,vis2img,6,0.019477759748943467,0.05523722353674514
subj01,hV4,fold_3,vis2img,7,0.014911797971794363,0.061159848381598
subj01,hV4,fold_3,vis2img,8,0.02171184593109365,0.06143599011201587
subj01,hV4,fold_3,vis2img,9,0.020867109195643174,0.06214663749816545
subj01,hV4,fold_3,vis2img,10,0.02163854033729536,0.06339892439242663
subj01,hV4,fold_3,vis2img,11,0.021562981163647132,0.0632471691684403
subj01,hV4,fold_3,vis2img,12,0.021539639315161067,0.06332922340921872
subj01,ventral,fold_0,vis2img,1,0.16070451560551147,0.0954736449807706
subj01,ventral,fold_0,vis2img,2,0.18611386752850836,0.0980541911077062
subj01,ventral,fold_0,vis2img,3,0.18299729544622179,0.10814453571413314
subj01,ventral,fold_0,vis2img,4,0.18090724999038088,0.14127963614305186
subj01,ventral,fold_0,vis2img,5,0.1793621535575796,0.17402417164017842
subj01,ventral,fold_0,vis2img,6,0.17825795117774212,0.1695907096220558
subj01,ventral,fold_0,vis2img,7,0.16618507951984088,0.17158035557277865
subj01,ventral,fold_0,vis2img,8,0.17193171046596467,0.1655249625538238
subj01,ventral,fold_0,vis2img,9,0.1678927391453965,0.15998024207742845
subj01,ventral,fold_0,vis2img,10,0.16741693534872415,0.1657468055569538
subj01,ventral,fold_0,vis2img,11,0.1610260442678831,0.16380706511231746
subj01,ventral,fold_0,vis2img,12,0.15146864871336171,0.1646614654343669
subj01,ventral,fold_1,vis2img,1,0.020539581293602394,0.08549066982947627
subj01,ventral,fold_1,vis2img,2,0.06449461210176377,0.16155498994628245
subj01,ventral,fold_1,vis2img,3,0.038626883569276876,0.14880330397725125
subj01,ventral,fold_1,vis2img,4,0.039630008147112844,0.1496853228320919
subj01,ventral,fold_1,vis2img,5,0.037995587751048415,0.13661288675309885
subj01,ventral,fold_1,vis2img,6,0.0382951430921837,0.14071874714920776
subj01,ventral,fold_1,vis2img,7,0.03171835569594274,0.1418970579711486
subj01,ventral,fold_1,vis2img,8,0.034264591127799386,0.14139136963846716
subj01,ventral,fold_1,vis2img,9,0.0497936648581446,0.1587043618248135
subj01,ventral,fold_1,vis2img,10,0.047182142755666054,0.1515943232614996
subj01,ventral,fold_1,vis2img,11,0.04615834595808547,0.15224491177542618
subj01,ventral,fold_1,vis2img,12,0.04846772314565416,0.14862127403611988
subj01,ventral,fold_2,vis2img,1,0.007124957668625461,0.03465435997457435
subj01,ventral,fold_2,vis2img,2,0.12702495585066742,0.08189454528848736
subj01,ventral,fold_2,vis2img,3,0.13277593387606637,0.14421409099346555
subj01,ventral,fold_2,vis2img,4,0.14387416330633793,0.13435793949129668
subj01,ventral,fold_2,vis2img,5,0.10591180022435093,0.15463812081388276
subj01,ventral,fold_2,vis2img,6,0.10546775153629749,0.15646412770527915
subj01,ventral,fold_2,vis2img,7,0.1239250069674111,0.16196275038283453
subj01,ventral,fold_2,vis2img,8,0.1344589551052082,0.15882506704107294
subj01,ventral,fold_2,vis2img,9,0.1355851684215454,0.17165888795609052
subj01,ventral,fold_2,vis2img,10,0.12717978177383052,0.16251215876717734
subj01,ventral,fold_2,vis2img,11,0.1245149036102457,0.15943703364110814
subj01,ventral,fold_2,vis2img,12,0.13738993820062498,0.13613849623212154
subj01,ventral,fold_3,vis2img,1,0.07527208966302194,0.08481370948230225
subj01,ventral,fold_3,vis2img,2,0.04382970803841119,0.11945235542028566
subj01,ventral,fold_3,vis2img,3,0.06792209270813618,0.1320340644331185
subj01,ventral,fold_3,vis2img,4,0.07474364313530292,0.13487941664895733
subj01,ventral,fold_3,vis2img,5,0.04817003451913703,0.14265296698063828
subj01,ventral,fold_3,vis2img,6,0.03547252509888493,0.14022641128709662
subj01,ventral,fold_3,vis2img,7,0.013073884765646514,0.1638791149873009
subj01,ventral,fold_3,vis2img,8,0.0028179147436355823,0.1632136535678822
subj01,ventral,fold_3,vis2img,9,-0.0011524660692468329,0.1677859225016892
subj01,ventral,fold_3,vis2img,10,-0.003263427683283435,0.17133742375260602
subj01,ventral,fold_3,vis2img,11,-0.006669486321137407,0.17220268783431286
subj01,ventral,fold_3,vis2img,12,-0.01131991989255355,0.1710189954473087
subj01,lateral,fold_0,vis2img,1,-0.07714021206815366,0.041468355957851914
subj01,lateral,fold_0,vis2img,2,-0.0028782402876051175,0.06893357117596711
subj01,lateral,fold_0,vis2img,3,0.07816501677899411,0.17143671027819848
subj01,lateral,fold_0,vis2img,4,0.07163262493254587,0.16942401173030347
subj01,lateral,fold_0,vis2img,5,0.06548469706089967,0.16212229988294494
subj01,lateral,fold_0,vis2img,6,0.060610242200093846,0.1510931166040799
subj01,lateral,fold_0,vis2img,7,0.1061388801521996,0.17702524936115255
subj01,lateral,fold_0,vis2img,8,0.10593152865606584,0.17787044885534245
subj01,lateral,fold_0,vis2img,9,0.11172020578988817,0.1691196624724669
subj01,lateral,fold_0,vis2img,10,0.11598418310538189,0.17347925043474172
subj01,lateral,fold_0,vis2img,11,0.11127966114362992,0.17051827313392615
subj01,lateral,fold_0,vis2img,12,0.10680425304121745,0.17305874134294577
subj01,lateral,fold_1,vis2img,1,0.004567098627152427,0.06747320090725396
subj01,lateral,fold_1,vis2img,2,0.14363753297415177,0.2125742886573649
subj01,lateral,fold_1,vis2img,3,0.15028878745704655,0.2157632984696356
subj01,lateral,fold_1,vis2img,4,0.14892226013056273,0.22070608273248757
subj01,lateral,fold_1,vis2img,5,0.1503851940705445,0.2313617954415428
subj01,lateral,fold_1,vis2img,6,0.15100063907117972,0.2297716427428685
subj01,lateral,fold_1,vis2img,7,0.1632807652146369,0.21434418875106423
subj01,lateral,fold_1,vis2img,8,0.16546049774869134,0.2099782384817051
subj01,lateral,fold_1,vis2img,9,0.1682024332283793,0.23994884919521106
subj01,lateral,fold_1,vis2img,10,0.17243488805808524,0.23395489304573594
subj01,lateral,fold_1,vis2img,11,0.16875550770358272,0.23732900896822245
subj01,lateral,fold_1,vis2img,12,0.16594022660185123,0.2369872261351355
subj01,lateral,fold_2,vis2img,1,0.04540862154420717,0.07337892222628858
subj01,lateral,fold_2,vis2img,2,0.07973329396343143,0.16934745206546994
subj01,lateral,fold_2,vis2img,3,0.07305317904769289,0.15574597071248192
subj01,lateral,fold_2,vis2img,4,0.04424978265707152,0.19639317834332579
subj01,lateral,fold_2,vis2img,5,-0.020647042209583428,0.23157061813934732
subj01,lateral,fold_2,vis2img,6,-0.024574239029269612,0.23562954679273881
subj01,lateral,fold_2,vis2img,7,-0.02465080642933601,0.23524415081553712
subj01,lateral,fold_2,vis2img,8,-0.015385808189380255,0.2337858664754724
subj01,lateral,fold_2,vis2img,9,-0.015319065134386816,0.2367095755020339
subj01,lateral,fold_2,vis2img,10,-0.01361119019087904,0.23657369193144595
subj01,lateral,fold_2,vis2img,11,-0.018305540690039764,0.24400511628822721
subj01,lateral,fold_2,vis2img,12,-0.010250576095121838,0.2431179021864841
subj01,lateral,fold_3,vis2img,1,0.1118170996309077,0.17586938682066383
subj01,lateral,fold_3,vis2img,2,0.14818395521051195,0.20814039941890777
subj01,lateral,fold_3,vis2img,3,0.13855269631860784,0.2224380969636318
subj01,lateral,fold_3,vis2img,4,0.12410188004676552,0.20613823232235864
subj01,lateral,fold_3,vis2img,5,0.1309491864990595,0.21848049158949806
subj01,lateral,fold_3,vis2img,6,0.13971125191526995,0.22243346331188762
subj01,lateral,fold_3,vis2img,7,0.1452376907491682,0.2231909937378459
subj01,lateral,fold_3,vis2img,8,0.14873510228020365,0.22473851344595802
subj01,lateral,fold_3,vis2img,9,0.1536146544893747,0.21801941560064309
subj01,lateral,fold_3,vis2img,10,0.1503797120031763,0.2250549747181517
subj01,lateral,fold_3,vis2img,11,0.147077041773873,0.2350827576773181
subj01,lateral,fold_3,vis2img,12,0.13744640721063106,0.24217547523115576
subj01,parietal,fold_0,vis2img,1,0.08044203092876433,0.0993747087957228
subj01,parietal,fold_0,vis2img,2,0.2714818658451988,0.32930153746231106
subj01,parietal,fold_0,vis2img,3,0.2613809058656282,0.31817632577546334
subj01,parietal,fold_0,vis2img,4,0.22492119295487775,0.29767902900480103
subj01,parietal,fold_0,vis2img,5,0.23920456127903633,0.3054093959138129
subj01,parietal,fold_0,vis2img,6,0.23829426971689707,0.30854306987403124
subj01,parietal,fold_0,vis2img,7,0.2374996715213768,0.3119296687917565
subj01,parietal,fold_0,vis2img,8,0.23957639096087885,0.30847970515711237
subj01,parietal,fold_0,vis2img,9,0.23277463717570476,0.30863498424487446
subj01,parietal,fold_0,vis2img,10,0.25039353704696804,0.3054982327483069
subj01,parietal,fold_0,vis2img,11,0.25434937108854233,0.30730974561663693
subj01,parietal,fold_0,vis2img,12,0.25018438788440295,0.3109591702711855
subj01,parietal,fold_1,vis2img,1,-0.014699241353545642,0.15545716090736394
subj01,parietal,fold_1,vis2img,2,0.025165830566587777,0.26553262476580486
subj01,parietal,fold_1,vis2img,3,0.05508354905963559,0.24623498994837278
subj01,parietal,fold_1,vis2img,4,0.07042698440758542,0.26344089300629236
subj01,parietal,fold_1,vis2img,5,0.0658565099984813,0.26057600274536924
subj01,parietal,fold_1,vis2img,6,0.047880296669368036,0.2606805103819297
subj01,parietal,fold_1,vis2img,7,0.04912326627705283,0.25566663570201054
subj01,parietal,fold_1,vis2img,8,0.04922944245264453,0.2530537771599244
subj01,parietal,fold_1,vis2img,9,0.051471338469935096,0.2554107759803669
subj01,parietal,fold_1,vis2img,10,0.049695821251095694,0.25908998910600956
subj01,parietal,fold_1,vis2img,11,0.04510258186298929,0.26009090508382343
subj01,parietal,fold_1,vis2img,12,0.047464400185221925,0.2604186416745967
subj01,parietal,fold_2,vis2img,1,-0.133008130801702,-0.07821703969080279
subj01,parietal,fold_2,vis2img,2,-0.12391065215147752,-0.06556288949281802
subj01,parietal,fold_2,vis2img,3,-0.12391065215147755,-0.06556288949281458
subj01,parietal,fold_2,vis2img,4,-0.12255406195422748,-0.06680562272028832
subj01,parietal,fold_2,vis2img,5,-0.1234317233878959,-0.050589947250423144
subj01,parietal,fold_2,vis2img,6,-0.10850573245552635,-0.03569434366524356
subj01,parietal,fold_2,vis2img,7,-0.11385413970777739,-0.02827377062992762
subj01,parietal,fold_2,vis2img,8,-0.11385413970777704,-0.028273770629928894
subj01,parietal,fold_2,vis2img,9,-0.11385413970777318,-0.028273770629929446
subj01,parietal,fold_2,vis2img,10,-0.11385413970777611,-0.028273770629926268
subj01,parietal,fold_2,vis2img,11,-0.11385413970777446,-0.0282737706299252
subj01,parietal,fold_2,vis2img,12,-0.10073516912115138,-0.028439795011903104
subj01,parietal,fold_3,vis2img,1,0.119308726076308,0.24719202636091872
subj01,parietal,fold_3,vis2img,2,0.13879107100681295,0.23355548787656694
subj01,parietal,fold_3,vis2img,3,0.13797577408422815,0.2233463950082418
subj01,parietal,fold_3,vis2img,4,0.12152236949007308,0.19465512214751407
subj01,parietal,fold_3,vis2img,5,0.1174821631724209,0.18923152725131775
subj01,parietal,fold_3,vis2img,6,0.11984125795169621,0.19137422020435296
subj01,parietal,fold_3,vis2img,7,0.11747212144130365,0.18817001677666267
subj01,parietal,fold_3,vis2img,8,0.12365827915517746,0.1953036632058463
subj01,parietal,fold_3,vis2img,9,0.11541600543759978,0.20578462632152628
subj01,parietal,fold_3,vis2img,10,0.12390161865576173,0.231259270706665
subj01,parietal,fold_3,vis2img,11,0.13138818944073694,0.21431695900392747
subj01,parietal,fold_3,vis2img,12,0.12993638230911855,0.2243298122099429
subj02,V1,fold_0,vis2img,1,0.025693610132213548,0.0504723165800812
subj02,V1,fold_0,vis2img,2,0.1128651106749652,0.12853361267194482
subj02,V1,fold_0,vis2img,3,0.12874677549759114,0.13980072550842806
subj02,V1,fold_0,vis2img,4,0.11320540364141074,0.15386470096439342
subj02,V1,fold_0,vis2img,5,0.10738061276480637,0.14815540360881735
subj02,V1,fold_0,vis2img,6,0.12236147314691903,0.15515837201508706
subj02,V1,fold_0,vis2img,7,0.1174696970439714,0.15288239579523022
subj02,V1,fold_0,vis2img,8,0.12178251688704982,0.15382023456806823
subj02,V1,fold_0,vis2img,9,0.12168165409337488,0.15367403558886492
subj02,V1,fold_0,vis2img,10,0.12120781053506885,0.15369284042604658
subj02,V1,fold_0,vis2img,11,0.12122827412297502,0.1537063882493868
subj02,V1,fold_0,vis2img,12,0.12123511896467336,0.1536814799022749
subj02,V1,fold_1,vis2img,1,0.11756489263607635,0.06674780893384184
subj02,V1,fold_1,vis2img,2,0.12486187765854308,0.15932467543300663
subj02,V1,fold_1,vis2img,3,0.08032436788416952,0.2117132031891589
subj02,V1,fold_1,vis2img,4,0.1424162591215969,0.21054493275828073
subj02,V1,fold_1,vis2img,5,0.13172882526099167,0.21608152910412565
subj02,V1,fold_1,vis2img,6,0.13535963259127431,0.22086385084212476
subj02,V1,fold_1,vis2img,7,0.13747438100758078,0.22226923596818612
subj02,V1,fold_1,vis2img,8,0.13707784543426252,0.22116757381964366
subj02,V1,fold_1,vis2img,9,0.13724035874264368,0.22232897867688275
subj02,V1,fold_1,vis2img,10,0.13336483648780129,0.22050238520321058
subj02,V1,fold_1,vis2img,11,0.1339643837284402,0.22119077121523806
subj02,V1,fold_1,vis2img,12,0.1344914917917828,0.2214227000299969
subj02,V1,fold_2,vis2img,1,0.1216584167266981,0.06141738506092538
subj02,V1,fold_2,vis2img,2,0.17794983064185801,0.15927038544367167
subj02,V1,fold_2,vis2img,3,0.1928090878701235,0.19119347259606567
subj02,V1,fold_2,vis2img,4,0.1854172658268633,0.22022860748922293
subj02,V1,fold_2,vis2img,5,0.18600981766514135,0.22010458805812433
subj02,V1,fold_2,vis2img,6,0.19509057879979885,0.22247569016444974
subj02,V1,fold_2,vis2img,7,0.20606794334602163,0.22578397459094618
subj02,V1,fold_2,vis2img,8,0.20787668709462376,0.2260675674755678
subj02,V1,fold_2,vis2img,9,0.2077954587905663,0.22673300413931544
subj02,V1,fold_2,vis2img,10,0.20650249391876666,0.22679853197176975
subj02,V1,fold_2,vis2img,11,0.2061189371557845,0.22679650170553972
subj02,V1,fold_2,vis2img,12,0.2064461219216998,0.22667109938286117
subj02,V1,fold_3,vis2img,1,0.1598711389284211,0.24301727729353417
subj02,V1,fold_3,vis2img,2,0.23391941299029978,0.23742684462581218
subj02,V1,fold_3,vis2img,3,0.22166051150842137,0.2523482110278597
subj02,V1,fold_3,vis2img,4,0.223124440945755,0.26882277799533627
subj02,V1,fold_3,vis2img,5,0.2246000962155126,0.2724717845594807
subj02,V1,fold_3,vis2img,6,0.22560843650291473,0.2842003602314415
subj02,V1,fold_3,vis2img,7,0.22338350684423383,0.28480294917728616
subj02,V1,fold_3,vis2img,8,0.22827937830692455,0.28900470881071505
subj02,V1,fold_3,vis2img,9,0.23000741750457354,0.2899731924142471
subj02,V1,fold_3,vis2img,10,0.2282967729250479,0.28631332698229855
subj02,V1,fold_3,vis2img,11,0.23888676131146605,0.2888742389050347
subj02,V1,fold_3,vis2img,12,0.24046614698193033,0.29063368849573923
subj02,V2,fold_0,vis2img,1,-0.1320992392732588,0.20367610511554582
subj02,V2,fold_0,vis2img,2,0.012448583009748843,0.26304173399418296
subj02,V2,fold_0,vis2img,3,0.039068504831624044,0.2358692692947785
subj02,V2,fold_0,vis2img,4,0.07703853989976396,0.23660114326744966
subj02,V2,fold_0,vis2img,5,0.12543524061110253,0.2421027301136893
subj02,V2,fold_0,vis2img,6,0.1391434060553282,0.24439681916397363
subj02,V2,fold_0,vis2img,7,0.10697308393267271,0.2233350953715432
subj02,V2,fold_0,vis2img,8,0.10894008285845537,0.2251928395457203
subj02,V2,fold_0,vis2img,9,0.10367466618891644,0.24891383312798707
subj02,V2,fold_0,vis2img,10,0.09567207779726669,0.26779770360197297
subj02,V2,fold_0,vis2img,11,0.09203335506703536,0.2652789839427738
subj02,V2,fold_0,vis2img,12,0.11202489361370636,0.2996650957749369
subj02,V2,fold_1,vis2img,1,-0.09310629698734804,0.04700341148036647
subj02,V2,fold_1,vis2img,2,-0.08938885501528493,0.13139866416753535
subj02,V2,fold_1,vis2img,3,0.0009219464031215443,0.16484946110112897
subj02,V2,fold_1,vis2img,4,0.030292132183139066,0.1667518321570918
subj02,V2,fold_1,vis2img,5,0.05475581024734148,0.19379244466624915
subj02,V2,fold_1,vis2img,6,0.04845519087525489,0.19407544597942897
subj02,V2,fold_1,vis2img,7,0.0355415194303239,0.2031888179918004
subj02,V2,fold_1,vis2img,8,0.045161006648461836,0.20752103049435658
subj02,V2,fold_1,vis2img,9,0.038716879366435204,0.21498308661392437
subj02,V2,fold_1,vis2img,10,0.031313522855145756,0.2098304149869138
subj02,V2,fold_1,vis2img,11,0.03296922161890418,0.20690333493901839
subj02,V2,fold_1,vis2img,12,0.03923075689092131,0.20389136665590685
subj02,V2,fold_2,vis2img,1,0.05668870016244441,0.2794405177475307
subj02,V2,fold_2,vis2img,2,0.10098555252259334,0.3043040816330386
subj02,V2,fold_2,vis2img,3,0.1182557746653845,0.3025259590269461
subj02,V2,fold_2,vis2img,4,0.12162998031833698,0.293577501381036
subj02,V2,fold_2,vis2img,5,0.1246770535217419,0.3026372394399211
subj02,V2,fold_2,vis2img,6,0.15314362419972702,0.3018661054427654
subj02,V2,fold_2,vis2img,7,0.16391732002152726,0.3061330679808717
subj02,V2,fold_2,vis2img,8,0.1603416974689675,0.3062683568954995
subj02,V2,fold_2,vis2img,9,0.1614672182622281,0.30250641482070856
subj02,V2,fold_2,vis2img,10,0.15780603240533145,0.30290306310295245
subj02,V2,fold_2,vis2img,11,0.15802765738928046,0.30823717545921087
subj02,V2,fold_2,vis2img,12,0.15725374553749455,0.3079020894944433
subj02,V2,fold_3,vis2img,1,-0.0725527493209717,0.14385778105353614
subj02,V2,fold_3,vis2img,2,-0.07368440626954852,0.09970992145301466
subj02,V2,fold_3,vis2img,3,-0.0003730528144842149,0.1271358133691449
subj02,V2,fold_3,vis2img,4,-0.046027138177827116,0.12959236919088257
subj02,V2,fold_3,vis2img,5,0.03491460877949548,0.1089664617195651
subj02,V2,fold_3,vis2img,6,0.05249823737582959,0.18113309746669318
subj02,V2,fold_3,vis2img,7,0.05670489442823814,0.19180975423407548
subj02,V2,fold_3,vis2img,8,0.05491975094473591,0.1875923974513708
subj02,V2,fold_3,vis2img,9,0.05056278401914333,0.18843235367924765
subj02,V2,fold_3,vis2img,10,0.05062402585019752,0.1903567073082795
subj02,V2,fold_3,vis2img,11,0.03697986408376472,0.19445680557232706
subj02,V2,fold_3,vis2img,12,0.03789864948876504,0.1948367831236314
subj02,V3,fold_0,vis2img,1,0.11633801221303552,0.2647210973491055
subj02,V3,fold_0,vis2img,2,0.13302287675817245,0.2626626309766533
subj02,V3,fold_0,vis2img,3,0.14663833411360858,0.2760187100547577
subj02,V3,fold_0,vis2img,4,0.1295842944227697,0.2907740453146287
subj02,V3,fold_0,vis2img,5,0.13342262358008608,0.30203093186127333
subj02,V3,fold_0,vis2img,6,0.14892343487166235,0.29969556307689554
subj02,V3,fold_0,vis2img,7,0.15067001532451454,0.30292148863637086
subj02,V3,fold_0,vis2img,8,0.14112136539699666,0.3097627397770088
subj02,V3,fold_0,vis2img,9,0.1427167033868899,0.30721639466635636
subj02,V3,fold_0,vis2img,10,0.14347359812488222,0.30572685593720705
subj02,V3,fold_0,vis2img,11,0.14316506528187875,0.30572155534658785
subj02,V3,fold_0,vis2img,12,0.14274087090570609,0.30572465965272677
subj02,V3,fold_1,vis2img,1,0.1576444046042999,0.12959357711102085
subj02,V3,fold_1,vis2img,2,0.12970020822537381,0.1526723824831842
subj02,V3,fold_1,vis2img,3,0.12529206084537423,0.12112836453945852
subj02,V3,fold_1,vis2img,4,0.12111211782656223,0.08841396904976596
subj02,V3,fold_1,vis2img,5,0.12496180250198927,0.17704870044902557
subj02,V3,fold_1,vis2img,6,0.12447958674607583,0.17774171487576743
subj02,V3,fold_1,vis2img,7,0.11019074070475429,0.18239017007777544
subj02,V3,fold_1,vis2img,8,0.12807173172582867,0.19091560178284783
subj02,V3,fold_1,vis2img,9,0.12243948900760714,0.17724287743273026
subj02,V3,fold_1,vis2img,10,0.09527042052923053,0.18735569572451025
subj02,V3,fold_1,vis2img,11,0.10501605831276722,0.1990620277614562
subj02,V3,fold_1,vis2img,12,0.11373008472087624,0.20275011690218517
subj02,V3,fold_2,vis2img,1,-0.027131830886321304,0.14538312278638155
subj02,V3,fold_2,vis2img,2,0.01861643803673803,0.12489592694621726
subj02,V3,fold_2,vis2img,3,0.06100270027373383,0.15891587640050195
subj02,V3,fold_2,vis2img,4,0.07095955554098021,0.19107645289680983
subj02,V3,fold_2,vis2img,5,0.0854240894871252,0.20422429590197383
subj02,V3,fold_2,vis2img,6,0.0915152670361258,0.1940522425568689
subj02,V3,fold_2,vis2img,7,0.09323586533244922,0.19444459490875066
subj02,V3,fold_2,vis2img,8,0.10198584419309334,0.18947283420336056
subj02,V3,fold_2,vis2img,9,0.1114940856519603,0.19759107561203643
subj02,V3,fold_2,vis2img,10,0.1049359242298332,0.20501943619691076
subj02,V3,fold_2,vis2img,11,0.10633698634119365,0.20649924576285014
subj02,V3,fold_2,vis2img,12,0.11212039912260803,0.20915551301317709
subj02,V3,fold_3,vis2img,1,0.03417275841569928,0.09847799015838116
subj02,V3,fold_3,vis2img,2,0.10636207042828293,0.1615282508888251
subj02,V3,fold_3,vis2img,3,0.15016556007620832,0.20068010889048454
subj02,V3,fold_3,vis2img,4,0.1775585214383616,0.21560876742703883
subj02,V3,fold_3,vis2img,5,0.17817311311529538,0.21685762927081484
subj02,V3,fold_3,vis2img,6,0.17737630727087764,0.21604047500985815
subj02,V3,fold_3,vis2img,7,0.17551589216048605,0.22370805299018534
subj02,V3,fold_3,vis2img,8,0.17972409108599932,0.22953267573678302
subj02,V3,fold_3,vis2img,9,0.17881561701654666,0.22503766513572465
subj02,V3,fold_3,vis2img,10,0.18483727108955217,0.22582092350465122
subj02,V3,fold_3,vis2img,11,0.18335072082213957,0.22424094978977716
subj02,V3,fold_3,vis2img,12,0.18264662317495645,0.224080563513742
subj02,hV4,fold_0,vis2img,1,-0.10248712040881731,0.11288727757669312
subj02,hV4,fold_0,vis2img,2,-0.13039051746904262,0.12301630940801862
subj02,hV4,fold_0,vis2img,3,-0.13195793480868473,0.11902568144461137
subj02,hV4,fold_0,vis2img,4,-0.04263545515035193,0.15687084535492435
subj02,hV4,fold_0,vis2img,5,-0.02413842199456587,0.16024594987910473
subj02,hV4,fold_0,vis2img,6,-0.03205540438416447,0.1654591431631554
subj02,hV4,fold_0,vis2img,7,-0.01907341179622213,0.15871876028503115
subj02,hV4,fold_0,vis2img,8,-0.02405635681818726,0.15786884331455453
subj02,hV4,fold_0,vis2img,9,-0.02446958226319648,0.15764058889429627
subj02,hV4,fold_0,vis2img,10,-0.024477990739683715,0.15764477006385952
subj02,hV4,fold_1,vis2img,1,0.10831931367792073,0.09190711555326128
subj02,hV4,fold_1,vis2img,2,0.08085443839355318,0.07210226446150365
subj02,hV4,fold_1,vis2img,3,0.01156833570032179,0.022155534352475796
subj02,hV4,fold_1,vis2img,4,0.05986146964879817,0.06243426885808334
subj02,hV4,fold_1,vis2img,5,0.06208661159343025,0.07503501680310282
subj02,hV4,fold_1,vis2img,6,0.06413359034849646,0.0856893567530161
subj02,hV4,fold_1,vis2img,7,0.061228915600488175,0.09239258423887689
subj02,hV4,fold_1,vis2img,8,0.05975823811840675,0.09894536334834
subj02,hV4,fold_1,vis2img,9,0.053251114007880226,0.09244963546494915
subj02,hV4,fold_1,vis2img,10,0.05342333658035198,0.0925619379441878
subj02,hV4,fold_2,vis2img,1,0.12228160253796214,0.40843941760223473
subj02,hV4,fold_2,vis2img,2,0.13313780819345825,0.33334422549354403
subj02,hV4,fold_2,vis2img,3,0.1291981580173544,0.3303616402079396
subj02,hV4,fold_2,vis2img,4,0.12633161108190621,0.33705035224427304
subj02,hV4,fold_2,vis2img,5,0.12686181233129262,0.3457859044594344
subj02,hV4,fold_2,vis2img,6,0.1279697103111535,0.33295855631888516
subj02,hV4,fold_2,vis2img,7,0.12820960975846385,0.3322316002538114
subj02,hV4,fold_2,vis2img,8,0.12884085193124203,0.33262803024591464
subj02,hV4,fold_2,vis2img,9,0.1293269478413167,0.3323697399548099
subj02,hV4,fold_2,vis2img,10,0.12937098266208313,0.332391073442312
subj02,hV4,fold_3,vis2img,1,0.1429883054209374,-0.030509574387348103
subj02,hV4,fold_3,vis2img,2,0.13978542022544801,-0.03099081215023606
subj02,hV4,fold_3,vis2img,3,0.1094096725770265,-0.02348894784250307
subj02,hV4,fold_3,vis2img,4,0.12069301894094402,-0.029454406695576148
subj02,hV4,fold_3,vis2img,5,0.10037104487751818,-0.032949047464287354
subj02,hV4,fold_3,vis2img,6,0.09329098016639807,-0.027081238022500814
subj02,hV4,fold_3,vis2img,7,0.11009108407462882,-0.01422271910282635
subj02,hV4,fold_3,vis2img,8,0.11208209824119082,-0.012198016381445118
subj02,hV4,fold_3,vis2img,9,0.11253368916916089,-0.012073446548611696
subj02,hV4,fold_3,vis2img,10,0.10336511131352602,-0.017515158894989738
subj02,ventral,fold_0,vis2img,1,-0.14551623100486744,-0.08818018161536277
subj02,ventral,fold_0,vis2img,2,-0.1255993922292846,-0.08414920543667079
subj02,ventral,fold_0,vis2img,3,0.05746958588259265,0.13918367448428803
subj02,ventral,fold_0,vis2img,4,0.08075248888939683,0.10919006871911385
subj02,ventral,fold_0,vis2img,5,0.0771186008992282,0.11647106317160781
subj02,ventral,fold_0,vis2img,6,0.06713343405464992,0.12672688289833076
subj02,ventral,fold_0,vis2img,7,0.05911123292496485,0.13975039009011597
subj02,ventral,fold_0,vis2img,8,0.06548583843152023,0.14667599757782568
subj02,ventral,fold_0,vis2img,9,0.06943572980940867,0.1597451951366762
subj02,ventral,fold_0,vis2img,10,0.07421098277920232,0.16369447107119406
subj02,ventral,fold_0,vis2img,11,0.07415663951943588,0.1688626011560003
subj02,ventral,fold_0,vis2img,12,0.0760829365691485,0.1683116086919406
subj02,ventral,fold_1,vis2img,1,0.08386430960718945,0.09336888170000195
subj02,ventral,fold_1,vis2img,2,0.11548584656769001,0.12780213567789708
subj02,ventral,fold_1,vis2img,3,0.1255336793775145,0.17070373587711515
subj02,ventral,fold_1,vis2img,4,0.15421339935210115,0.20482832876882912
subj02,ventral,fold_1,vis2img,5,0.15383167742119636,0.20676925155820003
subj02,ventral,fold_1,vis2img,6,0.15502229869881,0.23913973308036232
subj02,ventral,fold_1,vis2img,7,0.14245150914513113,0.2368195531581572
subj02,ventral,fold_1,vis2img,8,0.14803473975420223,0.24182281537873204
subj02,ventral,fold_1,vis2img,9,0.15496653040702119,0.24346811929443174
subj02,ventral,fold_1,vis2img,10,0.15428418669722416,0.23785355901457966
subj02,ventral,fold_1,vis2img,11,0.14873282168435717,0.23349035213596464
subj02,ventral,fold_1,vis2img,12,0.15117112792417423,0.22690087708706755
subj02,ventral,fold_2,vis2img,1,0.11055241658247936,0.1843244003911523
subj02,ventral,fold_2,vis2img,2,0.15544118819686564,0.21775827972657558
subj02,ventral,fold_2,vis2img,3,0.20498586101871696,0.24084384903243045
subj02,ventral,fold_2,vis2img,4,0.20807127652455287,0.24696905973050962
subj02,ventral,fold_2,vis2img,5,0.2098667681689047,0.2315554846006417
subj02,ventral,fold_2,vis2img,6,0.21557847745438818,0.24901869901811272
subj02,ventral,fold_2,vis2img,7,0.21284087355308712,0.25443687295439615
subj02,ventral,fold_2,vis2img,8,0.2144935510217614,0.2624784245011251
subj02,ventral,fold_2,vis2img,9,0.21876466690780058,0.2642872928489678
subj02,ventral,fold_2,vis2img,10,0.22565305136263394,0.27160331840530477
subj02,ventral,fold_2,vis2img,11,0.22374149635492935,0.26821828632367123
subj02,ventral,fold_2,vis2img,12,0.22281492939496658,0.2704860425763377
subj02,ventral,fold_3,vis2img,1,0.021748027197201893,0.028683250191067648
subj02,ventral,fold_3,vis2img,2,0.047829527420187416,0.03689164086845434
subj02,ventral,fold_3,vis2img,3,0.07562747142655149,0.08269314223363103
subj02,ventral,fold_3,vis2img,4,0.044880934906020374,0.09812761690478461
subj02,ventral,fold_3,vis2img,5,0.05989102916396944,0.11242426248366616
subj02,ventral,fold_3,vis2img,6,0.0666648842246557,0.11381834095488524
subj02,ventral,fold_3,vis2img,7,0.06816138498721387,0.13112678769997418
subj02,ventral,fold_3,vis2img,8,0.05053914504748363,0.10777056165172708
subj02,ventral,fold_3,vis2img,9,0.05838597207302228,0.11687255225590015
subj02,ventral,fold_3,vis2img,10,0.05915164108909879,0.12483672646235533
subj02,ventral,fold_3,vis2img,11,0.06032089219567929,0.13375773413466888
subj02,ventral,fold_3,vis2img,12,0.0617937212901182,0.13668089192014954
subj02,lateral,fold_0,vis2img,1,-0.17907509846835187,-0.08934784920772365
subj02,lateral,fold_0,vis2img,2,-0.0006167674978611315,0.08748734637440048
subj02,lateral,fold_0,vis2img,3,0.070076395001195,0.16339086988565232
subj02,lateral,fold_0,vis2img,4,0.07686352438913725,0.159781750333462
subj02,lateral,fold_0,vis2img,5,0.07956792211482927,0.17452836789182694
subj02,lateral,fold_0,vis2img,6,0.07785723711576245,0.1878162943965427
subj02,lateral,fold_0,vis2img,7,0.07566070963677599,0.18890426375875757
subj02,lateral,fold_0,vis2img,8,0.07705184530103891,0.18970055559547983
subj02,lateral,fold_0,vis2img,9,0.07153159453631415,0.18351723304275194
subj02,lateral,fold_0,vis2img,10,0.0647142554731423,0.17895858947513943
subj02,lateral,fold_0,vis2img,11,0.06523550895943131,0.17777904962211455
subj02,lateral,fold_0,vis2img,12,0.06362691932540548,0.17832232457859631
subj02,lateral,fold_1,vis2img,1,0.06635436718805345,0.08904499292798511
subj02,lateral,fold_1,vis2img,2,0.08854650163909655,0.10917580275666759
subj02,lateral,fold_1,vis2img,3,0.08620267162374372,0.16111337685555774
subj02,lateral,fold_1,vis2img,4,0.11176127659808344,0.19308462443944818
subj02,lateral,fold_1,vis2img,5,0.1316315951939363,0.20381959517181567
subj02,lateral,fold_1,vis2img,6,0.1329964704372489,0.2045693739306834
subj02,lateral,fold_1,vis2img,7,0.13268003737396353,0.20963898695606853
subj02,lateral,fold_1,vis2img,8,0.13449561473674876,0.21338366004700154
subj02,lateral,fold_1,vis2img,9,0.12407522069843946,0.22559138632807307
subj02,lateral,fold_1,vis2img,10,0.12376780023314504,0.22597119103682164
subj02,lateral,fold_1,vis2img,11,0.12970407739210524,0.227494957268508
subj02,lateral,fold_1,vis2img,12,0.13249728428504426,0.22756340481484685
subj02,lateral,fold_2,vis2img,1,-0.2130072337965712,0.02531505350417046
subj02,lateral,fold_2,vis2img,2,-0.09889600486160224,0.10219771425015299
subj02,lateral,fold_2,vis2img,3,-0.0034045635507723945,0.14394750596488246
subj02,lateral,fold_2,vis2img,4,0.04870050391585738,0.14210420738216295
subj02,lateral,fold_2,vis2img,5,0.05381748757413101,0.14233797982572144
subj02,lateral,fold_2,vis2img,6,0.0605824462289685,0.133321339183815
subj02,lateral,fold_2,vis2img,7,0.031063368834521432,0.13773417924688286
subj02,lateral,fold_2,vis2img,8,0.05499877709582984,0.1304028609820288
subj02,lateral,fold_2,vis2img,9,0.04629768809667428,0.1287258259588741
subj02,lateral,fold_2,vis2img,10,0.04605957159523869,0.12073555388763241
subj02,lateral,fold_2,vis2img,11,0.03785267195815285,0.11922575145908312
subj02,lateral,fold_2,vis2img,12,0.036564510591382215,0.11461018917520228
subj02,lateral,fold_3,vis2img,1,0.08945897038047755,0.12860152566778368
subj02,lateral,fold_3,vis2img,2,0.08015660782203382,0.20685996269891116
subj02,lateral,fold_3,vis2img,3,0.057302280328048065,0.20812069561780314
subj02,lateral,fold_3,vis2img,4,0.06006115561386127,0.2052405097320428
subj02,lateral,fold_3,vis2img,5,0.05985721781295256,0.17707761406037884
subj02,lateral,fold_3,vis2img,6,0.0743373345827342,0.15871019108976137
subj02,lateral,fold_3,vis2img,7,0.07983814635271592,0.15843045159030233
subj02,lateral,fold_3,vis2img,8,0.07811422592943866,0.1685818309837138
subj02,lateral,fold_3,vis2img,9,0.07780665893358558,0.16884480737246702
subj02,lateral,fold_3,vis2img,10,0.07141325035912542,0.1751745720129603
subj02,lateral,fold_3,vis2img,11,0.06910388437328015,0.18487372357375448
subj02,lateral,fold_3,vis2img,12,0.06679546762786281,0.18453727799049482
subj02,parietal,fold_0,vis2img,1,0.17770916827030242,0.15551337756918485
subj02,parietal,fold_0,vis2img,2,0.17864753680863488,0.20894451246346568
subj02,parietal,fold_0,vis2img,3,0.1628273772982873,0.24256017227140358
subj02,parietal,fold_0,vis2img,4,0.15971831593216845,0.2645847828356722
subj02,parietal,fold_0,vis2img,5,0.1489118293963865,0.2457499618090391
subj02,parietal,fold_0,vis2img,6,0.14071159805114478,0.24448286727267868
subj02,parietal,fold_0,vis2img,7,0.1677424058955892,0.24990653294926807
subj02,parietal,fold_0,vis2img,8,0.17328689373648254,0.2548722175981827
subj02,parietal,fold_0,vis2img,9,0.18032425139201963,0.25444760803631344
subj02,parietal,fold_0,vis2img,10,0.18653128168288302,0.25229572404050443
subj02,parietal,fold_0,vis2img,11,0.1829969982741824,0.2504442553431489
subj02,parietal,fold_0,vis2img,12,0.19261728363749078,0.2500745684542566
subj02,parietal,fold_1,vis2img,1,0.17350945264112672,0.21714865091709476
subj02,parietal,fold_1,vis2img,2,0.2001898983669815,0.24556332840545694
subj02,parietal,fold_1,vis2img,3,0.18555159981037245,0.2526249506219337
subj02,parietal,fold_1,vis2img,4,0.18930690446317489,0.25944633183810584
subj02,parietal,fold_1,vis2img,5,0.20591013482921056,0.26969849085023867
subj02,parietal,fold_1,vis2img,6,0.20591013482920978,0.26969849085023756
subj02,parietal,fold_1,vis2img,7,0.1953361769567397,0.2664335021581428
subj02,parietal,fold_1,vis2img,8,0.18526252610195043,0.24875788687456998
subj02,parietal,fold_1,vis2img,9,0.18696311971607554,0.2592338462720761
subj02,parietal,fold_1,vis2img,10,0.19211737777489318,0.25907132246597214
subj02,parietal,fold_1,vis2img,11,0.1758576291687073,0.2397373193136243
subj02,parietal,fold_1,vis2img,12,0.17775175792106965,0.23696370131405398
subj02,parietal,fold_2,vis2img,1,0.1949956041321778,0.07685105733956074
subj02,parietal,fold_2,vis2img,2,0.1534935508178792,0.0536101734502381
subj02,parietal,fold_2,vis2img,3,0.1752677139926496,0.07304254402923827
subj02,parietal,fold_2,vis2img,4,0.1708792900734875,0.07207060573751167
subj02,parietal,fold_2,vis2img,5,0.16130032400549502,0.067426229331561
subj02,parietal,fold_2,vis2img,6,0.16130032400549896,0.0674262293315443
subj02,parietal,fold_2,vis2img,7,0.14653898250541092,0.04588075645640145
subj02,parietal,fold_2,vis2img,8,0.14653898250539427,0.04588075645640112
subj02,parietal,fold_2,vis2img,9,0.1157850540961306,0.052386347998931534
subj02,parietal,fold_2,vis2img,10,0.13741834485822707,0.05411930435671254
subj02,parietal,fold_2,vis2img,11,0.12631868434461652,0.06354882402375428
subj02,parietal,fold_2,vis2img,12,0.11322363734150862,0.06153941217586462
subj02,parietal,fold_3,vis2img,1,0.2709021827748497,0.24589810363268647
subj02,parietal,fold_3,vis2img,2,0.28791961888147927,0.25212659263807635
subj02,parietal,fold_3,vis2img,3,0.2683598458070534,0.2684509942902731
subj02,parietal,fold_3,vis2img,4,0.24848446810574867,0.26323292768717677
subj02,parietal,fold_3,vis2img,5,0.25528456989617276,0.2964805488617254
subj02,parietal,fold_3,vis2img,6,0.2525831461395786,0.3047050353362463
subj02,parietal,fold_3,vis2img,7,0.2462932716239287,0.30681876525443913
subj02,parietal,fold_3,vis2img,8,0.2489386503798772,0.30923693580034217
subj02,parietal,fold_3,vis2img,9,0.24504942394986914,0.30494714067998857
subj02,parietal,fold_3,vis2img,10,0.2541727298694751,0.31409342667642365
subj02,parietal,fold_3,vis2img,11,0.23990556272466262,0.31091179978592387
subj02,parietal,fold_3,vis2img,12,0.24159381830803656,0.30532080470910183
subj03,V1,fold_0,vis2img,1,0.6253896594231964,0.41965858475802065
subj03,V1,fold_0,vis2img,2,0.619372535609507,0.4231410454432111
subj03,V1,fold_0,vis2img,3,0.6128419469340922,0.4307662018835019
subj03,V1,fold_0,vis2img,4,0.6111980776446335,0.4309213697990251
subj03,V1,fold_0,vis2img,5,0.6105217932172633,0.43220720864906687
subj03,V1,fold_0,vis2img,6,0.6039543018797724,0.43316291651844424
subj03,V1,fold_0,vis2img,7,0.5935216645976569,0.4362068468292186
subj03,V1,fold_0,vis2img,8,0.5861891839118434,0.4376753673930654
subj03,V1,fold_0,vis2img,9,0.5796041976387307,0.43836581091456
subj03,V1,fold_0,vis2img,10,0.5647566041879238,0.4386288440215634
subj03,V1,fold_0,vis2img,11,0.5640801358329104,0.43887741774186134
subj03,V1,fold_0,vis2img,12,0.5629025780681028,0.4391679105412602
subj03,V1,fold_1,vis2img,1,0.1777149652051986,0.47280514663385936
subj03,V1,fold_1,vis2img,2,0.16420332803278345,0.4757712690180381
subj03,V1,fold_1,vis2img,3,0.16667170746065618,0.4757451820856792
subj03,V1,fold_1,vis2img,4,0.166788723421442,0.4726607854004412
subj03,V1,fold_1,vis2img,5,0.16832619624066772,0.47462498541292014
subj03,V1,fold_1,vis2img,6,0.18263066587537355,0.48511611540742755
subj03,V1,fold_1,vis2img,7,0.18148248776185538,0.4836688394953449
subj03,V1,fold_1,vis2img,8,0.18517120324487005,0.4893756647245425
subj03,V1,fold_1,vis2img,9,0.1852133241177881,0.4888314823355745
subj03,V1,fold_1,vis2img,10,0.18505774227209779,0.489214875055456
subj03,V1,fold_1,vis2img,11,0.18492779756255326,0.4901216642668841
subj03,V1,fold_1,vis2img,12,0.18457081554880678,0.48981971279591446
subj03,V1,fold_2,vis2img,1,0.5093351718125448,0.38629384354324464
subj03,V1,fold_2,vis2img,2,0.5319434339931842,0.39770911383313334
subj03,V1,fold_2,vis2img,3,0.5258449426763178,0.41019222899226154
subj03,V1,fold_2,vis2img,4,0.5225058543536257,0.4128118824661995
subj03,V1,fold_2,vis2img,5,0.5221220511450577,0.4132374261743363
subj03,V1,fold_2,vis2img,6,0.5181763653722857,0.4161684350887848
subj03,V1,fold_2,vis2img,7,0.517460460962797,0.418729837017005
subj03,V1,fold_2,vis2img,8,0.5128118420160414,0.41968900700631895
subj03,V1,fold_2,vis2img,9,0.5133507541733235,0.4193002167634852
subj03,V1,fold_2,vis2img,10,0.5117905485355962,0.4191060547469455
subj03,V1,fold_2,vis2img,11,0.5108276600716106,0.4174186617941855
subj03,V1,fold_2,vis2img,12,0.5108117112653274,0.4181940548551648
subj03,V1,fold_3,vis2img,1,0.3058792811123889,0.6254119973339728
subj03,V1,fold_3,vis2img,2,0.29923947105480075,0.6380538099495647
subj03,V1,fold_3,vis2img,3,0.2686098910535955,0.6332820800061701
subj03,V1,fold_3,vis2img,4,0.2682945637795514,0.637476702890334
subj03,V1,fold_3,vis2img,5,0.2624690338810135,0.6336863023069832
subj03,V1,fold_3,vis2img,6,0.26112101545976235,0.6334657927918834
subj03,V1,fold_3,vis2img,7,0.2608152513288833,0.6335743900438424
subj03,V1,fold_3,vis2img,8,0.2606525452987375,0.6334928701072047
subj03,V1,fold_3,vis2img,9,0.26065518985598446,0.6335298621007657
subj03,V1,fold_3,vis2img,10,0.26076697861472176,0.6335159142104269
subj03,V1,fold_3,vis2img,11,0.2607928498817512,0.6335171853283179
subj03,V1,fold_3,vis2img,12,0.26076355299819937,0.6335004498529732
subj03,V2,fold_0,vis2img,1,-0.22921519919797181,-0.03201826115739639
subj03,V2,fold_0,vis2img,2,0.14733106232333243,0.11070685253201173
subj03,V2,fold_0,vis2img,3,0.13359342578669559,0.16324391242135214
subj03,V2,fold_0,vis2img,4,0.13330723493226185,0.16269447148146388
subj03,V2,fold_0,vis2img,5,0.1525664163421845,0.1747050559470258
subj03,V2,fold_0,vis2img,6,0.14703798647549277,0.1704850071971345
subj03,V2,fold_0,vis2img,7,0.15732342487023465,0.17164043922970426
subj03,V2,fold_0,vis2img,8,0.16179524307184318,0.18722245367512977
subj03,V2,fold_0,vis2img,9,0.1732041371383592,0.20163895722294325
subj03,V2,fold_0,vis2img,10,0.174028611805284,0.2044910982885794
subj03,V2,fold_0,vis2img,11,0.16723654882705616,0.20529497665245322
subj03,V2,fold_0,vis2img,12,0.14564589558391286,0.20684407672964958
subj03,V2,fold_1,vis2img,1,0.027529035472807967,0.135423841214905
subj03,V2,fold_1,vis2img,2,0.01607888293378753,0.15185097772040776
subj03,V2,fold_1,vis2img,3,0.017373385423630296,0.15552460664950948
subj03,V2,fold_1,vis2img,4,0.02008592619152519,0.1570073682738149
subj03,V2,fold_1,vis2img,5,0.020751714158341924,0.15776720072694636
subj03,V2,fold_1,vis2img,6,0.02027530379496789,0.15882335743322037
subj03,V2,fold_1,vis2img,7,0.02101887007002452,0.157919244049123
subj03,V2,fold_1,vis2img,8,0.01719472397920691,0.1609429818815795
subj03,V2,fold_1,vis2img,9,0.020713619395037075,0.16163452158916486
subj03,V2,fold_1,vis2img,10,0.020573976983516408,0.1608018458519
subj03,V2,fold_1,vis2img,11,0.020869697615434085,0.16034211110239918
subj03,V2,fold_1,vis2img,12,0.02125042949950934,0.16048323559719438
subj03,V2,fold_2,vis2img,1,0.35727695434082996,0.1499190182514737
subj03,V2,fold_2,vis2img,2,0.33960876482527225,0.18369684739963799
subj03,V2,fold_2,vis2img,3,0.3254779366577718,0.1954217950176888
subj03,V2,fold_2,vis2img,4,0.30974088940068006,0.2047819603154984
subj03,V2,fold_2,vis2img,5,0.30710549324141795,0.205947508794164
subj03,V2,fold_2,vis2img,6,0.29571551665278156,0.21028121582867018
subj03,V2,fold_2,vis2img,7,0.2853933929386874,0.19971030437121778
subj03,V2,fold_2,vis2img,8,0.2868742208568245,0.19730155681964986
subj03,V2,fold_2,vis2img,9,0.2839845716106878,0.19707954915787151
subj03,V2,fold_2,vis2img,10,0.2844027300089403,0.19648115452425002
subj03,V2,fold_2,vis2img,11,0.2849275499544072,0.19549515129299208
subj03,V2,fold_2,vis2img,12,0.2830461505927027,0.19509098609161946
subj03,V2,fold_3,vis2img,1,0.09032357050952003,0.3831690568813497
subj03,V2,fold_3,vis2img,2,0.11556446708186616,0.39875327009515293
subj03,V2,fold_3,vis2img,3,0.11074067403911217,0.3989612967931718
subj03,V2,fold_3,vis2img,4,0.11438277200096086,0.401823923082592
subj03,V2,fold_3,vis2img,5,0.11665945691735702,0.4149938548042656
subj03,V2,fold_3,vis2img,6,0.1161996029919504,0.41501239240417176
subj03,V2,fold_3,vis2img,7,0.11095800213329311,0.41277106355672116
subj03,V2,fold_3,vis2img,8,0.11470004444314959,0.40913858558603716
subj03,V2,fold_3,vis2img,9,0.11496814638467814,0.40670687299281955
subj03,V2,fold_3,vis2img,10,0.11167043368921083,0.40690886894323514
subj03,V2,fold_3,vis2img,11,0.11825249532208174,0.4069164077366584
subj03,V2,fold_3,vis2img,12,0.11850311091444929,0.40955982424951787
subj03,V3,fold_0,vis2img,1,0.0919322350495503,0.3095513453889042
subj03,V3,fold_0,vis2img,2,0.07324360729744395,0.2975615463703681
subj03,V3,fold_0,vis2img,3,0.03397420303842789,0.27611343322469656
subj03,V3,fold_0,vis2img,4,0.11421565386758391,0.31560437567772276
subj03,V3,fold_0,vis2img,5,0.15176716817463148,0.3305248484173236
subj03,V3,fold_0,vis2img,6,0.14610308002322228,0.33038401921436417
subj03,V3,fold_0,vis2img,7,0.23057954794107494,0.34704743006285577
subj03,V3,fold_0,vis2img,8,0.24286403982575955,0.34938601482469295
subj03,V3,fold_0,vis2img,9,0.25229281172749723,0.34519044495577283
subj03,V3,fold_0,vis2img,10,0.2540787184208657,0.328224049629159
subj03,V3,fold_0,vis2img,11,0.2513353807896491,0.3278218891358469
subj03,V3,fold_0,vis2img,12,0.25577562624251154,0.3293741437928371
subj03,V3,fold_1,vis2img,1,-0.002740332823612497,0.22191854843649753
subj03,V3,fold_1,vis2img,2,0.030768199648524907,0.21074538748921148
subj03,V3,fold_1,vis2img,3,0.0001212001375943917,0.2427417476235955
subj03,V3,fold_1,vis2img,4,-0.009057228867492283,0.24165420771550844
subj03,V3,fold_1,vis2img,5,0.008794758012658542,0.23696025232122317
subj03,V3,fold_1,vis2img,6,0.007838860628666068,0.23029203095325404
subj03,V3,fold_1,vis2img,7,0.005940403819388446,0.23327520185434403
subj03,V3,fold_1,vis2img,8,0.004515306974852466,0.23108412967994058
subj03,V3,fold_1,vis2img,9,0.003983782712927977,0.23009668345436937
subj03,V3,fold_1,vis2img,10,0.004006355219817666,0.2300884952410346
subj03,V3,fold_1,vis2img,11,0.003840544704568741,0.2293954172371042
subj03,V3,fold_1,vis2img,12,0.0037369997214126353,0.2292683792349979
subj03,V3,fold_2,vis2img,1,0.39487222069423966,0.18632665626745604
subj03,V3,fold_2,vis2img,2,0.3432640772389481,0.19343517216439396
subj03,V3,fold_2,vis2img,3,0.34064587577853056,0.19612758467636082
subj03,V3,fold_2,vis2img,4,0.32268391299133053,0.17939087751621458
subj03,V3,fold_2,vis2img,5,0.3200387295574875,0.17818262133141285
subj03,V3,fold_2,vis2img,6,0.33757863477450184,0.19121935856534178
subj03,V3,fold_2,vis2img,7,0.3394717316321424,0.1875198197331302
subj03,V3,fold_2,vis2img,8,0.33922795747441603,0.18850537065317013
subj03,V3,fold_2,vis2img,9,0.34242998967591565,0.1727292089631902
subj03,V3,fold_2,vis2img,10,0.34264097343290895,0.1736602930141079
subj03,V3,fold_2,vis2img,11,0.3425039696680429,0.17335564325322053
subj03,V3,fold_2,vis2img,12,0.34248887631480723,0.17334712554892162
subj03,V3,fold_3,vis2img,1,0.0756417890783011,0.46885340967437944
subj03,V3,fold_3,vis2img,2,0.06836586277806944,0.301263955629031
subj03,V3,fold_3,vis2img,3,0.08127781369460288,0.3318493034262077
subj03,V3,fold_3,vis2img,4,0.07952459521723679,0.3299904640085031
subj03,V3,fold_3,vis2img,5,0.07827741285049522,0.3132130887578502
subj03,V3,fold_3,vis2img,6,0.08196830633313029,0.3730417522798309
subj03,V3,fold_3,vis2img,7,0.08196830633312907,0.3730417522798315
subj03,V3,fold_3,vis2img,8,0.06784711838173262,0.3282200162265575
subj03,V3,fold_3,vis2img,9,0.06784711838167953,0.32822001622653457
subj03,V3,fold_3,vis2img,10,0.08372152481048999,0.37490059169753465
subj03,V3,fold_3,vis2img,11,0.08372152481048949,0.3749005916975361
subj03,V3,fold_3,vis2img,12,0.08372152481049007,0.3749005916975352
subj03,hV4,fold_0,vis2img,1,0.06971427866178065,0.27799710463033656
subj03,hV4,fold_0,vis2img,2,0.04294276640488828,0.3559441364787448
subj03,hV4,fold_0,vis2img,3,0.054124470630801315,0.3573457631702994
subj03,hV4,fold_0,vis2img,4,0.0685583406826894,0.3504532175497214
subj03,hV4,fold_0,vis2img,5,0.07087853534880538,0.35445210268311395
subj03,hV4,fold_0,vis2img,6,0.07161980237511031,0.3591976888963117
subj03,hV4,fold_0,vis2img,7,0.08819473223180142,0.35208749948100404
subj03,hV4,fold_0,vis2img,8,0.08809737394702476,0.3521631923032872
subj03,hV4,fold_0,vis2img,9,0.08973751816341585,0.35078777922051435
subj03,hV4,fold_1,vis2img,1,0.19353571441926468,0.09902838641266731
subj03,hV4,fold_1,vis2img,2,0.19353571441926484,0.09902838641266744
subj03,hV4,fold_1,vis2img,3,0.19353571441926493,0.0990283864126675
subj03,hV4,fold_1,vis2img,4,0.19353571441926512,0.09902838641266774
subj03,hV4,fold_1,vis2img,5,0.19353571441926512,0.09902838641266791
subj03,hV4,fold_1,vis2img,6,0.1935357144192652,0.09902838641266792
subj03,hV4,fold_1,vis2img,7,0.19353571441926531,0.0990283864126677
subj03,hV4,fold_1,vis2img,8,0.1935357144192651,0.09902838641266777
subj03,hV4,fold_1,vis2img,9,0.1935357144192652,0.09902838641266762
subj03,hV4,fold_2,vis2img,1,0.15226523868524,-0.04319831343125567
subj03,hV4,fold_2,vis2img,2,0.07874103752570528,0.13035167520766222
subj03,hV4,fold_2,vis2img,3,0.07174061380044008,0.14491476269552067
subj03,hV4,fold_2,vis2img,4,0.07713234147137021,0.1854861363958856
subj03,hV4,fold_2,vis2img,5,0.08895539793449782,0.18394694864018332
subj03,hV4,fold_2,vis2img,6,0.08592849509559114,0.18844163140425627
subj03,hV4,fold_2,vis2img,7,0.09089742409461753,0.19299363692757263
subj03,hV4,fold_2,vis2img,8,0.08878118843937308,0.18980153267149671
subj03,hV4,fold_2,vis2img,9,0.08875993108762385,0.18958925839483423
subj03,hV4,fold_3,vis2img,1,0.06838438165498241,0.2586183168377468
subj03,hV4,fold_3,vis2img,2,0.07932871145013393,0.2688576248853659
subj03,hV4,fold_3,vis2img,3,0.06633863647746836,0.2730956870187015
subj03,hV4,fold_3,vis2img,4,0.08505326952238518,0.2936170877134032
subj03,hV4,fold_3,vis2img,5,0.0919681881841186,0.29085391957505985
subj03,hV4,fold_3,vis2img,6,0.09297199775457143,0.2896564072988627
subj03,hV4,fold_3,vis2img,7,0.09277598889163936,0.28938380000690866
subj03,hV4,fold_3,vis2img,8,0.09269306343022239,0.28942384176732233
subj03,hV4,fold_3,vis2img,9,0.09269071960122559,0.28941387147983716
subj03,ventral,fold_0,vis2img,1,0.04624862271393827,0.0026767177849079914
subj03,ventral,fold_0,vis2img,2,0.0973317865284811,0.11197048590964265
subj03,ventral,fold_0,vis2img,3,0.07538917738627703,0.07482510411210237
subj03,ventral,fold_0,vis2img,4,0.06232815225773699,0.03331825567842153
subj03,ventral,fold_0,vis2img,5,0.13131436644528688,0.10974251403956853
subj03,ventral,fold_0,vis2img,6,0.12639590233388576,0.13438073793285704
subj03,ventral,fold_0,vis2img,7,0.13979866990792683,0.12230205025265091
subj03,ventral,fold_0,vis2img,8,0.14314219213333024,0.11412310048392382
subj03,ventral,fold_0,vis2img,9,0.1399751534489872,0.12092046382493575
subj03,ventral,fold_0,vis2img,10,0.14517842136729964,0.13194119189136616
subj03,ventral,fold_0,vis2img,11,0.164848430534005,0.13565055824418304
subj03,ventral,fold_0,vis2img,12,0.15509765073530982,0.14075550452570199
subj03,ventral,fold_1,vis2img,1,-0.09965941381795804,0.031400214547338545
subj03,ventral,fold_1,vis2img,2,-0.010819260948296158,0.14413313415484597
subj03,ventral,fold_1,vis2img,3,-0.023888470340950877,0.13458873149880718
subj03,ventral,fold_1,vis2img,4,-0.023920202559966682,0.1682445718619684
subj03,ventral,fold_1,vis2img,5,-0.025520895588160758,0.14030125765316007
subj03,ventral,fold_1,vis2img,6,-0.030903487873237073,0.151954326492066
subj03,ventral,fold_1,vis2img,7,-0.02685336162739605,0.1508358741075319
subj03,ventral,fold_1,vis2img,8,-0.009984124208407906,0.12629190689298245
subj03,ventral,fold_1,vis2img,9,-0.001110436210307413,0.14076097113211122
subj03,ventral,fold_1,vis2img,10,0.0024748547662487843,0.1424079743559301
subj03,ventral,fold_1,vis2img,11,0.001487698270371256,0.1396419141406762
subj03,ventral,fold_1,vis2img,12,0.0031088977781490554,0.14611316294074136
subj03,ventral,fold_2,vis2img,1,0.151976099083053,0.21364389212684448
subj03,ventral,fold_2,vis2img,2,0.14990969999930223,0.2219102525099712
subj03,ventral,fold_2,vis2img,3,0.14073872663622738,0.24053085105124689
subj03,ventral,fold_2,vis2img,4,0.13143893255625017,0.20284863261473055
subj03,ventral,fold_2,vis2img,5,0.06989238190750768,0.1965891891909739
subj03,ventral,fold_2,vis2img,6,0.06530304083779452,0.20660435557317963
subj03,ventral,fold_2,vis2img,7,0.049561948264200746,0.18351718098231468
subj03,ventral,fold_2,vis2img,8,0.06787879124760751,0.21499877701885603
subj03,ventral,fold_2,vis2img,9,0.0644655297956646,0.21725485515467902
subj03,ventral,fold_2,vis2img,10,0.06548292646722031,0.21965154573142992
subj03,ventral,fold_2,vis2img,11,0.08978815542430434,0.2443726187712324
subj03,ventral,fold_2,vis2img,12,0.09475955189376667,0.2473582498758845
subj03,ventral,fold_3,vis2img,1,-0.1571298608003541,0.011056461829253607
subj03,ventral,fold_3,vis2img,2,0.004260339450397069,0.12925278458643388
subj03,ventral,fold_3,vis2img,3,0.014589867612229877,0.14847406563746593
subj03,ventral,fold_3,vis2img,4,0.007419803146570157,0.15830936711679608
subj03,ventral,fold_3,vis2img,5,0.022216338061236088,0.1630874155696
subj03,ventral,fold_3,vis2img,6,0.021588144860654405,0.16422394437796886
subj03,ventral,fold_3,vis2img,7,0.024256961619564026,0.18030800262385827
subj03,ventral,fold_3,vis2img,8,0.026216375266262682,0.18303908151539028
subj03,ventral,fold_3,vis2img,9,0.02116888807578621,0.18666101479548772
subj03,ventral,fold_3,vis2img,10,0.027063844579434986,0.18320351673066382
subj03,ventral,fold_3,vis2img,11,0.026758848390624354,0.17663461239795064
subj03,ventral,fold_3,vis2img,12,0.02726180213480649,0.17834018852558392
subj03,lateral,fold_0,vis2img,1,-0.01358518516882658,0.07133912165884347
subj03,lateral,fold_0,vis2img,2,0.16308015379729338,0.26636659333184093
subj03,lateral,fold_0,vis2img,3,0.1521714908477827,0.3100063189317494
subj03,lateral,fold_0,vis2img,4,0.14781526133505513,0.3013455069833364
subj03,lateral,fold_0,vis2img,5,0.12966385945004474,0.29774603108349057
subj03,lateral,fold_0,vis2img,6,0.14013862692160597,0.3065830517386171
subj03,lateral,fold_0,vis2img,7,0.13664422493051834,0.2914927190655053
subj03,lateral,fold_0,vis2img,8,0.1323574897679918,0.2906519958428962
subj03,lateral,fold_0,vis2img,9,0.12461676722413896,0.2970137098669305
subj03,lateral,fold_0,vis2img,10,0.1257459931724592,0.29909444363732673
subj03,lateral,fold_0,vis2img,11,0.12340026810956008,0.29392899739579925
subj03,lateral,fold_0,vis2img,12,0.11423818923701187,0.2677004940688645
subj03,lateral,fold_1,vis2img,1,-0.1655051165734295,0.13526650649194974
subj03,lateral,fold_1,vis2img,2,0.05612873216854747,0.24471025263819182
subj03,lateral,fold_1,vis2img,3,0.05660138652504441,0.2389003822166512
subj03,lateral,fold_1,vis2img,4,0.054261733358255966,0.20636225206396958
subj03,lateral,fold_1,vis2img,5,0.041465003102154584,0.21345052438426698
subj03,lateral,fold_1,vis2img,6,0.025063812323278964,0.22236505412819885
subj03,lateral,fold_1,vis2img,7,0.06243966091418843,0.21871955467010887
subj03,lateral,fold_1,vis2img,8,0.05432005585737957,0.22066236500211256
subj03,lateral,fold_1,vis2img,9,0.06653391084063333,0.21932656889577642
subj03,lateral,fold_1,vis2img,10,0.03671694648675784,0.21500880513363102
subj03,lateral,fold_1,vis2img,11,0.02728244831740291,0.21833746404976762
subj03,lateral,fold_1,vis2img,12,0.027856646728649063,0.21955306262804788
subj03,lateral,fold_2,vis2img,1,-0.16634973844290113,-0.14111148337024082
subj03,lateral,fold_2,vis2img,2,-0.08546834988062439,-0.039259195343914643
subj03,lateral,fold_2,vis2img,3,-0.12554860839275386,-0.04919660057202428
subj03,lateral,fold_2,vis2img,4,-0.10297852299738317,0.02182052755376684
subj03,lateral,fold_2,vis2img,5,-0.1033883983025662,0.02101317701503079
subj03,lateral,fold_2,vis2img,6,-0.008384632997302332,0.08696012693473272
subj03,lateral,fold_2,vis2img,7,0.001631426565630637,0.09139816810490249
subj03,lateral,fold_2,vis2img,8,-0.005830276840050663,0.07299601951117744
subj03,lateral,fold_2,vis2img,9,0.0014907206413509204,0.08317988114942598
subj03,lateral,fold_2,vis2img,10,0.0016597642617351119,0.08252233716559623
subj03,lateral,fold_2,vis2img,11,-0.0005261597805173861,0.0842596403787539
subj03,lateral,fold_2,vis2img,12,-0.0014783003017676414,0.08682915839537153
subj03,lateral,fold_3,vis2img,1,0.07742405173223196,0.18372477455093475
subj03,lateral,fold_3,vis2img,2,0.13157751386509114,0.20588626841401617
subj03,lateral,fold_3,vis2img,3,0.11350632720060826,0.19448688329281766
subj03,lateral,fold_3,vis2img,4,0.10963123114553498,0.2090866261767996
subj03,lateral,fold_3,vis2img,5,0.12194291011354405,0.20720885337245734
subj03,lateral,fold_3,vis2img,6,0.12068540219460673,0.21692229230513388
subj03,lateral,fold_3,vis2img,7,0.11982469658838976,0.2213716252244403
subj03,lateral,fold_3,vis2img,8,0.11202107201716716,0.2250171633034528
subj03,lateral,fold_3,vis2img,9,0.11047901077614865,0.21862848879960792
subj03,lateral,fold_3,vis2img,10,0.09741180753188648,0.22675161980227584
subj03,lateral,fold_3,vis2img,11,0.09415230011850333,0.22865591351878098
subj03,lateral,fold_3,vis2img,12,0.09201611279355644,0.23331736872660622
subj03,parietal,fold_0,vis2img,1,0.16638246022611017,0.23698290352943935
subj03,parietal,fold_0,vis2img,2,0.24725951568392537,0.2945360099027023
subj03,parietal,fold_0,vis2img,3,0.24283548557831508,0.3083422034848646
subj03,parietal,fold_0,vis2img,4,0.23056511339288624,0.29146911130316006
subj03,parietal,fold_0,vis2img,5,0.2254059758174553,0.3008363516024203
subj03,parietal,fold_0,vis2img,6,0.2192047805064158,0.2879049894041371
subj03,parietal,fold_0,vis2img,7,0.21453017783372966,0.28219967005436675
subj03,parietal,fold_0,vis2img,8,0.22019547351118185,0.2931679893600895
subj03,parietal,fold_0,vis2img,9,0.22719335515801936,0.2977198471387454
subj03,parietal,fold_0,vis2img,10,0.23611923066635584,0.2976872051041751
subj03,parietal,fold_0,vis2img,11,0.25239616170247076,0.29987914548229583
subj03,parietal,fold_0,vis2img,12,0.2504082232742067,0.2988808059515532
subj03,parietal,fold_1,vis2img,1,-0.030498397481009024,0.3481355767432782
subj03,parietal,fold_1,vis2img,2,-0.026717947942631638,0.3069642513449374
subj03,parietal,fold_1,vis2img,3,0.1042813778120431,0.3077565054336575
subj03,parietal,fold_1,vis2img,4,0.08932677599694162,0.3511089917336356
subj03,parietal,fold_1,vis2img,5,0.1243850636891257,0.3650336451127622
subj03,parietal,fold_1,vis2img,6,0.12007562327295207,0.36362424101303087
subj03,parietal,fold_1,vis2img,7,0.12331148145800401,0.36064721982430537
subj03,parietal,fold_1,vis2img,8,0.13144280175068015,0.35792468268862454
subj03,parietal,fold_1,vis2img,9,0.14126854466197,0.3597116595683529
subj03,parietal,fold_1,vis2img,10,0.14003845018520028,0.3618271965205001
subj03,parietal,fold_1,vis2img,11,0.13878832268959881,0.3637738748511445
subj03,parietal,fold_1,vis2img,12,0.13784663826429133,0.3654226276140876
subj03,parietal,fold_2,vis2img,1,-0.21628250056136183,0.1659919103888873
subj03,parietal,fold_2,vis2img,2,0.1499231180029294,0.3127005235034782
subj03,parietal,fold_2,vis2img,3,0.19087258270070565,0.32066526052952654
subj03,parietal,fold_2,vis2img,4,0.2924896089344617,0.29096326059084987
subj03,parietal,fold_2,vis2img,5,0.28772716325030434,0.29624803296753
subj03,parietal,fold_2,vis2img,6,0.2872290207406856,0.2904971283917955
subj03,parietal,fold_2,vis2img,7,0.2886474288849781,0.2896095446945742
subj03,parietal,fold_2,vis2img,8,0.2770874715638784,0.2863670079732927
subj03,parietal,fold_2,vis2img,9,0.2530582810269251,0.276705772635076
subj03,parietal,fold_2,vis2img,10,0.24355858390912957,0.2724750239336035
subj03,parietal,fold_2,vis2img,11,0.2581500809497097,0.2781836256189829
subj03,parietal,fold_2,vis2img,12,0.26134360400521217,0.2798489216103685
subj03,parietal,fold_3,vis2img,1,0.023224930402985962,0.28915015571149066
subj03,parietal,fold_3,vis2img,2,0.05141687684027113,0.31040622450354594
subj03,parietal,fold_3,vis2img,3,0.0455845502538946,0.31686080616813
subj03,parietal,fold_3,vis2img,4,0.04130519126832786,0.2967721438192183
subj03,parietal,fold_3,vis2img,5,0.06250885765252703,0.28386293923603684
subj03,parietal,fold_3,vis2img,6,0.06523916845720278,0.2743808771758736
subj03,parietal,fold_3,vis2img,7,0.0674014103222677,0.27329574374985793
subj03,parietal,fold_3,vis2img,8,0.06694139611033442,0.2752337244629102
subj03,parietal,fold_3,vis2img,9,0.06808330235895683,0.2704759050092044
subj03,parietal,fold_3,vis2img,10,0.06779713103272592,0.2698311505195477
subj03,parietal,fold_3,vis2img,11,0.06725610246410882,0.2610055648400839
subj03,parietal,fold_3,vis2img,12,0.059690831902574557,0.25900589529630696
subj04,V1,fold_0,vis2img,1,0.42223952011206917,0.3561025093793018
subj04,V1,fold_0,vis2img,2,0.41522171190727836,0.3212279266910013
subj04,V1,fold_0,vis2img,3,0.4311894233071177,0.3481196394331803
subj04,V1,fold_0,vis2img,4,0.38913974861252254,0.3452130039187767
subj04,V1,fold_0,vis2img,5,0.33142758812710343,0.34317652056497594
subj04,V1,fold_0,vis2img,6,0.35804010924329194,0.36774843985548533
subj04,V1,fold_0,vis2img,7,0.3588558602320069,0.36646344837981
subj04,V1,fold_0,vis2img,8,0.34737333268408727,0.36521884082552947
subj04,V1,fold_0,vis2img,9,0.36777547570143093,0.36465067387254374
subj04,V1,fold_0,vis2img,10,0.36547524334878645,0.3669120890213038
subj04,V1,fold_0,vis2img,11,0.3646788798410342,0.3665618877907586
subj04,V1,fold_0,vis2img,12,0.3649512948952136,0.36629232128516953
subj04,V1,fold_1,vis2img,1,0.0972546027429226,0.37323509383212033
subj04,V1,fold_1,vis2img,2,0.12391037477751893,0.2660643020813428
subj04,V1,fold_1,vis2img,3,0.2258655009632498,0.199121054624195
subj04,V1,fold_1,vis2img,4,0.2087103187145688,0.17040196430902452
subj04,V1,fold_1,vis2img,5,0.17488502449884,0.15626761685096568
subj04,V1,fold_1,vis2img,6,0.19369256259792095,0.15995739632162154
subj04,V1,fold_1,vis2img,7,0.17444562746848424,0.19027599843426038
subj04,V1,fold_1,vis2img,8,0.20209470962060164,0.249989018696007
subj04,V1,fold_1,vis2img,9,0.2000849971692832,0.25334105806565776
subj04,V1,fold_1,vis2img,10,0.19461778522178208,0.26571358825996017
subj04,V1,fold_1,vis2img,11,0.1945278805750053,0.26605269231826756
subj04,V1,fold_1,vis2img,12,0.19259622861762743,0.26372853421519227
subj04,V1,fold_2,vis2img,1,0.4098653619155403,0.460768372743764
subj04,V1,fold_2,vis2img,2,0.40986536191554024,0.4607683727437639
subj04,V1,fold_2,vis2img,3,0.4098653619155405,0.4607683727437641
subj04,V1,fold_2,vis2img,4,0.40986536191554057,0.4607683727437642
subj04,V1,fold_2,vis2img,5,0.3779633056232891,0.4235014124390602
subj04,V1,fold_2,vis2img,6,0.4098653619155513,0.4607683727437714
subj04,V1,fold_2,vis2img,7,0.40986536191554246,0.46076837274376536
subj04,V1,fold_2,vis2img,8,0.3779633056232892,0.4235014124390583
subj04,V1,fold_2,vis2img,9,0.40986536191554074,0.4607683727437643
subj04,V1,fold_2,vis2img,10,0.409865361915541,0.46076837274376437
subj04,V1,fold_2,vis2img,11,0.40986536191554085,0.4607683727437642
subj04,V1,fold_2,vis2img,12,0.4098653619155409,0.4607683727437645
subj04,V1,fold_3,vis2img,1,0.055409995014165304,0.17917892707745947
subj04,V1,fold_3,vis2img,2,0.08793779388498003,0.22534459014534367
subj04,V1,fold_3,vis2img,3,0.12592268107872956,0.22327406317694376
subj04,V1,fold_3,vis2img,4,0.16470135919938697,0.24252645665034253
subj04,V1,fold_3,vis2img,5,0.16793797997939597,0.24522664154346568
subj04,V1,fold_3,vis2img,6,0.1663578206844184,0.2439436288607718
subj04,V1,fold_3,vis2img,7,0.16261275371044726,0.2417449393790336
subj04,V1,fold_3,vis2img,8,0.1644671801659899,0.24511079293983007
subj04,V1,fold_3,vis2img,9,0.17218892371157668,0.24253356826793832
subj04,V1,fold_3,vis2img,10,0.1715731956979166,0.24250572937528891
subj04,V1,fold_3,vis2img,11,0.1710229150339985,0.24417203821031963
subj04,V1,fold_3,vis2img,12,0.17101677958552702,0.24263410619169867
subj04,V2,fold_0,vis2img,1,-0.34506843498892853,-0.12157777424638867
subj04,V2,fold_0,vis2img,2,0.09331639222943737,0.12886649168550346
subj04,V2,fold_0,vis2img,3,0.07313274414960126,0.14290282605654847
subj04,V2,fold_0,vis2img,4,0.0791403655656922,0.1466333273536729
subj04,V2,fold_0,vis2img,5,0.09121543119621117,0.15542939476427453
subj04,V2,fold_0,vis2img,6,0.10484572380165141,0.15805471888263248
subj04,V2,fold_0,vis2img,7,0.19437213717629936,0.19509400287500586
subj04,V2,fold_0,vis2img,8,0.22951984987925103,0.19583351715278619
subj04,V2,fold_0,vis2img,9,0.2397859016066192,0.2251570573629329
subj04,V2,fold_0,vis2img,10,0.24984283092737158,0.2205423663228388
subj04,V2,fold_0,vis2img,11,0.2451678832512122,0.22177308889676225
subj04,V2,fold_0,vis2img,12,0.24319316741181465,0.22191453158728108
subj04,V2,fold_1,vis2img,1,0.1226353583639145,0.2821880329067291
subj04,V2,fold_1,vis2img,2,0.14023277699441863,0.249985331286567
subj04,V2,fold_1,vis2img,3,0.12247521147377752,0.26915296100033775
subj04,V2,fold_1,vis2img,4,0.12190060038621287,0.2514165419319981
subj04,V2,fold_1,vis2img,5,0.12302524278911392,0.269570951274112
subj04,V2,fold_1,vis2img,6,0.13614241010683306,0.272682728022134
subj04,V2,fold_1,vis2img,7,0.1391908068651686,0.2763654634029433
subj04,V2,fold_1,vis2img,8,0.1397034158078132,0.27711462748715693
subj04,V2,fold_1,vis2img,9,0.1400157160025257,0.2790751940075107
subj04,V2,fold_1,vis2img,10,0.14067439657426725,0.2792255463750733
subj04,V2,fold_1,vis2img,11,0.14070975866844593,0.2791479870043802
subj04,V2,fold_1,vis2img,12,0.14084966968556056,0.27899766539016135
subj04,V2,fold_2,vis2img,1,0.3325547699031315,0.35910327572186307
subj04,V2,fold_2,vis2img,2,0.3280911624009353,0.44968040099078177
subj04,V2,fold_2,vis2img,3,0.332194280107103,0.44933092149889997
subj04,V2,fold_2,vis2img,4,0.3267204470606099,0.43387769677159166
subj04,V2,fold_2,vis2img,5,0.31034936599122154,0.44067988152557536
subj04,V2,fold_2,vis2img,6,0.30903952162763537,0.43549237681410774
subj04,V2,fold_2,vis2img,7,0.3054524988848116,0.43700767385312833
subj04,V2,fold_2,vis2img,8,0.3093478564917242,0.434306884909277
subj04,V2,fold_2,vis2img,9,0.3175313777667283,0.4341464813020697
subj04,V2,fold_2,vis2img,10,0.32124548749260584,0.4315960108908599
subj04,V2,fold_2,vis2img,11,0.324140004026599,0.4333561797182852
subj04,V2,fold_2,vis2img,12,0.32799878932186055,0.43366633505239033
subj04,V2,fold_3,vis2img,1,0.2269284823883856,0.1266371856818375
subj04,V2,fold_3,vis2img,2,0.24789157749501328,0.16192773471019603
subj04,V2,fold_3,vis2img,3,0.2295996070202979,0.20605884294701932
subj04,V2,fold_3,vis2img,4,0.24008154044797012,0.20887249850706063
subj04,V2,fold_3,vis2img,5,0.22722304127507387,0.2042561237178733
subj04,V2,fold_3,vis2img,6,0.22926777704834977,0.20525463402372493
subj04,V2,fold_3,vis2img,7,0.2295395295561187,0.20713374062410528
subj04,V2,fold_3,vis2img,8,0.22969723192697877,0.20702900343445751
subj04,V2,fold_3,vis2img,9,0.2292171283447234,0.2067897959083099
subj04,V2,fold_3,vis2img,10,0.2290679810836052,0.206524551574207
subj04,V2,fold_3,vis2img,11,0.22919217735267916,0.20634099626021243
subj04,V2,fold_3,vis2img,12,0.22954386373594016,0.2062778757725409
subj04,V3,fold_0,vis2img,1,0.270395029690335,0.25390086946247686
subj04,V3,fold_0,vis2img,2,0.28219758635028197,0.2585164141720241
subj04,V3,fold_0,vis2img,3,0.2824959403201963,0.2549015715552007
subj04,V3,fold_0,vis2img,4,0.27854553424378076,0.2496371943043456
subj04,V3,fold_0,vis2img,5,0.27855282257840314,0.24820688837113405
subj04,V3,fold_0,vis2img,6,0.2783058014579195,0.2478628040486586
subj04,V3,fold_0,vis2img,7,0.27832520746280365,0.24766439189954312
subj04,V3,fold_0,vis2img,8,0.2783538623027865,0.2477305370648299
subj04,V3,fold_0,vis2img,9,0.27835579143476347,0.24776433883546237
subj04,V3,fold_0,vis2img,10,0.2783089011469742,0.24774426994535173
subj04,V3,fold_0,vis2img,11,0.2783056257988797,0.2477689656770644
subj04,V3,fold_0,vis2img,12,0.27826671162019767,0.24777613564144865
subj04,V3,fold_1,vis2img,1,0.20549750156574242,0.2514578839650452
subj04,V3,fold_1,vis2img,2,0.22474164049628229,0.2918316139477368
subj04,V3,fold_1,vis2img,3,0.2292437487310947,0.3153725126598812
subj04,V3,fold_1,vis2img,4,0.23952816671226648,0.31812719016101787
subj04,V3,fold_1,vis2img,5,0.235060238958781,0.3214052376283481
subj04,V3,fold_1,vis2img,6,0.23568496155918486,0.32197031989989394
subj04,V3,fold_1,vis2img,7,0.23062443430059587,0.32084852519623713
subj04,V3,fold_1,vis2img,8,0.21785121988309786,0.32076962474567344
subj04,V3,fold_1,vis2img,9,0.21954173572259042,0.32034534947828197
subj04,V3,fold_1,vis2img,10,0.21794123332810625,0.31983830044550493
subj04,V3,fold_1,vis2img,11,0.21738836489473373,0.32419620617641015
subj04,V3,fold_1,vis2img,12,0.21759350806100478,0.32544335645926137
subj04,V3,fold_2,vis2img,1,0.31074764717894565,0.30231936410155535
subj04,V3,fold_2,vis2img,2,0.2953110093821936,0.33201835648831807
subj04,V3,fold_2,vis2img,3,0.28324633537407395,0.3425662880253379
subj04,V3,fold_2,vis2img,4,0.283292948320103,0.3444208313776048
subj04,V3,fold_2,vis2img,5,0.2916801317390397,0.34547741434192153
subj04,V3,fold_2,vis2img,6,0.29203487576002596,0.34629386398730033
subj04,V3,fold_2,vis2img,7,0.2925873761930292,0.3465690885526205
subj04,V3,fold_2,vis2img,8,0.28928116349525107,0.34967244304938044
subj04,V3,fold_2,vis2img,9,0.2898458784504476,0.3495411248742484
subj04,V3,fold_2,vis2img,10,0.2903028783531387,0.34969971559826574
subj04,V3,fold_2,vis2img,11,0.29031564233965873,0.3498049372934173
subj04,V3,fold_2,vis2img,12,0.29031759631796505,0.3497007640249486
subj04,V3,fold_3,vis2img,1,0.2183873381639554,0.24908914251207998
subj04,V3,fold_3,vis2img,2,0.1698967960273624,0.26483355278762916
subj04,V3,fold_3,vis2img,3,0.17449158885574692,0.24791757032330938
subj04,V3,fold_3,vis2img,4,0.14612023322348344,0.24040756819251036
subj04,V3,fold_3,vis2img,5,0.1359404310458812,0.24644852611340623
subj04,V3,fold_3,vis2img,6,0.1428497385608103,0.255659261996088
subj04,V3,fold_3,vis2img,7,0.1525075265566162,0.25395859620529593
subj04,V3,fold_3,vis2img,8,0.13785574040831125,0.26031003322873325
subj04,V3,fold_3,vis2img,9,0.1367887213240279,0.26205428458643715
subj04,V3,fold_3,vis2img,10,0.1368577846972232,0.2617773283565227
subj04,V3,fold_3,vis2img,11,0.1385895309561827,0.2611760648795456
subj04,V3,fold_3,vis2img,12,0.13856656205497198,0.2613208337754822
subj04,hV4,fold_0,vis2img,1,0.05443569223945035,0.056965081166214196
subj04,hV4,fold_0,vis2img,2,0.03910240707452619,0.0225126859429614
subj04,hV4,fold_0,vis2img,3,0.006085012463693144,0.10216661953548659
subj04,hV4,fold_0,vis2img,4,0.015136302011686064,0.1253459310426422
subj04,hV4,fold_0,vis2img,5,0.03003467300325608,0.13720500551133902
subj04,hV4,fold_0,vis2img,6,0.008066609183579812,0.13444354767266606
subj04,hV4,fold_0,vis2img,7,0.0142209063819994,0.1359052139981186
subj04,hV4,fold_0,vis2img,8,0.018744829743795443,0.14862667929191758
subj04,hV4,fold_0,vis2img,9,0.02088015713446606,0.14746036404413754
subj04,hV4,fold_0,vis2img,10,0.01800506851509185,0.1493403695357775
subj04,hV4,fold_1,vis2img,1,0.17311296156868652,0.057767454186745636
subj04,hV4,fold_1,vis2img,2,0.19222592030391045,0.11488638255488123
subj04,hV4,fold_1,vis2img,3,0.17875743880936443,0.10407153315532276
subj04,hV4,fold_1,vis2img,4,0.16829986987106654,0.13544577014048817
subj04,hV4,fold_1,vis2img,5,0.1552373216065785,0.13845521409238176
subj04,hV4,fold_1,vis2img,6,0.15926481095848793,0.13856464086306752
subj04,hV4,fold_1,vis2img,7,0.14921660769429984,0.14311385856608289
subj04,hV4,fold_1,vis2img,8,0.14892387509215693,0.14307696893927307
subj04,hV4,fold_1,vis2img,9,0.14863827906173327,0.14308582210399218
subj04,hV4,fold_1,vis2img,10,0.14871155294798932,0.14308653914816105
subj04,hV4,fold_2,vis2img,1,-0.061200808072589465,0.3795427384854775
subj04,hV4,fold_2,vis2img,2,-0.043159638308302856,0.32442980368133995
subj04,hV4,fold_2,vis2img,3,-0.04102161241181375,0.31543014083228577
subj04,hV4,fold_2,vis2img,4,-0.04131527585426425,0.31542852228869633
subj04,hV4,fold_2,vis2img,5,-0.04181123357683506,0.3154662261155198
subj04,hV4,fold_2,vis2img,6,-0.041807695010529576,0.315508545712309
subj04,hV4,fold_2,vis2img,7,-0.041802050988371746,0.31550564567400896
subj04,hV4,fold_2,vis2img,8,-0.04180323578736777,0.3155055608270073
subj04,hV4,fold_2,vis2img,9,-0.041801625404485565,0.31550610495003867
subj04,hV4,fold_2,vis2img,10,-0.04180176420603952,0.31550618811317127
subj04,hV4,fold_3,vis2img,1,-0.00015874729836747313,0.16510681790638887
subj04,hV4,fold_3,vis2img,2,-0.013470209262292398,0.24201572968306606
subj04,hV4,fold_3,vis2img,3,-0.043661823368171294,0.253961194613287
subj04,hV4,fold_3,vis2img,4,-0.0370995616077496,0.26694334949456505
subj04,hV4,fold_3,vis2img,5,-0.028223470814580175,0.26998822493627755
subj04,hV4,fold_3,vis2img,6,-0.03980425805087941,0.25797134632437907
subj04,hV4,fold_3,vis2img,7,-0.03702996139222718,0.270693931735866
subj04,hV4,fold_3,vis2img,8,-0.0361597840300656,0.26749562365166
subj04,hV4,fold_3,vis2img,9,-0.03601050340347432,0.26817363194900984
subj04,hV4,fold_3,vis2img,10,-0.03430028938088285,0.2681123942438607
subj04,ventral,fold_0,vis2img,1,0.026114806987079745,0.14876451409960934
subj04,ventral,fold_0,vis2img,2,0.06428131276192088,0.14361679199148433
subj04,ventral,fold_0,vis2img,3,-0.032433314143114976,0.027290008741391935
subj04,ventral,fold_0,vis2img,4,0.09080704129628844,0.0805072932227399
subj04,ventral,fold_0,vis2img,5,0.16998439770709617,0.20910414601966112
subj04,ventral,fold_0,vis2img,6,0.14624878996950225,0.19032566564898107
subj04,ventral,fold_0,vis2img,7,0.1613734059645587,0.18740532349586292
subj04,ventral,fold_0,vis2img,8,0.15788651160977424,0.17649702194191966
subj04,ventral,fold_0,vis2img,9,0.15877523631361806,0.18034179033155887
subj04,ventral,fold_0,vis2img,10,0.15204759075131083,0.1857440269266366
subj04,ventral,fold_0,vis2img,11,0.15818321135992114,0.18337156639772909
subj04,ventral,fold_0,vis2img,12,0.15953900762831105,0.18409820938740112
subj04,ventral,fold_1,vis2img,1,0.1546527200599762,0.18018608122612154
subj04,ventral,fold_1,vis2img,2,0.15628814043028333,0.20464323430889456
subj04,ventral,fold_1,vis2img,3,0.12916994375923538,0.20285971228542443
subj04,ventral,fold_1,vis2img,4,0.09991433158828503,0.1922522469142707
subj04,ventral,fold_1,vis2img,5,0.09800511052270715,0.20315157481459656
subj04,ventral,fold_1,vis2img,6,0.10715166862378685,0.2118809862467677
subj04,ventral,fold_1,vis2img,7,0.11358095583284952,0.20866225216977533
subj04,ventral,fold_1,vis2img,8,0.11168109608434203,0.21262068499670017
subj04,ventral,fold_1,vis2img,9,0.09424131709823422,0.21940358226146633
subj04,ventral,fold_1,vis2img,10,0.08892205620836212,0.2193089394416954
subj04,ventral,fold_1,vis2img,11,0.0893801899532379,0.2365155181774146
subj04,ventral,fold_1,vis2img,12,0.09292407978815641,0.23780188530026938
subj04,ventral,fold_2,vis2img,1,0.027040018196118138,0.03076709040247588
subj04,ventral,fold_2,vis2img,2,0.09570857085883702,0.09358495407652391
subj04,ventral,fold_2,vis2img,3,0.07574599127229018,0.10394176373228238
subj04,ventral,fold_2,vis2img,4,0.08080056738482867,0.10400998982107755
subj04,ventral,fold_2,vis2img,5,0.08070707528974035,0.10472276133808803
subj04,ventral,fold_2,vis2img,6,0.06480362342908169,0.08665024429653786
subj04,ventral,fold_2,vis2img,7,0.06805156885237827,0.09535737342618694
subj04,ventral,fold_2,vis2img,8,0.04159298048381935,0.07065818530310349
subj04,ventral,fold_2,vis2img,9,0.04159298048381438,0.07065818530310598
subj04,ventral,fold_2,vis2img,10,0.030190478139117974,0.06011041611020627
subj04,ventral,fold_2,vis2img,11,0.033433754857848476,0.05931807087417495
subj04,ventral,fold_2,vis2img,12,0.03820976863029424,0.06410481047684988
subj04,ventral,fold_3,vis2img,1,-0.0840478823036925,0.1134176136504591
subj04,ventral,fold_3,vis2img,2,0.028481565825159743,0.23770549749199413
subj04,ventral,fold_3,vis2img,3,0.027122312902499675,0.23543136744154633
subj04,ventral,fold_3,vis2img,4,0.05127611592096474,0.2501584407487468
subj04,ventral,fold_3,vis2img,5,0.06111189650140967,0.25574009815449983
subj04,ventral,fold_3,vis2img,6,0.039919293412442866,0.2558580199555591
subj04,ventral,fold_3,vis2img,7,0.04190277516419881,0.2481390364582612
subj04,ventral,fold_3,vis2img,8,0.06633445268699369,0.25566136309500803
subj04,ventral,fold_3,vis2img,9,0.05971751532597701,0.2508820352399957
subj04,ventral,fold_3,vis2img,10,0.07243460589233004,0.25516271741664476
subj04,ventral,fold_3,vis2img,11,0.07629585159936571,0.2527609333789339
subj04,ventral,fold_3,vis2img,12,0.07638592656912233,0.26126281737073287
subj04,lateral,fold_0,vis2img,1,0.12900264746399434,0.22236204711012267
subj04,lateral,fold_0,vis2img,2,0.12958560765786484,0.2205136548826257
subj04,lateral,fold_0,vis2img,3,0.15662509767303934,0.23026898553287328
subj04,lateral,fold_0,vis2img,4,0.16487647282868673,0.22482149250413286
subj04,lateral,fold_0,vis2img,5,0.16089939910083562,0.20525126840395683
subj04,lateral,fold_0,vis2img,6,0.15092066646123,0.20569557555234985
subj04,lateral,fold_0,vis2img,7,0.17602040529821,0.234171973239718
subj04,lateral,fold_0,vis2img,8,0.1634430216766865,0.21079901309699514
subj04,lateral,fold_0,vis2img,9,0.16864102356381266,0.20680050579421932
subj04,lateral,fold_0,vis2img,10,0.16363213916726008,0.20321079213805654
subj04,lateral,fold_0,vis2img,11,0.16829035186942062,0.21172430109016155
subj04,lateral,fold_0,vis2img,12,0.16838799454519235,0.2187518430356215
subj04,lateral,fold_1,vis2img,1,-0.0018715947742149503,0.2082923290932178
subj04,lateral,fold_1,vis2img,2,0.07207300418696784,0.27334034605461716
subj04,lateral,fold_1,vis2img,3,0.05825680135225473,0.21624071036815828
subj04,lateral,fold_1,vis2img,4,0.05386191742344355,0.20619268971459143
subj04,lateral,fold_1,vis2img,5,0.060342603637182385,0.20294855501656728
subj04,lateral,fold_1,vis2img,6,0.06747815068499403,0.2162188106284075
subj04,lateral,fold_1,vis2img,7,0.06404542683733913,0.21478719871106117
subj04,lateral,fold_1,vis2img,8,0.07224795941244856,0.22542437898287945
subj04,lateral,fold_1,vis2img,9,0.07016897808974629,0.2256567738264211
subj04,lateral,fold_1,vis2img,10,0.07686440923005211,0.28924485434345326
subj04,lateral,fold_1,vis2img,11,0.07894970180224642,0.2929431608740683
subj04,lateral,fold_1,vis2img,12,0.08020838680472289,0.27618201809926807
subj04,lateral,fold_2,vis2img,1,0.06659021634402136,0.14068872492285506
subj04,lateral,fold_2,vis2img,2,0.06922904830288648,0.18242804056154197
subj04,lateral,fold_2,vis2img,3,0.08155410684141402,0.19866086564901267
subj04,lateral,fold_2,vis2img,4,0.19384442147380282,0.26846680908721876
subj04,lateral,fold_2,vis2img,5,0.19293722637521177,0.25669663650950686
subj04,lateral,fold_2,vis2img,6,0.20390422328216742,0.25675805849812255
subj04,lateral,fold_2,vis2img,7,0.18207714702988254,0.2511579398538749
subj04,lateral,fold_2,vis2img,8,0.18121362238929925,0.2484656571522064
subj04,lateral,fold_2,vis2img,9,0.18055815433872408,0.24536860465878021
subj04,lateral,fold_2,vis2img,10,0.18181266410621477,0.24850464674819142
subj04,lateral,fold_2,vis2img,11,0.18552390853266712,0.2526058753424547
subj04,lateral,fold_2,vis2img,12,0.18346040709124845,0.24629250876073958
subj04,lateral,fold_3,vis2img,1,-0.1538808508244514,0.008840988672407225
subj04,lateral,fold_3,vis2img,2,0.016891689395750666,0.12150235310463613
subj04,lateral,fold_3,vis2img,3,-0.03410680901205497,0.14433914135103815
subj04,lateral,fold_3,vis2img,4,-0.04413756256991016,0.14152077890804987
subj04,lateral,fold_3,vis2img,5,-0.04041507094292837,0.15281484829133862
subj04,lateral,fold_3,vis2img,6,-0.03496911686581147,0.1565816654192688
subj04,lateral,fold_3,vis2img,7,-0.04628298195342274,0.16519394681645896
subj04,lateral,fold_3,vis2img,8,-0.047746384703733276,0.16706689715231757
subj04,lateral,fold_3,vis2img,9,-0.044757778079624826,0.17669974011885886
subj04,lateral,fold_3,vis2img,10,-0.04483993794412937,0.17773148653649626
subj04,lateral,fold_3,vis2img,11,-0.019784133127357335,0.18187696167325432
subj04,lateral,fold_3,vis2img,12,-0.015987564835361463,0.18355500026099786
subj04,parietal,fold_0,vis2img,1,-0.010989730922513546,0.0646775906447933
subj04,parietal,fold_0,vis2img,2,0.005518188176658933,0.016593721891589735
subj04,parietal,fold_0,vis2img,3,0.0059201932873222925,0.04092525222184161
subj04,parietal,fold_0,vis2img,4,-0.007632546296706221,0.044982038101191
subj04,parietal,fold_0,vis2img,5,-0.014468576040378586,0.06124901050218745
subj04,parietal,fold_0,vis2img,6,-0.01578076180744329,0.062042143847096644
subj04,parietal,fold_0,vis2img,7,-0.012750217325591853,0.053744537595189136
subj04,parietal,fold_0,vis2img,8,-0.020117266429964618,0.05996664784316017
subj04,parietal,fold_0,vis2img,9,0.002124587901300193,0.041108611587512785
subj04,parietal,fold_0,vis2img,10,0.002309948294240872,0.06405334532387179
subj04,parietal,fold_0,vis2img,11,0.003273963622066549,0.0551351627524292
subj04,parietal,fold_0,vis2img,12,-0.0046940684846445155,0.06490518076406533
subj04,parietal,fold_1,vis2img,1,0.08214876458919859,-0.06448354997719598
subj04,parietal,fold_1,vis2img,2,0.09502644485224804,-0.07919056257878314
subj04,parietal,fold_1,vis2img,3,0.10886445357418874,-0.09099073901630775
subj04,parietal,fold_1,vis2img,4,0.11466142832761442,-0.03747437168967991
subj04,parietal,fold_1,vis2img,5,0.07972960128211744,0.05025504644806833
subj04,parietal,fold_1,vis2img,6,0.07704275722058804,0.06688620162056791
subj04,parietal,fold_1,vis2img,7,0.06328085873497193,0.09122381090477791
subj04,parietal,fold_1,vis2img,8,0.03737025808714732,0.10813737744440556
subj04,parietal,fold_1,vis2img,9,0.008653843107433763,0.1053112894349931
subj04,parietal,fold_1,vis2img,10,0.00322789857424412,0.11087030593193478
subj04,parietal,fold_1,vis2img,11,0.0028057880162214235,0.10910035238965106
subj04,parietal,fold_1,vis2img,12,0.017680876899072002,0.10457684463487242
subj04,parietal,fold_2,vis2img,1,0.168498636565548,0.10781361700708156
subj04,parietal,fold_2,vis2img,2,0.13345800831027121,0.20057260748231842
subj04,parietal,fold_2,vis2img,3,0.127785787041003,0.08650956514777683
subj04,parietal,fold_2,vis2img,4,0.06285937767278667,0.05266820285415929
subj04,parietal,fold_2,vis2img,5,0.09771101196482859,0.11574292162398325
subj04,parietal,fold_2,vis2img,6,0.09837334397059855,0.1269863803155521
subj04,parietal,fold_2,vis2img,7,0.1038732742955767,0.1247341409031093
subj04,parietal,fold_2,vis2img,8,0.12041910906324758,0.13607353008340456
subj04,parietal,fold_2,vis2img,9,0.13731950574459867,0.17160900405102256
subj04,parietal,fold_2,vis2img,10,0.13726701597153765,0.16903340018554852
subj04,parietal,fold_2,vis2img,11,0.15188285329466117,0.18996616529346996
subj04,parietal,fold_2,vis2img,12,0.14810039063831584,0.1910409277753489
subj04,parietal,fold_3,vis2img,1,0.07565127860183417,-0.02263216408489016
subj04,parietal,fold_3,vis2img,2,0.0696894270520909,-0.008815232900346618
subj04,parietal,fold_3,vis2img,3,0.06455926118190287,0.008010904979394206
subj04,parietal,fold_3,vis2img,4,0.06044011382616362,0.007494815630236726
subj04,parietal,fold_3,vis2img,5,0.007546452556876813,0.05530462542362721
subj04,parietal,fold_3,vis2img,6,0.040127712661193894,0.05603559215403764
subj04,parietal,fold_3,vis2img,7,0.02397870246000093,0.049187229309726084
subj04,parietal,fold_3,vis2img,8,0.027427090576704064,0.051858638143631425
subj04,parietal,fold_3,vis2img,9,0.03399881245412694,0.05526797132743375
subj04,parietal,fold_3,vis2img,10,0.03749203106727114,0.0593604228487986
subj04,parietal,fold_3,vis2img,11,0.024732588010840755,0.06093122212905638
subj04,parietal,fold_3,vis2img,12,0.026970131186987385,0.05555724318604859
subj05,V1,fold_0,vis2img,1,0.3870525958483565,0.3935406102057758
subj05,V1,fold_0,vis2img,2,0.3301333431341302,0.48383445244044154
subj05,V1,fold_0,vis2img,3,0.23741174742548565,0.4773616532637204
subj05,V1,fold_0,vis2img,4,0.21668067841723038,0.43567541018361217
subj05,V1,fold_0,vis2img,5,0.22664799003345257,0.4090287672494393
subj05,V1,fold_0,vis2img,6,0.23575040129904914,0.41845025467209235
subj05,V1,fold_0,vis2img,7,0.380757085610228,0.4189632471181085
subj05,V1,fold_0,vis2img,8,0.3806553239477988,0.4170086538312701
subj05,V1,fold_0,vis2img,9,0.43417329246146213,0.4619588553311829
subj05,V1,fold_0,vis2img,10,0.42792804388602906,0.47490828207002683
subj05,V1,fold_0,vis2img,11,0.3814477611795963,0.3916611925510766
subj05,V1,fold_0,vis2img,12,0.3810751143088892,0.3916905298464041
subj05,V1,fold_1,vis2img,1,0.0013672587429304308,0.36089001806566673
subj05,V1,fold_1,vis2img,2,0.036557258709735245,0.39838911068551225
subj05,V1,fold_1,vis2img,3,0.03350262956070431,0.4021994503336633
subj05,V1,fold_1,vis2img,4,0.03220213867862207,0.40567335875880817
subj05,V1,fold_1,vis2img,5,0.041150461224651706,0.40267162495928294
subj05,V1,fold_1,vis2img,6,0.04108039926357344,0.40235846191671937
subj05,V1,fold_1,vis2img,7,0.040059720964410746,0.4004526761941544
subj05,V1,fold_1,vis2img,8,0.04028928688376139,0.40039497081649655
subj05,V1,fold_1,vis2img,9,0.04026973400348446,0.40036382512825264
subj05,V1,fold_1,vis2img,10,0.04025546367689575,0.4003486807553241
subj05,V1,fold_1,vis2img,11,0.04027292083219908,0.40033045343774715
subj05,V1,fold_1,vis2img,12,0.040266850446231864,0.40033145367105777
subj05,V1,fold_2,vis2img,1,0.4826594919198506,0.1940071627839349
subj05,V1,fold_2,vis2img,2,0.5648365592082287,0.30353710200238304
subj05,V1,fold_2,vis2img,3,0.5510828091381083,0.3288235518436863
subj05,V1,fold_2,vis2img,4,0.5521417269053543,0.3322844631882881
subj05,V1,fold_2,vis2img,5,0.5518050204977484,0.33784801055668734
subj05,V1,fold_2,vis2img,6,0.5509529492426495,0.3370182099922933
subj05,V1,fold_2,vis2img,7,0.5520840423535838,0.3402632069538739
subj05,V1,fold_2,vis2img,8,0.5527148927653857,0.3396847702712774
subj05,V1,fold_2,vis2img,9,0.5526545429484405,0.33939366825432143
subj05,V1,fold_2,vis2img,10,0.5527251198106589,0.3394858930876969
subj05,V1,fold_2,vis2img,11,0.5527288744244254,0.3393852394261078
subj05,V1,fold_2,vis2img,12,0.5528306949979676,0.3394116794914321
subj05,V1,fold_3,vis2img,1,0.3907715118774869,0.5114710436080339
subj05,V1,fold_3,vis2img,2,0.37770159014370897,0.5252575750749324
subj05,V1,fold_3,vis2img,3,0.37665312712383925,0.5264492913210509
subj05,V1,fold_3,vis2img,4,0.37556289385090696,0.5274970475214903
subj05,V1,fold_3,vis2img,5,0.3754428204189048,0.527185034474981
subj05,V1,fold_3,vis2img,6,0.37553056835412113,0.5271694801340818
subj05,V1,fold_3,vis2img,7,0.3756249047980362,0.5270634625328853
subj05,V1,fold_3,vis2img,8,0.37561184834041006,0.5270751020853828
subj05,V1,fold_3,vis2img,9,0.3756116996197239,0.5270821814838418
subj05,V1,fold_3,vis2img,10,0.3756135652987916,0.5270783855986239
subj05,V1,fold_3,vis2img,11,0.3756099355565087,0.5270782137452013
subj05,V1,fold_3,vis2img,12,0.3756191324463051,0.5270729989354277
subj05,V2,fold_0,vis2img,1,0.21032710227533738,0.3701613935193919
subj05,V2,fold_0,vis2img,2,0.2004124696327193,0.3583438487836148
subj05,V2,fold_0,vis2img,3,0.24494535371509282,0.37528886425699853
subj05,V2,fold_0,vis2img,4,0.25028952948167066,0.3737061184064205
subj05,V2,fold_0,vis2img,5,0.2596219955572448,0.37337612263451364
subj05,V2,fold_0,vis2img,6,0.26835856649449175,0.3724592113182816
subj05,V2,fold_0,vis2img,7,0.26170940176722124,0.37547023216439795
subj05,V2,fold_0,vis2img,8,0.2611817482725527,0.37533098781440216
subj05,V2,fold_0,vis2img,9,0.2566438614142256,0.37118320876393524
subj05,V2,fold_0,vis2img,10,0.2580682858491365,0.37259276015156717
subj05,V2,fold_0,vis2img,11,0.25990789043716783,0.373926601376958
subj05,V2,fold_0,vis2img,12,0.2589097675667291,0.37501673296911187
subj05,V2,fold_1,vis2img,1,0.18723230155882478,0.3995004969213637
subj05,V2,fold_1,vis2img,2,0.21586435762176134,0.45637719871614807
subj05,V2,fold_1,vis2img,3,0.18520735141983524,0.44303165246924203
subj05,V2,fold_1,vis2img,4,0.19584153865941578,0.43477591250122954
subj05,V2,fold_1,vis2img,5,0.20386258005726257,0.4341919774727136
subj05,V2,fold_1,vis2img,6,0.20347246604914648,0.4336128677875595
subj05,V2,fold_1,vis2img,7,0.20412516194345304,0.4335399230407972
subj05,V2,fold_1,vis2img,8,0.20455502594002575,0.43607711485842626
subj05,V2,fold_1,vis2img,9,0.20461120619520318,0.43656230451141637
subj05,V2,fold_1,vis2img,10,0.2050318158492409,0.4361225108185856
subj05,V2,fold_1,vis2img,11,0.2051070938341952,0.4361243184855972
subj05,V2,fold_1,vis2img,12,0.20508060045071222,0.4361134762630973
subj05,V2,fold_2,vis2img,1,0.2867438154977057,0.4917786451492127
subj05,V2,fold_2,vis2img,2,0.306250315342886,0.49655822188239684
subj05,V2,fold_2,vis2img,3,0.3105718054314359,0.5039261384002282
subj05,V2,fold_2,vis2img,4,0.3015689034290605,0.5020825551325071
subj05,V2,fold_2,vis2img,5,0.3258914016609672,0.485921248457506
subj05,V2,fold_2,vis2img,6,0.3202677790297674,0.49116910822585264
subj05,V2,fold_2,vis2img,7,0.31961741434826124,0.4907992925858384
subj05,V2,fold_2,vis2img,8,0.32069694763421985,0.49067262357152247
subj05,V2,fold_2,vis2img,9,0.3227755370980571,0.4924254527496777
subj05,V2,fold_2,vis2img,10,0.3232908436254966,0.4929584569947098
subj05,V2,fold_2,vis2img,11,0.323521748891542,0.49272477826327954
subj05,V2,fold_2,vis2img,12,0.3237508058110537,0.49278115709347164
subj05,V2,fold_3,vis2img,1,0.47158233715073405,0.19566848029523837
subj05,V2,fold_3,vis2img,2,0.4838569285555359,0.34362539187268654
subj05,V2,fold_3,vis2img,3,0.47989973603128183,0.3486554199675092
subj05,V2,fold_3,vis2img,4,0.4939684803155994,0.33815694154062786
subj05,V2,fold_3,vis2img,5,0.459650496366856,0.3914079244986068
subj05,V2,fold_3,vis2img,6,0.46309815823308537,0.389647607128036
subj05,V2,fold_3,vis2img,7,0.46464657478951604,0.3979104985908755
subj05,V2,fold_3,vis2img,8,0.4646242067484069,0.39573147664665276
subj05,V2,fold_3,vis2img,9,0.4664975115947417,0.3960738478920959
subj05,V2,fold_3,vis2img,10,0.46679559769074513,0.3964804881984407
subj05,V2,fold_3,vis2img,11,0.4668567088370717,0.39648193627122114
subj05,V2,fold_3,vis2img,12,0.4668722552070991,0.39640813176846296
subj05,V3,fold_0,vis2img,1,0.4516169329520863,0.12269921547593282
subj05,V3,fold_0,vis2img,2,0.3189407393580314,0.2006631596521448
subj05,V3,fold_0,vis2img,3,0.2978687633473195,0.1869060952632399
subj05,V3,fold_0,vis2img,4,0.3123975124825894,0.19527868471422596
subj05,V3,fold_0,vis2img,5,0.3013886889568147,0.18695353819707625
subj05,V3,fold_0,vis2img,6,0.27604157542168895,0.20056966453466857
subj05,V3,fold_0,vis2img,7,0.26927111862284936,0.22865858231394126
subj05,V3,fold_0,vis2img,8,0.27941467295922806,0.2254731813739832
subj05,V3,fold_0,vis2img,9,0.243849028071071,0.23409369801408395
subj05,V3,fold_0,vis2img,10,0.2449397849788409,0.23235610598624867
subj05,V3,fold_0,vis2img,11,0.24260179356460496,0.234649701330272
subj05,V3,fold_0,vis2img,12,0.25287294339769173,0.24111698347203736
subj05,V3,fold_1,vis2img,1,0.12845996072014268,0.14448990138443868
subj05,V3,fold_1,vis2img,2,0.17180191066369574,0.217509472627862
subj05,V3,fold_1,vis2img,3,0.16406544933951284,0.20531294529829114
subj05,V3,fold_1,vis2img,4,0.2126894257744114,0.23658206328374262
subj05,V3,fold_1,vis2img,5,0.21023384013323365,0.2685917682744265
subj05,V3,fold_1,vis2img,6,0.21540756259665095,0.2815588106434885
subj05,V3,fold_1,vis2img,7,0.21098426174215243,0.282249904412098
subj05,V3,fold_1,vis2img,8,0.20393826497755418,0.2831597198278408
subj05,V3,fold_1,vis2img,9,0.21132170771270978,0.2846064079273999
subj05,V3,fold_1,vis2img,10,0.21020215025515365,0.2851529782814096
subj05,V3,fold_1,vis2img,11,0.21036132750675998,0.2865140139845677
subj05,V3,fold_1,vis2img,12,0.2153013535722298,0.2909856524245799
subj05,V3,fold_2,vis2img,1,0.18687866369185133,0.06037003744824968
subj05,V3,fold_2,vis2img,2,0.187091065387875,0.14158245101286648
subj05,V3,fold_2,vis2img,3,0.2237961362388072,0.20786309741275327
subj05,V3,fold_2,vis2img,4,0.21256148928482538,0.21354948183078554
subj05,V3,fold_2,vis2img,5,0.20816533423942354,0.20728593769960563
subj05,V3,fold_2,vis2img,6,0.21290732717554278,0.2212425673521298
subj05,V3,fold_2,vis2img,7,0.22451478650445966,0.21321194132150242
subj05,V3,fold_2,vis2img,8,0.2187934885510854,0.2156740376514828
subj05,V3,fold_2,vis2img,9,0.22540822201819224,0.21248778528637824
subj05,V3,fold_2,vis2img,10,0.22058659615794682,0.22074841777487486
subj05,V3,fold_2,vis2img,11,0.22546733017837473,0.21691881105944047
subj05,V3,fold_2,vis2img,12,0.22798096260443187,0.21434912469236972
subj05,V3,fold_3,vis2img,1,0.044762449282896986,0.17978902735813004
subj05,V3,fold_3,vis2img,2,0.12858200572600284,0.22117259346479992
subj05,V3,fold_3,vis2img,3,0.11927928759251967,0.2390279180543775
subj05,V3,fold_3,vis2img,4,0.12114341271161845,0.2729573638434446
subj05,V3,fold_3,vis2img,5,0.12864665933244243,0.2774946413133547
subj05,V3,fold_3,vis2img,6,0.13055209681232083,0.2811147777591594
subj05,V3,fold_3,vis2img,7,0.1281984576134387,0.2820355925844985
subj05,V3,fold_3,vis2img,8,0.14249790308358215,0.2894997837824896
subj05,V3,fold_3,vis2img,9,0.14257695596055686,0.29001999383697025
subj05,V3,fold_3,vis2img,10,0.14263802701312897,0.2899062338248807
subj05,V3,fold_3,vis2img,11,0.142653652375749,0.28990612246093334
subj05,V3,fold_3,vis2img,12,0.1426073603413215,0.2898712184306089
subj05,hV4,fold_0,vis2img,1,-0.029762390873169568,-0.018831483275752143
subj05,hV4,fold_0,vis2img,2,0.11385956647056684,0.09135070062324582
subj05,hV4,fold_0,vis2img,3,0.0771506968480666,0.12559823391986374
subj05,hV4,fold_0,vis2img,4,0.1614121454013944,-0.005418508245550787
subj05,hV4,fold_0,vis2img,5,0.16912125404892434,-0.011975317455052209
subj05,hV4,fold_0,vis2img,6,0.17960059471484396,0.018037274962266727
subj05,hV4,fold_0,vis2img,7,0.17872551253640284,0.0260319006067907
subj05,hV4,fold_0,vis2img,8,0.1794284169927128,0.024859662189228436
subj05,hV4,fold_0,vis2img,9,0.17947690366117736,0.02419451553603201
subj05,hV4,fold_0,vis2img,10,0.1794316643865892,0.024188162414282458
subj05,hV4,fold_0,vis2img,11,0.17942853127283648,0.02420411605914514
subj05,hV4,fold_1,vis2img,1,-0.00575945312562541,0.14914618425336393
subj05,hV4,fold_1,vis2img,2,-0.10162990185677497,0.12621799259850186
subj05,hV4,fold_1,vis2img,3,-0.09227495977639294,0.12670632719134822
subj05,hV4,fold_1,vis2img,4,-0.009694049697491007,0.27197886324447046
subj05,hV4,fold_1,vis2img,5,0.005224276524998272,0.2673581657784148
subj05,hV4,fold_1,vis2img,6,0.01177868165042986,0.254858854226333
subj05,hV4,fold_1,vis2img,7,0.020799245857434385,0.24369975667092375
subj05,hV4,fold_1,vis2img,8,0.011397563347524736,0.25659583630075394
subj05,hV4,fold_1,vis2img,9,-0.008145367585778064,0.23215243810403383
subj05,hV4,fold_1,vis2img,10,-0.004392727490741591,0.24329276429011965
subj05,hV4,fold_1,vis2img,11,-0.004552635116928411,0.24360420211259556
subj05,hV4,fold_2,vis2img,1,0.20948203727825743,0.20703765687560208
subj05,hV4,fold_2,vis2img,2,0.11798728880851178,0.21560122957559197
subj05,hV4,fold_2,vis2img,3,0.09190637687776704,0.20892449297890014
subj05,hV4,fold_2,vis2img,4,0.09023932876620101,0.19386378195857648
subj05,hV4,fold_2,vis2img,5,0.0793050181208569,0.18868918170747284
subj05,hV4,fold_2,vis2img,6,0.07103808578710641,0.16958201410373847
subj05,hV4,fold_2,vis2img,7,0.0741579253638999,0.16914695464559726
subj05,hV4,fold_2,vis2img,8,0.07440383155292135,0.16807155028329118
subj05,hV4,fold_2,vis2img,9,0.07771661497258792,0.16821291499812038
subj05,hV4,fold_2,vis2img,10,0.07775055632180486,0.1682143017678875
subj05,hV4,fold_2,vis2img,11,0.077583758426893,0.16814817786711325
subj05,hV4,fold_3,vis2img,1,-0.14655275173113555,-0.1908770281484169
subj05,hV4,fold_3,vis2img,2,-0.12647954841372053,-0.1449996890282228
subj05,hV4,fold_3,vis2img,3,-0.12647954841372053,-0.14499968902822277
subj05,hV4,fold_3,vis2img,4,-0.12647954841372056,-0.1449996890282227
subj05,hV4,fold_3,vis2img,5,-0.12647954841372053,-0.14499968902822266
subj05,hV4,fold_3,vis2img,6,-0.12647954841372056,-0.1449996890282226
subj05,hV4,fold_3,vis2img,7,-0.12647954841372056,-0.1449996890282227
subj05,hV4,fold_3,vis2img,8,-0.12647954841372056,-0.14499968902822266
subj05,hV4,fold_3,vis2img,9,-0.12647954841372053,-0.14499968902822263
subj05,hV4,fold_3,vis2img,10,-0.1264795484137205,-0.14499968902822263
subj05,hV4,fold_3,vis2img,11,-0.1264795484137206,-0.14499968902822263
subj05,ventral,fold_0,vis2img,1,0.10120192369198194,0.06487710613845833
subj05,ventral,fold_0,vis2img,2,0.0702686588313361,0.12638757418538024
subj05,ventral,fold_0,vis2img,3,0.08394617350775979,0.12263299388422891
subj05,ventral,fold_0,vis2img,4,0.10034982157358854,0.13635359468996042
subj05,ventral,fold_0,vis2img,5,0.07910505880503405,0.1392594425202194
subj05,ventral,fold_0,vis2img,6,0.09596910479697131,0.15150579753675375
subj05,ventral,fold_0,vis2img,7,0.09790357369695395,0.15269832185471088
subj05,ventral,fold_0,vis2img,8,0.09319536023335213,0.1634316639317503
subj05,ventral,fold_0,vis2img,9,0.11818995152282538,0.1747205240539984
subj05,ventral,fold_0,vis2img,10,0.12777075018660344,0.18654734021212496
subj05,ventral,fold_0,vis2img,11,0.12812562346290288,0.19763953852162214
subj05,ventral,fold_0,vis2img,12,0.1265930680005236,0.19507576398586735
subj05,ventral,fold_1,vis2img,1,-0.03325524198809573,-0.015532287986310024
subj05,ventral,fold_1,vis2img,2,-0.028822012545808188,0.0451244758088052
subj05,ventral,fold_1,vis2img,3,-0.034753751080904574,0.051976771339972444
subj05,ventral,fold_1,vis2img,4,-0.0035926839977525955,0.09390592421862377
subj05,ventral,fold_1,vis2img,5,0.005674504153186497,0.09121268306165482
subj05,ventral,fold_1,vis2img,6,0.00856410161956916,0.10759495234853395
subj05,ventral,fold_1,vis2img,7,0.03203604205837738,0.1367272391951382
subj05,ventral,fold_1,vis2img,8,0.04234232118312908,0.134300741769238
subj05,ventral,fold_1,vis2img,9,0.05434383709328927,0.14867669705112752
subj05,ventral,fold_1,vis2img,10,0.05360332633089029,0.14420026298224833
subj05,ventral,fold_1,vis2img,11,0.04582042414287526,0.1390354513358255
subj05,ventral,fold_1,vis2img,12,0.04081958982864223,0.14155793313882276
subj05,ventral,fold_2,vis2img,1,0.02134059085058628,0.1324114132141151
subj05,ventral,fold_2,vis2img,2,0.034654597236413294,0.18512789490680928
subj05,ventral,fold_2,vis2img,3,-0.016109990972216687,0.18572586946204894
subj05,ventral,fold_2,vis2img,4,0.018715372678716567,0.22299101207035907
subj05,ventral,fold_2,vis2img,5,0.02174998905031685,0.2252833781994658
subj05,ventral,fold_2,vis2img,6,-0.026265631535767265,0.16040795380552977
subj05,ventral,fold_2,vis2img,7,-0.020163765365140435,0.17621934996350694
subj05,ventral,fold_2,vis2img,8,-0.02290356466377143,0.16791033696514254
subj05,ventral,fold_2,vis2img,9,-0.025680667490436387,0.15488575302047433
subj05,ventral,fold_2,vis2img,10,-0.01624086460746081,0.1566191917761378
subj05,ventral,fold_2,vis2img,11,-0.019756587402226352,0.15318917659518339
subj05,ventral,fold_2,vis2img,12,0.006129797220049226,0.1852654374106472
subj05,ventral,fold_3,vis2img,1,-0.04557474362148007,0.054449440754798455
subj05,ventral,fold_3,vis2img,2,0.004997088021248026,0.11318395335453275
subj05,ventral,fold_3,vis2img,3,0.014474281416555698,0.06732856735432918
subj05,ventral,fold_3,vis2img,4,0.04095172595264021,0.1157969492737499
subj05,ventral,fold_3,vis2img,5,0.028508903487277734,0.1269371398508161
subj05,ventral,fold_3,vis2img,6,0.04630033829205997,0.13895995782849158
subj05,ventral,fold_3,vis2img,7,0.12004259323824754,0.15438151791978494
subj05,ventral,fold_3,vis2img,8,0.12066126571788238,0.1562723728578787
subj05,ventral,fold_3,vis2img,9,0.11415541939959105,0.15672097526678536
subj05,ventral,fold_3,vis2img,10,0.10237627020142187,0.16232130252252633
subj05,ventral,fold_3,vis2img,11,0.09761158976890685,0.1647570594989716
subj05,ventral,fold_3,vis2img,12,0.10291060433431726,0.17690078712795917
subj05,lateral,fold_0,vis2img,1,-0.1260903631478487,0.07388721728771598
subj05,lateral,fold_0,vis2img,2,-0.09049375458906853,0.09525168405456143
subj05,lateral,fold_0,vis2img,3,-0.07920889782473498,0.11722971256743211
subj05,lateral,fold_0,vis2img,4,-0.01805172129734643,0.12942162387179917
subj05,lateral,fold_0,vis2img,5,-0.015331252198341751,0.1316539797938636
subj05,lateral,fold_0,vis2img,6,-0.019458832441379144,0.1245924563285728
subj05,lateral,fold_0,vis2img,7,-0.008464407117855286,0.13813249364380978
subj05,lateral,fold_0,vis2img,8,-0.003636600352303589,0.13772929616159058
subj05,lateral,fold_0,vis2img,9,-0.013313358690604285,0.13515723969607385
subj05,lateral,fold_0,vis2img,10,-0.017608463428454374,0.13644764663465264
subj05,lateral,fold_0,vis2img,11,-0.004575336060530008,0.15056713578360076
subj05,lateral,fold_0,vis2img,12,0.003728690102561072,0.15386814745128374
subj05,lateral,fold_1,vis2img,1,-0.09889230716568242,-0.13188336734629563
subj05,lateral,fold_1,vis2img,2,-0.05921217409428759,-0.05435081855427296
subj05,lateral,fold_1,vis2img,3,-0.0708870510136356,-0.0791381718491507
subj05,lateral,fold_1,vis2img,4,-0.09574446268863755,-0.026258518904411488
subj05,lateral,fold_1,vis2img,5,-0.11081584986051848,-0.07020533197241431
subj05,lateral,fold_1,vis2img,6,-0.0596681561471541,0.010041169971175877
subj05,lateral,fold_1,vis2img,7,-0.1131829844182564,0.01254516026945519
subj05,lateral,fold_1,vis2img,8,-0.10588148055411192,0.0368442151879197
subj05,lateral,fold_1,vis2img,9,-0.11438320862687719,0.05094241183480696
subj05,lateral,fold_1,vis2img,10,-0.1189101989411124,0.049897232352295644
subj05,lateral,fold_1,vis2img,11,-0.08296128679922371,0.047394624112849795
subj05,lateral,fold_1,vis2img,12,-0.0866575966625325,0.055672643305652386
subj05,lateral,fold_2,vis2img,1,0.2352286816614274,-0.10019439525618155
subj05,lateral,fold_2,vis2img,2,0.24284688264800922,-0.05190557642660068
subj05,lateral,fold_2,vis2img,3,0.2131620027661189,-0.017033486816606273
subj05,lateral,fold_2,vis2img,4,0.2365473563098127,0.07753517676422969
subj05,lateral,fold_2,vis2img,5,0.20651787557986384,0.13002782181168748
subj05,lateral,fold_2,vis2img,6,0.1462339139741613,0.1420586752229764
subj05,lateral,fold_2,vis2img,7,0.1498073806967872,0.15187874203290702
subj05,lateral,fold_2,vis2img,8,0.14594687231660516,0.15586412261411361
subj05,lateral,fold_2,vis2img,9,0.14978302133007051,0.165345329134974
subj05,lateral,fold_2,vis2img,10,0.14978431440819365,0.16844407121632532
subj05,lateral,fold_2,vis2img,11,0.16942820630724306,0.16881908693430997
subj05,lateral,fold_2,vis2img,12,0.16374799747125116,0.1693767644695564
subj05,lateral,fold_3,vis2img,1,-0.08563272650962603,0.05222492481190425
subj05,lateral,fold_3,vis2img,2,-0.04080728583775936,0.11987475040755503
subj05,lateral,fold_3,vis2img,3,0.018820593014616766,0.13078762514141276
subj05,lateral,fold_3,vis2img,4,0.014576271729587677,0.14485723205891718
subj05,lateral,fold_3,vis2img,5,0.01300892845410304,0.15498199405833563
subj05,lateral,fold_3,vis2img,6,0.009589048163411574,0.14885118008137627
subj05,lateral,fold_3,vis2img,7,0.023800933303647492,0.16290777918624627
subj05,lateral,fold_3,vis2img,8,0.022463305262249194,0.16917107191379815
subj05,lateral,fold_3,vis2img,9,0.0283433604268186,0.1747012110541971
subj05,lateral,fold_3,vis2img,10,0.024183784486169917,0.1695519560784681
subj05,lateral,fold_3,vis2img,11,0.029933536399769454,0.1703007020773248
subj05,lateral,fold_3,vis2img,12,0.03531301328533121,0.18307864631029128
subj05,parietal,fold_0,vis2img,1,0.2584671820406005,0.10172074275784128
subj05,parietal,fold_0,vis2img,2,0.15514037308916967,0.05479238582246329
subj05,parietal,fold_0,vis2img,3,0.17178755583674396,0.1082947614527607
subj05,parietal,fold_0,vis2img,4,0.1371559136814304,0.10367566033275824
subj05,parietal,fold_0,vis2img,5,0.10046701875384834,0.0910526705301141
subj05,parietal,fold_0,vis2img,6,0.1169600397847001,0.14510070248888168
subj05,parietal,fold_0,vis2img,7,0.16821456835084056,0.19953739662515033
subj05,parietal,fold_0,vis2img,8,0.20058257255694037,0.20406163746014444
subj05,parietal,fold_0,vis2img,9,0.193781546324753,0.19206219144442244
subj05,parietal,fold_0,vis2img,10,0.20890741605632152,0.19967016992839975
subj05,parietal,fold_0,vis2img,11,0.218551994071884,0.189470859593219
subj05,parietal,fold_0,vis2img,12,0.21140958519838673,0.1817640301881026
subj05,parietal,fold_1,vis2img,1,0.10294996285829217,0.08367679344295531
subj05,parietal,fold_1,vis2img,2,0.08089434344842847,0.09187222755425045
subj05,parietal,fold_1,vis2img,3,0.06375864863557898,0.13846257548094404
subj05,parietal,fold_1,vis2img,4,0.061727134840595214,0.10217997795344198
subj05,parietal,fold_1,vis2img,5,0.11710252765306062,0.10774856551558665
subj05,parietal,fold_1,vis2img,6,0.11058561995903646,0.11577150194815934
subj05,parietal,fold_1,vis2img,7,0.08891603719662354,0.15520946475357605
subj05,parietal,fold_1,vis2img,8,0.11742478197685689,0.17051639913051214
subj05,parietal,fold_1,vis2img,9,0.10180339986211277,0.20449878426243093
subj05,parietal,fold_1,vis2img,10,0.09952042607928845,0.2033755155817522
subj05,parietal,fold_1,vis2img,11,0.09652150743456098,0.20215502412591588
subj05,parietal,fold_1,vis2img,12,0.09427423437842923,0.19957687472804375
subj05,parietal,fold_2,vis2img,1,-0.1044080913111238,-0.06015693692416589
subj05,parietal,fold_2,vis2img,2,0.16032444226232045,0.16757151701373163
subj05,parietal,fold_2,vis2img,3,0.16498587760024744,0.18819954651450443
subj05,parietal,fold_2,vis2img,4,0.15689526557172842,0.18250562092506464
subj05,parietal,fold_2,vis2img,5,0.1775182936129197,0.18607910448972934
subj05,parietal,fold_2,vis2img,6,0.1608655145804631,0.198683775987139
subj05,parietal,fold_2,vis2img,7,0.1480040131940444,0.20156642016556406
subj05,parietal,fold_2,vis2img,8,0.1981637533350211,0.22628359437606893
subj05,parietal,fold_2,vis2img,9,0.2226468598186492,0.23076006569125204
subj05,parietal,fold_2,vis2img,10,0.19840893861984113,0.22140050167849995
subj05,parietal,fold_2,vis2img,11,0.16788643986351334,0.2006917935467207
subj05,parietal,fold_2,vis2img,12,0.10323362562669808,0.17930361713286969
subj05,parietal,fold_3,vis2img,1,0.03655907733036452,0.1524437089256902
subj05,parietal,fold_3,vis2img,2,0.0339385740133315,0.15683037117982102
subj05,parietal,fold_3,vis2img,3,0.0391074684018115,0.14472905700735347
subj05,parietal,fold_3,vis2img,4,0.018901098587586568,0.1555152702029968
subj05,parietal,fold_3,vis2img,5,0.0028155272598576215,0.1546106790974561
subj05,parietal,fold_3,vis2img,6,-0.008948147667151098,0.18766956856184516
subj05,parietal,fold_3,vis2img,7,0.0028227348961916074,0.18877527859259605
subj05,parietal,fold_3,vis2img,8,-0.018509791635560147,0.20094191643999249
subj05,parietal,fold_3,vis2img,9,-0.014431606744659112,0.1808862795930053
subj05,parietal,fold_3,vis2img,10,0.0011723024745607692,0.2161231030098162
subj05,parietal,fold_3,vis2img,11,0.001300125846303572,0.2145568073590089
subj05,parietal,fold_3,vis2img,12,0.00491423461614508,0.233671159127751
subj06,V1,fold_0,vis2img,1,0.005812920849396873,-0.025210445937778127
subj06,V1,fold_0,vis2img,2,-0.019125560439328216,-0.005736810502877399
subj06,V1,fold_0,vis2img,3,-0.03473129763778851,-0.019557128106468282
subj06,V1,fold_0,vis2img,4,-0.029454045633819925,-0.016060464627037356
subj06,V1,fold_0,vis2img,5,-0.023868579498538933,0.00025906594398448455
subj06,V1,fold_0,vis2img,6,0.00010346675347634787,0.021947105388066154
subj06,V1,fold_0,vis2img,7,0.0031119901755620335,0.018360077700566392
subj06,V1,fold_0,vis2img,8,0.020843038661689316,0.035148136100629404
subj06,V1,fold_0,vis2img,9,0.027394881759707442,0.025653506042266842
subj06,V1,fold_0,vis2img,10,0.020800039701705103,0.0206353399143745
subj06,V1,fold_0,vis2img,11,0.02070637653769126,0.01982202186581
subj06,V1,fold_0,vis2img,12,0.013651589446360772,0.02672042786405853
subj06,V1,fold_1,vis2img,1,0.17174308497821492,0.19292200911881036
subj06,V1,fold_1,vis2img,2,0.16287337574493144,0.15620296810020595
subj06,V1,fold_1,vis2img,3,0.07336815848190274,0.13148670273598143
subj06,V1,fold_1,vis2img,4,0.08021484359477606,0.10404047629490665
subj06,V1,fold_1,vis2img,5,0.09099003458355877,0.08060275180935995
subj06,V1,fold_1,vis2img,6,0.05125180170499314,0.14800505162462105
subj06,V1,fold_1,vis2img,7,0.04926463306298029,0.1456657602053399
subj06,V1,fold_1,vis2img,8,0.022561959190236007,0.15039703816373207
subj06,V1,fold_1,vis2img,9,0.016164795821378586,0.14758804149802
subj06,V1,fold_1,vis2img,10,0.0012840684208465514,0.1563394195227421
subj06,V1,fold_1,vis2img,11,-0.003137447407688297,0.15730749852057627
subj06,V1,fold_1,vis2img,12,-0.01899296133831626,0.1477665638253038
subj06,V1,fold_2,vis2img,1,0.17085456781940464,0.1304775947487895
subj06,V1,fold_2,vis2img,2,0.15214125814646182,0.09227192414641974
subj06,V1,fold_2,vis2img,3,0.1371775623069215,0.09541486067163478
subj06,V1,fold_2,vis2img,4,0.1318087251036825,0.11335711181962484
subj06,V1,fold_2,vis2img,5,0.12576313319693738,0.11665449860427567
subj06,V1,fold_2,vis2img,6,0.12621898238958731,0.10763719224759427
subj06,V1,fold_2,vis2img,7,0.12881631328846552,0.09969925127632405
subj06,V1,fold_2,vis2img,8,0.13280328370479924,0.10987677262104223
subj06,V1,fold_2,vis2img,9,0.13996073588357702,0.10948763875670088
subj06,V1,fold_2,vis2img,10,0.14171373970029622,0.11303480316281606
subj06,V1,fold_2,vis2img,11,0.1433136839717721,0.11871697502393576
subj06,V1,fold_2,vis2img,12,0.14834080146979675,0.12283962454224333
subj06,V1,fold_3,vis2img,1,0.032860446214307434,-0.051983064338866444
subj06,V1,fold_3,vis2img,2,0.014594602847225791,-0.03729452019035112
subj06,V1,fold_3,vis2img,3,0.003731698136761498,-0.02375247500394517
subj06,V1,fold_3,vis2img,4,0.04809390711349587,-0.015381565491772869
subj06,V1,fold_3,vis2img,5,0.02855700965215335,-0.006725122265544836
subj06,V1,fold_3,vis2img,6,0.014034073864641124,-0.003101451467661657
subj06,V1,fold_3,vis2img,7,0.02996416249425906,0.006962275096016672
subj06,V1,fold_3,vis2img,8,0.02328552955093869,0.02990092866060708
subj06,V1,fold_3,vis2img,9,0.025720310393215727,0.03283757842619626
subj06,V1,fold_3,vis2img,10,0.02562264517595545,0.03720612143728153
subj06,V1,fold_3,vis2img,11,0.025340382377109706,0.03980388636272077
subj06,V1,fold_3,vis2img,12,0.02547797003110248,0.03979554526758476
subj06,V2,fold_0,vis2img,1,-0.0607570463393437,0.0681499149595725
subj06,V2,fold_0,vis2img,2,-0.038776225096746206,0.09728302364805293
subj06,V2,fold_0,vis2img,3,-0.06493324481730216,0.051591847500354455
subj06,V2,fold_0,vis2img,4,-0.035424227868562,0.06901904023359076
subj06,V2,fold_0,vis2img,5,-0.0004795326702716092,0.09988131939780925
subj06,V2,fold_0,vis2img,6,0.0041400908234999366,0.10646539243886532
subj06,V2,fold_0,vis2img,7,-0.0054175986720589805,0.12569424848232005
subj06,V2,fold_0,vis2img,8,0.004040135652725094,0.13140947205139053
subj06,V2,fold_0,vis2img,9,0.010084776431812494,0.13323245329365477
subj06,V2,fold_0,vis2img,10,-0.015192742114376658,0.1376690624675008
subj06,V2,fold_0,vis2img,11,-0.011389035874964598,0.13811075580312562
subj06,V2,fold_0,vis2img,12,0.005468318573576597,0.13832981665732008
subj06,V2,fold_1,vis2img,1,0.29788707905688233,0.001465644422482824
subj06,V2,fold_1,vis2img,2,0.2509556705343548,0.052582521384140934
subj06,V2,fold_1,vis2img,3,0.2664893887709781,0.0844992069668866
subj06,V2,fold_1,vis2img,4,0.24136816111994056,0.07707917738745769
subj06,V2,fold_1,vis2img,5,0.2374728573666667,0.0876283558179926
subj06,V2,fold_1,vis2img,6,0.21557833277696878,0.08662167987341392
subj06,V2,fold_1,vis2img,7,0.23309313103173432,0.09838244715659243
subj06,V2,fold_1,vis2img,8,0.22290516234003968,0.10477483779226852
subj06,V2,fold_1,vis2img,9,0.2156111934937809,0.10774149706224025
subj06,V2,fold_1,vis2img,10,0.22250970861793506,0.10076021393535702
subj06,V2,fold_1,vis2img,11,0.22443215127789062,0.10418068906353728
subj06,V2,fold_1,vis2img,12,0.19291568369676063,0.08176697457281046
subj06,V2,fold_2,vis2img,1,0.1587507351596791,0.20330953007912309
subj06,V2,fold_2,vis2img,2,0.1331718345191735,0.1938442065495197
subj06,V2,fold_2,vis2img,3,0.12456196482236366,0.2170639430880922
subj06,V2,fold_2,vis2img,4,0.12227105024741047,0.22055952997213754
subj06,V2,fold_2,vis2img,5,0.09743197518233593,0.22761866968252442
subj06,V2,fold_2,vis2img,6,0.09939847375782218,0.22461572665719945
subj06,V2,fold_2,vis2img,7,0.0955848761050212,0.253344568666173
subj06,V2,fold_2,vis2img,8,0.09116091513939593,0.24759748407925963
subj06,V2,fold_2,vis2img,9,0.09303864728946225,0.24609884466405677
subj06,V2,fold_2,vis2img,10,0.09245961157342768,0.23754203208390687
subj06,V2,fold_2,vis2img,11,0.08915690328149369,0.23308171342939507
subj06,V2,fold_2,vis2img,12,0.08619185318378415,0.23277038414373452
subj06,V2,fold_3,vis2img,1,0.08465968295022491,0.11054283115787317
subj06,V2,fold_3,vis2img,2,0.10193574942631749,0.1729374353391703
subj06,V2,fold_3,vis2img,3,0.11714623750164908,0.16513819750082845
subj06,V2,fold_3,vis2img,4,0.12549465784916772,0.17624512037937443
subj06,V2,fold_3,vis2img,5,0.11196309688831457,0.21547628128208762
subj06,V2,fold_3,vis2img,6,0.11570139906716954,0.22973143042473754
subj06,V2,fold_3,vis2img,7,0.09196236477285931,0.23756422643755915
subj06,V2,fold_3,vis2img,8,0.09711418058987464,0.22046389050428475
subj06,V2,fold_3,vis2img,9,0.09639827243104561,0.2179150468937773
subj06,V2,fold_3,vis2img,10,0.08100096989870642,0.19945505807887728
subj06,V2,fold_3,vis2img,11,0.08078687754804127,0.20041931740177296
subj06,V2,fold_3,vis2img,12,0.08944632327027756,0.18382494970458754
subj06,V3,fold_0,vis2img,1,-0.06783090040233387,-0.04051068584063216
subj06,V3,fold_0,vis2img,2,0.0034631310851488822,0.08197716720241235
subj06,V3,fold_0,vis2img,3,0.04503291025365328,0.12555057648768525
subj06,V3,fold_0,vis2img,4,0.07739980340696963,0.13937820599262646
subj06,V3,fold_0,vis2img,5,0.08003217381341836,0.11739890204846977
subj06,V3,fold_0,vis2img,6,0.0800321738134175,0.11739890204846948
subj06,V3,fold_0,vis2img,7,0.10001554868155121,0.14505801575827262
subj06,V3,fold_0,vis2img,8,0.1000155486815529,0.14505801575827534
subj06,V3,fold_0,vis2img,9,0.10706579561978426,0.14280143966030343
subj06,V3,fold_0,vis2img,10,0.10180880494132243,0.1242305526183272
subj06,V3,fold_0,vis2img,11,0.11149495450728526,0.15085764551079786
subj06,V3,fold_0,vis2img,12,0.11149495450728493,0.15085764551079955
subj06,V3,fold_1,vis2img,1,0.11355584616853505,0.010890459790532546
subj06,V3,fold_1,vis2img,2,0.10081627378139235,0.08310639275839253
subj06,V3,fold_1,vis2img,3,0.04322077437883757,0.11116599580506685
subj06,V3,fold_1,vis2img,4,0.025569702832978148,0.1314140548388545
subj06,V3,fold_1,vis2img,5,0.05322278835693712,0.12184995886414109
subj06,V3,fold_1,vis2img,6,0.038267479675920514,0.13664673922293671
subj06,V3,fold_1,vis2img,7,0.03732637418678377,0.12576105293746406
subj06,V3,fold_1,vis2img,8,0.057921993707416373,0.16504794268478037
subj06,V3,fold_1,vis2img,9,0.07359635971800423,0.1785494616639092
subj06,V3,fold_1,vis2img,10,0.08214714810521447,0.20527622652679564
subj06,V3,fold_1,vis2img,11,0.0631010047751726,0.2325318093385059
subj06,V3,fold_1,vis2img,12,0.06361110746430004,0.20373530504059842
subj06,V3,fold_2,vis2img,1,0.059256745685158214,0.1368638968872965
subj06,V3,fold_2,vis2img,2,0.059635758839542176,0.20582353090570935
subj06,V3,fold_2,vis2img,3,0.07322663680515044,0.2020129426811046
subj06,V3,fold_2,vis2img,4,0.08964039306619669,0.2239215281121988
subj06,V3,fold_2,vis2img,5,0.07736530706483381,0.23275554712390192
subj06,V3,fold_2,vis2img,6,0.07752597555200662,0.24595535431654758
subj06,V3,fold_2,vis2img,7,0.07989291553157525,0.26587317473952604
subj06,V3,fold_2,vis2img,8,0.07963523570606579,0.27580202796424924
subj06,V3,fold_2,vis2img,9,0.07363337110181048,0.2747667228425921
subj06,V3,fold_2,vis2img,10,0.07703578053760494,0.28128693300111957
subj06,V3,fold_2,vis2img,11,0.08808069456186414,0.2845833564313885
subj06,V3,fold_2,vis2img,12,0.098228085221596,0.28545077134322877
subj06,V3,fold_3,vis2img,1,0.006730233781698405,0.08860621892497683
subj06,V3,fold_3,vis2img,2,0.01869211285231504,0.18377295281792147
subj06,V3,fold_3,vis2img,3,0.12432400132297444,0.1825735825456527
subj06,V3,fold_3,vis2img,4,0.11165432740583599,0.18064764933526134
subj06,V3,fold_3,vis2img,5,0.07722240532898472,0.18632180345262253
subj06,V3,fold_3,vis2img,6,0.11018337117500822,0.19993020884879154
subj06,V3,fold_3,vis2img,7,0.10198375125339205,0.2115245310374992
subj06,V3,fold_3,vis2img,8,0.08425145871063185,0.1835767998274577
subj06,V3,fold_3,vis2img,9,0.09009091382000134,0.18205974859317095
subj06,V3,fold_3,vis2img,10,0.08000820330475734,0.17856849347108725
subj06,V3,fold_3,vis2img,11,0.07014599332312113,0.18263643673791585
subj06,V3,fold_3,vis2img,12,0.06973661767444288,0.18364697838451371
subj06,hV4,fold_0,vis2img,1,-0.019091868897940605,0.010441079821280539
subj06,hV4,fold_0,vis2img,2,0.06699625924401928,0.07130167976129212
subj06,hV4,fold_0,vis2img,3,0.0705899173877547,0.0996651455846271
subj06,hV4,fold_0,vis2img,4,0.09276205704804488,0.1100641947333016
subj06,hV4,fold_0,vis2img,5,0.10316843000739544,0.110176891543346
subj06,hV4,fold_0,vis2img,6,0.10120076419004682,0.1151738233950362
subj06,hV4,fold_0,vis2img,7,0.09114870695222498,0.09542314925257024
subj06,hV4,fold_0,vis2img,8,0.09177813821237081,0.09054967055035974
subj06,hV4,fold_0,vis2img,9,0.09198384254311823,0.09061106604843314
subj06,hV4,fold_0,vis2img,10,0.09198289699840559,0.090619189609346
subj06,hV4,fold_1,vis2img,1,0.205247376257338,0.10561097001851485
subj06,hV4,fold_1,vis2img,2,0.2133467872175089,0.11440189821406906
subj06,hV4,fold_1,vis2img,3,0.23073828994505155,0.12363334173275542
subj06,hV4,fold_1,vis2img,4,0.24095647136294365,0.13414458628741793
subj06,hV4,fold_1,vis2img,5,0.24249692895121,0.13740707077386838
subj06,hV4,fold_1,vis2img,6,0.24208070319571812,0.13678852192549865
subj06,hV4,fold_1,vis2img,7,0.2443415393104345,0.13541786839674114
subj06,hV4,fold_1,vis2img,8,0.24094249078733668,0.1356448243274706
subj06,hV4,fold_1,vis2img,9,0.24087213842225888,0.1354561413210619
subj06,hV4,fold_1,vis2img,10,0.24087047632541095,0.13543848597945257
subj06,hV4,fold_2,vis2img,1,0.053587397845763586,0.10827868574594726
subj06,hV4,fold_2,vis2img,2,0.06411485883509818,0.153600645053145
subj06,hV4,fold_2,vis2img,3,0.06802517446495422,0.14205206818992125
subj06,hV4,fold_2,vis2img,4,0.0644527372859715,0.1674466090113622
subj06,hV4,fold_2,vis2img,5,0.05843975552923952,0.16882752150272717
subj06,hV4,fold_2,vis2img,6,0.048618947604042326,0.16626479292648672
subj06,hV4,fold_2,vis2img,7,0.049593052786521666,0.1679765570180141
subj06,hV4,fold_2,vis2img,8,0.053361000205066754,0.16597873519107936
subj06,hV4,fold_2,vis2img,9,0.05422742326567779,0.16717892644899846
subj06,hV4,fold_2,vis2img,10,0.054209889936461385,0.16717563652032802
subj06,hV4,fold_3,vis2img,1,0.12841536875005652,0.06533085324106995
subj06,hV4,fold_3,vis2img,2,0.18921949394590531,0.08812505983418019
subj06,hV4,fold_3,vis2img,3,0.22158563656848007,0.13103559230564277
subj06,hV4,fold_3,vis2img,4,0.2098349664604368,0.12649142497491364
subj06,hV4,fold_3,vis2img,5,0.1978687741695036,0.13843140960595698
subj06,hV4,fold_3,vis2img,6,0.19668102978360744,0.13579200445283804
subj06,hV4,fold_3,vis2img,7,0.19644486814773496,0.13716922789720515
subj06,hV4,fold_3,vis2img,8,0.1955188880606749,0.1378766883783315
subj06,hV4,fold_3,vis2img,9,0.19554995471149672,0.1378807078886572
subj06,hV4,fold_3,vis2img,10,0.1955425027262681,0.1379041145776164
subj06,ventral,fold_0,vis2img,1,0.03676336611214524,0.029971421987806692
subj06,ventral,fold_0,vis2img,2,0.21590695522616,0.19410972069879479
subj06,ventral,fold_0,vis2img,3,0.21726938795742534,0.20964750608937266
subj06,ventral,fold_0,vis2img,4,0.2153220117422195,0.21794776009277786
subj06,ventral,fold_0,vis2img,5,0.21715108397411553,0.21836027009147785
subj06,ventral,fold_0,vis2img,6,0.21805230177207924,0.22788973837390394
subj06,ventral,fold_0,vis2img,7,0.21819841983350574,0.22302397179893174
subj06,ventral,fold_0,vis2img,8,0.21514386068101113,0.21992204459434575
subj06,ventral,fold_0,vis2img,9,0.21593740995100105,0.21890039871956513
subj06,ventral,fold_0,vis2img,10,0.2128859747322261,0.21966048466568852
subj06,ventral,fold_0,vis2img,11,0.21128329887714603,0.22051918342437885
subj06,ventral,fold_0,vis2img,12,0.21081020856402002,0.2200767575298427
subj06,ventral,fold_1,vis2img,1,0.033207371085881315,0.19026895005423425
subj06,ventral,fold_1,vis2img,2,0.07885174113603356,0.252229555246459
subj06,ventral,fold_1,vis2img,3,0.08174687083599474,0.26087263628031543
subj06,ventral,fold_1,vis2img,4,0.07793175425402289,0.26454650923384454
subj06,ventral,fold_1,vis2img,5,0.08695450575181164,0.26186949873779525
subj06,ventral,fold_1,vis2img,6,0.0832067734569039,0.26272252289689785
subj06,ventral,fold_1,vis2img,7,0.08617266536650722,0.2698440560451011
subj06,ventral,fold_1,vis2img,8,0.08015437426680375,0.2658145966312268
subj06,ventral,fold_1,vis2img,9,0.09071142011537946,0.2754284696918188
subj06,ventral,fold_1,vis2img,10,0.09093435051203283,0.27355371844787063
subj06,ventral,fold_1,vis2img,11,0.09286312626776654,0.2723210445610306
subj06,ventral,fold_1,vis2img,12,0.09719107682974493,0.2700879500033195
subj06,ventral,fold_2,vis2img,1,0.1496534514939998,0.291363771574476
subj06,ventral,fold_2,vis2img,2,0.1462037957493441,0.30554581908518347
subj06,ventral,fold_2,vis2img,3,0.13487031320286416,0.3062420653496099
subj06,ventral,fold_2,vis2img,4,0.13763190652907958,0.3045531978473673
subj06,ventral,fold_2,vis2img,5,0.13602874742044127,0.30237132994825455
subj06,ventral,fold_2,vis2img,6,0.13814712800230003,0.2943966477513008
subj06,ventral,fold_2,vis2img,7,0.13838301449452978,0.2967176317968754
subj06,ventral,fold_2,vis2img,8,0.13736513530448813,0.2984591881586461
subj06,ventral,fold_2,vis2img,9,0.13801901656295573,0.2984884630941401
subj06,ventral,fold_2,vis2img,10,0.1376726115269353,0.2957551010453283
subj06,ventral,fold_2,vis2img,11,0.13801255344609617,0.29568910681109967
subj06,ventral,fold_2,vis2img,12,0.13840224602094886,0.29305546850432973
subj06,ventral,fold_3,vis2img,1,-0.12822227144677073,-0.15355385565786014
subj06,ventral,fold_3,vis2img,2,0.10074706229997711,0.15647971331805613
subj06,ventral,fold_3,vis2img,3,0.09750480297613029,0.16056279976170734
subj06,ventral,fold_3,vis2img,4,0.09186526693695954,0.16281398915318107
subj06,ventral,fold_3,vis2img,5,0.08909247139013661,0.16380821471257656
subj06,ventral,fold_3,vis2img,6,0.08975039098954753,0.1665304274878357
subj06,ventral,fold_3,vis2img,7,0.08217095614479127,0.16988179061421116
subj06,ventral,fold_3,vis2img,8,0.08254039686626728,0.17002239402695055
subj06,ventral,fold_3,vis2img,9,0.0861557934666828,0.17364934667846646
subj06,ventral,fold_3,vis2img,10,0.08615000459517226,0.17402823773027407
subj06,ventral,fold_3,vis2img,11,0.08647337601915828,0.17876442796226502
subj06,ventral,fold_3,vis2img,12,0.09246261238725376,0.16895995462312696
subj06,lateral,fold_0,vis2img,1,0.04672196117966585,0.025856590469374087
subj06,lateral,fold_0,vis2img,2,0.06488442642835654,0.061163931403135835
subj06,lateral,fold_0,vis2img,3,-0.09238643986668327,0.12021058709972397
subj06,lateral,fold_0,vis2img,4,-0.08490360728601762,0.1317875331419923
subj06,lateral,fold_0,vis2img,5,-0.08677185516188446,0.13059143541075402
subj06,lateral,fold_0,vis2img,6,-0.09258441435545517,0.13017743491068562
subj06,lateral,fold_0,vis2img,7,-0.08775753683452307,0.13165216710460567
subj06,lateral,fold_0,vis2img,8,-0.0946505307568078,0.13862232888335768
subj06,lateral,fold_0,vis2img,9,-0.12090953553374495,0.12443172090102715
subj06,lateral,fold_0,vis2img,10,-0.12084596738210354,0.12475570958739507
subj06,lateral,fold_0,vis2img,11,-0.12052373122844486,0.12782856445993693
subj06,lateral,fold_0,vis2img,12,-0.11455127589216975,0.1310466403330318
subj06,lateral,fold_1,vis2img,1,-0.19422415441943838,-0.008915558408884137
subj06,lateral,fold_1,vis2img,2,0.11801515715950064,0.21402834545272792
subj06,lateral,fold_1,vis2img,3,0.11683090425544591,0.23537743053005594
subj06,lateral,fold_1,vis2img,4,0.1138361764910428,0.23906999791942354
subj06,lateral,fold_1,vis2img,5,0.1006220245948274,0.21292025715204574
subj06,lateral,fold_1,vis2img,6,0.1067872085793198,0.20924073127773518
subj06,lateral,fold_1,vis2img,7,0.11284910729391512,0.20790717339642278
subj06,lateral,fold_1,vis2img,8,0.11000646454719386,0.20705276204092588
subj06,lateral,fold_1,vis2img,9,0.1071014228735539,0.20690472090584583
subj06,lateral,fold_1,vis2img,10,0.10013551598695551,0.196603147146776
subj06,lateral,fold_1,vis2img,11,0.10354273482749912,0.20145682454543615
subj06,lateral,fold_1,vis2img,12,0.09869187887793125,0.2053318418799134
subj06,lateral,fold_2,vis2img,1,0.2539666142657618,0.24044790323025947
subj06,lateral,fold_2,vis2img,2,0.24209234133571117,0.23176890198208325
subj06,lateral,fold_2,vis2img,3,0.22054204362766058,0.2504330443583403
subj06,lateral,fold_2,vis2img,4,0.2156185556395869,0.2551037693197543
subj06,lateral,fold_2,vis2img,5,0.22001358876006663,0.21581485683233134
subj06,lateral,fold_2,vis2img,6,0.1917152197198417,0.19770274016830977
subj06,lateral,fold_2,vis2img,7,0.17203474277740347,0.18499870818557992
subj06,lateral,fold_2,vis2img,8,0.1687917894837514,0.18128726510458892
subj06,lateral,fold_2,vis2img,9,0.17715996084357985,0.19957393477749244
subj06,lateral,fold_2,vis2img,10,0.17136965787398867,0.203009081431431
subj06,lateral,fold_2,vis2img,11,0.16690495477554912,0.2101413425011006
subj06,lateral,fold_2,vis2img,12,0.17198240957883557,0.22139214199244994
subj06,lateral,fold_3,vis2img,1,-0.04444727871857576,0.1363948494738584
subj06,lateral,fold_3,vis2img,2,0.006020889894632362,0.16816069964263508
subj06,lateral,fold_3,vis2img,3,-0.002971953204972581,0.17211775950654576
subj06,lateral,fold_3,vis2img,4,-0.0038879125484573354,0.17063018677455075
subj06,lateral,fold_3,vis2img,5,0.003830831134044592,0.16482703949272973
subj06,lateral,fold_3,vis2img,6,-0.0025633770216495744,0.17214681542169322
subj06,lateral,fold_3,vis2img,7,-0.006417946495522067,0.16767977049820215
subj06,lateral,fold_3,vis2img,8,-0.003116880688423923,0.17230224123405627
subj06,lateral,fold_3,vis2img,9,-0.0013151856753696887,0.19542456992927593
subj06,lateral,fold_3,vis2img,10,2.5099929723880024e-05,0.19826438091933357
subj06,lateral,fold_3,vis2img,11,0.007116335351458608,0.2003989944107021
subj06,lateral,fold_3,vis2img,12,0.005206866368158885,0.200852456820026
subj06,parietal,fold_0,vis2img,1,0.196137769934223,0.29501459640828104
subj06,parietal,fold_0,vis2img,2,0.16374894522982975,0.2415778344444318
subj06,parietal,fold_0,vis2img,3,0.1658453633846395,0.31218681602316556
subj06,parietal,fold_0,vis2img,4,0.138912546941799,0.32946298931480283
subj06,parietal,fold_0,vis2img,5,0.14259308379894678,0.3307859625583001
subj06,parietal,fold_0,vis2img,6,0.06632832037567071,0.2965187250745311
subj06,parietal,fold_0,vis2img,7,0.08602603127779584,0.3074708377278899
subj06,parietal,fold_0,vis2img,8,0.09979571196276349,0.310519522532178
subj06,parietal,fold_0,vis2img,9,0.1670938049947671,0.34993654394403667
subj06,parietal,fold_0,vis2img,10,0.187807188017872,0.322178503963073
subj06,parietal,fold_0,vis2img,11,0.14456053492363455,0.26000388715449807
subj06,parietal,fold_0,vis2img,12,0.13362288412898385,0.24394696636507998
subj06,parietal,fold_1,vis2img,1,0.07342359679938573,0.04327563006282022
subj06,parietal,fold_1,vis2img,2,0.06283425378501674,0.09029366355603242
subj06,parietal,fold_1,vis2img,3,0.08705123665297086,0.1156389178993478
subj06,parietal,fold_1,vis2img,4,0.11587573631424834,0.09570687545146106
subj06,parietal,fold_1,vis2img,5,0.1364523724482583,0.09567412192842728
subj06,parietal,fold_1,vis2img,6,0.1472983102423815,0.09227468529827153
subj06,parietal,fold_1,vis2img,7,0.14161435793491195,0.1070378523936744
subj06,parietal,fold_1,vis2img,8,0.15639415310531957,0.13010118153402775
subj06,parietal,fold_1,vis2img,9,0.15237674187409386,0.12654037878491398
subj06,parietal,fold_1,vis2img,10,0.15465353644295263,0.12717179049263952
subj06,parietal,fold_1,vis2img,11,0.17240000334891528,0.11923427759468981
subj06,parietal,fold_1,vis2img,12,0.17363597293801483,0.12861369526328617
subj06,parietal,fold_2,vis2img,1,-0.011793530728883634,0.24300724529015305
subj06,parietal,fold_2,vis2img,2,0.07310394718299192,0.31520566583295684
subj06,parietal,fold_2,vis2img,3,0.0627346317351183,0.31195287354134027
subj06,parietal,fold_2,vis2img,4,0.06082618301973796,0.3218469298695319
subj06,parietal,fold_2,vis2img,5,0.08302917847761127,0.35234515870319383
subj06,parietal,fold_2,vis2img,6,0.08289781063690445,0.3536388080499922
subj06,parietal,fold_2,vis2img,7,0.07407563356444609,0.34918792390389397
subj06,parietal,fold_2,vis2img,8,0.0762708222015528,0.35102952943217025
subj06,parietal,fold_2,vis2img,9,0.09700437044827537,0.35461904255023374
subj06,parietal,fold_2,vis2img,10,0.10559905470799541,0.3619780794980012
subj06,parietal,fold_2,vis2img,11,0.102514656744674,0.35698522320496107
subj06,parietal,fold_2,vis2img,12,0.10522140455441638,0.35344041738821996
subj06,parietal,fold_3,vis2img,1,0.054898081033063144,0.24681694514688549
subj06,parietal,fold_3,vis2img,2,0.1767981500463185,0.2845110435820427
subj06,parietal,fold_3,vis2img,3,0.17618503725675821,0.2606475370791524
subj06,parietal,fold_3,vis2img,4,0.16208692727890983,0.2384679529766359
subj06,parietal,fold_3,vis2img,5,0.15849622187931484,0.24745169216457635
subj06,parietal,fold_3,vis2img,6,0.13961244535147488,0.25120817897456554
subj06,parietal,fold_3,vis2img,7,0.16136749938243156,0.24961426543930715
subj06,parietal,fold_3,vis2img,8,0.16228346609107316,0.25646198273777676
subj06,parietal,fold_3,vis2img,9,0.17711450926272143,0.29802127104594756
subj06,parietal,fold_3,vis2img,10,0.18585889632306984,0.2953815827774256
subj06,parietal,fold_3,vis2img,11,0.17455414942378342,0.31389147705092213
subj06,parietal,fold_3,vis2img,12,0.17280314308091535,0.3158532362991503
subj07,V1,fold_0,vis2img,1,0.04798469220153059,-0.18298089443773669
subj07,V1,fold_0,vis2img,2,-0.02530816250025376,-0.18213922652535472
subj07,V1,fold_0,vis2img,3,0.07794415268738236,-0.07561293468554346
subj07,V1,fold_0,vis2img,4,0.059799955738053155,-0.10232407120041201
subj07,V1,fold_0,vis2img,5,0.04708060872296094,-0.033381270815579796
subj07,V1,fold_0,vis2img,6,0.054684302827894216,-0.013221988445317146
subj07,V1,fold_0,vis2img,7,0.09451768352470151,0.07204171838098014
subj07,V1,fold_0,vis2img,8,0.1333374330686123,0.05348529300902832
subj07,V1,fold_0,vis2img,9,0.13967335648520302,0.060168710453488504
subj07,V1,fold_0,vis2img,10,0.13799305056333272,0.058277808597490426
subj07,V1,fold_0,vis2img,11,0.13715008551141117,0.058637553209360364
subj07,V1,fold_0,vis2img,12,0.13783649245515478,0.05854626849556876
subj07,V1,fold_1,vis2img,1,-0.025733944446855596,0.024854405086947907
subj07,V1,fold_1,vis2img,2,-0.03110975108250353,0.020888212322851187
subj07,V1,fold_1,vis2img,3,-0.01917699133067392,0.044738892019822986
subj07,V1,fold_1,vis2img,4,-0.01293218771842622,0.045163815485885946
subj07,V1,fold_1,vis2img,5,-0.018971354465048773,0.04492686298518165
subj07,V1,fold_1,vis2img,6,-0.01418911501977042,0.06445447085345911
subj07,V1,fold_1,vis2img,7,-0.003089429788838803,0.07191254113145953
subj07,V1,fold_1,vis2img,8,0.03107471037557384,0.16366905581998473
subj07,V1,fold_1,vis2img,9,0.03258267765063053,0.16225006504190012
subj07,V1,fold_1,vis2img,10,0.028155333611709212,0.1594151241570388
subj07,V1,fold_1,vis2img,11,0.027576685882740978,0.16174061025079203
subj07,V1,fold_1,vis2img,12,0.0380286123509264,0.16867173850864467
subj07,V1,fold_2,vis2img,1,0.15971945067208357,0.0825101807912889
subj07,V1,fold_2,vis2img,2,0.1470422647234167,0.2325695235219662
subj07,V1,fold_2,vis2img,3,0.14930158615919323,0.17256925083172578
subj07,V1,fold_2,vis2img,4,0.1506401610482778,0.21053558697594435
subj07,V1,fold_2,vis2img,5,0.10520912489031878,0.21138188397280358
subj07,V1,fold_2,vis2img,6,0.12212614186082056,0.22674846242434182
subj07,V1,fold_2,vis2img,7,0.12351051685178362,0.22131631039437866
subj07,V1,fold_2,vis2img,8,0.08190767915384187,0.21145937382311414
subj07,V1,fold_2,vis2img,9,0.0725150307920579,0.20825572870140704
subj07,V1,fold_2,vis2img,10,0.06390006226704323,0.20973855237424233
subj07,V1,fold_2,vis2img,11,0.05374015318992536,0.20810724279418483
subj07,V1,fold_2,vis2img,12,0.04322014357154307,0.20585006423983393
subj07,V1,fold_3,vis2img,1,-0.1966974940160452,0.08046847240487504
subj07,V1,fold_3,vis2img,2,-0.19255228194862625,0.0957017987023995
subj07,V1,fold_3,vis2img,3,-0.15598258749301938,0.11420038958391075
subj07,V1,fold_3,vis2img,4,-0.13677682919547046,0.11283885713417548
subj07,V1,fold_3,vis2img,5,-0.13548887024877782,0.12387768329166846
subj07,V1,fold_3,vis2img,6,-0.1282957299142399,0.12553392541528358
subj07,V1,fold_3,vis2img,7,-0.1373667350719543,0.1312108555213651
subj07,V1,fold_3,vis2img,8,-0.13618257734222358,0.13366349128360672
subj07,V1,fold_3,vis2img,9,-0.14081160847699337,0.1370964763034844
subj07,V1,fold_3,vis2img,10,-0.1372362018211035,0.13715454307746447
subj07,V1,fold_3,vis2img,11,-0.1403858838478219,0.1370720462248339
subj07,V1,fold_3,vis2img,12,-0.14305082398323088,0.13767088855278017
subj07,V2,fold_0,vis2img,1,0.021040405383637453,0.02645319277151304
subj07,V2,fold_0,vis2img,2,0.16623572541333598,0.1221512179772137
subj07,V2,fold_0,vis2img,3,0.225049221546696,0.13857788886674333
subj07,V2,fold_0,vis2img,4,0.21901158466754084,0.1409761941452346
subj07,V2,fold_0,vis2img,5,0.19127912705713718,0.17515727780779813
subj07,V2,fold_0,vis2img,6,0.1852620045523185,0.18025548071025216
subj07,V2,fold_0,vis2img,7,0.11571785122395631,0.21004381194111685
subj07,V2,fold_0,vis2img,8,0.11787134729587245,0.21714271911821034
subj07,V2,fold_0,vis2img,9,0.11919878953258072,0.21787828112998975
subj07,V2,fold_0,vis2img,10,0.12021061749744733,0.21874222653280725
subj07,V2,fold_0,vis2img,11,0.12500368188457828,0.21707443297578025
subj07,V2,fold_0,vis2img,12,0.12606178550609673,0.21740971041969548
subj07,V2,fold_1,vis2img,1,-0.07699791973537037,0.06959167864051684
subj07,V2,fold_1,vis2img,2,-0.0032855122816026665,0.2016672190427054
subj07,V2,fold_1,vis2img,3,-0.03948463307297316,0.13875612182047284
subj07,V2,fold_1,vis2img,4,-0.048193724311630166,0.19774823145883907
subj07,V2,fold_1,vis2img,5,-0.037536412488766165,0.19613172879980995
subj07,V2,fold_1,vis2img,6,-0.034494990428487735,0.18899925528134853
subj07,V2,fold_1,vis2img,7,-0.06030793576971335,0.21470165043912606
subj07,V2,fold_1,vis2img,8,-0.07906317407975665,0.21165324192239682
subj07,V2,fold_1,vis2img,9,-0.06504946517794832,0.2027726107078219
subj07,V2,fold_1,vis2img,10,-0.059236992297909116,0.21137829009170167
subj07,V2,fold_1,vis2img,11,-0.044877118199742244,0.24931464514134585
subj07,V2,fold_1,vis2img,12,-0.05069170165858121,0.24168625448556352
subj07,V2,fold_2,vis2img,1,0.1505463642130323,0.09455715480200248
subj07,V2,fold_2,vis2img,2,0.09751374114601565,0.03946021126196132
subj07,V2,fold_2,vis2img,3,0.08348854034826343,0.07716784786055854
subj07,V2,fold_2,vis2img,4,0.0791487253490059,0.042194614443075554
subj07,V2,fold_2,vis2img,5,0.1201458641074891,0.03478340740217947
subj07,V2,fold_2,vis2img,6,0.1279277860092803,0.09012899086070116
subj07,V2,fold_2,vis2img,7,0.11539994315970525,0.10075013101389604
subj07,V2,fold_2,vis2img,8,0.12243675579041124,0.18194773411515036
subj07,V2,fold_2,vis2img,9,0.12530252440225925,0.183657065202597
subj07,V2,fold_2,vis2img,10,0.14844816599499683,0.17863015824604028
subj07,V2,fold_2,vis2img,11,0.1457494350061409,0.17866281447363408
subj07,V2,fold_2,vis2img,12,0.1586973356955513,0.17704470834056368
subj07,V2,fold_3,vis2img,1,-0.05799989048955841,0.033729326239380866
subj07,V2,fold_3,vis2img,2,-0.03701357678802181,0.07758156756760164
subj07,V2,fold_3,vis2img,3,-0.15524930801158748,0.010564790347226436
subj07,V2,fold_3,vis2img,4,-0.15888202647034783,0.0007206601687165276
subj07,V2,fold_3,vis2img,5,-0.15682313977485224,0.012915986375088877
subj07,V2,fold_3,vis2img,6,-0.1271829045509612,0.06216309720336281
subj07,V2,fold_3,vis2img,7,-0.06802424787356823,0.06336666330149929
subj07,V2,fold_3,vis2img,8,-0.06024423730588587,0.05236437478165634
subj07,V2,fold_3,vis2img,9,0.025653127627031168,0.16761166913536546
subj07,V2,fold_3,vis2img,10,0.01710644435792858,0.15805771550693962
subj07,V2,fold_3,vis2img,11,-0.0031502829702197296,0.12481141239196292
subj07,V2,fold_3,vis2img,12,-0.03239644727337989,0.1663216100934575
subj07,V3,fold_0,vis2img,1,0.48612475940852473,-0.011983795069148524
subj07,V3,fold_0,vis2img,2,0.4399560427448804,0.008379525278022399
subj07,V3,fold_0,vis2img,3,0.4492095369096157,0.00463369352319597
subj07,V3,fold_0,vis2img,4,0.451279537895999,0.013496084819437183
subj07,V3,fold_0,vis2img,5,0.44672624103361525,0.014583813641732358
subj07,V3,fold_0,vis2img,6,0.44691955271036204,0.013753914958930842
subj07,V3,fold_0,vis2img,7,0.4472359051610664,0.015105366159071118
subj07,V3,fold_0,vis2img,8,0.445043963031379,0.018601236932230467
subj07,V3,fold_0,vis2img,9,0.43900439030215627,0.019202489692423982
subj07,V3,fold_0,vis2img,10,0.43506133885720255,0.0216910830389778
subj07,V3,fold_0,vis2img,11,0.4316371005356716,0.027021043608817377
subj07,V3,fold_0,vis2img,12,0.4294520557050377,0.028028900694822487
subj07,V3,fold_1,vis2img,1,-0.15367670631408237,0.05797830592337991
subj07,V3,fold_1,vis2img,2,-0.12091436777700132,0.06685267836373189
subj07,V3,fold_1,vis2img,3,-0.13919449317294502,0.06191222734808892
subj07,V3,fold_1,vis2img,4,-0.09910803392436902,0.08151580957066255
subj07,V3,fold_1,vis2img,5,-0.11738815932031563,0.07657535855502254
subj07,V3,fold_1,vis2img,6,-0.11738815932034934,0.07657535855523685
subj07,V3,fold_1,vis2img,7,-0.11738815932031756,0.07657535855502019
subj07,V3,fold_1,vis2img,8,-0.11738815932031782,0.07657535855501897
subj07,V3,fold_1,vis2img,9,-0.11738815932031753,0.07657535855501978
subj07,V3,fold_1,vis2img,10,-0.11738815932031871,0.0765753585550192
subj07,V3,fold_1,vis2img,11,-0.11738815932031771,0.07657535855502014
subj07,V3,fold_1,vis2img,12,-0.11738815932031368,0.07657535855504008
subj07,V3,fold_2,vis2img,1,0.08231013391720972,-0.18139106519586481
subj07,V3,fold_2,vis2img,2,0.1172533783753193,-0.10118130112287148
subj07,V3,fold_2,vis2img,3,0.10563788713336655,-0.08432153692712019
subj07,V3,fold_2,vis2img,4,0.10910024033710103,-0.09542112065396817
subj07,V3,fold_2,vis2img,5,0.094877512493886,-0.10637603357327098
subj07,V3,fold_2,vis2img,6,0.09550660394633681,-0.11167054329827943
subj07,V3,fold_2,vis2img,7,0.10755671834231169,-0.07911681030830392
subj07,V3,fold_2,vis2img,8,0.10472276313569799,-0.07637326541381663
subj07,V3,fold_2,vis2img,9,0.10950785730398456,-0.054959736356702406
subj07,V3,fold_2,vis2img,10,0.10978887020759981,-0.05750116425262874
subj07,V3,fold_2,vis2img,11,0.10616925674006573,-0.05788122406882499
subj07,V3,fold_2,vis2img,12,0.09127431501781243,-0.0428854576542986
subj07,V3,fold_3,vis2img,1,0.08351512433020995,0.03638946875826096
subj07,V3,fold_3,vis2img,2,0.18718958518036855,0.13940825430251627
subj07,V3,fold_3,vis2img,3,0.18321774292228357,0.12232284807133333
subj07,V3,fold_3,vis2img,4,0.055713926144902164,0.11870922598129055
subj07,V3,fold_3,vis2img,5,-0.011966370200715237,0.08803169152745333
subj07,V3,fold_3,vis2img,6,-0.017493723852245062,0.10240687661759207
subj07,V3,fold_3,vis2img,7,-0.004558028127520373,0.10783917877036792
subj07,V3,fold_3,vis2img,8,-0.01686217721532762,0.11271169513482092
subj07,V3,fold_3,vis2img,9,-0.01343619776907307,0.11094589884330501
subj07,V3,fold_3,vis2img,10,-0.0009966659059872244,0.11101500664819067
subj07,V3,fold_3,vis2img,11,-0.008698675337733249,0.10880050079136011
subj07,V3,fold_3,vis2img,12,-0.010811982402529612,0.10619938301640994
subj07,hV4,fold_0,vis2img,1,-0.4042596956276283,-0.1474668092884182
subj07,hV4,fold_0,vis2img,2,-0.3776857316534927,-0.13987669685957138
subj07,hV4,fold_0,vis2img,3,-0.37188123203718537,-0.16877524656371384
subj07,hV4,fold_0,vis2img,4,-0.28798154321646297,-0.05867657937462825
subj07,hV4,fold_0,vis2img,5,-0.22065131724316883,-0.11267413712765681
subj07,hV4,fold_0,vis2img,6,-0.23138636239137148,-0.11344500726484419
subj07,hV4,fold_0,vis2img,7,-0.2311834385933545,-0.11293968662613549
subj07,hV4,fold_0,vis2img,8,-0.23129280334859226,-0.11307007293042902
subj07,hV4,fold_1,vis2img,1,0.0962109047777247,0.1665319822326386
subj07,hV4,fold_1,vis2img,2,0.10035916588942492,0.1695765055222078
subj07,hV4,fold_1,vis2img,3,0.0851787786130661,0.2035172972768708
subj07,hV4,fold_1,vis2img,4,0.09708379284608201,0.2114177871696849
subj07,hV4,fold_1,vis2img,5,0.11468206838467296,0.23172819705348213
subj07,hV4,fold_1,vis2img,6,0.1114116532917277,0.22069648789835894
subj07,hV4,fold_1,vis2img,7,0.11220556677815809,0.22042652865933732
subj07,hV4,fold_1,vis2img,8,0.11209668484477292,0.220313287190626
subj07,hV4,fold_2,vis2img,1,-0.3414235023024528,0.0688535234028789
subj07,hV4,fold_2,vis2img,2,-0.3408226358552947,0.061367266985177055
subj07,hV4,fold_2,vis2img,3,-0.34409028939365405,0.049664373790175936
subj07,hV4,fold_2,vis2img,4,-0.3449587497047706,0.04021589570798721
subj07,hV4,fold_2,vis2img,5,-0.34264590152592855,0.042603449260801424
subj07,hV4,fold_2,vis2img,6,-0.3415901791340433,0.04249326946131197
subj07,hV4,fold_2,vis2img,7,-0.34170901415868843,0.04270270300025571
subj07,hV4,fold_2,vis2img,8,-0.3417180550497486,0.04269196993172888
subj07,hV4,fold_3,vis2img,1,-0.15018487092355137,0.16169225514640195
subj07,hV4,fold_3,vis2img,2,-0.1502769331441118,0.1602416180135819
subj07,hV4,fold_3,vis2img,3,-0.1500486091520821,0.16163638297159574
subj07,hV4,fold_3,vis2img,4,-0.1505450676273709,0.16416554465893723
subj07,hV4,fold_3,vis2img,5,-0.14636706465140503,0.16428462313164577
subj07,hV4,fold_3,vis2img,6,-0.14704091137774467,0.16430675110455362
subj07,hV4,fold_3,vis2img,7,-0.1473745742994258,0.1636063236061492
subj07,hV4,fold_3,vis2img,8,-0.1476768528079001,0.16441670887585008
subj07,ventral,fold_0,vis2img,1,0.15295662192708762,-0.03183160559863486
subj07,ventral,fold_0,vis2img,2,0.20504763440475157,0.06965333147348005
subj07,ventral,fold_0,vis2img,3,0.17118713498999386,0.06884746032515898
subj07,ventral,fold_0,vis2img,4,0.17838264636748033,0.1162449621550078
subj07,ventral,fold_0,vis2img,5,0.1729396019974715,0.12087973200533036
subj07,ventral,fold_0,vis2img,6,0.15673995528436724,0.11951477272994503
subj07,ventral,fold_0,vis2img,7,0.16380042360596356,0.12258205559506806
subj07,ventral,fold_0,vis2img,8,0.13574802132583672,0.12807412990187275
subj07,ventral,fold_0,vis2img,9,0.1350730123422216,0.12039911378399548
subj07,ventral,fold_0,vis2img,10,0.1405450696113028,0.12857402422421002
subj07,ventral,fold_0,vis2img,11,0.14010230342823193,0.13589550320668048
subj07,ventral,fold_0,vis2img,12,0.14111546927018428,0.13787279788609796
subj07,ventral,fold_1,vis2img,1,0.03882482584392399,-0.004660866909935425
subj07,ventral,fold_1,vis2img,2,0.04092189680865249,0.19560953409054996
subj07,ventral,fold_1,vis2img,3,0.02599843909652411,0.1958155191383796
subj07,ventral,fold_1,vis2img,4,0.030434105770401867,0.1960788781936648
subj07,ventral,fold_1,vis2img,5,0.03202882761230237,0.19849266249600686
subj07,ventral,fold_1,vis2img,6,0.037140896659277604,0.20865554633275213
subj07,ventral,fold_1,vis2img,7,0.03256097567519903,0.21727257008503684
subj07,ventral,fold_1,vis2img,8,0.04227348101016208,0.21642399909030252
subj07,ventral,fold_1,vis2img,9,0.03997252095118171,0.20227054540660527
subj07,ventral,fold_1,vis2img,10,0.040626718303409484,0.19894849306645024
subj07,ventral,fold_1,vis2img,11,0.04007602152656853,0.20154962659688652
subj07,ventral,fold_1,vis2img,12,0.03013873054623591,0.20232252950994029
subj07,ventral,fold_2,vis2img,1,0.05156996528341527,0.19022980994530425
subj07,ventral,fold_2,vis2img,2,0.047962928151059764,0.17228011423695394
subj07,ventral,fold_2,vis2img,3,0.1270345590176349,0.24445604470404203
subj07,ventral,fold_2,vis2img,4,0.12120933157522314,0.2225193887984165
subj07,ventral,fold_2,vis2img,5,0.11896536496035892,0.2187721592426061
subj07,ventral,fold_2,vis2img,6,0.1208470344798867,0.220045812903537
subj07,ventral,fold_2,vis2img,7,0.1275894227776708,0.223703972914193
subj07,ventral,fold_2,vis2img,8,0.1174815988283828,0.211402771504317
subj07,ventral,fold_2,vis2img,9,0.11931517259005023,0.20989905206777
subj07,ventral,fold_2,vis2img,10,0.11493289353440514,0.20724444685267018
subj07,ventral,fold_2,vis2img,11,0.10839112269574837,0.19917540384230337
subj07,ventral,fold_2,vis2img,12,0.11348288423601421,0.20268386309918282
subj07,ventral,fold_3,vis2img,1,0.031992025168260996,0.128503164331396
subj07,ventral,fold_3,vis2img,2,0.06646859101471493,0.17991011306094437
subj07,ventral,fold_3,vis2img,3,0.0388368969038941,0.2164219460910303
subj07,ventral,fold_3,vis2img,4,0.0065709349098067565,0.17816334629939912
subj07,ventral,fold_3,vis2img,5,0.005899524562773667,0.1676842304632549
subj07,ventral,fold_3,vis2img,6,0.013070755223400454,0.17232104582406726
subj07,ventral,fold_3,vis2img,7,-0.00261323085748701,0.14164172472776146
subj07,ventral,fold_3,vis2img,8,-0.00791144867053489,0.12144221866310445
subj07,ventral,fold_3,vis2img,9,0.012647568518195453,0.1566246229113009
subj07,ventral,fold_3,vis2img,10,0.014697899202859308,0.1460685528411965
subj07,ventral,fold_3,vis2img,11,0.01701225363548503,0.1512489189943401
subj07,ventral,fold_3,vis2img,12,0.015668900567333496,0.15182045655388818
subj07,lateral,fold_0,vis2img,1,0.23753484277594097,0.20997042292106155
subj07,lateral,fold_0,vis2img,2,0.230327098227332,0.2101252655942027
subj07,lateral,fold_0,vis2img,3,0.21611635686013142,0.19648601299566196
subj07,lateral,fold_0,vis2img,4,0.21893056000938174,0.20183162513609035
subj07,lateral,fold_0,vis2img,5,0.22592082929223753,0.2074939485850528
subj07,lateral,fold_0,vis2img,6,0.2113255735752278,0.18983068899294964
subj07,lateral,fold_0,vis2img,7,0.21132557357522763,0.18983068899295052
subj07,lateral,fold_0,vis2img,8,0.18536478663460784,0.17802970008041924
subj07,lateral,fold_0,vis2img,9,0.19219628910022238,0.18916015660390048
subj07,lateral,fold_0,vis2img,10,0.19219628910022105,0.18916015660389948
subj07,lateral,fold_0,vis2img,11,0.19003561280990836,0.17663650601414366
subj07,lateral,fold_0,vis2img,12,0.19219628910022024,0.18916015660389907
subj07,lateral,fold_1,vis2img,1,-0.08165373421663011,0.03457702630814177
subj07,lateral,fold_1,vis2img,2,-0.029798134013321872,0.15896371503796822
subj07,lateral,fold_1,vis2img,3,-0.03137163171988272,0.14755460718777105
subj07,lateral,fold_1,vis2img,4,-0.04913022093155825,0.16451577215935995
subj07,lateral,fold_1,vis2img,5,-0.014803661661048809,0.1729541187330326
subj07,lateral,fold_1,vis2img,6,-0.01304271962324654,0.16243460989466801
subj07,lateral,fold_1,vis2img,7,-0.022643500792607525,0.17262186533424503
subj07,lateral,fold_1,vis2img,8,-0.033462204822741946,0.1780561330304558
subj07,lateral,fold_1,vis2img,9,-0.0471713496580937,0.16670693740669645
subj07,lateral,fold_1,vis2img,10,-0.04531440236412475,0.17040503991519018
subj07,lateral,fold_1,vis2img,11,-0.032802531065943004,0.17688752745405686
subj07,lateral,fold_1,vis2img,12,-0.040105571458047835,0.16197724222988627
subj07,lateral,fold_2,vis2img,1,0.08659302807199092,0.13720493385363872
subj07,lateral,fold_2,vis2img,2,0.09505703684157972,0.2146650367533498
subj07,lateral,fold_2,vis2img,3,0.08036590354385298,0.2253837447542823
subj07,lateral,fold_2,vis2img,4,0.08188638753226474,0.23613740640200834
subj07,lateral,fold_2,vis2img,5,0.06917389919537287,0.2234088603944627
subj07,lateral,fold_2,vis2img,6,0.06936829478525706,0.23080132231736328
subj07,lateral,fold_2,vis2img,7,0.06262698609115902,0.21435533005878626
subj07,lateral,fold_2,vis2img,8,0.05929752787789711,0.2057182182005494
subj07,lateral,fold_2,vis2img,9,0.04956070050208269,0.20641288270406186
subj07,lateral,fold_2,vis2img,10,0.05280917024755059,0.20053312385359223
subj07,lateral,fold_2,vis2img,11,0.046279481447867823,0.1952233273646401
subj07,lateral,fold_2,vis2img,12,0.03958507213996205,0.19806503232688544
subj07,lateral,fold_3,vis2img,1,-0.11449305164733968,0.06716395398337599
subj07,lateral,fold_3,vis2img,2,-0.042993475844085305,0.18047317539363536
subj07,lateral,fold_3,vis2img,3,-0.05754912365371685,0.18718927765222068
subj07,lateral,fold_3,vis2img,4,-0.03285332123833988,0.17937299112167504
subj07,lateral,fold_3,vis2img,5,-0.007646835204663258,0.1582566402049302
subj07,lateral,fold_3,vis2img,6,-0.006086305983520305,0.16369735446184852
subj07,lateral,fold_3,vis2img,7,-0.00796829566391492,0.16394272586234365
subj07,lateral,fold_3,vis2img,8,0.0071305203726116,0.1691134349533668
subj07,lateral,fold_3,vis2img,9,0.006443155787029147,0.17087409638043527
subj07,lateral,fold_3,vis2img,10,-0.004595590265271528,0.15674264554942183
subj07,lateral,fold_3,vis2img,11,-0.0038992094080442393,0.1577014365662365
subj07,lateral,fold_3,vis2img,12,0.015005000001519778,0.17115343922479956
subj07,parietal,fold_0,vis2img,1,-0.07777834188036653,0.03780006730215632
subj07,parietal,fold_0,vis2img,2,-0.061933531978652,0.046788532241632465
subj07,parietal,fold_0,vis2img,3,-0.05426363963452635,0.03923103379102179
subj07,parietal,fold_0,vis2img,4,-0.026353580354790594,0.08485867634193346
subj07,parietal,fold_0,vis2img,5,-0.018424056181317115,0.07318640348966633
subj07,parietal,fold_0,vis2img,6,-0.005162525664702318,0.05806430924883954
subj07,parietal,fold_0,vis2img,7,0.0010725337177660197,0.06867497967842155
subj07,parietal,fold_0,vis2img,8,0.012520430639808004,0.05380585438195474
subj07,parietal,fold_0,vis2img,9,-0.0095792870158416,0.07770595435018461
subj07,parietal,fold_0,vis2img,10,-0.0030791786911760523,0.09637033034594379
subj07,parietal,fold_0,vis2img,11,-0.003180052559330451,0.09663841243074883
subj07,parietal,fold_0,vis2img,12,0.025191212317204722,0.14333539145900698
subj07,parietal,fold_1,vis2img,1,0.3479087327636141,-0.060073303085797954
subj07,parietal,fold_1,vis2img,2,0.32914780394780735,-0.0632991997482279
subj07,parietal,fold_1,vis2img,3,0.3436782233583036,-0.07182276172726564
subj07,parietal,fold_1,vis2img,4,0.27986666885474676,-0.06172872299397994
subj07,parietal,fold_1,vis2img,5,0.24365655742512932,-0.05866354205240827
subj07,parietal,fold_1,vis2img,6,0.22206362482948763,-0.005094791324012492
subj07,parietal,fold_1,vis2img,7,0.15443676037686754,-0.02151116200507949
subj07,parietal,fold_1,vis2img,8,0.08320389514330867,-0.014725558314193095
subj07,parietal,fold_1,vis2img,9,0.06103300153647788,-0.006934741196426997
subj07,parietal,fold_1,vis2img,10,0.0794064842588857,0.0041788739261318705
subj07,parietal,fold_1,vis2img,11,0.08009782840950991,0.010614341327030154
subj07,parietal,fold_1,vis2img,12,0.07455576543986005,0.027724758853187433
subj07,parietal,fold_2,vis2img,1,-0.1679692777278199,-0.036977878720976215
subj07,parietal,fold_2,vis2img,2,-0.17889203821487787,-0.03015406705137468
subj07,parietal,fold_2,vis2img,3,-0.0967006709950771,0.004584724751857433
subj07,parietal,fold_2,vis2img,4,-0.08458752615149245,0.046616137945270586
subj07,parietal,fold_2,vis2img,5,-0.08813831417580356,0.06283578756548742
subj07,parietal,fold_2,vis2img,6,-0.0939997170974122,0.05480641827451766
subj07,parietal,fold_2,vis2img,7,-0.07686523177286313,0.051593004523646215
subj07,parietal,fold_2,vis2img,8,-0.06513235020796032,0.04492448901895694
subj07,parietal,fold_2,vis2img,9,-0.02380520551014989,0.035160932727151054
subj07,parietal,fold_2,vis2img,10,-0.020873807575783734,0.03164780422364438
subj07,parietal,fold_2,vis2img,11,-0.02986539034560286,0.01864378148884172
subj07,parietal,fold_2,vis2img,12,-0.036562428131427765,0.017731364232733686
subj07,parietal,fold_3,vis2img,1,0.007910070843452011,0.16547951136957642
subj07,parietal,fold_3,vis2img,2,0.01174150631422067,0.16756064913341795
subj07,parietal,fold_3,vis2img,3,0.02026772594365862,0.16205442621514848
subj07,parietal,fold_3,vis2img,4,0.03609237628197163,0.16166066619065497
subj07,parietal,fold_3,vis2img,5,0.025306965122234723,0.15584025186572115
subj07,parietal,fold_3,vis2img,6,0.027381599802392523,0.1582058169409772
subj07,parietal,fold_3,vis2img,7,0.030615049428437333,0.16154913711629212
subj07,parietal,fold_3,vis2img,8,0.035463955666588304,0.16002124885744898
subj07,parietal,fold_3,vis2img,9,0.01947637658579666,0.17250594271954672
subj07,parietal,fold_3,vis2img,10,0.004802555757982111,0.17646769215187497
subj07,parietal,fold_3,vis2img,11,0.004968911629669766,0.17543520767370666
subj07,parietal,fold_3,vis2img,12,0.002705489690859111,0.17721382545574188
subj08,V1,fold_0,vis2img,1,0.05028006929679273,0.240509696340266
subj08,V1,fold_0,vis2img,2,0.18719489142402487,0.2673469396966888
subj08,V1,fold_0,vis2img,3,0.18182072192049992,0.26120271090396346
subj08,V1,fold_0,vis2img,4,0.2039872446509137,0.27401572883006325
subj08,V1,fold_0,vis2img,5,0.21835052300069,0.2783924636188741
subj08,V1,fold_0,vis2img,6,0.20634945022365406,0.2714281163300351
subj08,V1,fold_0,vis2img,7,0.2320443182617119,0.2815486240636717
subj08,V1,fold_0,vis2img,8,0.2072077205229866,0.2856859629932363
subj08,V1,fold_0,vis2img,9,0.20920847353836278,0.28524257748558407
subj08,V1,fold_0,vis2img,10,0.2071810970290958,0.28415328165397347
subj08,V1,fold_0,vis2img,11,0.21158875185392712,0.2838095366052315
subj08,V1,fold_0,vis2img,12,0.21308967670988033,0.283967250460768
subj08,V1,fold_1,vis2img,1,0.05584328169033008,0.18168821862422205
subj08,V1,fold_1,vis2img,2,0.054856373056808266,0.21416111584590103
subj08,V1,fold_1,vis2img,3,0.06386189283461065,0.2438729868259268
subj08,V1,fold_1,vis2img,4,0.04816506423077567,0.22892565832080966
subj08,V1,fold_1,vis2img,5,0.05151225545858484,0.23637173099821387
subj08,V1,fold_1,vis2img,6,0.05062649432202588,0.2366763668320717
subj08,V1,fold_1,vis2img,7,0.046443989137215855,0.2405365748926198
subj08,V1,fold_1,vis2img,8,0.05365531901039258,0.23569973663387297
subj08,V1,fold_1,vis2img,9,0.056194000894910244,0.23530578212207887
subj08,V1,fold_1,vis2img,10,0.05694479672172028,0.2346281882377771
subj08,V1,fold_1,vis2img,11,0.057097662549770514,0.23494250322198756
subj08,V1,fold_1,vis2img,12,0.05945658398210831,0.23592832542382755
subj08,V1,fold_2,vis2img,1,0.22057141099910468,0.19158508065953048
subj08,V1,fold_2,vis2img,2,0.20618916200768433,0.2461167618611328
subj08,V1,fold_2,vis2img,3,0.16789881072499144,0.25081300677561297
subj08,V1,fold_2,vis2img,4,0.181240326029935,0.2863254688515865
subj08,V1,fold_2,vis2img,5,0.18851124892315338,0.2835815947745044
subj08,V1,fold_2,vis2img,6,0.18766547922708227,0.2746780318537626
subj08,V1,fold_2,vis2img,7,0.1837780943878485,0.2823841464996269
subj08,V1,fold_2,vis2img,8,0.19140228629836037,0.28315873176432516
subj08,V1,fold_2,vis2img,9,0.19182799430357358,0.2837695044812322
subj08,V1,fold_2,vis2img,10,0.18752118457970218,0.28365410890098824
subj08,V1,fold_2,vis2img,11,0.187338765165486,0.28319892395183727
subj08,V1,fold_2,vis2img,12,0.18692678832262227,0.28276468711174896
subj08,V1,fold_3,vis2img,1,0.08646876860525685,0.031931907404382016
subj08,V1,fold_3,vis2img,2,0.11818495840906605,0.014393112437076373
subj08,V1,fold_3,vis2img,3,0.17593713811001913,0.14218839593669255
subj08,V1,fold_3,vis2img,4,0.15901226799144924,0.1260769906018925
subj08,V1,fold_3,vis2img,5,0.14836611114669038,0.12633031689068486
subj08,V1,fold_3,vis2img,6,0.15536912630087196,0.1500246947801016
subj08,V1,fold_3,vis2img,7,0.16119500509316262,0.16057641685040983
subj08,V1,fold_3,vis2img,8,0.16627187161713855,0.16058650482121925
subj08,V1,fold_3,vis2img,9,0.16584907492234868,0.16035553049807738
subj08,V1,fold_3,vis2img,10,0.16474112161444074,0.158266790042163
subj08,V1,fold_3,vis2img,11,0.16365888901827866,0.15824798946917182
subj08,V1,fold_3,vis2img,12,0.16468259399021046,0.15976491577148566
subj08,V2,fold_0,vis2img,1,-0.006551466750773137,0.13806914339281734
subj08,V2,fold_0,vis2img,2,0.06376148997896607,0.19638210773552667
subj08,V2,fold_0,vis2img,3,0.04928735051839127,0.20550164309829574
subj08,V2,fold_0,vis2img,4,0.08147558208691945,0.25115295268996657
subj08,V2,fold_0,vis2img,5,0.11149584080509187,0.22085744279310768
subj08,V2,fold_0,vis2img,6,0.13192299932552778,0.25620682481690726
subj08,V2,fold_0,vis2img,7,0.14142584647746678,0.25862964647901676
subj08,V2,fold_0,vis2img,8,0.14197539470856424,0.2557443630038251
subj08,V2,fold_0,vis2img,9,0.14144915950048334,0.2775575350376087
subj08,V2,fold_0,vis2img,10,0.13700471584903248,0.2735470117682486
subj08,V2,fold_0,vis2img,11,0.14373684024206385,0.27128068156265456
subj08,V2,fold_0,vis2img,12,0.14312803734279148,0.2727708919460261
subj08,V2,fold_1,vis2img,1,0.07495267512872254,0.09505309012710991
subj08,V2,fold_1,vis2img,2,0.06946733188293222,0.06551975585756457
subj08,V2,fold_1,vis2img,3,0.05084241788834721,0.17441067324653267
subj08,V2,fold_1,vis2img,4,0.1380535329506635,0.2108043664798168
subj08,V2,fold_1,vis2img,5,0.12633759213496618,0.22838727098171732
subj08,V2,fold_1,vis2img,6,0.1105137567195665,0.20663244309903672
subj08,V2,fold_1,vis2img,7,0.06850339898510045,0.2266164611909789
subj08,V2,fold_1,vis2img,8,0.06242373349784042,0.23636816999549656
subj08,V2,fold_1,vis2img,9,0.0640137390012576,0.23148379009798048
subj08,V2,fold_1,vis2img,10,0.06008513090704208,0.2401588723073164
subj08,V2,fold_1,vis2img,11,0.0668172917719281,0.24548054914512277
subj08,V2,fold_1,vis2img,12,0.0688706477915141,0.24388127154333605
subj08,V2,fold_2,vis2img,1,-0.026475063641865842,0.11653537227477359
subj08,V2,fold_2,vis2img,2,-0.006095008824754731,0.05554503240288435
subj08,V2,fold_2,vis2img,3,-0.0026494813492402756,0.029282983962940427
subj08,V2,fold_2,vis2img,4,0.06189331594946407,0.02227059746667797
subj08,V2,fold_2,vis2img,5,0.060593286237712464,0.0272074671575559
subj08,V2,fold_2,vis2img,6,0.06253911277007365,0.011997983381844154
subj08,V2,fold_2,vis2img,7,0.15837691661790704,0.22711139771339597
subj08,V2,fold_2,vis2img,8,0.1558904090192382,0.22571617076628153
subj08,V2,fold_2,vis2img,9,0.16636372862079873,0.2170717051678755
subj08,V2,fold_2,vis2img,10,0.16714649346116342,0.21284739008244563
subj08,V2,fold_2,vis2img,11,0.16657386310302535,0.21248536284766129
subj08,V2,fold_2,vis2img,12,0.16698594559535854,0.21275105921566204
subj08,V2,fold_3,vis2img,1,0.17226163406520073,0.10331773556723216
subj08,V2,fold_3,vis2img,2,0.19686914106383577,0.11555390942346226
subj08,V2,fold_3,vis2img,3,0.10094681345571181,0.27662587466455424
subj08,V2,fold_3,vis2img,4,0.09773890086233335,0.2682515578569186
subj08,V2,fold_3,vis2img,5,0.10309804952203153,0.2588607798273112
subj08,V2,fold_3,vis2img,6,0.09529548736883997,0.25116814220226014
subj08,V2,fold_3,vis2img,7,0.07710963274800156,0.24470671919179907
subj08,V2,fold_3,vis2img,8,0.07890666631534496,0.23194268001007115
subj08,V2,fold_3,vis2img,9,0.08685218066448976,0.22371176273405563
subj08,V2,fold_3,vis2img,10,0.08776194997396666,0.21893407914343377
subj08,V2,fold_3,vis2img,11,0.09770428290448961,0.22159129083543286
subj08,V2,fold_3,vis2img,12,0.09439329344597856,0.2217793438148396
subj08,V3,fold_0,vis2img,1,-0.031002840839161345,0.07062346343331764
subj08,V3,fold_0,vis2img,2,0.12807428053382364,0.25068407264825665
subj08,V3,fold_0,vis2img,3,0.09199347505021636,0.2069294172162769
subj08,V3,fold_0,vis2img,4,0.09683277252414442,0.2259026445540574
subj08,V3,fold_0,vis2img,5,0.12685542445023967,0.2316339409796828
subj08,V3,fold_0,vis2img,6,0.1380065093198895,0.2478989223607191
subj08,V3,fold_0,vis2img,7,0.13970498587180666,0.24949654769467067
subj08,V3,fold_0,vis2img,8,0.1382945337013522,0.24928788653492598
subj08,V3,fold_0,vis2img,9,0.13567019739559372,0.247910966071095
subj08,V3,fold_0,vis2img,10,0.13203232300649373,0.24691879178241175
subj08,V3,fold_0,vis2img,11,0.13299261201689958,0.24689162843866402
subj08,V3,fold_0,vis2img,12,0.13390502850355712,0.24678259961262505
subj08,V3,fold_1,vis2img,1,-0.1120695353052254,0.18045969600958195
subj08,V3,fold_1,vis2img,2,-0.05736044290758462,0.2118731258139045
subj08,V3,fold_1,vis2img,3,-0.043186106094743985,0.2743424632956259
subj08,V3,fold_1,vis2img,4,-0.03284810600336882,0.3280169233889357
subj08,V3,fold_1,vis2img,5,-0.05286612087229046,0.332045180302057
subj08,V3,fold_1,vis2img,6,-0.05569887935501504,0.33086191601263676
subj08,V3,fold_1,vis2img,7,-0.04810891370130724,0.3290458812570943
subj08,V3,fold_1,vis2img,8,-0.0476448149801277,0.33331715350973545
subj08,V3,fold_1,vis2img,9,-0.04526817619655546,0.33538549834577375
subj08,V3,fold_1,vis2img,10,-0.04567626991077496,0.3330815901503233
subj08,V3,fold_1,vis2img,11,-0.046052458415278656,0.33256466922745287
subj08,V3,fold_1,vis2img,12,-0.047530553048040235,0.331046380180789
subj08,V3,fold_2,vis2img,1,0.11284976071084084,0.22299541542611145
subj08,V3,fold_2,vis2img,2,0.09466616526737145,0.1820371556875672
subj08,V3,fold_2,vis2img,3,0.05824813944890715,0.19020284528297637
subj08,V3,fold_2,vis2img,4,0.05455233393613188,0.19821122469184488
subj08,V3,fold_2,vis2img,5,0.09502089956720809,0.19759270094443132
subj08,V3,fold_2,vis2img,6,0.11091354084604022,0.20557480472271616
subj08,V3,fold_2,vis2img,7,0.10298479583585898,0.2185623332979495
subj08,V3,fold_2,vis2img,8,0.105936595741393,0.21632997487386574
subj08,V3,fold_2,vis2img,9,0.11188122958636419,0.22023352655735984
subj08,V3,fold_2,vis2img,10,0.10863810392568139,0.21339381707472127
subj08,V3,fold_2,vis2img,11,0.11251315179229124,0.2128904501113022
subj08,V3,fold_2,vis2img,12,0.11179312256098137,0.21197864474124312
subj08,V3,fold_3,vis2img,1,0.08735036914975422,0.18879223371684567
subj08,V3,fold_3,vis2img,2,0.03134464465860193,0.146354441549074
subj08,V3,fold_3,vis2img,3,0.1592416927738725,0.17879714056549778
subj08,V3,fold_3,vis2img,4,0.09822829908935153,0.18934261581509915
subj08,V3,fold_3,vis2img,5,0.09633773031480228,0.19149916398949246
subj08,V3,fold_3,vis2img,6,0.10209141019755957,0.18135588607677308
subj08,V3,fold_3,vis2img,7,0.1102497674394515,0.18282231983388117
subj08,V3,fold_3,vis2img,8,0.11688959790526685,0.16406708308689646
subj08,V3,fold_3,vis2img,9,0.11168254022904756,0.1593047448080843
subj08,V3,fold_3,vis2img,10,0.12407874312036046,0.1629542800500836
subj08,V3,fold_3,vis2img,11,0.12638966307503005,0.16485993501432292
subj08,V3,fold_3,vis2img,12,0.1306463688321564,0.1623658854719847
subj08,hV4,fold_0,vis2img,1,0.40697274274188516,0.30455055742388004
subj08,hV4,fold_0,vis2img,2,0.4086730803729212,0.31832713145938885
subj08,hV4,fold_0,vis2img,3,0.4066536673989189,0.3210197071107884
subj08,hV4,fold_0,vis2img,4,0.40975866519604776,0.3149757360103657
subj08,hV4,fold_0,vis2img,5,0.40388887121051525,0.29574067049651703
subj08,hV4,fold_0,vis2img,6,0.40572966641131564,0.2962442434214324
subj08,hV4,fold_0,vis2img,7,0.40737874465738544,0.30182066761651505
subj08,hV4,fold_0,vis2img,8,0.40747629001409685,0.30989786076661685
subj08,hV4,fold_0,vis2img,9,0.4071803002802574,0.30944761192558745
subj08,hV4,fold_0,vis2img,10,0.40717868281443714,0.309448469897272
subj08,hV4,fold_1,vis2img,1,0.10822309254058335,0.3126509156863975
subj08,hV4,fold_1,vis2img,2,0.13149626663276276,0.33324140001908925
subj08,hV4,fold_1,vis2img,3,0.11311988870827203,0.3401872577182059
subj08,hV4,fold_1,vis2img,4,0.12592500903502926,0.3437700764168518
subj08,hV4,fold_1,vis2img,5,0.1285725724563654,0.3396570879369271
subj08,hV4,fold_1,vis2img,6,0.12286699618605082,0.3435228724726257
subj08,hV4,fold_1,vis2img,7,0.1224652670562028,0.3434531143491937
subj08,hV4,fold_1,vis2img,8,0.12230747557174888,0.3434372154083475
subj08,hV4,fold_1,vis2img,9,0.12230331180879646,0.34342571563137547
subj08,hV4,fold_1,vis2img,10,0.12230624742731748,0.3434252433127895
subj08,hV4,fold_2,vis2img,1,-0.1460626979154303,-0.18473579664160578
subj08,hV4,fold_2,vis2img,2,0.19265770901433832,0.23546179909661635
subj08,hV4,fold_2,vis2img,3,0.22402993720187464,0.2614635895163172
subj08,hV4,fold_2,vis2img,4,0.22056765953303978,0.2617906780718825
subj08,hV4,fold_2,vis2img,5,0.22148356887447104,0.2627127983246079
subj08,hV4,fold_2,vis2img,6,0.22015191065503914,0.2604520537222112
subj08,hV4,fold_2,vis2img,7,0.22015193825423754,0.2604509838608194
subj08,hV4,fold_2,vis2img,8,0.2201450057751127,0.26043571416469213
subj08,hV4,fold_2,vis2img,9,0.2201379609453144,0.26042122447224547
subj08,hV4,fold_2,vis2img,10,0.2201366316046128,0.26041860416667173
subj08,hV4,fold_3,vis2img,1,0.1585157512258028,0.2131199727026564
subj08,hV4,fold_3,vis2img,2,0.11652354421581487,0.20411588568650196
subj08,hV4,fold_3,vis2img,3,0.19252833680451972,0.21842374088596936
subj08,hV4,fold_3,vis2img,4,0.21035390710097324,0.2394531536459891
subj08,hV4,fold_3,vis2img,5,0.21116527245391156,0.2299524370991178
subj08,hV4,fold_3,vis2img,6,0.20880363209360167,0.24492677891083853
subj08,hV4,fold_3,vis2img,7,0.20315432109903112,0.24081786231225033
subj08,hV4,fold_3,vis2img,8,0.21150518851749775,0.2459749005947287
subj08,hV4,fold_3,vis2img,9,0.2119539723524305,0.24617842550073266
subj08,hV4,fold_3,vis2img,10,0.211959645382729,0.246183203529425
subj08,ventral,fold_0,vis2img,1,0.17883356889353005,0.18221310308676464
subj08,ventral,fold_0,vis2img,2,0.1462085611839516,0.12248303779723693
subj08,ventral,fold_0,vis2img,3,0.1852272179936383,0.15078820625535092
subj08,ventral,fold_0,vis2img,4,0.19234550648863027,0.1765511588936915
subj08,ventral,fold_0,vis2img,5,0.17161952229047234,0.168188764811427
subj08,ventral,fold_0,vis2img,6,0.2118871059318991,0.1927688155902472
subj08,ventral,fold_0,vis2img,7,0.21841203711146664,0.2105831469803561
subj08,ventral,fold_0,vis2img,8,0.2166162342762165,0.2094927662370569
subj08,ventral,fold_0,vis2img,9,0.20571351339806151,0.20149860182172416
subj08,ventral,fold_0,vis2img,10,0.20598257356771796,0.201664208128629
subj08,ventral,fold_0,vis2img,11,0.21186031698020388,0.2076584704906592
subj08,ventral,fold_0,vis2img,12,0.20821985768535886,0.20822541812646728
subj08,ventral,fold_1,vis2img,1,-0.07073582669201,0.1809770131015148
subj08,ventral,fold_1,vis2img,2,-0.06072828028359689,0.19052811787735818
subj08,ventral,fold_1,vis2img,3,-0.08600599111337642,0.18285024782492598
subj08,ventral,fold_1,vis2img,4,-0.0330754005807592,0.1716254883731491
subj08,ventral,fold_1,vis2img,5,-0.021272291425170436,0.17875741412849236
subj08,ventral,fold_1,vis2img,6,-0.010881578436008198,0.1923774760908219
subj08,ventral,fold_1,vis2img,7,0.004418624913741342,0.18970389953376113
subj08,ventral,fold_1,vis2img,8,0.001710476888537196,0.17383499215128131
subj08,ventral,fold_1,vis2img,9,0.0057721134302632674,0.18090085002046502
subj08,ventral,fold_1,vis2img,10,0.04637973229004538,0.17535691739424558
subj08,ventral,fold_1,vis2img,11,0.05141511862263019,0.17604216431723577
subj08,ventral,fold_1,vis2img,12,0.04393318555264303,0.18108922213378242
subj08,ventral,fold_2,vis2img,1,0.11734000607910855,0.1520540847776041
subj08,ventral,fold_2,vis2img,2,0.06538347908725514,0.14659801917947377
subj08,ventral,fold_2,vis2img,3,0.09493151826817701,0.15707077334055838
subj08,ventral,fold_2,vis2img,4,0.10865059721899764,0.16704386791319048
subj08,ventral,fold_2,vis2img,5,0.0563540438291712,0.12684596692849656
subj08,ventral,fold_2,vis2img,6,0.09491542063380248,0.17174799945045588
subj08,ventral,fold_2,vis2img,7,0.09596362788285027,0.17470053166901026
subj08,ventral,fold_2,vis2img,8,0.09537013187094749,0.17796084452026484
subj08,ventral,fold_2,vis2img,9,0.09797006891895932,0.17664096551384711
subj08,ventral,fold_2,vis2img,10,0.11860563735498082,0.19526325774923356
subj08,ventral,fold_2,vis2img,11,0.11287682833458475,0.18793912526370773
subj08,ventral,fold_2,vis2img,12,0.1133176701632279,0.1919845267424742
subj08,ventral,fold_3,vis2img,1,-0.10107306407239317,-0.09894080046326521
subj08,ventral,fold_3,vis2img,2,-0.1215936761080649,-0.11795911826901406
subj08,ventral,fold_3,vis2img,3,-0.006755375637795607,0.008559805253437709
subj08,ventral,fold_3,vis2img,4,-0.05414040962951399,-0.04741460059435053
subj08,ventral,fold_3,vis2img,5,0.038635787737467585,0.09551482742770923
subj08,ventral,fold_3,vis2img,6,0.03944978181471665,0.09817381236692585
subj08,ventral,fold_3,vis2img,7,0.032271400433994936,0.0938987780396636
subj08,ventral,fold_3,vis2img,8,0.07079649079070917,0.1280645234492423
subj08,ventral,fold_3,vis2img,9,0.038452419145788945,0.09854177002090105
subj08,ventral,fold_3,vis2img,10,0.05257729252528556,0.10735641207959686
subj08,ventral,fold_3,vis2img,11,0.05497850191744295,0.10807709235987556
subj08,ventral,fold_3,vis2img,12,0.06202259375720391,0.10945279533441214
subj08,lateral,fold_0,vis2img,1,0.2466221995121218,0.1958107490795448
subj08,lateral,fold_0,vis2img,2,0.25279950590793104,0.20728947665880115
subj08,lateral,fold_0,vis2img,3,0.22384878714956646,0.18475721928443914
subj08,lateral,fold_0,vis2img,4,0.2689586056620345,0.2339979556011097
subj08,lateral,fold_0,vis2img,5,0.26197544496534225,0.22778220586197312
subj08,lateral,fold_0,vis2img,6,0.2563033127668945,0.21958282756711509
subj08,lateral,fold_0,vis2img,7,0.27160472838209626,0.2233296483904993
subj08,lateral,fold_0,vis2img,8,0.2207696955463539,0.21182485399743473
subj08,lateral,fold_0,vis2img,9,0.21479204452890355,0.20261654126604187
subj08,lateral,fold_0,vis2img,10,0.22855149686692722,0.2129484111337722
subj08,lateral,fold_0,vis2img,11,0.22898029662885305,0.20741617260373954
subj08,lateral,fold_0,vis2img,12,0.22273954782922298,0.19686531963478768
subj08,lateral,fold_1,vis2img,1,-0.05496422827945633,0.1296335960152419
subj08,lateral,fold_1,vis2img,2,0.03317995816376984,0.1646940658215178
subj08,lateral,fold_1,vis2img,3,0.04094349423641861,0.17143597248342063
subj08,lateral,fold_1,vis2img,4,0.03711837628570919,0.16618942259130037
subj08,lateral,fold_1,vis2img,5,0.05470531139901178,0.16508210029102835
subj08,lateral,fold_1,vis2img,6,0.08518661124035978,0.16245625311921075
subj08,lateral,fold_1,vis2img,7,0.08710549104852018,0.16577898944006306
subj08,lateral,fold_1,vis2img,8,0.08309533390950168,0.16189609668293076
subj08,lateral,fold_1,vis2img,9,0.043880635163330975,0.17444395302100807
subj08,lateral,fold_1,vis2img,10,0.036708237904883326,0.17331626866173247
subj08,lateral,fold_1,vis2img,11,0.035243246861281385,0.17971127113841898
subj08,lateral,fold_1,vis2img,12,0.038051144227207026,0.18096229295474645
subj08,lateral,fold_2,vis2img,1,-0.01134504878287114,0.06293186457595182
subj08,lateral,fold_2,vis2img,2,0.1304371815307659,0.16323081333808745
subj08,lateral,fold_2,vis2img,3,0.14460446360716614,0.1748009378534637
subj08,lateral,fold_2,vis2img,4,0.1122034620335458,0.18378820654134428
subj08,lateral,fold_2,vis2img,5,0.11142937843940298,0.18277790133546618
subj08,lateral,fold_2,vis2img,6,0.10377036814996647,0.17253907682834185
subj08,lateral,fold_2,vis2img,7,0.10776695356420367,0.18172573884864282
subj08,lateral,fold_2,vis2img,8,0.12036304201942927,0.19134778861817964
subj08,lateral,fold_2,vis2img,9,0.11429340922642507,0.1930511717477371
subj08,lateral,fold_2,vis2img,10,0.10979237718589518,0.18280190249443798
subj08,lateral,fold_2,vis2img,11,0.10453237934116834,0.18416798396063208
subj08,lateral,fold_2,vis2img,12,0.10483495046524555,0.19669608703176042
subj08,lateral,fold_3,vis2img,1,0.122903797131818,0.06910069885525255
subj08,lateral,fold_3,vis2img,2,0.11191989401627855,0.03902415834156338
subj08,lateral,fold_3,vis2img,3,0.13923453061249197,0.16832695071533746
subj08,lateral,fold_3,vis2img,4,0.11516467545478509,0.11870785982874504
subj08,lateral,fold_3,vis2img,5,0.1413783313755749,0.13389863307722052
subj08,lateral,fold_3,vis2img,6,0.16083255016558695,0.17168125403693302
subj08,lateral,fold_3,vis2img,7,0.1181449136175848,0.0928815635128184
subj08,lateral,fold_3,vis2img,8,0.1472495043053408,0.14663366701146366
subj08,lateral,fold_3,vis2img,9,0.13814969409108802,0.13220081527069566
subj08,lateral,fold_3,vis2img,10,0.13047981022203872,0.12074089137551369
subj08,lateral,fold_3,vis2img,11,0.14811127174334673,0.15064078674497636
subj08,lateral,fold_3,vis2img,12,0.15939530743524988,0.17699177051296625
subj08,parietal,fold_0,vis2img,1,0.20778140012866347,0.2486798699937225
subj08,parietal,fold_0,vis2img,2,0.1696907022033882,0.22767457133925936
subj08,parietal,fold_0,vis2img,3,0.17873783848989522,0.22861319040344982
subj08,parietal,fold_0,vis2img,4,0.18546370100843945,0.24227121871667917
subj08,parietal,fold_0,vis2img,5,0.17829002044075734,0.23751176812388083
subj08,parietal,fold_0,vis2img,6,0.17198021871158975,0.2481742505202393
subj08,parietal,fold_0,vis2img,7,0.16903534337005222,0.24701521624695963
subj08,parietal,fold_0,vis2img,8,0.16646347639256454,0.2428280036911835
subj08,parietal,fold_0,vis2img,9,0.16529553303387215,0.2471697962110761
subj08,parietal,fold_0,vis2img,10,0.15828022047045665,0.24531022988583273
subj08,parietal,fold_0,vis2img,11,0.17625496565941445,0.249013114946661
subj08,parietal,fold_0,vis2img,12,0.16233551411551445,0.23442974485487916
subj08,parietal,fold_1,vis2img,1,-0.020438069761622362,0.21509456657611278
subj08,parietal,fold_1,vis2img,2,0.058821814519358605,0.27443956517738277
subj08,parietal,fold_1,vis2img,3,0.026976971162529978,0.28141595678626646
subj08,parietal,fold_1,vis2img,4,0.02133713365746898,0.26881483271644074
subj08,parietal,fold_1,vis2img,5,0.021938413212654325,0.26573566436385987
subj08,parietal,fold_1,vis2img,6,0.041510669473145155,0.2704096021046348
subj08,parietal,fold_1,vis2img,7,0.048310033133468974,0.2712765231961494
subj08,parietal,fold_1,vis2img,8,0.06954258420695295,0.2685933497706672
subj08,parietal,fold_1,vis2img,9,0.06745918434977623,0.2774185642821194
subj08,parietal,fold_1,vis2img,10,0.062218884385232445,0.28360384584464216
subj08,parietal,fold_1,vis2img,11,0.007003565026740036,0.26106962767730163
subj08,parietal,fold_1,vis2img,12,0.002078679327892221,0.25478169918395976
subj08,parietal,fold_2,vis2img,1,-0.020645107593356724,0.007558468666265415
subj08,parietal,fold_2,vis2img,2,-0.04801616626553506,0.019275408926751895
subj08,parietal,fold_2,vis2img,3,0.005573849921036357,0.1583174203490966
subj08,parietal,fold_2,vis2img,4,0.04392455393796454,0.1407659167907639
subj08,parietal,fold_2,vis2img,5,0.05309842185854565,0.14578207787040362
subj08,parietal,fold_2,vis2img,6,0.07485801633835332,0.19762134532034212
subj08,parietal,fold_2,vis2img,7,0.0768404024967284,0.22187799321077795
subj08,parietal,fold_2,vis2img,8,0.08089132319234967,0.229225657530159
subj08,parietal,fold_2,vis2img,9,0.06394508810645351,0.24195531545110877
subj08,parietal,fold_2,vis2img,10,0.06436868271101788,0.24483340051183652
subj08,parietal,fold_2,vis2img,11,0.03952852071381436,0.21906315465701034
subj08,parietal,fold_2,vis2img,12,0.029590499675430787,0.22078293796214615
subj08,parietal,fold_3,vis2img,1,-0.09344726951654901,0.1804281748359933
subj08,parietal,fold_3,vis2img,2,-0.012411310412965311,0.1981917938660184
subj08,parietal,fold_3,vis2img,3,0.007423958061149313,0.17918080347669807
subj08,parietal,fold_3,vis2img,4,0.054862092819374764,0.21624649944781446
subj08,parietal,fold_3,vis2img,5,0.09628807206003302,0.20952490472696936
subj08,parietal,fold_3,vis2img,6,0.08796433330842442,0.1994801348177053
subj08,parietal,fold_3,vis2img,7,0.09033793893900867,0.18639187112429864
subj08,parietal,fold_3,vis2img,8,0.09603104797675031,0.19396938362269572
subj08,parietal,fold_3,vis2img,9,0.09643991942227884,0.19415444999085874
subj08,parietal,fold_3,vis2img,10,0.1053393532836359,0.18541340096185555
subj08,parietal,fold_3,vis2img,11,0.10491147529144806,0.1860744626910826
subj08,parietal,fold_3,vis2img,12,0.11710801809333399,0.18425397753223446
