participant,ROI,outer_fold,model,identity,family,held_out_r,lam,rank,normalized_mse,cosine,explained_variance,centroid_norm_ratio
subj01,V1,0,O0,A:E,simple,0.4798598885536194,0.0,1,2.0097768306732178,0.5652596950531006,0.030879616737365723,1.7182103395462036
subj01,V1,0,O0,B:B,naturalistic,0.48673129081726074,0.0,1,0.3169775903224945,0.8350784182548523,0.1556606888771057,0.9548008441925049
subj01,V1,0,O1,A:E,simple,0.5075569748878479,0.0,1,2.277819871902466,0.5669236183166504,0.10304325819015503,1.8315273523330688
subj01,V1,0,O1,B:B,naturalistic,0.5178882479667664,0.0,1,0.312526136636734,0.8296409845352173,0.1846785545349121,0.8584545850753784
subj01,V1,0,O2,A:E,simple,0.5144491195678711,5.428675439323859,1,2.398228406906128,0.5830721259117126,-0.015447854995727539,1.901481032371521
subj01,V1,0,O2,B:B,naturalistic,0.6893206834793091,5.428675439323859,1,0.20551210641860962,0.8914706707000732,0.45451873540878296,0.9067036509513855
subj01,V1,0,O3,A:E,simple,0.27204463183266375,0.8286427728546842,7,5.923086425135482,0.4713218727792573,-1.437277351994152,2.739632043910248
subj01,V1,0,O3,B:B,naturalistic,0.6837834312905521,0.8286427728546842,7,0.29503382571058157,0.867650535302292,0.21101494200928816,1.0863998362124303
subj01,V1,0,O4,A:E,simple,0.34339624655332734,1.2067926406393288,3,5.45279149768109,0.5003043944726389,-0.8830331631180273,2.66896671439881
subj01,V1,0,O4,B:B,naturalistic,0.8933592135113623,1.2067926406393288,3,0.08137417946720789,0.960816734978425,0.7980335126843734,1.0282181833285382
subj01,V1,1,O0,A:H,simple,0.6516324877738953,0.0,1,0.5932711958885193,0.7633047103881836,0.41843903064727783,1.1827154159545898
subj01,V1,1,O0,B:C,naturalistic,0.7027885913848877,0.0,1,0.15831874310970306,0.9314665198326111,0.276145875453949,0.7703812122344971
subj01,V1,1,O1,A:H,simple,0.7507750391960144,0.0,1,0.6062771081924438,0.7928571701049805,0.5631262063980103,1.2775214910507202
subj01,V1,1,O1,B:C,naturalistic,0.7075271010398865,0.0,1,0.25980937480926514,0.8929427862167358,0.2710323929786682,0.6538691520690918
subj01,V1,1,O2,A:H,simple,0.8124550580978394,3.727593720314938,1,0.5674828886985779,0.8280764222145081,0.660082221031189,1.331259846687317
subj01,V1,1,O2,B:C,naturalistic,0.8156856298446655,3.727593720314938,1,0.21139054000377655,0.9131812453269958,0.4509074091911316,0.7003656625747681
subj01,V1,1,O3,A:H,simple,0.7412861077464701,1.7575106248547894,1,2.144393534104562,0.78741351371997,-2.0613207694869105,2.11572578610422
subj01,V1,1,O3,B:C,naturalistic,0.5057176254715069,1.7575106248547894,1,0.493138212456656,0.7211695231627231,-1.8416390864672447,0.8361636184463292
subj01,V1,1,O4,A:H,simple,0.8642356913349437,35.564803062231285,2,0.5108371421617293,0.8652983877750039,0.7445937438441153,1.374786788278397
subj01,V1,1,O4,B:C,naturalistic,0.8039319922294995,35.564803062231285,2,0.22771769051369434,0.904005553994652,0.4067654848414334,0.6920062972984583
subj01,V1,2,O0,A:L,simple,0.7371008992195129,0.0,1,0.25005388259887695,0.9312537908554077,0.4906746745109558,0.5887811779975891
subj01,V1,2,O0,B:D,naturalistic,0.7976384162902832,0.0,1,0.10211481153964996,0.9538190960884094,0.5933772325515747,1.0628405809402466
subj01,V1,2,O1,A:L,simple,0.7376219034194946,0.0,1,0.23932503163814545,0.9317094087600708,0.49294495582580566,0.60397869348526
subj01,V1,2,O1,B:D,naturalistic,0.7878443002700806,0.0,1,0.10296771675348282,0.9513922333717346,0.5794894695281982,1.04147469997406
subj01,V1,2,O2,A:L,simple,0.8173608183860779,7.9060432109076855,1,0.21332508325576782,0.9509916305541992,0.5909919738769531,0.607902467250824
subj01,V1,2,O2,B:D,naturalistic,0.7978885769844055,7.9060432109076855,1,0.10798093676567078,0.9545281529426575,0.5926817655563354,1.092748761177063
subj01,V1,2,O3,A:L,simple,0.5558700863434292,0.8286427728546842,7,0.4356916395534857,0.7796089139707223,0.24803547571482054,0.5710862893818481
subj01,V1,2,O3,B:D,naturalistic,0.1420243037212099,0.8286427728546842,7,1.3830671413730296,0.4549224648322948,-4.35433701873537,1.2230511240718234
subj01,V1,2,O4,A:L,simple,0.8886799430819966,16.768329368110066,1,0.20805560208242885,0.9679354287510739,0.6998182382345102,0.5872064337008412
subj01,V1,2,O4,B:D,naturalistic,0.7998762363250398,16.768329368110066,1,0.10109255843969658,0.9543576177999301,0.5981198053661894,1.0634035440112657
subj01,V1,3,O0,A:P,simple,0.8968397974967957,0.0,1,0.1660386025905609,0.9142054319381714,0.6810512542724609,0.8716593384742737
subj01,V1,3,O0,B:K,naturalistic,0.8120147585868835,0.0,1,0.1433987021446228,0.9358888864517212,0.6593455076217651,1.0747652053833008
subj01,V1,3,O1,A:P,simple,0.9019606709480286,0.0,1,0.16253246366977692,0.9157458543777466,0.6911016702651978,0.8822354078292847
subj01,V1,3,O1,B:K,naturalistic,0.807856023311615,0.0,1,0.15521186590194702,0.9350627064704895,0.6517220735549927,1.1069753170013428
subj01,V1,3,O2,A:P,simple,0.9062114357948303,3.727593720314938,1,0.16258502006530762,0.9154651165008545,0.6942617893218994,0.8897472023963928
subj01,V1,3,O2,B:K,naturalistic,0.7519437074661255,3.727593720314938,1,0.19372615218162537,0.9203302264213562,0.5554594993591309,1.1221565008163452
subj01,V1,3,O3,A:P,simple,0.457945475084812,5.428675439323859,2,0.8355990790575653,0.6805221243824877,-0.6614586154512576,1.227065299444504
subj01,V1,3,O3,B:K,naturalistic,0.4569980859075808,5.428675439323859,2,0.7565427395563604,0.7689313410855261,-1.0806665360804621,1.3586754830854166
subj01,V1,3,O4,A:P,simple,0.9510443568724591,35.564803062231285,1,0.1225073696005573,0.9380021471368883,0.7696230626126632,0.8894698596933607
subj01,V1,3,O4,B:K,naturalistic,0.7600567263225203,35.564803062231285,1,0.17517998942318022,0.9227081782772052,0.5721819058330528,1.0857125206551161
subj01,V1,4,O0,A:R,simple,0.6281484365463257,0.0,1,0.34020698070526123,0.8878602981567383,0.3945668339729309,0.5293874144554138
subj01,V1,4,O0,B:T,naturalistic,0.6971176862716675,0.0,1,0.4429706335067749,0.7706044316291809,0.4843909740447998,0.9624424576759338
subj01,V1,4,O1,A:R,simple,0.624657392501831,0.0,1,0.3354255259037018,0.8893462419509888,0.3901926279067993,0.533871591091156
subj01,V1,4,O1,B:T,naturalistic,0.7082436084747314,0.0,1,0.4125244617462158,0.7821981310844421,0.5002739429473877,0.9382697343826294
subj01,V1,4,O2,A:R,simple,0.6561827063560486,3.727593720314938,1,0.3540910482406616,0.8774053454399109,0.4299083948135376,0.5253668427467346
subj01,V1,4,O2,B:T,naturalistic,0.7976359724998474,3.727593720314938,1,0.3151977062225342,0.8465824723243713,0.6354647874832153,1.0251871347427368
subj01,V1,4,O3,A:R,simple,0.10541937588008345,2.559547922699533,7,0.7732385642485625,0.47693618027207924,-0.4700655784323968,0.45035358931229297
subj01,V1,4,O3,B:T,naturalistic,0.8409227920853508,2.559547922699533,7,1.2253202432058539,0.8583668268595211,0.4303862766082047,1.839240852524636
subj01,V1,4,O4,A:R,simple,0.7310589377594269,5.428675439323859,1,0.3186242448489903,0.9054018756851788,0.5315998425156165,0.5334116689381024
subj01,V1,4,O4,B:T,naturalistic,0.9339664765976319,5.428675439323859,1,0.21300608995698067,0.9200601822309384,0.8716954987194224,1.1640209269392092
subj01,V1,5,O0,A:V,simple,0.826347827911377,0.0,1,0.11772023141384125,0.9526262879371643,0.6768020391464233,0.793827474117279
subj01,V1,5,O0,B:W,naturalistic,0.8007311224937439,0.0,1,0.2366177886724472,0.8828508853912354,0.6295759677886963,1.009513258934021
subj01,V1,5,O1,A:V,simple,0.8314856290817261,0.0,1,0.10687314718961716,0.953701913356781,0.6894347071647644,0.8255589008331299
subj01,V1,5,O1,B:W,naturalistic,0.8093835115432739,0.0,1,0.23606759309768677,0.8869269490242004,0.6468771696090698,1.0376149415969849
subj01,V1,5,O2,A:V,simple,0.8550487160682678,2.559547922699533,1,0.10177923738956451,0.9603481888771057,0.7219769358634949,0.8052741885185242
subj01,V1,5,O2,B:W,naturalistic,0.7493839263916016,2.559547922699533,1,0.26570528745651245,0.8693509101867676,0.561540424823761,1.0158987045288086
subj01,V1,5,O3,A:V,simple,0.832119761299963,3.727593720314938,7,0.38169006890896917,0.904520980840448,-0.311634026262946,1.3515649349889984
subj01,V1,5,O3,B:W,naturalistic,0.6367958475924759,3.727593720314938,7,0.7803725262296013,0.8091569544498701,-0.22397161481157357,1.468783757960779
subj01,V1,5,O4,A:V,simple,0.8707931993372598,51.79474679231202,1,0.09647423052828027,0.9638712383080219,0.7509949017476952,0.8041150381958624
subj01,V1,5,O4,B:W,naturalistic,0.7381585797086546,51.79474679231202,1,0.28315487862642336,0.8600623524776296,0.5432290487550369,1.0112646439916355
subj01,V2,0,O0,A:E,simple,0.7830963134765625,0.0,1,1.7875840663909912,0.14146828651428223,0.6125670671463013,1.0401325225830078
subj01,V2,0,O0,B:B,naturalistic,0.8115724921226501,0.0,1,0.252658873796463,0.8646853566169739,0.6393030285835266,0.8462581634521484
subj01,V2,0,O1,A:E,simple,0.7919058203697205,0.0,1,1.8149044513702393,0.14016316831111908,0.626098096370697,1.05370032787323
subj01,V2,0,O1,B:B,naturalistic,0.8198064565658569,0.0,1,0.23848211765289307,0.8736992478370667,0.6544579267501831,0.8308913111686707
subj01,V2,0,O2,A:E,simple,0.8096166253089905,35.564803062231285,1,1.7976387739181519,0.14133915305137634,0.6512234807014465,1.0455601215362549
subj01,V2,0,O2,B:B,naturalistic,0.8198405504226685,35.564803062231285,1,0.23944316804409027,0.872381865978241,0.6563706398010254,0.8501721024513245
subj01,V2,0,O3,A:E,simple,0.5195905567826037,2.559547922699533,7,4.5745014952604,-0.12034860926431537,0.0116970897901717,1.7741130859825929
subj01,V2,0,O3,B:B,naturalistic,0.7953454709240974,2.559547922699533,7,0.40100472160263567,0.8498529691847608,0.415752724419694,1.200929537620025
subj01,V2,0,O4,A:E,simple,0.8557015315688232,16.768329368110066,2,2.6579481211694893,0.019869391239482156,0.7167746699562794,1.3076360033534282
subj01,V2,0,O4,B:B,naturalistic,0.8782658607787572,16.768329368110066,2,0.17443791818417934,0.9094369920396117,0.7652568249662877,0.9483409640505245
subj01,V2,1,O0,A:H,simple,0.7520643472671509,0.0,1,0.40829670429229736,0.8055623173713684,0.5623902678489685,1.0447845458984375
subj01,V2,1,O0,B:C,naturalistic,0.7998601794242859,0.0,1,0.22654187679290771,0.9148045778274536,0.6385400295257568,0.6629928350448608
subj01,V2,1,O1,A:H,simple,0.7705919742584229,0.0,1,0.46065109968185425,0.8074671030044556,0.5894989967346191,1.1431068181991577
subj01,V2,1,O1,B:C,naturalistic,0.802135169506073,0.0,1,0.26034489274024963,0.9019020199775696,0.642629086971283,0.6302918791770935
subj01,V2,1,O2,A:H,simple,0.7666755318641663,51.79474679231202,1,0.3990590274333954,0.8117514848709106,0.5865454077720642,1.0525825023651123
subj01,V2,1,O2,B:C,naturalistic,0.8223961591720581,51.79474679231202,1,0.21988925337791443,0.9195720553398132,0.6747331619262695,0.6636385321617126
subj01,V2,1,O3,A:H,simple,0.6796359447349094,0.0062505519252739694,7,0.9621463487947731,0.7699681994959305,-0.013717139943321799,1.5149496385411516
subj01,V2,1,O3,B:C,naturalistic,0.8608677735838492,0.0062505519252739694,7,0.25404595900708804,0.8642547579157254,0.5603215537955458,0.895594961482859
subj01,V2,1,O4,A:H,simple,0.8530680795294543,75.43120063354607,1,0.41341944160909316,0.8405316375270211,0.7266139087137993,1.186816028705346
subj01,V2,1,O4,B:C,naturalistic,0.8958635690834491,75.43120063354607,1,0.22780150342217667,0.915202348360123,0.8024149089399997,0.6594743637009057
subj01,V2,2,O0,A:L,simple,0.4217586815357208,0.0,1,0.4479506015777588,0.7603840231895447,-0.06515121459960938,0.5987224578857422
subj01,V2,2,O0,B:D,naturalistic,0.9087254405021667,0.0,1,0.11470496654510498,0.9409154057502747,0.8212262988090515,0.9357476830482483
subj01,V2,2,O1,A:L,simple,0.423299640417099,0.0,1,0.4442782998085022,0.7631494402885437,-0.059914588928222656,0.5998234748840332
subj01,V2,2,O1,B:D,naturalistic,0.9068571329116821,0.0,1,0.1157500296831131,0.94037926197052,0.8185243010520935,0.9324290156364441
subj01,V2,2,O2,A:L,simple,0.42252540588378906,51.79474679231202,1,0.45536524057388306,0.7551894783973694,-0.06769299507141113,0.5949512124061584
subj01,V2,2,O2,B:D,naturalistic,0.9031985998153687,51.79474679231202,1,0.12124089896678925,0.937426745891571,0.8112050294876099,0.9342767596244812
subj01,V2,2,O3,A:L,simple,0.40406207332711946,3.727593720314938,7,1.5242241182640008,0.059270873927533385,-1.4288589238723475,0.7857260920864808
subj01,V2,2,O3,B:D,naturalistic,0.3816086542250621,3.727593720314938,7,2.027616137110324,0.2786413283332694,-1.5281187778654033,1.3299534204118602
subj01,V2,2,O4,A:L,simple,0.5324912314119492,51.79474679231202,5,0.5473656428581053,0.6919665721134478,0.10864527288223746,0.5301537780281278
subj01,V2,2,O4,B:D,naturalistic,0.9286871367499956,51.79474679231202,5,0.09735756180139496,0.9556441871135576,0.8502564407140875,0.8526227218218446
subj01,V2,3,O0,A:P,simple,0.7034928202629089,0.0,1,0.3243352472782135,0.8461043834686279,0.47660738229751587,1.046673059463501
subj01,V2,3,O0,B:K,naturalistic,0.7946897149085999,0.0,1,0.680104672908783,0.7255032658576965,0.630002498626709,1.1798814535140991
subj01,V2,3,O1,A:P,simple,0.6995511651039124,0.0,1,0.3409739136695862,0.844146728515625,0.4657338261604309,1.075571894645691
subj01,V2,3,O1,B:K,naturalistic,0.7783628106117249,0.0,1,0.7106288075447083,0.7160618901252747,0.6055310964584351,1.1886860132217407
subj01,V2,3,O2,A:P,simple,0.7433768510818481,5.428675439323859,1,0.29080453515052795,0.8626987934112549,0.5474755764007568,1.0499253273010254
subj01,V2,3,O2,B:K,naturalistic,0.6418203115463257,5.428675439323859,1,1.0011391639709473,0.628064751625061,0.397602379322052,1.257035732269287
subj01,V2,3,O3,A:P,simple,0.6497054429335238,0.18420699693267145,1,0.6677252267429249,0.7635770054117416,-0.18940574669955623,1.2643515218804766
subj01,V2,3,O3,B:K,naturalistic,0.12192903627436655,0.18420699693267145,1,4.292359312215484,0.1832099374847388,-3.8785706939378697,2.0069218365425088
subj01,V2,3,O4,A:P,simple,0.7999649488722923,51.79474679231202,6,0.24429497556592658,0.8894093015243782,0.6360840066866438,1.077409130420843
subj01,V2,3,O4,B:K,naturalistic,0.8319524976306235,51.79474679231202,6,0.4637636290650564,0.7878273744931428,0.6902300960095007,1.078405481536053
subj01,V2,4,O0,A:R,simple,0.6697924733161926,0.0,1,0.4682614803314209,0.7757935523986816,0.41027235984802246,0.5109972357749939
subj01,V2,4,O0,B:T,naturalistic,0.7367101311683655,0.0,1,0.426256388425827,0.7588342428207397,0.540604829788208,0.8045036196708679
subj01,V2,4,O1,A:R,simple,0.6549860239028931,0.0,1,0.5045346617698669,0.7639246582984924,0.40859174728393555,0.46708205342292786
subj01,V2,4,O1,B:T,naturalistic,0.7202402949333191,0.0,1,0.4938283860683441,0.7294843196868896,0.5184786319732666,0.8906543254852295
subj01,V2,4,O2,A:R,simple,0.6701275706291199,51.79474679231202,1,0.4951798915863037,0.7644510865211487,0.4235674738883972,0.482377827167511
subj01,V2,4,O2,B:T,naturalistic,0.7594079375267029,51.79474679231202,1,0.40302029252052307,0.7764203548431396,0.5760099291801453,0.8528987169265747
subj01,V2,4,O3,A:R,simple,0.7376556585937761,5.428675439323859,7,0.9873890992483957,0.38861869125240284,-0.1872023026078382,0.7606584623866095
subj01,V2,4,O3,B:T,naturalistic,0.8656963254981298,5.428675439323859,7,0.6519842876241148,0.8558595046040971,0.5926268990952674,1.475923843926105
subj01,V2,4,O4,A:R,simple,0.7369855242963053,51.79474679231202,7,0.6311760571667545,0.6429701056611967,0.5314718977933843,0.43181468715833854
subj01,V2,4,O4,B:T,naturalistic,0.9172464321873207,51.79474679231202,7,0.31023734926037133,0.889668607458825,0.8313929465532903,1.2086476033736409
subj01,V2,5,O0,A:V,simple,0.8523842692375183,0.0,1,0.14734970033168793,0.9513759613037109,0.7074592709541321,0.7223214507102966
subj01,V2,5,O0,B:W,naturalistic,0.7809213995933533,0.0,1,0.253612220287323,0.8639410734176636,0.5892081260681152,0.8664451837539673
subj01,V2,5,O1,A:V,simple,0.8546136617660522,0.0,1,0.14097259938716888,0.9524292945861816,0.7120128273963928,0.7331257462501526
subj01,V2,5,O1,B:W,naturalistic,0.77197265625,0.0,1,0.26048341393470764,0.8599718809127808,0.5776736736297607,0.8658859133720398
subj01,V2,5,O2,A:V,simple,0.8524353504180908,10000.0,1,0.14733245968818665,0.9513923525810242,0.7075308561325073,0.722307562828064
subj01,V2,5,O2,B:W,naturalistic,0.7809514999389648,10000.0,1,0.2535727024078369,0.8639639616012573,0.5892722606658936,0.8664804100990295
subj01,V2,5,O3,A:V,simple,0.55430982785957,16.768329368110066,6,1.0697838514304419,0.7505544786444551,-2.167400624914721,1.5462402787227454
subj01,V2,5,O3,B:W,naturalistic,0.08409682543862161,16.768329368110066,6,2.297972729550653,0.3257071679756334,-2.8195403573125133,1.5106366614883986
subj01,V2,5,O4,A:V,simple,0.8908601738811995,109.85411419875572,1,0.1287619492319582,0.9631989974045524,0.7690420706451095,0.7254716810305891
subj01,V2,5,O4,B:W,naturalistic,0.8231235660952155,109.85411419875572,1,0.21789832889242564,0.8844163695871858,0.6489084390360658,0.8748977087475618
subj01,V3,0,O0,A:E,simple,0.8702554106712341,0.0,1,0.7408071756362915,0.6462525129318237,0.7516705989837646,1.0443097352981567
subj01,V3,0,O0,B:B,naturalistic,0.8120279908180237,0.0,1,0.1981242597103119,0.8958065509796143,0.6307641267776489,0.871441125869751
subj01,V3,0,O1,A:E,simple,0.8499500751495361,0.0,1,0.9549258351325989,0.5891259908676147,0.7210187911987305,1.1386669874191284
subj01,V3,0,O1,B:B,naturalistic,0.8638954162597656,0.0,1,0.15165512263774872,0.9226567149162292,0.733540415763855,0.8683376908302307
subj01,V3,0,O2,A:E,simple,0.8703627586364746,51.79474679231202,1,0.7706815004348755,0.6358173489570618,0.7510768175125122,1.054081916809082
subj01,V3,0,O2,B:B,naturalistic,0.8213685750961304,51.79474679231202,1,0.18388131260871887,0.9039579629898071,0.6533867120742798,0.8720006942749023
subj01,V3,0,O3,A:E,simple,0.6950039648395856,1.7575106248547894,7,2.0117083211656333,0.3272629863857872,0.48303033921827365,1.3850008219618535
subj01,V3,0,O3,B:B,naturalistic,0.8370884860489802,1.7575106248547894,7,0.6308776458765475,0.7532626098340844,-0.04219717231414144,1.198551495178155
subj01,V3,0,O4,A:E,simple,0.9123732751688621,35.564803062231285,6,1.1694858503850243,0.49450326072848766,0.7594390164749967,1.1379465843807148
subj01,V3,0,O4,B:B,naturalistic,0.8506388756804103,35.564803062231285,6,0.20301413506237112,0.8928305579340872,0.6614645248307214,0.9055022159776874
subj01,V3,1,O0,A:H,simple,0.8650861382484436,0.0,1,0.419371634721756,0.7874361276626587,0.7479115724563599,0.9859992265701294
subj01,V3,1,O0,B:C,naturalistic,0.9377065896987915,0.0,1,0.13040591776371002,0.9543509483337402,0.8418468832969666,0.7513936161994934
subj01,V3,1,O1,A:H,simple,0.8983339667320251,0.0,1,0.45796895027160645,0.79998379945755,0.8061075210571289,1.1129422187805176
subj01,V3,1,O1,B:C,naturalistic,0.9392958283424377,0.0,1,0.14611156284809113,0.9420235753059387,0.866797924041748,0.7589390277862549
subj01,V3,1,O2,A:H,simple,0.905317485332489,11.513953993264458,1,0.41067183017730713,0.806312620639801,0.8189080953598022,1.0529134273529053
subj01,V3,1,O2,B:C,naturalistic,0.7664083242416382,11.513953993264458,1,0.3265105187892914,0.8331682085990906,0.5749242305755615,0.6893635392189026
subj01,V3,1,O3,A:H,simple,0.54847100880166,0.0013894954943731374,3,2.381567001094002,0.3779888102690898,0.20565104259315203,1.6126720011410784
subj01,V3,1,O3,B:C,naturalistic,0.6171602418064114,0.0013894954943731374,3,1.2901951794413897,0.7314252403985343,0.04140349379717856,1.6398183840112284
subj01,V3,1,O4,A:H,simple,0.9024895088556193,11.513953993264458,4,0.8161836150879084,0.6373423748253316,0.7687414377594495,1.1089236723698446
subj01,V3,1,O4,B:C,naturalistic,0.9417185725673867,11.513953993264458,4,0.12989991367251635,0.9562199067490494,0.8520726679279037,0.7458478337642014
subj01,V3,2,O0,A:L,simple,0.6863991618156433,0.0,1,0.4651477038860321,0.733551561832428,0.35961347818374634,0.7905199527740479
subj01,V3,2,O0,B:D,naturalistic,0.8902776837348938,0.0,1,0.3071354925632477,0.8332513570785522,0.765483021736145,0.7952623963356018
subj01,V3,2,O1,A:L,simple,0.7442700862884521,0.0,1,0.4047638475894928,0.7731058597564697,0.4547627568244934,0.8226684331893921
subj01,V3,2,O1,B:D,naturalistic,0.8952035307884216,0.0,1,0.22960837185382843,0.8824037313461304,0.7859641909599304,0.7916037440299988
subj01,V3,2,O2,A:L,simple,0.6897268295288086,232.99518105153672,1,0.46318408846855164,0.7347683310508728,0.36607760190963745,0.7901628017425537
subj01,V3,2,O2,B:D,naturalistic,0.8927949070930481,232.99518105153672,1,0.29536426067352295,0.8403870463371277,0.7722558379173279,0.8002071976661682
subj01,V3,2,O3,A:L,simple,0.8546044440603788,5.428675439323859,7,1.0760836195069499,0.5189997503926987,0.2354444900348942,1.1067448571817835
subj01,V3,2,O3,B:D,naturalistic,0.9046276383730539,5.428675439323859,7,0.6855030294379888,0.8970434046867967,0.3403858091829154,1.597178981290674
subj01,V3,2,O4,A:L,simple,0.7107584164672074,75.43120063354607,4,0.4752144396362729,0.7256244162156359,0.4142400720125293,0.7673991146521494
subj01,V3,2,O4,B:D,naturalistic,0.9480842293165896,75.43120063354607,4,0.10254396689527284,0.9474121740649328,0.8986194267708014,0.9358508765651595
subj01,V3,3,O0,A:P,simple,0.7740207314491272,0.0,1,0.35431745648384094,0.8450441956520081,0.39245492219924927,1.1066107749938965
subj01,V3,3,O0,B:K,naturalistic,0.9532967805862427,0.0,1,0.23963318765163422,0.8827075958251953,0.809506893157959,0.7455729842185974
subj01,V3,3,O1,A:P,simple,0.7606579661369324,0.0,1,0.41413578391075134,0.8275539875030518,0.29234063625335693,1.1421672105789185
subj01,V3,3,O1,B:K,naturalistic,0.9302932620048523,0.0,1,0.22896961867809296,0.887528657913208,0.8019782304763794,0.7583901882171631
subj01,V3,3,O2,A:P,simple,0.7634137868881226,35.564803062231285,1,0.3832939863204956,0.832922101020813,0.34645920991897583,1.110506534576416
subj01,V3,3,O2,B:K,naturalistic,0.9595612287521362,35.564803062231285,1,0.21330367028713226,0.8974507451057434,0.8322062492370605,0.7606242299079895
subj01,V3,3,O3,A:P,simple,0.6690633751977707,11.513953993264458,3,0.8302630198180204,0.6902748494817434,-0.32811451544004666,1.2441181898514497
subj01,V3,3,O3,B:K,naturalistic,0.600090869094903,11.513953993264458,3,1.1388977711255828,0.6038623543079983,-0.1684522995980009,1.3134731439553295
subj01,V3,3,O4,A:P,simple,0.7905173784424601,24.420530945486497,2,0.34430225459323516,0.8432741105089524,0.42815686523291074,1.0786749894732792
subj01,V3,3,O4,B:K,naturalistic,0.9286667817227962,24.420530945486497,2,0.15771000915285416,0.9292751787486518,0.8380674031017413,0.7834589394873319
subj01,V3,4,O0,A:R,simple,0.7787265181541443,0.0,1,0.4275229275226593,0.7922039031982422,0.5144256949424744,0.5574487447738647
subj01,V3,4,O0,B:T,naturalistic,0.8883286118507385,0.0,1,0.36399045586586,0.8019029498100281,0.7641154527664185,0.8858006000518799
subj01,V3,4,O1,A:R,simple,0.7856072783470154,0.0,1,0.38165929913520813,0.8202207684516907,0.5191501379013062,0.5869367122650146
subj01,V3,4,O1,B:T,naturalistic,0.8993750810623169,0.0,1,0.3098743259906769,0.8309444785118103,0.7668680548667908,0.8124210834503174
subj01,V3,4,O2,A:R,simple,0.7935118079185486,51.79474679231202,1,0.41629114747047424,0.8010326027870178,0.5463108420372009,0.5603160858154297
subj01,V3,4,O2,B:T,naturalistic,0.9038369059562683,51.79474679231202,1,0.332778662443161,0.818320095539093,0.7831907272338867,0.867579460144043
subj01,V3,4,O3,A:R,simple,0.591254039464518,5.428675439323859,7,0.6597245941574668,0.6005091353379004,-0.6919578252679286,0.7431129200993049
subj01,V3,4,O3,B:T,naturalistic,0.42812263509320925,5.428675439323859,7,1.114323085471189,0.4301468142262732,0.04323128134866183,0.9772751267985795
subj01,V3,4,O4,A:R,simple,0.788620010914836,51.79474679231202,5,0.3847183821469512,0.8335691883731365,0.5720354431320032,0.551512433989301
subj01,V3,4,O4,B:T,naturalistic,0.9546150165240294,51.79474679231202,5,0.2756705292098762,0.859761638993095,0.8918451339129648,0.9816657747417236
subj01,V3,5,O0,A:V,simple,0.7029796242713928,0.0,1,0.3336278796195984,0.8264921307563782,0.17043429613113403,0.697197437286377
subj01,V3,5,O0,B:W,naturalistic,0.8888344764709473,0.0,1,0.3347204923629761,0.8231486082077026,0.7617624402046204,0.9340276122093201
subj01,V3,5,O1,A:V,simple,0.7207714915275574,0.0,1,0.23927070200443268,0.8735388517379761,0.10037952661514282,0.8251553773880005
subj01,V3,5,O1,B:W,naturalistic,0.7378098368644714,0.0,1,0.5583293437957764,0.7083182334899902,0.5438750982284546,0.9533568024635315
subj01,V3,5,O2,A:V,simple,0.801296055316925,11.513953993264458,1,0.2418503761291504,0.8824633955955505,0.42263901233673096,0.738963782787323
subj01,V3,5,O2,B:W,naturalistic,0.782166063785553,11.513953993264458,1,0.5542150139808655,0.7260099649429321,0.6090381145477295,1.0111507177352905
subj01,V3,5,O3,A:V,simple,0.7422768772971496,7.9060432109076855,1,0.4189821885468219,0.8154261389430241,-1.2902263677757242,1.1050845889253105
subj01,V3,5,O3,B:W,naturalistic,0.025870897629754412,7.9060432109076855,1,4.321837955009029,0.19365808093913797,-2.7634482484991225,2.026508776350672
subj01,V3,5,O4,A:V,simple,0.8338504393053549,51.79474679231202,4,0.15993327820829098,0.9377756205294403,0.6369120829855325,0.739391048794062
subj01,V3,5,O4,B:W,naturalistic,0.8678671491888497,51.79474679231202,4,0.4139928142643695,0.7967902025166675,0.7419956855346386,1.0178498318397857
subj01,hV4,0,O0,A:E,simple,0.767126202583313,0.0,1,0.7763651609420776,0.7390340566635132,0.5830082893371582,1.3069571256637573
subj01,hV4,0,O0,B:B,naturalistic,0.8986677527427673,0.0,1,0.04516720399260521,0.9773211479187012,0.8065590262413025,0.9593256115913391
subj01,hV4,0,O1,A:E,simple,0.7160820364952087,0.0,1,0.9614060521125793,0.7088692784309387,0.5124580264091492,1.3899725675582886
subj01,hV4,0,O1,B:B,naturalistic,0.893140435218811,0.0,1,0.04684757441282272,0.9763458967208862,0.795702338218689,0.9862934350967407
subj01,hV4,0,O2,A:E,simple,0.7644696831703186,5.428675439323859,1,0.7988821864128113,0.7476854920387268,0.5842161178588867,1.3459460735321045
subj01,hV4,0,O2,B:B,naturalistic,0.8723976016044617,5.428675439323859,1,0.05551470071077347,0.9721763134002686,0.7594312429428101,0.9975041151046753
subj01,hV4,0,O3,A:E,simple,0.5048973906787558,0.2682695795279725,5,2.368807924522691,0.6378805218521009,-0.11850645052787567,1.9704342393519756
subj01,hV4,0,O3,B:B,naturalistic,0.7686886182383715,0.2682695795279725,5,0.1153908992842656,0.9478367960373476,0.5135933217510906,1.0652483124623526
subj01,hV4,0,O4,A:E,simple,0.7798201554315259,0.2682695795279725,2,1.5634028703617833,0.7630798145911255,0.525230643429846,1.8334506036928333
subj01,hV4,0,O4,B:B,naturalistic,0.7522420015617794,0.2682695795279725,2,0.11234814137821181,0.9489192351896689,0.5573516324664215,1.0620378861003235
subj01,hV4,1,O0,A:H,simple,0.7937631011009216,0.0,1,0.21438154578208923,0.9001103639602661,0.6289328336715698,1.0568912029266357
subj01,hV4,1,O0,B:C,naturalistic,0.8392152786254883,0.0,1,0.11457744985818863,0.9588686227798462,0.6351795196533203,0.7744600772857666
subj01,hV4,1,O1,A:H,simple,0.7840561866760254,0.0,1,0.4281969964504242,0.881696343421936,0.6146855354309082,1.3351116180419922
subj01,hV4,1,O1,B:C,naturalistic,0.8676550388336182,0.0,1,0.11894816160202026,0.9527065753936768,0.6296415328979492,0.789617657661438
subj01,hV4,1,O2,A:H,simple,0.8059048056602478,11.513953993264458,1,0.27675312757492065,0.9043455719947815,0.6450332999229431,1.2119067907333374
subj01,hV4,1,O2,B:C,naturalistic,0.8314262628555298,11.513953993264458,1,0.11097534745931625,0.9573017954826355,0.6028863191604614,0.7917660474777222
subj01,hV4,1,O3,A:H,simple,0.8404197224202621,0.2682695795279725,7,0.6008283063166382,0.9152769325400074,0.6261518355050392,1.5775157184317947
subj01,hV4,1,O3,B:C,naturalistic,0.8486564127648001,0.2682695795279725,7,0.21809747710116772,0.8870964212046933,0.16128778706529545,0.8161204815850394
subj01,hV4,1,O4,A:H,simple,0.8655033443006924,3.727593720314938,3,0.3991727429206704,0.9259065138370943,0.7171591088405914,1.4323407725319028
subj01,hV4,1,O4,B:C,naturalistic,0.8491405705176753,3.727593720314938,3,0.08971246450865668,0.9664077888644353,0.6605473217204817,0.8126009869545122
subj01,hV4,2,O0,A:L,simple,0.7453321814537048,0.0,1,0.21518337726593018,0.8908012509346008,0.5483987331390381,0.7974725365638733
subj01,hV4,2,O0,B:D,naturalistic,0.6355629563331604,0.0,1,0.8461143970489502,0.8051965832710266,0.17729729413986206,1.5083720684051514
subj01,hV4,2,O1,A:L,simple,0.7940542697906494,0.0,1,0.1828431636095047,0.9095779061317444,0.6153552532196045,0.8087058663368225
subj01,hV4,2,O1,B:D,naturalistic,0.6611427068710327,0.0,1,0.4438435733318329,0.8158969283103943,0.3145543336868286,1.1468522548675537
subj01,hV4,2,O2,A:L,simple,0.7794245481491089,7.9060432109076855,1,0.19453756511211395,0.9042497277259827,0.5995913743972778,0.7937731742858887
subj01,hV4,2,O2,B:D,naturalistic,0.7472405433654785,7.9060432109076855,1,0.4235571026802063,0.8605268597602844,0.42562317848205566,1.2655742168426514
subj01,hV4,2,O3,A:L,simple,0.8649602303669198,0.18420699693267145,7,0.40197051878128626,0.7765765118550806,0.7323445626226569,0.7055722847130778
subj01,hV4,2,O3,B:D,naturalistic,0.48605374013701946,0.18420699693267145,7,7.929587313449027,-0.2190151110174199,-2.515495896229262,2.4224911625713985
subj01,hV4,2,O4,A:L,simple,0.8100669060874385,3.727593720314938,2,0.22380899905925894,0.9014985073717243,0.6544619310020521,0.7104263990419886
subj01,hV4,2,O4,B:D,naturalistic,0.792411202662344,3.727593720314938,2,0.5808558248956728,0.6825378246687659,0.49025288429411495,0.8986711907001974
subj01,hV4,3,O0,A:P,simple,0.8697905540466309,0.0,1,0.23392120003700256,0.897264838218689,0.7232789993286133,1.0947626829147339
subj01,hV4,3,O0,B:K,naturalistic,0.5517070293426514,0.0,1,0.17350080609321594,0.9198068976402283,0.10076451301574707,0.7800012826919556
subj01,hV4,3,O1,A:P,simple,0.8810224533081055,0.0,1,0.2922220528125763,0.8921075463294983,0.7431768178939819,1.1888867616653442
subj01,hV4,3,O1,B:K,naturalistic,0.5532469153404236,0.0,1,0.13729532063007355,0.9318687319755554,0.11437278985977173,0.8565384745597839
subj01,hV4,3,O2,A:P,simple,0.895477831363678,16.768329368110066,1,0.23077435791492462,0.9094272255897522,0.7778380513191223,1.1499110460281372
subj01,hV4,3,O2,B:K,naturalistic,0.4862307906150818,16.768329368110066,1,0.1822609007358551,0.9087623953819275,-0.08657944202423096,0.8187065720558167
subj01,hV4,3,O3,A:P,simple,0.9187971542811572,0.2682695795279725,5,0.6612850232356287,0.9152383514726168,0.8322264993709103,1.621599649486729
subj01,hV4,3,O3,B:K,naturalistic,0.26298194297494926,0.2682695795279725,5,0.45185159859011736,0.7432803432072483,-1.0058429044825274,0.6775745257954926
subj01,hV4,3,O4,A:P,simple,0.8948117777868865,75.43120063354607,1,0.248267955749768,0.9088609346751437,0.7822076655044933,1.181434220635631
subj01,hV4,3,O4,B:K,naturalistic,0.4606240708702206,75.43120063354607,1,0.19121355570542625,0.9007422156628873,-0.2260654196507348,0.8502440456661151
subj01,hV4,4,O0,A:R,simple,0.9149837493896484,0.0,1,0.22715382277965546,0.9701295495033264,0.7548747062683105,0.5598794221878052
subj01,hV4,4,O0,B:T,naturalistic,0.6867601871490479,0.0,1,1.6061546802520752,0.6423553824424744,0.34967124462127686,1.651699185371399
subj01,hV4,4,O1,A:R,simple,0.9146343469619751,0.0,1,0.20461562275886536,0.9730446338653564,0.7543244957923889,0.5839027166366577
subj01,hV4,4,O1,B:T,naturalistic,0.6736871004104614,0.0,1,1.3240705728530884,0.6582942605018616,0.3073130249977112,1.5285941362380981
subj01,hV4,4,O2,A:R,simple,0.9317072033882141,24.420530945486497,1,0.20880429446697235,0.9718829989433289,0.8027923107147217,0.5802699327468872
subj01,hV4,4,O2,B:T,naturalistic,0.7915257811546326,24.420530945486497,1,1.3174856901168823,0.6809871196746826,0.6106469631195068,1.5648587942123413
subj01,hV4,4,O3,A:R,simple,0.8995758911539092,0.2682695795279725,6,0.4286317623378422,0.7831229719118707,0.8002217326154571,0.5783954236312485
subj01,hV4,4,O3,B:T,naturalistic,0.5032316137331895,0.2682695795279725,6,9.201634287938765,0.49871639580017046,-1.0037973926552666,3.4056654209009922
subj01,hV4,4,O4,A:R,simple,0.9170366060883891,5.428675439323859,2,0.24838934777691185,0.9102018736854824,0.8407795056499012,0.6329712462689767
subj01,hV4,4,O4,B:T,naturalistic,0.6975353578144529,5.428675439323859,2,2.1669284650217504,0.5998409448105406,0.42517311022602355,1.835453212534656
subj01,hV4,5,O0,A:V,simple,0.9051867127418518,0.0,1,0.19351665675640106,0.966682493686676,0.7525265216827393,0.6089232563972473
subj01,hV4,5,O0,B:W,naturalistic,0.7266973853111267,0.0,1,0.22188261151313782,0.8854169249534607,0.509633481502533,0.9618741869926453
subj01,hV4,5,O1,A:V,simple,0.8957251906394958,0.0,1,0.16530989110469818,0.9627657532691956,0.7665804624557495,0.6590755581855774
subj01,hV4,5,O1,B:W,naturalistic,0.7428575754165649,0.0,1,0.2697298526763916,0.8568957448005676,0.5239132046699524,0.7936490178108215
subj01,hV4,5,O2,A:V,simple,0.8976065516471863,11.513953993264458,1,0.17614242434501648,0.9617148637771606,0.7685641050338745,0.6438502073287964
subj01,hV4,5,O2,B:W,naturalistic,0.8176509737968445,11.513953993264458,1,0.1647709310054779,0.9155333042144775,0.6644405126571655,0.8610165119171143
subj01,hV4,5,O3,A:V,simple,0.9356961476431981,0.8286427728546842,7,0.1498008499960342,0.9550957307098927,0.8735120726208445,0.7060802663991503
subj01,hV4,5,O3,B:W,naturalistic,0.5075699218657248,0.8286427728546842,7,1.1103748916648535,0.46615606026313683,-0.7720264745710763,1.0385863070408177
subj01,hV4,5,O4,A:V,simple,0.9528470687425904,2.559547922699533,2,0.14704953497066034,0.9777570457529925,0.8661153094385996,0.6567299875784268
subj01,hV4,5,O4,B:W,naturalistic,0.8898143056439868,2.559547922699533,2,0.2344532042903661,0.8997871632913308,0.7913956950327612,0.6898583582806508
subj01,ventral,0,O0,A:E,simple,0.7308359146118164,0.0,1,0.45641493797302246,0.7530907392501831,0.5303847789764404,0.9065852165222168
subj01,ventral,0,O0,B:B,naturalistic,0.48480433225631714,0.0,1,0.4430600106716156,0.7645406126976013,0.043589651584625244,0.9306197762489319
subj01,ventral,0,O1,A:E,simple,0.7396243810653687,0.0,1,0.4624175727367401,0.756671667098999,0.5446703433990479,0.9436736106872559
subj01,ventral,0,O1,B:B,naturalistic,0.4893864691257477,0.0,1,0.44046705961227417,0.7590475678443909,0.0642770528793335,0.8879667520523071
subj01,ventral,0,O2,A:E,simple,0.7378135919570923,75.43120063354607,1,0.4505018889904022,0.757013201713562,0.5399631857872009,0.9105412364006042
subj01,ventral,0,O2,B:B,naturalistic,0.4908491373062134,75.43120063354607,1,0.4373573660850525,0.7670254707336426,0.05660748481750488,0.927291989326477
subj01,ventral,0,O3,A:E,simple,0.7426594214253049,51.79474679231202,5,0.4960857137423415,0.7920644520226358,0.45456973065575956,1.1434215617319157
subj01,ventral,0,O3,B:B,naturalistic,0.5033939569729439,51.79474679231202,5,0.5355065784626291,0.7182621025680597,-0.10698144554783529,0.9449931368229891
subj01,ventral,0,O4,A:E,simple,0.7880189037792424,339.3221771895323,4,0.3899608867855357,0.7983887194049526,0.6191454529931883,0.9638741974864703
subj01,ventral,0,O4,B:B,naturalistic,0.5991734193100505,339.3221771895323,4,0.3520002238010906,0.8073234539914227,0.26695608691431805,0.8687344259467937
subj01,ventral,1,O0,A:H,simple,0.8048291802406311,0.0,1,0.29631081223487854,0.8440462350845337,0.6106503009796143,0.7506383657455444
subj01,ventral,1,O0,B:C,naturalistic,0.6667891144752502,0.0,1,0.34307861328125,0.8105251789093018,0.44008129835128784,0.8050629496574402
subj01,ventral,1,O1,A:H,simple,0.7783958911895752,0.0,1,0.32999032735824585,0.8188431262969971,0.588123083114624,0.8410764336585999
subj01,ventral,1,O1,B:C,naturalistic,0.6993795037269592,0.0,1,0.3671162724494934,0.7956380248069763,0.45749133825302124,0.808138370513916
subj01,ventral,1,O2,A:H,simple,0.8111136555671692,11.513953993264458,1,0.28368115425109863,0.8473255634307861,0.6336532831192017,0.8068060278892517
subj01,ventral,1,O2,B:C,naturalistic,0.337786465883255,11.513953993264458,1,1.0119190216064453,0.5300865173339844,-0.6465907096862793,1.0712988376617432
subj01,ventral,1,O3,A:H,simple,0.800823088480828,0.0001,3,0.4059599593720735,0.8530971168112287,0.5094690059629428,1.218794591406856
subj01,ventral,1,O3,B:C,naturalistic,0.5511244154918672,0.0001,3,2.1157833328619278,0.5429883121426955,-2.350821754987888,1.7306834319350257
subj01,ventral,1,O4,A:H,simple,0.9029998993120734,159.98587196060572,1,0.15432292144727935,0.9202030416990602,0.8124347494795483,0.9533175894716867
subj01,ventral,1,O4,B:C,naturalistic,0.6375411495722356,159.98587196060572,1,0.42384002777361407,0.7617698644209213,0.3470813061904281,0.8260615413592802
subj01,ventral,2,O0,A:L,simple,0.8133805990219116,0.0,1,0.3201783299446106,0.8253178000450134,0.6305783987045288,0.8617537617683411
subj01,ventral,2,O0,B:D,naturalistic,0.5651442408561707,0.0,1,0.5876387357711792,0.7117128372192383,0.27304840087890625,1.0185900926589966
subj01,ventral,2,O1,A:L,simple,0.8063886761665344,0.0,1,0.33290281891822815,0.8197557330131531,0.6267200708389282,0.8897725343704224
subj01,ventral,2,O1,B:D,naturalistic,0.5869377255439758,0.0,1,0.5333719253540039,0.7247155904769897,0.3070165514945984,0.9667585492134094
subj01,ventral,2,O2,A:L,simple,0.8154594302177429,75.43120063354607,1,0.31856662034988403,0.8264282941818237,0.6341933012008667,0.8658033609390259
subj01,ventral,2,O2,B:D,naturalistic,0.5783652067184448,75.43120063354607,1,0.5683644413948059,0.7188178896903992,0.29857689142227173,1.0104745626449585
subj01,ventral,2,O3,A:L,simple,0.6843821585068426,0.004291934260128779,4,0.5137185537560794,0.7659035512674095,0.3935534457982215,1.082647625537865
subj01,ventral,2,O3,B:D,naturalistic,0.3963070743858359,0.004291934260128779,4,1.4796399223784202,0.6046417609843642,-0.6789638434623291,1.524006470397165
subj01,ventral,2,O4,A:L,simple,0.8594867677104641,339.3221771895323,2,0.2656640967680381,0.858676954181757,0.7120757661361672,0.9133595460815107
subj01,ventral,2,O4,B:D,naturalistic,0.6007769016170189,339.3221771895323,2,0.5399848273462019,0.7311094420277163,0.33485879164379784,1.0040669308970644
subj01,ventral,3,O0,A:P,simple,0.6859259605407715,0.0,1,0.36395955085754395,0.8001764416694641,0.46186769008636475,0.7350460886955261
subj01,ventral,3,O0,B:K,naturalistic,0.5744620561599731,0.0,1,0.39866265654563904,0.7757065296173096,0.3158443570137024,0.7952867746353149
subj01,ventral,3,O1,A:P,simple,0.6766412854194641,0.0,1,0.3715149462223053,0.7935258150100708,0.4504159092903137,0.7589123845100403
subj01,ventral,3,O1,B:K,naturalistic,0.5975218415260315,0.0,1,0.38220372796058655,0.7860855460166931,0.3453149199485779,0.7976740002632141
subj01,ventral,3,O2,A:P,simple,0.6877292394638062,109.85411419875572,1,0.3625636696815491,0.8010091185569763,0.4637969732284546,0.7363614439964294
subj01,ventral,3,O2,B:K,naturalistic,0.575512707233429,109.85411419875572,1,0.39803650975227356,0.7761375904083252,0.31681329011917114,0.7967793941497803
subj01,ventral,3,O3,A:P,simple,0.6098135305075806,75.43120063354607,3,0.45102669397154677,0.7555515355763359,0.33639390290672033,0.9034866435946074
subj01,ventral,3,O3,B:K,naturalistic,0.5256866733573556,75.43120063354607,3,0.5973618920810178,0.7161422874605369,-0.03271266374756854,1.0481387620281077
subj01,ventral,3,O4,A:P,simple,0.7939620018865555,232.99518105153672,1,0.2604917926248222,0.8625481223087219,0.6145099357038716,0.7956075704781853
subj01,ventral,3,O4,B:K,naturalistic,0.616923295625489,232.99518105153672,1,0.36450168788491244,0.7973515006171791,0.37678210345001784,0.7808859009737559
subj01,ventral,4,O0,A:R,simple,0.7823018431663513,0.0,1,0.21812446415424347,0.8974840044975281,0.6103281378746033,0.7438549995422363
subj01,ventral,4,O0,B:T,naturalistic,0.7306542992591858,0.0,1,0.37194183468818665,0.8206564784049988,0.5129072666168213,1.0337733030319214
subj01,ventral,4,O1,A:R,simple,0.7804742455482483,0.0,1,0.20312945544719696,0.9024190902709961,0.6072471141815186,0.7701711654663086
subj01,ventral,4,O1,B:T,naturalistic,0.744177520275116,0.0,1,0.3301796615123749,0.8301098942756653,0.5364066362380981,0.9688977599143982
subj01,ventral,4,O2,A:R,simple,0.7842637896537781,159.98587196060572,1,0.2155926525592804,0.8984693884849548,0.6132801175117493,0.7473411560058594
subj01,ventral,4,O2,B:T,naturalistic,0.7356849908828735,159.98587196060572,1,0.36431336402893066,0.82368403673172,0.522161066532135,1.0304903984069824
subj01,ventral,4,O3,A:R,simple,0.7329347581583197,109.85411419875572,4,0.2597659110443272,0.86402252931664,0.40772582308812066,0.9433996783997174
subj01,ventral,4,O3,B:T,naturalistic,0.6726622698982057,109.85411419875572,4,0.852321183108387,0.6602341731463238,-0.08424343276871404,1.197105047276296
subj01,ventral,4,O4,A:R,simple,0.8103810923900855,339.3221771895323,1,0.20520555746611593,0.8946156634311906,0.6306022033334293,0.8201668279235089
subj01,ventral,4,O4,B:T,naturalistic,0.8351682492789438,339.3221771895323,1,0.23682948311832797,0.8827435845822637,0.6969643812449358,1.0094941971639573
subj01,ventral,5,O0,A:V,simple,0.7000017762184143,0.0,1,0.29228413105010986,0.8706388473510742,0.48994892835617065,0.6463708281517029
subj01,ventral,5,O0,B:W,naturalistic,0.7165066003799438,0.0,1,0.39436325430870056,0.7869110703468323,0.5132107734680176,0.903496503829956
subj01,ventral,5,O1,A:V,simple,0.7005555629730225,0.0,1,0.27253037691116333,0.8760032057762146,0.49077367782592773,0.6762232780456543
subj01,ventral,5,O1,B:W,naturalistic,0.7542212605476379,0.0,1,0.3423476815223694,0.8150795698165894,0.568449079990387,0.896948516368866
subj01,ventral,5,O2,A:V,simple,0.7071875929832458,51.79474679231202,1,0.283537894487381,0.8742402195930481,0.5000674724578857,0.6555305123329163
subj01,ventral,5,O2,B:W,naturalistic,0.7268770337104797,51.79474679231202,1,0.38122138381004333,0.7940972447395325,0.5280548334121704,0.9027789235115051
subj01,ventral,5,O3,A:V,simple,0.6763458081614091,51.79474679231202,7,0.3146774681276941,0.8283762610673849,0.32825377170179204,0.8581211109407588
subj01,ventral,5,O3,B:W,naturalistic,0.5921103406090107,51.79474679231202,7,0.8353510714304334,0.692269009441192,-0.09197953099870482,1.2531499634874241
subj01,ventral,5,O4,A:V,simple,0.7290666905101149,339.3221771895323,4,0.2747741800544568,0.8670671683355048,0.5245328775629425,0.7040343074557451
subj01,ventral,5,O4,B:W,naturalistic,0.7514543255918732,339.3221771895323,4,0.34945647807819474,0.809805581491154,0.5620436651786619,0.8822039588254996
subj01,lateral,0,O0,A:E,simple,0.5743567943572998,0.0,1,0.4037213921546936,0.7975353598594666,0.320961058139801,0.9969947338104248
subj01,lateral,0,O0,B:B,naturalistic,0.7514761686325073,0.0,1,0.16438880562782288,0.9142458438873291,0.564700722694397,0.9295527935028076
subj01,lateral,0,O1,A:E,simple,0.5543512105941772,0.0,1,0.4684238135814667,0.7894145250320435,0.2869347929954529,1.092068076133728
subj01,lateral,0,O1,B:B,naturalistic,0.7771582007408142,0.0,1,0.1494365781545639,0.9223353862762451,0.6035107970237732,0.9341395497322083
subj01,lateral,0,O2,A:E,simple,0.5764828324317932,24.420530945486497,1,0.4227733314037323,0.7983676791191101,0.3165004253387451,1.0436514616012573
subj01,lateral,0,O2,B:B,naturalistic,0.7736210823059082,24.420530945486497,1,0.15182851254940033,0.9212052822113037,0.5984688997268677,0.9423630237579346
subj01,lateral,0,O3,A:E,simple,0.4239461724500576,7.9060432109076855,1,0.9961463309730195,0.7426449510841991,-0.15400913471410638,1.482690798501767
subj01,lateral,0,O3,B:B,naturalistic,0.7607831002979658,7.9060432109076855,1,0.26238905052086536,0.8966231750168859,0.3125391284881146,1.1541541442191585
subj01,lateral,0,O4,A:E,simple,0.7038368905855934,7.9060432109076855,1,0.4913098923695758,0.8451831063229125,0.46452507539832233,1.2986634058014332
subj01,lateral,0,O4,B:B,naturalistic,0.7802460492535495,7.9060432109076855,1,0.14817035134855733,0.9233121434259504,0.607630060855348,0.8973180004739049
subj01,lateral,1,O0,A:H,simple,0.7508130073547363,0.0,1,0.1806349754333496,0.905754566192627,0.563676655292511,0.9377909302711487
subj01,lateral,1,O0,B:C,naturalistic,0.5156986713409424,0.0,1,0.34772351384162903,0.8191389441490173,0.2180933952331543,0.9559309482574463
subj01,lateral,1,O1,A:H,simple,0.7867639064788818,0.0,1,0.18387116491794586,0.9152278900146484,0.6189900636672974,1.0619018077850342
subj01,lateral,1,O1,B:C,naturalistic,0.47290024161338806,0.0,1,0.3857257664203644,0.7909755706787109,0.12012577056884766,0.8975970149040222
subj01,lateral,1,O2,A:H,simple,0.7738943696022034,35.564803062231285,1,0.17034684121608734,0.9127840995788574,0.5985993146896362,0.9721276760101318
subj01,lateral,1,O2,B:C,naturalistic,0.536835253238678,35.564803062231285,1,0.332817941904068,0.8250593543052673,0.24644887447357178,0.9414243102073669
subj01,lateral,1,O3,A:H,simple,0.6432536385838975,24.420530945486497,4,0.6241081665204851,0.8670012623655219,-0.007510389776844706,1.4800259992550289
subj01,lateral,1,O3,B:C,naturalistic,0.33798488833468926,24.420530945486497,4,0.8524575813551528,0.6727628701538955,-0.932103478223073,1.2250919546397376
subj01,lateral,1,O4,A:H,simple,0.7013810413836993,51.79474679231202,1,0.3470408410735613,0.8893145618429563,0.376584012582288,1.2606919818988016
subj01,lateral,1,O4,B:C,naturalistic,0.5637218665905325,51.79474679231202,1,0.31441063770155314,0.8323483735748015,0.28293058815270433,0.9172863138174413
subj01,lateral,2,O0,A:L,simple,0.3843817114830017,0.0,1,0.8967985510826111,0.7075986266136169,-0.34640705585479736,1.3380699157714844
subj01,lateral,2,O0,B:D,naturalistic,0.771056056022644,0.0,1,0.1645868420600891,0.916099488735199,0.5889724493026733,0.8542526960372925
subj01,lateral,2,O1,A:L,simple,0.40092968940734863,0.0,1,0.930415689945221,0.7118467092514038,-0.38885533809661865,1.3730132579803467
subj01,lateral,2,O1,B:D,naturalistic,0.7906423211097717,0.0,1,0.1471879780292511,0.9243535399436951,0.6201756000518799,0.8841379880905151
subj01,lateral,2,O2,A:L,simple,0.3942139744758606,16.768329368110066,1,0.9085060954093933,0.7149940133094788,-0.31554269790649414,1.36285400390625
subj01,lateral,2,O2,B:D,naturalistic,0.7287088632583618,16.768329368110066,1,0.19459551572799683,0.8979113101959229,0.5072536468505859,0.8689263463020325
subj01,lateral,2,O3,A:L,simple,0.4065885224737586,11.513953993264458,3,2.9702067048536787,0.7139500610896178,-2.097029395173963,2.2887298221820913
subj01,lateral,2,O3,B:D,naturalistic,0.6685296102950071,11.513953993264458,3,0.4099495731332575,0.775999313138063,0.14631924998523727,0.8861104724400749
subj01,lateral,2,O4,A:L,simple,0.4307028734572484,232.99518105153672,7,1.1032480118842207,0.7364584949098056,-0.31865670956456804,1.5399627789962727
subj01,lateral,2,O4,B:D,naturalistic,0.7194518303127065,232.99518105153672,7,0.21663058471643956,0.887941920207467,0.49467968917105065,0.8167282685960254
subj01,lateral,3,O0,A:P,simple,0.717520534992218,0.0,1,0.24366521835327148,0.9264891743659973,0.4986555576324463,0.6070407032966614
subj01,lateral,3,O0,B:K,naturalistic,0.6850006580352783,0.0,1,0.33494099974632263,0.836323618888855,0.4691440463066101,1.0217368602752686
subj01,lateral,3,O1,A:P,simple,0.7255556583404541,0.0,1,0.22174865007400513,0.9299947023391724,0.5113891363143921,0.6356498003005981
subj01,lateral,3,O1,B:K,naturalistic,0.694359302520752,0.0,1,0.31721773743629456,0.8402190804481506,0.48189276456832886,0.992488443851471
subj01,lateral,3,O2,A:P,simple,0.7413468360900879,16.768329368110066,1,0.22262372076511383,0.9334799647331238,0.5298243761062622,0.6268718242645264
subj01,lateral,3,O2,B:K,naturalistic,0.6430626511573792,16.768329368110066,1,0.36293137073516846,0.8203830718994141,0.412117063999176,1.010013222694397
subj01,lateral,3,O3,A:P,simple,0.8115801918727635,24.420530945486497,4,0.1680682984656072,0.9400634684851096,0.6586032570898457,0.7124945469229239
subj01,lateral,3,O3,B:K,naturalistic,0.617873651237425,24.420530945486497,4,0.5028033852578828,0.8111401552386711,0.22128517059333386,1.212078679572533
subj01,lateral,3,O4,A:P,simple,0.8225630669221239,7.9060432109076855,1,0.16925691177355734,0.9523010761116696,0.656460826590899,0.6763767348406937
subj01,lateral,3,O4,B:K,naturalistic,0.7975801432975688,7.9060432109076855,1,0.2230058039160452,0.8872909345867342,0.633174338098077,0.9887351992525923
subj01,lateral,4,O0,A:R,simple,0.5910127758979797,0.0,1,0.2878434956073761,0.8806683421134949,0.3468514680862427,0.6288347244262695
subj01,lateral,4,O0,B:T,naturalistic,0.6929039359092712,0.0,1,0.39796701073646545,0.7946803569793701,0.47803324460983276,0.966389000415802
subj01,lateral,4,O1,A:R,simple,0.5922852754592896,0.0,1,0.2802024483680725,0.8823134303092957,0.3479994535446167,0.6400746703147888
subj01,lateral,4,O1,B:T,naturalistic,0.7288308143615723,0.0,1,0.31664416193962097,0.8268722891807556,0.5279408693313599,0.8458965420722961
subj01,lateral,4,O2,A:R,simple,0.6412863731384277,24.420530945486497,1,0.26591727137565613,0.8983073830604553,0.41087788343429565,0.628356397151947
subj01,lateral,4,O2,B:T,naturalistic,0.7401671409606934,24.420530945486497,1,0.323677122592926,0.830028235912323,0.5475285053253174,0.9423847198486328
subj01,lateral,4,O3,A:R,simple,0.7121291766113024,0.004291934260128779,5,0.2897457503743416,0.8681293324348024,0.4827093486482894,0.6598164034406105
subj01,lateral,4,O3,B:T,naturalistic,0.6120660734352878,0.004291934260128779,5,1.066356771876597,0.7238853610245006,-0.5646705333982143,1.49223865646169
subj01,lateral,4,O4,A:R,simple,0.7820922346581685,3.727593720314938,1,0.1750015629327293,0.9361870956816424,0.6083511014081304,0.7093659474490623
subj01,lateral,4,O4,B:T,naturalistic,0.8009800207831369,3.727593720314938,1,0.24442477143709998,0.8732909271124046,0.6344363092160534,0.9573253528938013
subj01,lateral,5,O0,A:V,simple,0.6631671190261841,0.0,1,0.1994943469762802,0.9072893261909485,0.4353596568107605,0.7567293047904968
subj01,lateral,5,O0,B:W,naturalistic,0.653455376625061,0.0,1,0.5230363011360168,0.7530752420425415,0.42698776721954346,1.0533397197723389
subj01,lateral,5,O1,A:V,simple,0.6201576590538025,0.0,1,0.20631708204746246,0.8971564173698425,0.368131160736084,0.7912948131561279
subj01,lateral,5,O1,B:W,naturalistic,0.6465142369270325,0.0,1,0.4584265947341919,0.7597019076347351,0.417972207069397,0.9483118057250977
subj01,lateral,5,O2,A:V,simple,0.6706969141960144,24.420530945486497,1,0.1945108324289322,0.9105379581451416,0.4475671052932739,0.7569466233253479
subj01,lateral,5,O2,B:W,naturalistic,0.7070777416229248,24.420530945486497,1,0.42969924211502075,0.7869073152542114,0.4990052580833435,1.0080914497375488
subj01,lateral,5,O3,A:V,simple,0.5101904376892515,7.9060432109076855,4,0.31665617989909245,0.8276668972209607,-0.008234272725449854,0.8687605373282886
subj01,lateral,5,O3,B:W,naturalistic,0.6145374160190461,7.9060432109076855,4,0.7728359567583376,0.6349140342106514,0.0075193373494636395,1.0543800916814545
subj01,lateral,5,O4,A:V,simple,0.7440421079085157,24.420530945486497,1,0.14706551986837643,0.9283268014671304,0.5478335121163174,0.8342194785962658
subj01,lateral,5,O4,B:W,naturalistic,0.7725187391171366,24.420530945486497,1,0.33643080979445206,0.8477788093108304,0.5602449542478543,1.0826399330232968
subj01,parietal,0,O0,A:E,simple,0.6484122276306152,0.0,1,0.6171748638153076,0.6323867440223694,0.4169689416885376,0.5016661882400513
subj01,parietal,0,O0,B:B,naturalistic,0.6025859117507935,0.0,1,1.0985238552093506,0.3421032428741455,0.27076637744903564,0.8063860535621643
subj01,parietal,0,O1,A:E,simple,0.6800384521484375,0.0,1,0.5635615587234497,0.6915653347969055,0.46236175298690796,0.48705577850341797
subj01,parietal,0,O1,B:B,naturalistic,0.5310503244400024,0.0,1,1.384325385093689,0.2155664563179016,0.11170703172683716,0.8719156384468079
subj01,parietal,0,O2,A:E,simple,0.6485053300857544,10000.0,1,0.6170622110366821,0.6324993371963501,0.417103111743927,0.5016651153564453
subj01,parietal,0,O2,B:B,naturalistic,0.6024543046951294,10000.0,1,1.0989389419555664,0.34189191460609436,0.27049964666366577,0.8064658045768738
subj01,parietal,0,O3,A:E,simple,0.6310972541349595,5.428675439323859,2,0.6877392217086735,0.5632048904259035,0.31796087922879157,0.6334827411723832
subj01,parietal,0,O3,B:B,naturalistic,0.7451212108815471,5.428675439323859,2,0.9188745295954316,0.585621481673781,0.26661061954708354,1.0973118538378483
subj01,parietal,0,O4,A:E,simple,0.7537323044366978,109.85411419875572,1,0.4767293107604483,0.7555551212452555,0.5675323262868486,0.5373972696386469
subj01,parietal,0,O4,B:B,naturalistic,0.5918837660155702,109.85411419875572,1,1.1292207268559118,0.3256508088284299,0.25039675832174413,0.8106963491534672
subj01,parietal,1,O0,A:H,simple,0.8688492178916931,0.0,1,0.2887231707572937,0.9029731154441833,0.7030777931213379,0.5803532600402832
subj01,parietal,1,O0,B:C,naturalistic,0.6917681694030762,0.0,1,1.0296539068222046,0.4343082904815674,0.4666789770126343,0.9015100002288818
subj01,parietal,1,O1,A:H,simple,0.8680744171142578,0.0,1,0.2932490408420563,0.9002097845077515,0.7030093669891357,0.5782987475395203
subj01,parietal,1,O1,B:C,naturalistic,0.6881555318832397,0.0,1,1.1117637157440186,0.4030951261520386,0.46148931980133057,0.9267833828926086
subj01,parietal,1,O2,A:H,simple,0.8798261284828186,24.420530945486497,1,0.27828875184059143,0.9108465909957886,0.7176090478897095,0.5823190808296204
subj01,parietal,1,O2,B:C,naturalistic,0.5535070300102234,24.420530945486497,1,1.3541091680526733,0.357888400554657,0.12852877378463745,1.0522899627685547
subj01,parietal,1,O3,A:H,simple,0.8072598346391933,35.564803062231285,6,0.28180287992612507,0.8476016444692325,0.6197992370989748,0.8628153352118045
subj01,parietal,1,O3,B:C,naturalistic,0.1948099407815951,35.564803062231285,6,6.151021279634432,-0.02044904923779018,-2.5864778097773957,2.2492291666358386
subj01,parietal,1,O4,A:H,simple,0.9079197095073613,75.43120063354607,4,0.15539139960734996,0.9379435488932659,0.8121272355677813,0.7505148154423608
subj01,parietal,1,O4,B:C,naturalistic,0.24356774917448248,75.43120063354607,4,2.8168464529110127,0.09901913715996753,-1.1873425250753762,1.4505557192374183
subj01,parietal,2,O0,A:L,simple,0.7761417627334595,0.0,1,0.3520243167877197,0.8128635287284851,0.6020193099975586,0.6998530030250549
subj01,parietal,2,O0,B:D,naturalistic,0.763251006603241,0.0,1,0.5562042593955994,0.7075238227844238,0.5708627700805664,0.9458391666412354
subj01,parietal,2,O1,A:L,simple,0.7629910111427307,0.0,1,0.3537759482860565,0.8091464042663574,0.5821514129638672,0.7169842720031738
subj01,parietal,2,O1,B:D,naturalistic,0.7481143474578857,0.0,1,0.5617746114730835,0.7032974362373352,0.542433500289917,0.9407883882522583
subj01,parietal,2,O2,A:L,simple,0.7761155962944031,10000.0,1,0.3520432114601135,0.8128473162651062,0.6019802093505859,0.6998690366744995
subj01,parietal,2,O2,B:D,naturalistic,0.7633118033409119,10000.0,1,0.556119978427887,0.7075785994529724,0.5709608793258667,0.9458795785903931
subj01,parietal,2,O3,A:L,simple,0.5140578806603282,0.0001,3,0.7765444541888594,0.555510741299004,0.06308001872936964,0.8472926721077759
subj01,parietal,2,O3,B:D,naturalistic,0.6771265016650894,0.0001,3,2.134356797814578,0.5356147772210217,0.007648800645036702,1.727772468113917
subj01,parietal,2,O4,A:L,simple,0.813330849371987,51.79474679231202,2,0.3082703442091092,0.8431954518730878,0.6586569825542299,0.7044547605279426
subj01,parietal,2,O4,B:D,naturalistic,0.7932425500641849,51.79474679231202,2,0.5504370724946501,0.733420472234158,0.6055398322958272,1.0306453238490023
subj01,parietal,3,O0,A:P,simple,0.6451021432876587,0.0,1,0.5266065001487732,0.6885582804679871,0.4154577851295471,0.6617431044578552
subj01,parietal,3,O0,B:K,naturalistic,0.7435204386711121,0.0,1,0.488089382648468,0.7752480506896973,0.4990515112876892,0.4767536520957947
subj01,parietal,3,O1,A:P,simple,0.6386743783950806,0.0,1,0.5386580228805542,0.6799374222755432,0.4073297381401062,0.6487451195716858
subj01,parietal,3,O1,B:K,naturalistic,0.7464972734451294,0.0,1,0.46942371129989624,0.7796138525009155,0.5132961273193359,0.5017262101173401
subj01,parietal,3,O2,A:P,simple,0.6450796127319336,10000.0,1,0.5266347527503967,0.6885361671447754,0.41542649269104004,0.6617603898048401
subj01,parietal,3,O2,B:K,naturalistic,0.7435112595558167,10000.0,1,0.4881141483783722,0.775226891040802,0.49904292821884155,0.4767458140850067
subj01,parietal,3,O3,A:P,simple,0.7296557622756764,5.428675439323859,2,0.445457740309583,0.7719740023685535,0.5020404773992636,0.9754480312067121
subj01,parietal,3,O3,B:K,naturalistic,0.6634563274938313,5.428675439323859,2,0.8595624386655274,0.421527773237949,0.440125461845149,0.6145255222999131
subj01,parietal,3,O4,A:P,simple,0.7903687120138793,51.79474679231202,2,0.3257465928694872,0.8221684245961699,0.6224117506265109,0.78084530089354
subj01,parietal,3,O4,B:K,naturalistic,0.8444545426558218,51.79474679231202,2,0.4983458682099611,0.7769181307613566,0.607470541251326,0.4576256479505463
subj01,parietal,4,O0,A:R,simple,0.5796241164207458,0.0,1,0.9421907067298889,0.5117557048797607,0.24017417430877686,0.9635130763053894
subj01,parietal,4,O0,B:T,naturalistic,0.825695812702179,0.0,1,0.334567666053772,0.8464849591255188,0.6327639222145081,1.0725480318069458
subj01,parietal,4,O1,A:R,simple,0.5999714732170105,0.0,1,0.9001657366752625,0.5220186114311218,0.29532575607299805,0.937553346157074
subj01,parietal,4,O1,B:T,naturalistic,0.8113700747489929,0.0,1,0.36407706141471863,0.8340553045272827,0.6015125513076782,1.0784428119659424
subj01,parietal,4,O2,A:R,simple,0.579674243927002,232.99518105153672,1,0.9446679353713989,0.511014997959137,0.2402651309967041,0.9646713733673096
subj01,parietal,4,O2,B:T,naturalistic,0.8260185122489929,232.99518105153672,1,0.33284851908683777,0.8467649221420288,0.6344420909881592,1.0700570344924927
subj01,parietal,4,O3,A:R,simple,0.5441916554905727,11.513953993264458,5,1.6845219701640404,0.4608831893238401,-0.21679665114875757,1.4079498578955707
subj01,parietal,4,O3,B:T,naturalistic,0.8502250164370148,11.513953993264458,5,0.592579147068339,0.7766617856464589,0.5308778990006348,1.2191352533877982
subj01,parietal,4,O4,A:R,simple,0.6256135531589488,159.98587196060572,1,1.0445516177765464,0.5150372796096248,0.29749794155546216,1.071647547586017
subj01,parietal,4,O4,B:T,naturalistic,0.8719080950875426,159.98587196060572,1,0.23962220678782203,0.8831221084810899,0.7325468438211029,1.0228610762112538
subj01,parietal,5,O0,A:V,simple,0.8428100943565369,0.0,1,0.2822538912296295,0.855938732624054,0.6964900493621826,0.7339345812797546
subj01,parietal,5,O0,B:W,naturalistic,0.6650218367576599,0.0,1,0.6716666221618652,0.6323671936988831,0.40650802850723267,0.8998646140098572
subj01,parietal,5,O1,A:V,simple,0.8241330981254578,0.0,1,0.3162632882595062,0.8286718130111694,0.6660029292106628,0.7742641568183899
subj01,parietal,5,O1,B:W,naturalistic,0.638694703578949,0.0,1,0.7961618304252625,0.6012963056564331,0.3183644413948059,0.9984352588653564
subj01,parietal,5,O2,A:V,simple,0.8429210186004639,10000.0,1,0.28209930658340454,0.8560424447059631,0.6966367959976196,0.7339441776275635
subj01,parietal,5,O2,B:W,naturalistic,0.665028989315033,10000.0,1,0.6716553568840027,0.6324077844619751,0.40646129846572876,0.8999800682067871
subj01,parietal,5,O3,A:V,simple,0.7227336245200735,2.559547922699533,7,0.7546275417333609,0.7242755898443128,0.4140534115794787,1.2526718477463883
subj01,parietal,5,O3,B:W,naturalistic,0.69085607059996,2.559547922699533,7,0.9740519569865872,0.6826845385547498,0.07002114918578195,1.3460925308358902
subj01,parietal,5,O4,A:V,simple,0.7162760740902689,7.9060432109076855,3,0.712402389230397,0.7220870299591647,0.4183632490636444,1.2056281383425587
subj01,parietal,5,O4,B:W,naturalistic,0.80183738308732,7.9060432109076855,3,0.4839241160574863,0.7823942695987065,0.5738355986085747,1.0923376419745325
subj02,V1,0,O0,A:E,simple,0.8375179171562195,0.0,1,0.19023407995700836,0.922139048576355,0.5507001876831055,1.1235699653625488
subj02,V1,0,O0,B:B,naturalistic,0.24778202176094055,0.0,1,0.21793238818645477,0.9507476091384888,-0.4432194232940674,1.2998225688934326
subj02,V1,0,O1,A:E,simple,0.8362597227096558,0.0,1,0.23900160193443298,0.9195155501365662,0.5597137212753296,1.2102227210998535
subj02,V1,0,O1,B:B,naturalistic,0.11709344387054443,0.0,1,0.2162255346775055,0.9310023784637451,-1.0342092514038086,1.2190839052200317
subj02,V1,0,O2,A:E,simple,0.9017935395240784,2.559547922699533,1,0.18520617485046387,0.9404293298721313,0.704128086566925,1.2042728662490845
subj02,V1,0,O2,B:B,naturalistic,0.2748183310031891,2.559547922699533,1,0.2079300880432129,0.951763927936554,-0.4106264114379883,1.2890836000442505
subj02,V1,0,O3,A:E,simple,0.6721237843281784,1.7575106248547894,3,0.33249349336796896,0.9177630453249844,0.4205498983241901,1.3358329921247256
subj02,V1,0,O3,B:B,naturalistic,-0.22254129763452643,1.7575106248547894,3,2.263232631284446,0.616486900111026,-24.645395396691733,1.8983951475186476
subj02,V1,0,O4,A:E,simple,0.8921693150822441,16.768329368110066,3,0.25158495054673186,0.9364439418772704,0.7041516251085963,1.2949298997204466
subj02,V1,0,O4,B:B,naturalistic,0.505779832622597,16.768329368110066,3,0.11642362478691633,0.9676602021160129,0.1710484920153338,1.1974207843960911
subj02,V1,1,O0,A:H,simple,0.8410805463790894,0.0,1,0.2760503590106964,0.921837329864502,0.650754451751709,1.27656888961792
subj02,V1,1,O0,B:C,naturalistic,0.4165007770061493,0.0,1,0.0919482409954071,0.9593898057937622,-0.03232371807098389,0.8481377363204956
subj02,V1,1,O1,A:H,simple,0.8099396824836731,0.0,1,0.2927485704421997,0.9219784736633301,0.6349575519561768,1.2998580932617188
subj02,V1,1,O1,B:C,naturalistic,0.4364575743675232,0.0,1,0.12635011970996857,0.9557771682739258,0.010114789009094238,0.7561273574829102
subj02,V1,1,O2,A:H,simple,0.8208112716674805,2.559547922699533,1,0.27334508299827576,0.9284802079200745,0.662793755531311,1.2964752912521362
subj02,V1,1,O2,B:C,naturalistic,0.5639563202857971,2.559547922699533,1,0.10387159138917923,0.9701500535011292,0.2775627374649048,0.7578701972961426
subj02,V1,1,O3,A:H,simple,0.7317825216083903,0.2682695795279725,6,0.4156629127592309,0.9226580674719937,0.3927458567410841,1.4393405229099139
subj02,V1,1,O3,B:C,naturalistic,0.14126862447375094,0.2682695795279725,6,0.3988247572885605,0.8040133086791619,-1.3939689356180436,0.5912642698013256
subj02,V1,1,O4,A:H,simple,0.8991517219518013,1.7575106248547894,1,0.29311134990324633,0.9358824062191947,0.7616103927775679,1.3469628782964396
subj02,V1,1,O4,B:C,naturalistic,0.5993309517079746,1.7575106248547894,1,0.1090883159985614,0.9725215139300437,0.33749003091112895,0.738243028564198
subj02,V1,2,O0,A:L,simple,0.6914662718772888,0.0,1,0.061671871691942215,0.9727722406387329,0.4558238387107849,0.8835662603378296
subj02,V1,2,O0,B:D,naturalistic,0.19103138148784637,0.0,1,0.21918244659900665,0.9497211575508118,-0.4332512617111206,1.2977912425994873
subj02,V1,2,O1,A:L,simple,0.6510589122772217,0.0,1,0.060285840183496475,0.9697651863098145,0.40788018703460693,0.9427403807640076
subj02,V1,2,O1,B:D,naturalistic,0.2437646985054016,0.0,1,0.15910927951335907,0.9496647119522095,-0.3755570650100708,1.196590781211853
subj02,V1,2,O2,A:L,simple,0.8126910924911499,7.9060432109076855,1,0.040570635348558426,0.981742799282074,0.6288694143295288,0.9154892563819885
subj02,V1,2,O2,B:D,naturalistic,0.5134750604629517,7.9060432109076855,1,0.13217081129550934,0.9677637219429016,0.1545996069908142,1.2299420833587646
subj02,V1,2,O3,A:L,simple,0.5251180609408601,0.02811768697974228,4,0.4995724837783883,0.956435006805605,-0.5447259648653702,1.6001277732166914
subj02,V1,2,O3,B:D,naturalistic,0.5958827298198469,0.02811768697974228,4,0.9143361894149795,0.9127647474070466,-5.987041490377025,1.7773315080796557
subj02,V1,2,O4,A:L,simple,0.8974320310088859,1.2067926406393288,4,0.1098637962194361,0.9893145802661065,0.792676604492256,1.286984028273938
subj02,V1,2,O4,B:D,naturalistic,0.802491547620603,1.2067926406393288,4,0.3518317013910034,0.979013615159587,-0.3789917662784552,1.5360588678781784
subj02,V1,3,O0,A:P,simple,0.8224331736564636,0.0,1,0.39588719606399536,0.9095601439476013,0.5951652526855469,1.3819866180419922
subj02,V1,3,O0,B:K,naturalistic,0.8178689479827881,0.0,1,0.03062031976878643,0.9918006658554077,0.6583101749420166,0.8722641468048096
subj02,V1,3,O1,A:P,simple,0.8187848329544067,0.0,1,0.40843766927719116,0.9119749069213867,0.6095070838928223,1.402011513710022
subj02,V1,3,O1,B:K,naturalistic,0.842422604560852,0.0,1,0.0354987308382988,0.9924862384796143,0.70179283618927,0.8492113947868347
subj02,V1,3,O2,A:P,simple,0.8281852006912231,2.559547922699533,1,0.3900419771671295,0.9166996479034424,0.6354101300239563,1.3966790437698364
subj02,V1,3,O2,B:K,naturalistic,0.888261079788208,2.559547922699533,1,0.03189074620604515,0.9948933124542236,0.7888575792312622,0.8475723266601562
subj02,V1,3,O3,A:P,simple,0.6705390925818827,0.05963623316594643,5,0.43366390534156174,0.9076455472326787,0.15550706447173002,1.4150746483315109
subj02,V1,3,O3,B:K,naturalistic,0.7425534250589725,0.05963623316594643,5,0.21116413852623175,0.9073497408269735,-0.7566666296484099,0.7217487471222614
subj02,V1,3,O4,A:P,simple,0.914806443588028,3.727593720314938,1,0.44914091020560465,0.9328482778235057,0.7852946321261297,1.4979560270047168
subj02,V1,3,O4,B:K,naturalistic,0.8928752446034091,3.727593720314938,1,0.035935481893193476,0.9954962850795254,0.7928003667540102,0.831336659735641
subj02,V1,4,O0,A:R,simple,0.8525732159614563,0.0,1,0.06962280720472336,0.9798179864883423,0.6537890434265137,0.8075791001319885
subj02,V1,4,O0,B:T,naturalistic,0.5302079916000366,0.0,1,0.07096990942955017,0.9638651609420776,0.15604466199874878,0.9614520072937012
subj02,V1,4,O1,A:R,simple,0.8305773735046387,0.0,1,0.05063492804765701,0.9776312708854675,0.655369758605957,0.897644579410553
subj02,V1,4,O1,B:T,naturalistic,0.5332936644554138,0.0,1,0.10925028473138809,0.9605980515480042,0.21592801809310913,0.7817162871360779
subj02,V1,4,O2,A:R,simple,0.8842998147010803,5.428675439323859,1,0.04005776718258858,0.984799861907959,0.75853031873703,0.885358989238739
subj02,V1,4,O2,B:T,naturalistic,0.6852707266807556,5.428675439323859,1,0.07384826987981796,0.9762181043624878,0.46819835901260376,0.8123582601547241
subj02,V1,4,O3,A:R,simple,0.6884979659196306,0.18420699693267145,7,0.16893192113006125,0.9565081392617018,0.11610523138697548,1.2460590712461785
subj02,V1,4,O3,B:T,naturalistic,-0.03079708366057943,0.18420699693267145,7,1.4929820966852014,-0.01717004848513937,-5.802746156174482,0.6851666958521337
subj02,V1,4,O4,A:R,simple,0.9005674999512819,11.513953993264458,2,0.02785138150923268,0.9864177174963036,0.7956751305135101,0.9568999565776254
subj02,V1,4,O4,B:T,naturalistic,0.626210629646999,11.513953993264458,2,0.1253626078288338,0.9669043647574094,0.3726899872552215,0.7214118810847447
subj02,V1,5,O0,A:V,simple,0.92156982421875,0.0,1,0.16459253430366516,0.9945943355560303,0.7868956923484802,0.6024076342582703
subj02,V1,5,O0,B:W,naturalistic,0.5975111126899719,0.0,1,0.04962887242436409,0.9750807285308838,0.0028989315032958984,0.995365560054779
subj02,V1,5,O1,A:V,simple,0.9223079085350037,0.0,1,0.15825848281383514,0.9947805404663086,0.7884513139724731,0.6102719902992249
subj02,V1,5,O1,B:W,naturalistic,0.5969941020011902,0.0,1,0.050855591893196106,0.9746232628822327,-0.024710655212402344,1.0019370317459106
subj02,V1,5,O2,A:V,simple,0.9052711725234985,2.559547922699533,1,0.15813440084457397,0.9828523993492126,0.8159492015838623,0.6305269002914429
subj02,V1,5,O2,B:W,naturalistic,0.4843040108680725,2.559547922699533,1,0.09633335471153259,0.9569253921508789,-0.9220978021621704,1.066650152206421
subj02,V1,5,O3,A:V,simple,0.8623373236316814,0.12648552168552957,7,0.1537388366285651,0.955729938831728,0.5033445289030121,0.6965802770391483
subj02,V1,5,O3,B:W,naturalistic,0.2445018962157558,0.12648552168552957,7,0.4598900332069059,0.7363022695600228,-3.637453505820303,0.6912349065979642
subj02,V1,5,O4,A:V,simple,0.8931829489048866,16.768329368110066,1,0.16083467728209652,0.9703463566550885,0.7325191515971436,0.6503358513999622
subj02,V1,5,O4,B:W,naturalistic,0.5094647857403186,16.768329368110066,1,0.0746349842870787,0.9631502000392205,-0.504030601471448,1.0110386630242838
subj02,V2,0,O0,A:E,simple,0.6715151071548462,0.0,1,0.5821205377578735,0.7714747786521912,0.44285935163497925,1.1925376653671265
subj02,V2,0,O0,B:B,naturalistic,0.7867875099182129,0.0,1,0.39935335516929626,0.8017763495445251,0.5297834873199463,1.0071995258331299
subj02,V2,0,O1,A:E,simple,0.6693977117538452,0.0,1,0.5912044048309326,0.7734581232070923,0.4438934326171875,1.2087074518203735
subj02,V2,0,O1,B:B,naturalistic,0.7757222652435303,0.0,1,0.3406132459640503,0.8185701370239258,0.5342527627944946,0.9218683242797852
subj02,V2,0,O2,A:E,simple,0.6954808831214905,11.513953993264458,1,0.5729368329048157,0.7801482677459717,0.47375380992889404,1.2062562704086304
subj02,V2,0,O2,B:B,naturalistic,0.7756491303443909,11.513953993264458,1,0.378866970539093,0.8065470457077026,0.5269625186920166,0.9779680967330933
subj02,V2,0,O3,A:E,simple,0.3930446382221828,7.9060432109076855,7,1.2276250048559025,0.6619500570603959,-0.620846807934337,1.4779175236084863
subj02,V2,0,O3,B:B,naturalistic,0.5735639147380999,7.9060432109076855,7,0.6534522552387824,0.7423899789595712,0.010207141263460673,1.194711901258384
subj02,V2,0,O4,A:E,simple,0.757743966131896,16.768329368110066,3,0.49788477331110154,0.797008984809282,0.5366713147341087,1.161848845454272
subj02,V2,0,O4,B:B,naturalistic,0.8282683038169779,16.768329368110066,3,0.28124759649229897,0.8578963821983133,0.6477865601374371,0.9891738381392642
subj02,V2,1,O0,A:H,simple,0.7292563915252686,0.0,1,0.10672581940889359,0.9460514783859253,0.4529265761375427,0.9043487310409546
subj02,V2,1,O0,B:C,naturalistic,0.6369314789772034,0.0,1,0.18535345792770386,0.9045318961143494,0.3692812919616699,0.963956892490387
subj02,V2,1,O1,A:H,simple,0.7629955410957336,0.0,1,0.10650365054607391,0.9495999813079834,0.3862462639808655,1.0403952598571777
subj02,V2,1,O1,B:C,naturalistic,0.6610251069068909,0.0,1,0.18212677538394928,0.9044157266616821,0.3990320563316345,0.8946952819824219
subj02,V2,1,O2,A:H,simple,0.8165604472160339,7.9060432109076855,1,0.06641964614391327,0.9662272334098816,0.6251800060272217,0.9700595140457153
subj02,V2,1,O2,B:C,naturalistic,0.7372668981552124,7.9060432109076855,1,0.14918631315231323,0.9224002361297607,0.5061442852020264,0.9253094792366028
subj02,V2,1,O3,A:H,simple,0.8503392197634521,11.513953993264458,5,0.8846193244076431,0.8374726790125556,-4.066190516569332,1.6029658528995565
subj02,V2,1,O3,B:C,naturalistic,0.619976910464073,11.513953993264458,5,0.8973047178150756,0.6648414231782737,-1.7416082496120802,1.247352198516072
subj02,V2,1,O4,A:H,simple,0.8922818249951094,24.420530945486497,3,0.042975109235514654,0.9798605149985833,0.7838628451271874,1.0355532097977778
subj02,V2,1,O4,B:C,naturalistic,0.6536969262716635,24.420530945486497,3,0.2281943425536248,0.8828701956200056,0.23925335672865666,0.9703580864899152
subj02,V2,2,O0,A:L,simple,0.5542492866516113,0.0,1,0.1156487837433815,0.9474245309829712,-0.04626572132110596,0.8322643637657166
subj02,V2,2,O0,B:D,naturalistic,0.8077395558357239,0.0,1,1.275301456451416,0.7649387717247009,0.6509277820587158,1.6925339698791504
subj02,V2,2,O1,A:L,simple,0.5715151429176331,0.0,1,0.09383900463581085,0.9548529386520386,0.010709226131439209,0.8801320195198059
subj02,V2,2,O1,B:D,naturalistic,0.785133421421051,0.0,1,1.0929811000823975,0.772685170173645,0.6162967681884766,1.60336172580719
subj02,V2,2,O2,A:L,simple,0.6664060354232788,5.428675439323859,1,0.08561480045318604,0.9605934619903564,0.183285653591156,0.8691902756690979
subj02,V2,2,O2,B:D,naturalistic,0.877518892288208,5.428675439323859,1,1.2479774951934814,0.844874382019043,0.7188879251480103,1.825583577156067
subj02,V2,2,O3,A:L,simple,0.5312991222038779,11.513953993264458,7,0.37622427637740025,0.8578278240278132,-3.98199384551197,1.1926304521951376
subj02,V2,2,O3,B:D,naturalistic,0.49580438587073444,11.513953993264458,7,4.583466156395765,0.6034697297031895,-5.195168996795163,2.590337058006563
subj02,V2,2,O4,A:L,simple,0.785362647963852,16.768329368110066,2,0.05686949666761585,0.9756262569695199,0.49324289841818447,0.8822665923501573
subj02,V2,2,O4,B:D,naturalistic,0.8859764302548383,16.768329368110066,2,1.0333088827159742,0.8735967938977827,0.6835202387029677,1.7660541924414597
subj02,V2,3,O0,A:P,simple,0.6825230121612549,0.0,1,0.1874200850725174,0.9026291966438293,0.46314579248428345,0.9491008520126343
subj02,V2,3,O0,B:K,naturalistic,0.802840530872345,0.0,1,0.1259535402059555,0.9698097705841064,0.6343444585800171,0.711963951587677
subj02,V2,3,O1,A:P,simple,0.6472814679145813,0.0,1,0.21754631400108337,0.8948240280151367,0.41672563552856445,1.0299403667449951
subj02,V2,3,O1,B:K,naturalistic,0.8183351159095764,0.0,1,0.10882862657308578,0.9686431884765625,0.6696701645851135,0.7516220211982727
subj02,V2,3,O2,A:P,simple,0.6705220341682434,5.428675439323859,1,0.20720906555652618,0.8972218632698059,0.4450613260269165,1.0077483654022217
subj02,V2,3,O2,B:K,naturalistic,0.7379500269889832,5.428675439323859,1,0.14492055773735046,0.9487873315811157,0.5271024703979492,0.7363775968551636
subj02,V2,3,O3,A:P,simple,0.466045645311602,1.7575106248547894,7,0.41389612737514225,0.8336282953089459,-0.11758566854672403,1.1635257216929749
subj02,V2,3,O3,B:K,naturalistic,0.41843176375701396,1.7575106248547894,7,0.8522324014532849,0.6276242097928167,-3.8193255068311585,1.123753746423716
subj02,V2,3,O4,A:P,simple,0.821872489676556,11.513953993264458,3,0.17405401435971446,0.9224218162536648,0.6222707008830402,1.080270077386474
subj02,V2,3,O4,B:K,naturalistic,0.8422266711168166,11.513953993264458,3,0.16897508411792628,0.9712570733665672,0.6923506132590249,0.6361222844172819
subj02,V2,4,O0,A:R,simple,0.7200709581375122,0.0,1,0.17262785136699677,0.9132377505302429,0.36493414640426636,0.9946687817573547
subj02,V2,4,O0,B:T,naturalistic,0.8991799354553223,0.0,1,0.1443549245595932,0.9434770345687866,0.7290796041488647,0.7577247619628906
subj02,V2,4,O1,A:R,simple,0.7117887139320374,0.0,1,0.2560102939605713,0.8834190964698792,0.058222055435180664,1.0743108987808228
subj02,V2,4,O1,B:T,naturalistic,0.8952162861824036,0.0,1,0.20388858020305634,0.9422613978385925,0.7531141042709351,0.639366865158081
subj02,V2,4,O2,A:R,simple,0.7284905314445496,16.768329368110066,1,0.18773363530635834,0.9067521691322327,0.3152046203613281,1.0064164400100708
subj02,V2,4,O2,B:T,naturalistic,0.9095011949539185,16.768329368110066,1,0.1470363438129425,0.9543473720550537,0.7579114437103271,0.7138990163803101
subj02,V2,4,O3,A:R,simple,0.6753666925053018,3.727593720314938,6,3.2528767340444107,0.5299832801252409,-10.547070558313031,2.1217619335451734
subj02,V2,4,O3,B:T,naturalistic,0.8196174747162231,3.727593720314938,6,0.5428313464771921,0.7460119686708716,0.2863524376812959,1.0612344904880426
subj02,V2,4,O4,A:R,simple,0.8028748200692113,51.79474679231202,4,0.15116717952457737,0.9215222916504566,0.5075896769099879,0.9407697834443036
subj02,V2,4,O4,B:T,naturalistic,0.9529182587307153,51.79474679231202,4,0.14648692521945797,0.959247932109787,0.8861058587079147,0.7010937518473355
subj02,V2,5,O0,A:V,simple,0.5388379693031311,0.0,1,0.15129685401916504,0.9503595232963562,0.09549349546432495,0.7169498205184937
subj02,V2,5,O0,B:W,naturalistic,0.8622342348098755,0.0,1,0.09243360161781311,0.9543157815933228,0.6786208152770996,0.898171603679657
subj02,V2,5,O1,A:V,simple,0.5307002663612366,0.0,1,0.12489114701747894,0.9508084654808044,0.01011282205581665,0.7807265520095825
subj02,V2,5,O1,B:W,naturalistic,0.8683860301971436,0.0,1,0.09128358215093613,0.9547057151794434,0.6824509501457214,0.9022977352142334
subj02,V2,5,O2,A:V,simple,0.5692732334136963,7.9060432109076855,1,0.13116644322872162,0.9586736559867859,0.19175803661346436,0.7345717549324036
subj02,V2,5,O2,B:W,naturalistic,0.8695648908615112,7.9060432109076855,1,0.08962172269821167,0.9558247923851013,0.6883738040924072,0.8990553021430969
subj02,V2,5,O3,A:V,simple,0.03214117820579783,3.727593720314938,7,0.41246373425517896,0.8297120511442257,-4.856368551146163,1.1473373425914168
subj02,V2,5,O3,B:W,naturalistic,0.4687127243219124,3.727593720314938,7,0.28241799817652763,0.8613797548572406,0.02594424814182994,1.0175627382192225
subj02,V2,5,O4,A:V,simple,0.48083135891757417,16.768329368110066,2,0.09249933516784349,0.9662163741726582,0.16480980569958725,0.8047436806597001
subj02,V2,5,O4,B:W,naturalistic,0.8542752362500503,16.768329368110066,2,0.09725827869809267,0.9511254248077359,0.6617789373528962,0.9075605463535127
subj02,V3,0,O0,A:E,simple,0.4717865586280823,0.0,1,0.7182701230049133,0.6939069628715515,0.22258055210113525,1.1408710479736328
subj02,V3,0,O0,B:B,naturalistic,0.45999282598495483,0.0,1,0.4546772837638855,0.7540778517723083,0.20879685878753662,0.9067561626434326
subj02,V3,0,O1,A:E,simple,0.4982520043849945,0.0,1,0.8249028325080872,0.7017305493354797,0.2472938895225525,1.2650498151779175
subj02,V3,0,O1,B:B,naturalistic,0.24370913207530975,0.0,1,0.5376166701316833,0.6950280070304871,0.010406672954559326,0.8388356566429138
subj02,V3,0,O2,A:E,simple,0.6682586669921875,5.428675439323859,1,0.7103968858718872,0.7474385499954224,0.4280840754508972,1.2661495208740234
subj02,V3,0,O2,B:B,naturalistic,0.25334805250167847,5.428675439323859,1,0.5582993030548096,0.7032471299171448,0.028270423412322998,0.9331508874893188
subj02,V3,0,O3,A:E,simple,0.5706512673146408,3.727593720314938,7,1.0427484597639034,0.7501381870663044,0.1785121094327159,1.5282486050050736
subj02,V3,0,O3,B:B,naturalistic,-0.03703927602611545,3.727593720314938,7,0.9892214845779306,0.5121042981529297,-0.824908676214672,1.0135744203140666
subj02,V3,0,O4,A:E,simple,0.8636909665160433,5.428675439323859,3,0.7535228312600292,0.7863486868093265,0.6404091857122229,1.3961577791034316
subj02,V3,0,O4,B:B,naturalistic,0.3962862912649062,5.428675439323859,3,0.46220953983209095,0.7401392679875116,0.15652000966843183,0.840217430886545
subj02,V3,1,O0,A:H,simple,0.7276332974433899,0.0,1,0.17161376774311066,0.911025881767273,0.5218645930290222,0.8712531328201294
subj02,V3,1,O0,B:C,naturalistic,0.602849543094635,0.0,1,0.2668227553367615,0.8670721650123596,0.3556818962097168,0.7305554151535034
subj02,V3,1,O1,A:H,simple,0.726499617099762,0.0,1,0.17772585153579712,0.9115152955055237,0.5218511819839478,1.0041766166687012
subj02,V3,1,O1,B:C,naturalistic,0.6000676155090332,0.0,1,0.2943427562713623,0.864784836769104,0.35248059034347534,0.6593689918518066
subj02,V3,1,O2,A:H,simple,0.7419247031211853,7.9060432109076855,1,0.162397101521492,0.915774405002594,0.5477268695831299,0.8835278153419495
subj02,V3,1,O2,B:C,naturalistic,0.6661039590835571,7.9060432109076855,1,0.2491293102502823,0.8845227360725403,0.43305879831314087,0.7070128321647644
subj02,V3,1,O3,A:H,simple,0.7096989729329314,2.559547922699533,7,0.4959408724196067,0.7923015133350404,-0.29551754194431235,1.1439868726804692
subj02,V3,1,O3,B:C,naturalistic,0.676399207540706,2.559547922699533,7,0.29482707523853663,0.8607243307241036,0.4547691669164766,0.6718500769750885
subj02,V3,1,O4,A:H,simple,0.8818980211081121,16.768329368110066,2,0.1023933638666721,0.9475730442940555,0.7308513920910373,0.9645462861898849
subj02,V3,1,O4,B:C,naturalistic,0.747841074414979,16.768329368110066,2,0.22868294881700818,0.9030929317573443,0.5549855974632485,0.6927127329884596
subj02,V3,2,O0,A:L,simple,0.35746943950653076,0.0,1,0.1828843355178833,0.9154841899871826,-0.23170208930969238,0.7705852389335632
subj02,V3,2,O0,B:D,naturalistic,0.7943980693817139,0.0,1,1.3913824558258057,0.5440139770507812,0.5776661038398743,1.3730698823928833
subj02,V3,2,O1,A:L,simple,0.36907920241355896,0.0,1,0.16053161025047302,0.9222971200942993,-0.21915626525878906,0.8166390061378479
subj02,V3,2,O1,B:D,naturalistic,0.8112350106239319,0.0,1,1.1744740009307861,0.5729133486747742,0.6003144979476929,1.2819294929504395
subj02,V3,2,O2,A:L,simple,0.4802778959274292,5.428675439323859,1,0.15072974562644958,0.9287401437759399,-0.07402229309082031,0.8134660720825195
subj02,V3,2,O2,B:D,naturalistic,0.8698797225952148,5.428675439323859,1,1.0716367959976196,0.6766071319580078,0.7506135702133179,1.4042291641235352
subj02,V3,2,O3,A:L,simple,0.6727310961494133,3.727593720314938,6,0.1529689354921801,0.9283765481078083,-0.4910930680528023,1.050245430102708
subj02,V3,2,O3,B:D,naturalistic,0.6987993658839067,3.727593720314938,6,1.5609223258163187,0.6877569402599685,0.04205919396206115,1.704581405868709
subj02,V3,2,O4,A:L,simple,0.7491646274374488,11.513953993264458,2,0.07164491090252,0.969035003712722,0.49702030802707553,0.8657207785912381
subj02,V3,2,O4,B:D,naturalistic,0.9373213620437931,11.513953993264458,2,0.8528559580576944,0.7780441268958903,0.8780476636978044,1.4549552269804273
subj02,V3,3,O0,A:P,simple,0.8513196110725403,0.0,1,0.48095589876174927,0.8158290386199951,0.6760913133621216,1.1986255645751953
subj02,V3,3,O0,B:K,naturalistic,0.8806366920471191,0.0,1,0.14085905253887177,0.9785988330841064,0.7461796998977661,0.6647282242774963
subj02,V3,3,O1,A:P,simple,0.798342764377594,0.0,1,0.6158971786499023,0.8039816617965698,0.6315818428993225,1.3161180019378662
subj02,V3,3,O1,B:K,naturalistic,0.8888309597969055,0.0,1,0.1704544872045517,0.9548768401145935,0.7864453196525574,0.6680942177772522
subj02,V3,3,O2,A:P,simple,0.8268280625343323,0.5689866029018293,1,0.5592164397239685,0.8041412234306335,0.6526683568954468,1.2578586339950562
subj02,V3,3,O2,B:K,naturalistic,0.8642733693122864,0.5689866029018293,1,0.33632680773735046,0.8191254734992981,0.383650541305542,0.7337249517440796
subj02,V3,3,O3,A:P,simple,0.47152493512487187,1.2067926406393288,7,1.832619795767879,0.6844809084203018,-0.10788440010644029,1.825153498169618
subj02,V3,3,O3,B:K,naturalistic,0.5078519612171363,1.2067926406393288,7,0.929683490067552,0.5154297010431367,-2.6347249510398525,0.9574153101629996
subj02,V3,3,O4,A:P,simple,0.8343424404457968,7.9060432109076855,5,0.8098629191711172,0.804786455188281,0.6902822031324984,1.4812065580644962
subj02,V3,3,O4,B:K,naturalistic,0.822616695105681,7.9060432109076855,5,0.30218386065717945,0.9091810848022656,0.6723104996027545,0.5503021096016021
subj02,V3,4,O0,A:R,simple,0.2596578001976013,0.0,1,0.36953431367874146,0.7945497632026672,-0.16402649879455566,0.7655048370361328
subj02,V3,4,O0,B:T,naturalistic,0.6754682064056396,0.0,1,0.2512671649456024,0.8661429286003113,0.45600569248199463,0.9044930934906006
subj02,V3,4,O1,A:R,simple,0.40972161293029785,0.0,1,0.31263330578804016,0.8291565179824829,-0.025303363800048828,0.840723991394043
subj02,V3,4,O1,B:T,naturalistic,0.7057228684425354,0.0,1,0.2763276696205139,0.8628542423248291,0.49751555919647217,0.7184756398200989
subj02,V3,4,O2,A:R,simple,0.44455400109291077,7.9060432109076855,1,0.2646842896938324,0.8590076565742493,0.13333380222320557,0.8082305788993835
subj02,V3,4,O2,B:T,naturalistic,0.6709017753601074,7.9060432109076855,1,0.2596800923347473,0.86077880859375,0.44476306438446045,0.8358719944953918
subj02,V3,4,O3,A:R,simple,0.5980055424099615,2.559547922699533,6,0.9749492709324856,0.705377521815785,-2.3385345123431778,1.392768768141523
subj02,V3,4,O3,B:T,naturalistic,0.6996160167681277,2.559547922699533,6,0.962696250197951,0.6500325130844365,-0.7431290717627708,1.2707083778798707
subj02,V3,4,O4,A:R,simple,0.7691790730329385,7.9060432109076855,2,0.14778417871233632,0.9258049716538396,0.5637086784868546,0.8558120033607571
subj02,V3,4,O4,B:T,naturalistic,0.6066390278276685,7.9060432109076855,2,0.6636987866312458,0.6371379630809783,-0.045954870812620285,0.9010386890360277
subj02,V3,5,O0,A:V,simple,0.20730921626091003,0.0,1,0.23210617899894714,0.9235813021659851,-0.17337608337402344,0.6318477988243103
subj02,V3,5,O0,B:W,naturalistic,0.812465488910675,0.0,1,0.08173170685768127,0.9583738446235657,0.6310381889343262,0.9438108801841736
subj02,V3,5,O1,A:V,simple,0.22201135754585266,0.0,1,0.1766781210899353,0.932905912399292,-0.1627901792526245,0.7161309719085693
subj02,V3,5,O1,B:W,naturalistic,0.7913174033164978,0.0,1,0.08773162961006165,0.9555065631866455,0.603364884853363,0.9285914301872253
subj02,V3,5,O2,A:V,simple,0.40087881684303284,5.428675439323859,1,0.16763323545455933,0.9491697549819946,0.10213649272918701,0.6873369812965393
subj02,V3,5,O2,B:W,naturalistic,0.7353071570396423,5.428675439323859,1,0.1022169217467308,0.9475498199462891,0.537788987159729,0.9393348693847656
subj02,V3,5,O3,A:V,simple,0.507575945043683,5.428675439323859,6,0.16491772981837569,0.9139759152615227,-0.5387759707707889,0.8975569836653855
subj02,V3,5,O3,B:W,naturalistic,0.35175903018509574,5.428675439323859,6,1.1116219716250746,0.6662847920946664,-4.023248040870605,1.4116420273329213
subj02,V3,5,O4,A:V,simple,0.6836390103796216,11.513953993264458,2,0.11012055635348449,0.9642089567803875,0.41649117618038145,0.7646611165250726
subj02,V3,5,O4,B:W,naturalistic,0.8740999100881864,11.513953993264458,2,0.05557262166652985,0.9730507970262748,0.7535395513926758,0.9240559974819883
subj02,hV4,0,O0,A:E,simple,0.8586668968200684,0.0,1,0.2732953429222107,0.9545443654060364,0.7314331531524658,1.3840209245681763
subj02,hV4,0,O0,B:B,naturalistic,0.22964982688426971,0.0,1,0.13580738008022308,0.9312487840652466,-1.7974820137023926,0.8761872053146362
subj02,hV4,0,O1,A:E,simple,0.8643836379051208,0.0,1,0.2800150513648987,0.9546838402748108,0.7437628507614136,1.3922184705734253
subj02,hV4,0,O1,B:B,naturalistic,0.2252645343542099,0.0,1,0.1413964182138443,0.9284813404083252,-1.8664252758026123,0.8695394992828369
subj02,hV4,0,O2,A:E,simple,0.8586938977241516,10000.0,1,0.2732612192630768,0.9545513391494751,0.731479823589325,1.38400399684906
subj02,hV4,0,O2,B:B,naturalistic,0.22961869835853577,10000.0,1,0.13580209016799927,0.9312520623207092,-1.7973661422729492,0.8761836886405945
subj02,hV4,0,O3,A:E,simple,0.8097118818048247,0.12648552168552957,6,0.12062640868766931,0.9378907309600603,0.5931442858708913,0.954182899229984
subj02,hV4,0,O3,B:B,naturalistic,0.2606854030107436,0.12648552168552957,6,0.11908939172798519,0.9419700914064105,-2.0380007249805234,1.021952016791118
subj02,hV4,0,O4,A:E,simple,0.8543277559701583,16.768329368110066,1,0.2720810293317031,0.9534116691594966,0.7247764232221074,1.378940557737657
subj02,hV4,0,O4,B:B,naturalistic,0.2172776638706681,16.768329368110066,1,0.13301234334757286,0.9339863880435197,-1.6343683008218859,0.8608907052018777
subj02,hV4,1,O0,A:H,simple,0.9258747100830078,0.0,1,0.023897606879472733,0.9894559383392334,0.811837375164032,0.9354139566421509
subj02,hV4,1,O0,B:C,naturalistic,0.8995892405509949,0.0,1,0.14763425290584564,0.9929424524307251,0.7328675389289856,0.6274716258049011
subj02,hV4,1,O1,A:H,simple,0.9265204071998596,0.0,1,0.023132460191845894,0.9889370799064636,0.8092713356018066,0.9553369879722595
subj02,hV4,1,O1,B:C,naturalistic,0.9027838706970215,0.0,1,0.14886434376239777,0.9930129647254944,0.74322110414505,0.6256725192070007
subj02,hV4,1,O2,A:H,simple,0.9258774518966675,10000.0,1,0.023877987638115883,0.9894644021987915,0.8120003938674927,0.9354484677314758
subj02,hV4,1,O2,B:C,naturalistic,0.8995904922485352,10000.0,1,0.14762012660503387,0.9929430484771729,0.7328511476516724,0.6274899244308472
subj02,hV4,1,O3,A:H,simple,0.8832115642812259,0.12648552168552957,7,0.0336627747186872,0.983975631126112,0.7581989400667949,0.9407222006097351
subj02,hV4,1,O3,B:C,naturalistic,0.6339817493004081,0.12648552168552957,7,0.0600256230697956,0.9740867767331659,0.3411736163665815,0.8799028897969656
subj02,hV4,1,O4,A:H,simple,0.9666242751694312,11.513953993264458,1,0.008821481124673918,0.9960253742778746,0.9342563754432774,1.0258258882665858
subj02,hV4,1,O4,B:C,naturalistic,0.8852135115189039,11.513953993264458,1,0.14217540494694955,0.9915290411774277,0.7333104698710133,0.6375443219699238
subj02,hV4,2,O0,A:L,simple,0.9211786389350891,0.0,1,0.056641656905412674,0.9857748746871948,0.8442818522453308,1.154279351234436
subj02,hV4,2,O0,B:D,naturalistic,0.8239947557449341,0.0,1,0.3142136335372925,0.9651268720626831,0.6614387035369873,1.4607915878295898
subj02,hV4,2,O1,A:L,simple,0.9239765405654907,0.0,1,0.052365005016326904,0.9867209196090698,0.851424515247345,1.1479136943817139
subj02,hV4,2,O1,B:D,naturalistic,0.8265618085861206,0.0,1,0.33281126618385315,0.9653555154800415,0.6638790369033813,1.4798678159713745
subj02,hV4,2,O2,A:L,simple,0.9211706519126892,10000.0,1,0.05661160498857498,0.9857760071754456,0.8442699909210205,1.1541976928710938
subj02,hV4,2,O2,B:D,naturalistic,0.8238803148269653,10000.0,1,0.31422245502471924,0.9651017785072327,0.6613374948501587,1.4607263803482056
subj02,hV4,2,O3,A:L,simple,0.8344306404693571,0.040949150623804234,7,0.0857328309445291,0.9698683196679807,0.6875659499202342,0.8074575085492558
subj02,hV4,2,O3,B:D,naturalistic,0.2048723195563692,0.040949150623804234,7,0.3262480876038022,0.8858791714194755,-0.35332469682051815,1.2190908923792663
subj02,hV4,2,O4,A:L,simple,0.9715714591605354,2.559547922699533,1,0.021634619942281996,0.9952723215899533,0.9111621147412836,0.8848119601497938
subj02,hV4,2,O4,B:D,naturalistic,0.7502053796449103,2.559547922699533,1,0.1997576772102431,0.9569276190021244,0.5379116182399211,1.2967337500189213
subj02,hV4,3,O0,A:P,simple,0.9742221236228943,0.0,1,0.5810020565986633,0.9377272129058838,0.9476025104522705,1.6162067651748657
subj02,hV4,3,O0,B:K,naturalistic,0.9782165884971619,0.0,1,0.07393421232700348,0.9948906898498535,0.9493623375892639,0.7424196600914001
subj02,hV4,3,O1,A:P,simple,0.9741966128349304,0.0,1,0.5861397385597229,0.9376782774925232,0.9476920366287231,1.6198660135269165
subj02,hV4,3,O1,B:K,naturalistic,0.9782981872558594,0.0,1,0.07255284488201141,0.9948514103889465,0.9503244161605835,0.7452875375747681
subj02,hV4,3,O2,A:P,simple,0.9742268919944763,10000.0,1,0.5810319781303406,0.9377421140670776,0.9476213455200195,1.6162643432617188
subj02,hV4,3,O2,B:K,naturalistic,0.9782117605209351,10000.0,1,0.0739162266254425,0.9948846101760864,0.9493908286094666,0.7424730062484741
subj02,hV4,3,O3,A:P,simple,0.9496462323145144,0.2682695795279725,6,0.676899524314306,0.9393397251959386,0.8934373009936679,1.6871756679083232
subj02,hV4,3,O3,B:K,naturalistic,0.9290048702216945,0.2682695795279725,6,0.02447255680985013,0.987688300976349,0.7806219735176515,0.9868545579514889
subj02,hV4,3,O4,A:P,simple,0.9660424326443647,24.420530945486497,2,0.6110793421543409,0.9398096446358959,0.9329726944786187,1.6428896255627765
subj02,hV4,3,O4,B:K,naturalistic,0.9660395370861585,24.420530945486497,2,0.05417308375898206,0.9924507221120676,0.9330715650198156,0.7946339394553539
subj02,hV4,4,O0,A:R,simple,0.946559727191925,0.0,1,0.03626715764403343,0.9823688864707947,0.8924389481544495,1.0186423063278198
subj02,hV4,4,O0,B:T,naturalistic,0.9556519985198975,0.0,1,0.06919804215431213,0.9867812991142273,0.6541637182235718,1.1939890384674072
subj02,hV4,4,O1,A:R,simple,0.9410903453826904,0.0,1,0.0392935685813427,0.9806281924247742,0.880918025970459,1.0110461711883545
subj02,hV4,4,O1,B:T,naturalistic,0.9555153250694275,0.0,1,0.08370963484048843,0.9882661700248718,0.6436136960983276,1.2339891195297241
subj02,hV4,4,O2,A:R,simple,0.9465141296386719,10000.0,1,0.036293432116508484,0.9823589324951172,0.8923742771148682,1.0187273025512695
subj02,hV4,4,O2,B:T,naturalistic,0.9556757211685181,10000.0,1,0.06905118376016617,0.9868156909942627,0.6551475524902344,1.1938340663909912
subj02,hV4,4,O3,A:R,simple,0.7458096421379794,0.013257113655901081,4,0.8710480866448327,0.3594605599107142,0.5406740600357575,0.3433369377368321
subj02,hV4,4,O3,B:T,naturalistic,0.7700224566938185,0.013257113655901081,4,0.6816151628291612,0.5905644927330713,0.5390516271579288,0.4162614401754442
subj02,hV4,4,O4,A:R,simple,0.9452541943401144,35.564803062231285,2,0.03491505536130568,0.9823903884960175,0.8869229333288852,0.9799424190090554
subj02,hV4,4,O4,B:T,naturalistic,0.9092783216117524,35.564803062231285,2,0.055682127560908075,0.9837097268570457,0.7092270624373447,1.1365722216362284
subj02,hV4,5,O0,A:V,simple,0.9395265579223633,0.0,1,0.05901838093996048,0.9893850088119507,0.8352627754211426,0.7947032451629639
subj02,hV4,5,O0,B:W,naturalistic,0.9230948686599731,0.0,1,0.02453807182610035,0.9884353280067444,0.8520954251289368,0.9491605162620544
subj02,hV4,5,O1,A:V,simple,0.9385048151016235,0.0,1,0.05842319503426552,0.9892253279685974,0.8348418474197388,0.7968975901603699
subj02,hV4,5,O1,B:W,naturalistic,0.9210128784179688,0.0,1,0.02560804784297943,0.9880787134170532,0.8482338786125183,0.9444006681442261
subj02,hV4,5,O2,A:V,simple,0.9389692544937134,75.43120063354607,1,0.05814970284700394,0.9893690347671509,0.8387229442596436,0.7970130443572998
subj02,hV4,5,O2,B:W,naturalistic,0.9236646890640259,75.43120063354607,1,0.024652380496263504,0.9886314868927002,0.8526667952537537,0.9434127807617188
subj02,hV4,5,O3,A:V,simple,0.8578610384405077,0.5689866029018293,7,0.05300937708394747,0.9731391867522978,0.7086849426918149,0.9701069402436496
subj02,hV4,5,O3,B:W,naturalistic,0.8225574646282882,0.5689866029018293,7,0.08174743420584552,0.9724052452026105,0.567681147817242,1.1376913168516418
subj02,hV4,5,O4,A:V,simple,0.9337391423251109,16.768329368110066,1,0.059147958281226196,0.9883509089580539,0.8243636996651372,0.7986526795989503
subj02,hV4,5,O4,B:W,naturalistic,0.9094442496512309,16.768329368110066,1,0.026617773412953762,0.986630580138192,0.8266685425759674,0.9790298854107408
subj02,ventral,0,O0,A:E,simple,0.6401594877243042,0.0,1,0.46128928661346436,0.7548643350601196,0.40564215183258057,0.9312433004379272
subj02,ventral,0,O0,B:B,naturalistic,0.7670602202415466,0.0,1,0.23963157832622528,0.8998225927352905,0.5752332806587219,0.6777589321136475
subj02,ventral,0,O1,A:E,simple,0.6332657337188721,0.0,1,0.47581279277801514,0.7500874400138855,0.3959577679634094,0.9461581707000732
subj02,ventral,0,O1,B:B,naturalistic,0.7125816941261292,0.0,1,0.31223928928375244,0.8652619123458862,0.5035878419876099,0.6184471249580383
subj02,ventral,0,O2,A:E,simple,0.6697349548339844,5.428675439323859,1,0.43508291244506836,0.7717472910881042,0.44561731815338135,0.9468947649002075
subj02,ventral,0,O2,B:B,naturalistic,0.6754860281944275,5.428675439323859,1,0.30375710129737854,0.8477979898452759,0.45312219858169556,0.6977359652519226
subj02,ventral,0,O3,A:E,simple,0.558077372608107,51.79474679231202,3,0.5842536345223592,0.6978791024153355,0.1917939302464604,0.9648787272734429
subj02,ventral,0,O3,B:B,naturalistic,0.12324899033163488,51.79474679231202,3,1.2010975752994633,0.39722471658062186,-1.4819197552053058,0.996294846300321
subj02,ventral,0,O4,A:E,simple,0.7514197874492983,109.85411419875572,3,0.3290093854037774,0.8223865998671118,0.5637316843436587,0.8953867262680312
subj02,ventral,0,O4,B:B,naturalistic,0.8242116765033126,109.85411419875572,3,0.16534070528972933,0.9189634234736292,0.6788472802904018,0.8197945251833013
subj02,ventral,1,O0,A:H,simple,0.6941915154457092,0.0,1,0.31282368302345276,0.8451004028320312,0.4591553807258606,1.0094735622406006
subj02,ventral,1,O0,B:C,naturalistic,0.09654024243354797,0.0,1,0.7246418595314026,0.5579081177711487,-0.25870537757873535,0.7473897933959961
subj02,ventral,1,O1,A:H,simple,0.6906533241271973,0.0,1,0.3260952830314636,0.8435932397842407,0.4520931839942932,1.03787362575531
subj02,ventral,1,O1,B:C,naturalistic,0.17062173783779144,0.0,1,0.6624512672424316,0.5929521918296814,-0.14192414283752441,0.7114577293395996
subj02,ventral,1,O2,A:H,simple,0.7106192111968994,51.79474679231202,1,0.2999397814273834,0.8526869416236877,0.4859359860420227,1.0170485973358154
subj02,ventral,1,O2,B:C,naturalistic,0.16271694004535675,51.79474679231202,1,0.6754162907600403,0.5880768299102783,-0.16950607299804688,0.7338529825210571
subj02,ventral,1,O3,A:H,simple,0.627343884495329,0.0001,1,0.5298753120578497,0.7830335360591916,0.04523388775755188,1.1612093201810478
subj02,ventral,1,O3,B:C,naturalistic,0.5199232282753842,0.0001,1,1.3741518055283688,0.5702140415060133,-1.305718159040477,1.406453171753584
subj02,ventral,1,O4,A:H,simple,0.7905724977239356,339.3221771895323,4,0.2114126142455782,0.8906203977927568,0.6204318409404214,0.9585719376066489
subj02,ventral,1,O4,B:C,naturalistic,0.5643889528498376,339.3221771895323,4,0.394602423146198,0.7781520198008137,0.3146474023957321,0.7670645364405018
subj02,ventral,2,O0,A:L,simple,0.7472879886627197,0.0,1,0.2407352179288864,0.8766682744026184,0.5583747625350952,0.9730151295661926
subj02,ventral,2,O0,B:D,naturalistic,0.34567198157310486,0.0,1,0.6399701833724976,0.6608451008796692,0.019425630569458008,0.9377684593200684
subj02,ventral,2,O1,A:L,simple,0.7460496425628662,0.0,1,0.24512191116809845,0.875839352607727,0.5564137697219849,0.9863680005073547
subj02,ventral,2,O1,B:D,naturalistic,0.3729691505432129,0.0,1,0.6107675433158875,0.6735466718673706,0.06355476379394531,0.9273825287818909
subj02,ventral,2,O2,A:L,simple,0.742651641368866,7.9060432109076855,1,0.24591311812400818,0.8761388063430786,0.5473427176475525,0.992466926574707
subj02,ventral,2,O2,B:D,naturalistic,0.35710832476615906,7.9060432109076855,1,0.6587938666343689,0.6575948596000671,-0.019696712493896484,0.9596296548843384
subj02,ventral,2,O3,A:L,simple,0.6164707657953511,0.009102981779915217,2,0.49573031076707896,0.7820924137462053,0.04042538825703357,1.1098101386763763
subj02,ventral,2,O3,B:D,naturalistic,0.5636914255729812,0.009102981779915217,2,1.479019547618476,0.6986799708182627,-1.2594982674248767,1.682129690145281
subj02,ventral,2,O4,A:L,simple,0.8056289262817481,16.768329368110066,2,0.18405541510702803,0.9033733079630863,0.6450507107694627,0.9151538283994717
subj02,ventral,2,O4,B:D,naturalistic,0.3850601921633361,16.768329368110066,2,0.6859078017993006,0.6754215835891554,-0.002879818281154911,1.0523860138384147
subj02,ventral,3,O0,A:P,simple,0.7050055861473083,0.0,1,0.3123460114002228,0.8387122750282288,0.49658215045928955,0.9643480777740479
subj02,ventral,3,O0,B:K,naturalistic,0.7239275574684143,0.0,1,0.22177526354789734,0.8890451192855835,0.5217311382293701,0.7786970138549805
subj02,ventral,3,O1,A:P,simple,0.7017726302146912,0.0,1,0.3301251530647278,0.8357328772544861,0.49144941568374634,1.004773736000061
subj02,ventral,3,O1,B:K,naturalistic,0.7362058758735657,0.0,1,0.2123376578092575,0.8932204246520996,0.5406887531280518,0.7923223376274109
subj02,ventral,3,O2,A:P,simple,0.7130488753318787,11.513953993264458,1,0.31025397777557373,0.8416832685470581,0.5081754922866821,0.9783756732940674
subj02,ventral,3,O2,B:K,naturalistic,0.738603413105011,11.513953993264458,1,0.21225875616073608,0.8942757844924927,0.543198823928833,0.7847858667373657
subj02,ventral,3,O3,A:P,simple,0.6813208964910586,0.02811768697974228,2,0.38414376379870907,0.8162305760670466,0.3399052005019133,1.0406767264876526
subj02,ventral,3,O3,B:K,naturalistic,0.7293818216489496,0.02811768697974228,2,0.34775536308838323,0.874934933305713,0.23925360062184542,1.2114858465100888
subj02,ventral,3,O4,A:P,simple,0.7255032749407688,51.79474679231202,4,0.2861489095658539,0.850671090885511,0.510609326553669,0.9496163820284337
subj02,ventral,3,O4,B:K,naturalistic,0.8342158203117725,51.79474679231202,4,0.14069936976865058,0.9297455592299547,0.6806226188195228,0.8581482202090412
subj02,ventral,4,O0,A:R,simple,0.701435387134552,0.0,1,0.4746079742908478,0.7534224987030029,0.49192261695861816,0.9589788317680359
subj02,ventral,4,O0,B:T,naturalistic,0.6876189112663269,0.0,1,0.31555384397506714,0.8285919427871704,0.4713757038116455,0.8746166825294495
subj02,ventral,4,O1,A:R,simple,0.704163134098053,0.0,1,0.47943511605262756,0.7548297643661499,0.4958457350730896,0.9766472578048706
subj02,ventral,4,O1,B:T,naturalistic,0.7067375779151917,0.0,1,0.3002062141895294,0.8367418646812439,0.49869275093078613,0.8182215094566345
subj02,ventral,4,O2,A:R,simple,0.7043607234954834,159.98587196060572,1,0.4722537696361542,0.7550932168960571,0.49600714445114136,0.9610531330108643
subj02,ventral,4,O2,B:T,naturalistic,0.707585334777832,159.98587196060572,1,0.2981329560279846,0.8384403586387634,0.5004304647445679,0.8718327283859253
subj02,ventral,4,O3,A:R,simple,0.6396904642115584,24.420530945486497,3,0.642707333586542,0.7287504462165366,0.22171445075307805,1.1456251060247178
subj02,ventral,4,O3,B:T,naturalistic,0.6364539976512704,24.420530945486497,3,1.1789907403489948,0.691978626867488,-0.9724798769129606,1.5030427757355116
subj02,ventral,4,O4,A:R,simple,0.8073415209560073,109.85411419875572,3,0.33673201332465524,0.830321858510009,0.6509780245562693,0.9920820152869054
subj02,ventral,4,O4,B:T,naturalistic,0.7807900442501208,109.85411419875572,3,0.3423417180559998,0.8735780189399983,0.47078768159696016,1.1983550789817279
subj02,ventral,5,O0,A:V,simple,0.7471715807914734,0.0,1,0.1946885883808136,0.9027339220046997,0.5581185817718506,0.8046664595603943
subj02,ventral,5,O0,B:W,naturalistic,0.7680525183677673,0.0,1,0.29759469628334045,0.8647677898406982,0.5163779258728027,0.6516529321670532
subj02,ventral,5,O1,A:V,simple,0.7490329146385193,0.0,1,0.18973132967948914,0.9040443301200867,0.5609220266342163,0.8202152252197266
subj02,ventral,5,O1,B:W,naturalistic,0.7835156917572021,0.0,1,0.285757452249527,0.8741133809089661,0.5403419733047485,0.6508835554122925
subj02,ventral,5,O2,A:V,simple,0.7514375448226929,232.99518105153672,1,0.19183218479156494,0.9043081998825073,0.5644495487213135,0.806300699710846
subj02,ventral,5,O2,B:W,naturalistic,0.7762515544891357,232.99518105153672,1,0.2925802171230316,0.8681374192237854,0.524032473564148,0.6530961394309998
subj02,ventral,5,O3,A:V,simple,0.6104855809450226,0.0001,3,0.4368179176151425,0.7738797271108537,0.023322481568097464,0.9628446675851436
subj02,ventral,5,O3,B:W,naturalistic,0.7884702838092513,0.0001,3,0.2939225820940319,0.8713781514856491,0.5033519672413793,1.1020780662721896
subj02,ventral,5,O4,A:V,simple,0.7357240933272042,35.564803062231285,3,0.26192802046312713,0.8596485680968509,0.4834257915136293,0.8292564792489876
subj02,ventral,5,O4,B:W,naturalistic,0.8779456692620646,35.564803062231285,3,0.15213545631254813,0.9274221773671468,0.7438792429450491,0.8167544840405315
subj02,lateral,0,O0,A:E,simple,0.7201483845710754,0.0,1,0.5407374501228333,0.6824747920036316,0.5100915431976318,0.7631548047065735
subj02,lateral,0,O0,B:B,naturalistic,0.5692821741104126,0.0,1,0.48078393936157227,0.745826244354248,0.31387168169021606,0.5533666610717773
subj02,lateral,0,O1,A:E,simple,0.7211360335350037,0.0,1,0.5297086238861084,0.6878041625022888,0.5091820955276489,0.7405598163604736
subj02,lateral,0,O1,B:B,naturalistic,0.5752135515213013,0.0,1,0.46109306812286377,0.7599604725837708,0.3223989009857178,0.5634076595306396
subj02,lateral,0,O2,A:E,simple,0.7466861605644226,16.768329368110066,1,0.5019155144691467,0.7102314829826355,0.550255537033081,0.7898826003074646
subj02,lateral,0,O2,B:B,naturalistic,0.6343989968299866,16.768329368110066,1,0.431613028049469,0.787132740020752,0.4011656641960144,0.5608789324760437
subj02,lateral,0,O3,A:E,simple,0.7125337049388738,2.559547922699533,6,0.5832867004627914,0.722174586441133,0.3952299422191453,1.045938127263167
subj02,lateral,0,O3,B:B,naturalistic,0.5569451216054059,2.559547922699533,6,0.4950400242177597,0.7244693919435812,0.040675579833504005,0.8655221358592887
subj02,lateral,0,O4,A:E,simple,0.8389546281352541,5.428675439323859,2,0.3036841460491849,0.8450212714116322,0.6853759228933924,0.7118105615092836
subj02,lateral,0,O4,B:B,naturalistic,0.7926824669352469,5.428675439323859,2,0.24571872551612817,0.9010937361235724,0.6195442647621612,0.6609092164260919
subj02,lateral,1,O0,A:H,simple,0.7491579055786133,0.0,1,0.9141843318939209,0.4604852795600891,0.5476930141448975,0.8157753944396973
subj02,lateral,1,O0,B:C,naturalistic,0.5334616303443909,0.0,1,0.5002931952476501,0.762110710144043,0.26808667182922363,0.477319598197937
subj02,lateral,1,O1,A:H,simple,0.7517914772033691,0.0,1,0.8594262003898621,0.48392751812934875,0.5505779385566711,0.7898879051208496
subj02,lateral,1,O1,B:C,naturalistic,0.5297570824623108,0.0,1,0.5011770129203796,0.7629841566085815,0.2650255560874939,0.4743289053440094
subj02,lateral,1,O2,A:H,simple,0.7855303883552551,16.768329368110066,1,0.8268810510635376,0.509390115737915,0.5961558222770691,0.8032594919204712
subj02,lateral,1,O2,B:C,naturalistic,0.5394424200057983,16.768329368110066,1,0.5021758079528809,0.7554050087928772,0.2698984146118164,0.4855670928955078
subj02,lateral,1,O3,A:H,simple,0.7357935142674965,0.0001,6,0.6821320573961395,0.6412171012192183,0.5097844671631355,0.9466534324144222
subj02,lateral,1,O3,B:C,naturalistic,0.5576131124447302,0.0001,6,0.5155149841047958,0.7076503974148934,-0.20576186670504115,0.8352594271920952
subj02,lateral,1,O4,A:H,simple,0.905155858796433,7.9060432109076855,1,0.4255864212095479,0.757981993429773,0.7840669124881356,0.7690751021158286
subj02,lateral,1,O4,B:C,naturalistic,0.5475735499120492,7.9060432109076855,1,0.39857642841657465,0.814328339397198,0.275702012228179,0.5659192578531892
subj02,lateral,2,O0,A:L,simple,0.6223753094673157,0.0,1,0.8521997928619385,0.5645403265953064,0.3862822651863098,0.9779476523399353
subj02,lateral,2,O0,B:D,naturalistic,0.7590920925140381,0.0,1,0.26227259635925293,0.8778172731399536,0.5565563440322876,0.696610689163208
subj02,lateral,2,O1,A:L,simple,0.6181860566139221,0.0,1,0.7931038737297058,0.5745438933372498,0.38115280866622925,0.9255489706993103
subj02,lateral,2,O1,B:D,naturalistic,0.7573308348655701,0.0,1,0.29448866844177246,0.8701747059822083,0.558829128742218,0.6428143978118896
subj02,lateral,2,O2,A:L,simple,0.7099096775054932,7.9060432109076855,1,0.7126365303993225,0.6344673037528992,0.5031400918960571,0.9738566279411316
subj02,lateral,2,O2,B:D,naturalistic,0.6809473037719727,7.9060432109076855,1,0.32035747170448303,0.8306496739387512,0.46252477169036865,0.7289825677871704
subj02,lateral,2,O3,A:L,simple,0.7353064532065253,0.0001,4,0.5265121005702842,0.7470279335410585,0.4801069839334652,1.0378248434681556
subj02,lateral,2,O3,B:D,naturalistic,0.4547444212867436,0.0001,4,0.7553198421087426,0.7414524958286913,-0.17196522951646687,1.2937853355405278
subj02,lateral,2,O4,A:L,simple,0.8268990184528187,0.0001,2,0.3271957044927414,0.8208862681449849,0.6819029682866697,0.8532897081426121
subj02,lateral,2,O4,B:D,naturalistic,0.779777907477959,0.0001,2,0.3013723361065709,0.8765992878004494,0.6075680275745325,1.1407934740169825
subj02,lateral,3,O0,A:P,simple,0.5796534419059753,0.0,1,1.1175601482391357,0.5488206148147583,0.23015421628952026,1.1959404945373535
subj02,lateral,3,O0,B:K,naturalistic,0.7261708974838257,0.0,1,0.34880301356315613,0.8583016991615295,0.5272817611694336,0.5659236907958984
subj02,lateral,3,O1,A:P,simple,0.5913650393486023,0.0,1,1.0001047849655151,0.5676867365837097,0.2592708468437195,1.1354656219482422
subj02,lateral,3,O1,B:K,naturalistic,0.7359203100204468,0.0,1,0.3512435555458069,0.8597699403762817,0.5411984324455261,0.5590242147445679
subj02,lateral,3,O2,A:P,simple,0.6519514918327332,16.768329368110066,1,0.952350378036499,0.6139687895774841,0.3453235626220703,1.1878225803375244
subj02,lateral,3,O2,B:K,naturalistic,0.7190521359443665,16.768329368110066,1,0.3566364645957947,0.856945276260376,0.5167685151100159,0.5552968382835388
subj02,lateral,3,O3,A:P,simple,0.5645261233764534,0.0001,2,1.5700546497263201,0.5848621219267998,-0.4856348916187758,1.5399109922827139
subj02,lateral,3,O3,B:K,naturalistic,0.533726689361974,0.0001,2,0.39577823490510805,0.7802935165573629,0.0028221877374453586,0.8483838295083174
subj02,lateral,3,O4,A:P,simple,0.7447787853777172,0.8286427728546842,2,0.7227693822150666,0.7441537507941304,0.36608158576733074,1.2700188954045226
subj02,lateral,3,O4,B:K,naturalistic,0.8290945813637524,0.8286427728546842,2,0.18531061084376474,0.9365838325458788,0.6779666729189529,0.6865838727568583
subj02,lateral,4,O0,A:R,simple,0.8111572265625,0.0,1,0.6228249669075012,0.6194189786911011,0.6430909633636475,0.7000719904899597
subj02,lateral,4,O0,B:T,naturalistic,0.6475520730018616,0.0,1,0.590288519859314,0.6624289155006409,0.39730608463287354,0.8330177664756775
subj02,lateral,4,O1,A:R,simple,0.7983083724975586,0.0,1,0.7142569422721863,0.5570760369300842,0.6225903034210205,0.7138900756835938
subj02,lateral,4,O1,B:T,naturalistic,0.5702948570251465,0.0,1,1.2087697982788086,0.4983351230621338,0.2944352626800537,1.174432396888733
subj02,lateral,4,O2,A:R,simple,0.8052360415458679,35.564803062231285,1,0.6470015645027161,0.6014197468757629,0.6322057247161865,0.6947328448295593
subj02,lateral,4,O2,B:T,naturalistic,0.6323525309562683,35.564803062231285,1,0.6582501530647278,0.6284857988357544,0.38724130392074585,0.8592336773872375
subj02,lateral,4,O3,A:R,simple,0.663816145098712,0.004291934260128779,4,0.8610474067026533,0.49279167443077176,0.4206242840028631,0.8151130984769166
subj02,lateral,4,O3,B:T,naturalistic,0.19442056596402724,0.004291934260128779,4,2.8480389140357074,0.26125223421290295,-1.5295412969040534,1.6455540604764525
subj02,lateral,4,O4,A:R,simple,0.8237498009903373,0.18420699693267145,2,0.5696808573125532,0.6566086948692327,0.6594926020215096,0.6851723416733109
subj02,lateral,4,O4,B:T,naturalistic,0.7619393067409382,0.18420699693267145,2,0.750432447966613,0.7030704631467241,0.5443717440157416,1.1977829452350834
subj02,lateral,5,O0,A:V,simple,0.7251312732696533,0.0,1,0.35037609934806824,0.8065761923789978,0.5132474899291992,0.8372533917427063
subj02,lateral,5,O0,B:W,naturalistic,0.3238280415534973,0.0,1,0.8479421734809875,0.4666849374771118,-0.009355545043945312,0.7230770587921143
subj02,lateral,5,O1,A:V,simple,0.728130042552948,0.0,1,0.3610902428627014,0.7993327379226685,0.5187075138092041,0.8041409850120544
subj02,lateral,5,O1,B:W,naturalistic,0.2595072090625763,0.0,1,1.0215988159179688,0.44391998648643494,-0.16473400592803955,0.9115350842475891
subj02,lateral,5,O2,A:V,simple,0.7285207509994507,75.43120063354607,1,0.3497745394706726,0.8069177269935608,0.5171374082565308,0.8367636799812317
subj02,lateral,5,O2,B:W,naturalistic,0.37454718351364136,75.43120063354607,1,0.7878918647766113,0.5098899006843567,0.06234157085418701,0.7287040948867798
subj02,lateral,5,O3,A:V,simple,0.6867032381594218,0.0001,5,1.078977732979954,0.4616722010949199,0.2353554094314355,1.0021524892103904
subj02,lateral,5,O3,B:W,naturalistic,0.7126794155237125,0.0001,5,0.9078005633811103,0.7460909250828253,-0.07756115823258836,1.4275982556960587
subj02,lateral,5,O4,A:V,simple,0.7147928681100859,0.0001,1,0.9561080310237252,0.4785631973492738,0.3907366532437634,0.9088314322859157
subj02,lateral,5,O4,B:W,naturalistic,0.5091081936095219,0.0001,1,0.7931558350269878,0.607599523414906,0.21475353221047788,1.0105052625651405
subj02,parietal,0,O0,A:E,simple,0.824619472026825,0.0,1,0.5898939967155457,0.6655616164207458,0.6254863739013672,0.8468524813652039
subj02,parietal,0,O0,B:B,naturalistic,0.7466607689857483,0.0,1,0.28551191091537476,0.8880338072776794,0.557391345500946,0.615791380405426
subj02,parietal,0,O1,A:E,simple,0.8221395015716553,0.0,1,0.5674014687538147,0.6756433248519897,0.6239253282546997,0.8302249312400818
subj02,parietal,0,O1,B:B,naturalistic,0.7440045475959778,0.0,1,0.2783960998058319,0.8900228142738342,0.5534905791282654,0.6244353652000427
subj02,parietal,0,O2,A:E,simple,0.809474766254425,11.513953993264458,1,0.5739996433258057,0.6684698462486267,0.6043386459350586,0.8128715753555298
subj02,parietal,0,O2,B:B,naturalistic,0.7593703269958496,11.513953993264458,1,0.2667039632797241,0.89615398645401,0.576448917388916,0.6319648623466492
subj02,parietal,0,O3,A:E,simple,0.6422389363092129,1.7575106248547894,4,0.6125275799559537,0.6484874441510982,0.3878020092336708,0.8303214803203071
subj02,parietal,0,O3,B:B,naturalistic,0.7304638927568196,1.7575106248547894,4,0.2184531277792387,0.9127070243367017,0.39676710137599924,1.1396150177413966
subj02,parietal,0,O4,A:E,simple,0.884146367327034,35.564803062231285,4,0.37557513674042775,0.7938945483693589,0.6950425730090412,0.7174499782405322
subj02,parietal,0,O4,B:B,naturalistic,0.8588530265006112,35.564803062231285,4,0.13146263666697902,0.9467271796771982,0.7375094509506279,0.7801289159468215
subj02,parietal,1,O0,A:H,simple,0.8266481757164001,0.0,1,0.5335447788238525,0.7323644161224365,0.6810964345932007,0.9967547059059143
subj02,parietal,1,O0,B:C,naturalistic,0.7696606516838074,0.0,1,0.258853942155838,0.862423837184906,0.5908902883529663,0.8111516237258911
subj02,parietal,1,O1,A:H,simple,0.8373030424118042,0.0,1,0.4369777739048004,0.7685356140136719,0.6970714330673218,0.9347425103187561
subj02,parietal,1,O1,B:C,naturalistic,0.7472261190414429,0.0,1,0.2693147659301758,0.8571462035179138,0.5520840883255005,0.9205045104026794
subj02,parietal,1,O2,A:H,simple,0.8677260875701904,16.768329368110066,1,0.4018881022930145,0.7968330979347229,0.7511049509048462,0.9887480139732361
subj02,parietal,1,O2,B:C,naturalistic,0.7725191712379456,16.768329368110066,1,0.2635342478752136,0.8618903756141663,0.5641405582427979,0.9418236017227173
subj02,parietal,1,O3,A:H,simple,0.7584614446856635,0.0013894954943731374,1,0.6975806713596107,0.729115577778152,0.3638894238503537,1.2078536696121898
subj02,parietal,1,O3,B:C,naturalistic,0.4652287119805924,0.0013894954943731374,1,1.218403337582453,0.6231209358677497,-1.0284034265393864,1.4020195548123853
subj02,parietal,1,O4,A:H,simple,0.9188766851355563,16.768329368110066,1,0.15518635088482544,0.9207533894258931,0.8408198431687972,0.8662266037794828
subj02,parietal,1,O4,B:C,naturalistic,0.7394665888259953,16.768329368110066,1,0.29637486800456625,0.8533998680570032,0.5256798543513147,1.0104544605381391
subj02,parietal,2,O0,A:L,simple,0.7538085579872131,0.0,1,0.317505419254303,0.8597177267074585,0.5149638652801514,1.0976672172546387
subj02,parietal,2,O0,B:D,naturalistic,0.6184502243995667,0.0,1,0.889349102973938,0.5556235909461975,0.3742145299911499,1.0006705522537231
subj02,parietal,2,O1,A:L,simple,0.7102445363998413,0.0,1,0.35298892855644226,0.821063756942749,0.41646426916122437,0.9857886433601379
subj02,parietal,2,O1,B:D,naturalistic,0.5358402729034424,0.0,1,1.1996519565582275,0.46309876441955566,0.2677837610244751,1.106614351272583
subj02,parietal,2,O2,A:L,simple,0.7711761593818665,35.564803062231285,1,0.2872622311115265,0.8683462142944336,0.5454061627388,1.0715394020080566
subj02,parietal,2,O2,B:D,naturalistic,0.6317138075828552,35.564803062231285,1,0.9130911231040955,0.5540957450866699,0.3943019509315491,1.023257851600647
subj02,parietal,2,O3,A:L,simple,0.8764696338240882,2.559547922699533,2,0.28608772490140755,0.8774028384143724,0.5790555919032738,1.1138841399241073
subj02,parietal,2,O3,B:D,naturalistic,0.7853886909758724,2.559547922699533,2,0.7173108140566332,0.7919064238138465,0.30901351973941427,1.378785041822429
subj02,parietal,2,O4,A:L,simple,0.8328274593704514,7.9060432109076855,2,0.26895508437321175,0.8617967381365262,0.614865707924338,0.9697256151498326
subj02,parietal,2,O4,B:D,naturalistic,0.6107614295270286,7.9060432109076855,2,0.8671455093878503,0.5556669944965197,0.3643689687113477,0.9750847337503126
subj02,parietal,3,O0,A:P,simple,0.617299497127533,0.0,1,1.8485729694366455,0.4916294515132904,0.17254477739334106,1.5357905626296997
subj02,parietal,3,O0,B:K,naturalistic,0.899784505367279,0.0,1,0.21980659663677216,0.9519912600517273,0.7528852224349976,0.5968941450119019
subj02,parietal,3,O1,A:P,simple,0.6197879910469055,0.0,1,1.7143123149871826,0.504762589931488,0.17820870876312256,1.4891902208328247
subj02,parietal,3,O1,B:K,naturalistic,0.8942744731903076,0.0,1,0.22282567620277405,0.9513823390007019,0.7394362688064575,0.5936756730079651
subj02,parietal,3,O2,A:P,simple,0.6584298014640808,24.420530945486497,1,1.722227931022644,0.5259899497032166,0.2538067698478699,1.525436520576477
subj02,parietal,3,O2,B:K,naturalistic,0.9059634208679199,24.420530945486497,1,0.20898261666297913,0.9530340433120728,0.771986722946167,0.6106067299842834
subj02,parietal,3,O3,A:P,simple,0.6156679852990525,2.559547922699533,4,2.202730778173504,0.5501003042621031,-0.31843501840099164,1.7770237559473356
subj02,parietal,3,O3,B:K,naturalistic,0.8599915873620794,2.559547922699533,4,0.138212477595576,0.9285734919088144,0.7067235898399604,0.9070976733207271
subj02,parietal,3,O4,A:P,simple,0.6846070493332146,5.428675439323859,3,1.50681029646698,0.5931805161399919,0.19655819662273988,1.5198268529508956
subj02,parietal,3,O4,B:K,naturalistic,0.9038740432796288,5.428675439323859,3,0.1375962011034478,0.9608910535365832,0.7873976248962928,0.714095953968851
subj02,parietal,4,O0,A:R,simple,0.7098026275634766,0.0,1,0.5987966656684875,0.6984883546829224,0.49727630615234375,0.9929075241088867
subj02,parietal,4,O0,B:T,naturalistic,0.7834856510162354,0.0,1,0.22742575407028198,0.8791164755821228,0.5883828401565552,0.8626331686973572
subj02,parietal,4,O1,A:R,simple,0.7032310366630554,0.0,1,0.6005674600601196,0.6950820684432983,0.48732566833496094,0.9844027161598206
subj02,parietal,4,O1,B:T,naturalistic,0.767478346824646,0.0,1,0.22111213207244873,0.8839096426963806,0.5566176176071167,0.9329856038093567
subj02,parietal,4,O2,A:R,simple,0.7087788581848145,35.564803062231285,1,0.6015992164611816,0.6984313726425171,0.4947010278701782,0.9974389672279358
subj02,parietal,4,O2,B:T,naturalistic,0.8075929284095764,35.564803062231285,1,0.19826491177082062,0.8955138325691223,0.632787823677063,0.8810229301452637
subj02,parietal,4,O3,A:R,simple,0.7240393611670115,7.9060432109076855,7,0.5401724796464171,0.748084082604062,0.43101434669336736,1.0639989531401302
subj02,parietal,4,O3,B:T,naturalistic,0.4746546040504604,7.9060432109076855,7,0.8491998271330387,0.6503651330151796,-0.7023495839343206,1.172068796545876
subj02,parietal,4,O4,A:R,simple,0.7867812203277043,24.420530945486497,5,0.3874114887052587,0.786670508468349,0.61849391192606,0.8658027118616858
subj02,parietal,4,O4,B:T,naturalistic,0.7555450620977365,24.420530945486497,5,0.22782568618744908,0.8821506406368183,0.5366191421003532,0.9597104839476877
subj02,parietal,5,O0,A:V,simple,0.8408182263374329,0.0,1,0.22693710029125214,0.9139000177383423,0.7069220542907715,0.6646003127098083
subj02,parietal,5,O0,B:W,naturalistic,0.8087444305419922,0.0,1,0.28799164295196533,0.900927722454071,0.650018572807312,0.5852342844009399
subj02,parietal,5,O1,A:V,simple,0.8340429067611694,0.0,1,0.3053283393383026,0.8688050508499146,0.6927835941314697,0.623549222946167
subj02,parietal,5,O1,B:W,naturalistic,0.7869074940681458,0.0,1,0.2846566140651703,0.9013001918792725,0.6154884099960327,0.5898543000221252
subj02,parietal,5,O2,A:V,simple,0.8404024243354797,16.768329368110066,1,0.26062583923339844,0.8965291976928711,0.7056764364242554,0.6427767872810364
subj02,parietal,5,O2,B:W,naturalistic,0.8224062919616699,16.768329368110066,1,0.2607004642486572,0.9142165780067444,0.6705533266067505,0.6035845875740051
subj02,parietal,5,O3,A:V,simple,0.6722690125762263,3.727593720314938,2,0.4855309164561588,0.7316533143737246,0.39625977172514104,0.5872670556461203
subj02,parietal,5,O3,B:W,naturalistic,0.7607785844318689,3.727593720314938,2,0.22473003585418555,0.908178553769439,0.30725268252912274,1.130705571156331
subj02,parietal,5,O4,A:V,simple,0.7937923178947303,5.428675439323859,1,0.46906361673773733,0.7542657753625702,0.6195163109129538,0.5593802242277762
subj02,parietal,5,O4,B:W,naturalistic,0.8804248969195322,5.428675439323859,1,0.07570529842400768,0.9614349956617818,0.769500433537025,0.9535293687888292
subj03,V1,0,O0,A:E,simple,0.8202627301216125,0.0,1,1.0901447534561157,0.9054707884788513,0.653831422328949,1.8594214916229248
subj03,V1,0,O0,B:B,naturalistic,0.8281118273735046,0.0,1,0.027788599953055382,0.9922011494636536,0.6857690811157227,0.8815138936042786
subj03,V1,0,O1,A:E,simple,0.8170746564865112,0.0,1,0.6389575004577637,0.9093335270881653,0.6317765712738037,1.5918617248535156
subj03,V1,0,O1,B:B,naturalistic,0.7006624937057495,0.0,1,0.024771546944975853,0.9877169728279114,0.4867974519729614,1.0065876245498657
subj03,V1,0,O2,A:E,simple,0.8497608304023743,24.420530945486497,1,0.9300470352172852,0.9136886596679688,0.7022277116775513,1.788259506225586
subj03,V1,0,O2,B:B,naturalistic,0.8417286276817322,24.420530945486497,1,0.01998666673898697,0.9930083751678467,0.7010348439216614,0.9152129888534546
subj03,V1,0,O3,A:E,simple,0.7910670387983615,0.040949150623804234,4,0.6826444562117214,0.9300334854196096,0.5752372439006326,1.6700380418002079
subj03,V1,0,O3,B:B,naturalistic,0.0892327579380912,0.040949150623804234,4,0.1638683093927481,0.9394416930076334,-2.083816057803138,1.1548922069294063
subj03,V1,0,O4,A:E,simple,0.8933543372187304,5.428675439323859,3,0.5638461629396778,0.9360748908236853,0.7902576756659828,1.599461924759864
subj03,V1,0,O4,B:B,naturalistic,0.8694840552856146,5.428675439323859,3,0.013169075139439391,0.9940338942059093,0.745938136718781,0.9583636472100061
subj03,V1,1,O0,A:H,simple,0.6044862866401672,0.0,1,1.0354825258255005,0.9124358892440796,0.3595890402793884,1.8441126346588135
subj03,V1,1,O0,B:C,naturalistic,0.46203798055648804,0.0,1,0.07926113903522491,0.9855950474739075,-0.038278937339782715,0.7605202198028564
subj03,V1,1,O1,A:H,simple,0.6700819730758667,0.0,1,0.8361689448356628,0.9292900562286377,0.35509049892425537,1.765799880027771
subj03,V1,1,O1,B:C,naturalistic,0.456085741519928,0.0,1,0.03501742333173752,0.9889187812805176,0.020733952522277832,0.8749988079071045
subj03,V1,1,O2,A:H,simple,0.6336386799812317,24.420530945486497,1,0.940815806388855,0.9185490608215332,0.38474440574645996,1.8042962551116943
subj03,V1,1,O2,B:C,naturalistic,0.5375089645385742,24.420530945486497,1,0.059928424656391144,0.9893227815628052,0.15945219993591309,0.7926303148269653
subj03,V1,1,O3,A:H,simple,0.5088575668095247,0.0001,3,0.28046922092151516,0.8605559160225632,-0.17837901886753094,1.0055584790444911
subj03,V1,1,O3,B:C,naturalistic,0.5284037390963828,0.0001,3,0.1596079882363294,0.9472576994098356,-1.476278704472862,0.7087097076499339
subj03,V1,1,O4,A:H,simple,0.784989847145737,0.8286427728546842,3,0.10554463545959403,0.945853435401325,0.5641868362269553,0.9593961553748092
subj03,V1,1,O4,B:C,naturalistic,0.5881193572154794,0.8286427728546842,3,0.03567587353339577,0.9912604673459064,0.24687970822461514,0.8560820889770611
subj03,V1,2,O0,A:L,simple,0.8460687398910522,0.0,1,0.05715835094451904,0.9820557832717896,0.7003869414329529,1.1289976835250854
subj03,V1,2,O0,B:D,naturalistic,0.8387874364852905,0.0,1,0.10358542948961258,0.9934348464012146,0.7011292576789856,0.6926056742668152
subj03,V1,2,O1,A:L,simple,0.8827791810035706,0.0,1,0.07171639800071716,0.9876363277435303,0.706626296043396,0.7705144882202148
subj03,V1,2,O1,B:D,naturalistic,0.7246066927909851,0.0,1,0.08569425344467163,0.9858364462852478,0.37582117319107056,0.7459035515785217
subj03,V1,2,O2,A:L,simple,0.9312699437141418,16.768329368110066,1,0.015897288918495178,0.9921444058418274,0.8568899631500244,1.0078901052474976
subj03,V1,2,O2,B:D,naturalistic,0.8119056820869446,16.768329368110066,1,0.0916912630200386,0.9924893379211426,0.6476507186889648,0.7154942154884338
subj03,V1,2,O3,A:L,simple,0.8472440588946283,0.8286427728546842,7,0.055186065712199014,0.97634923331286,0.6561846705682727,0.88445800450782
subj03,V1,2,O3,B:D,naturalistic,0.3088393257222037,0.8286427728546842,7,0.15931258926525146,0.923378022613624,-2.8151080249022047,0.8141098767398383
subj03,V1,2,O4,A:L,simple,0.9709672264004068,5.428675439323859,2,0.02236109311821228,0.9958328860848505,0.942767841898994,0.8773240667773085
subj03,V1,2,O4,B:D,naturalistic,0.863730992041909,5.428675439323859,2,0.07187167577518794,0.9953839677904274,0.7459665689523118,0.7450624056726647
subj03,V1,3,O0,A:P,simple,0.5630099773406982,0.0,1,1.724748969078064,0.8446812629699707,0.3023870587348938,2.043945550918579
subj03,V1,3,O0,B:K,naturalistic,0.2183029055595398,0.0,1,0.18093447387218475,0.9746648669242859,-0.3493763208389282,0.6128554940223694
subj03,V1,3,O1,A:P,simple,0.5025187134742737,0.0,1,2.049405813217163,0.846632182598114,-0.05956554412841797,2.1756138801574707
subj03,V1,3,O1,B:K,naturalistic,0.25880980491638184,0.0,1,0.08481581509113312,0.9818705916404724,-0.27599358558654785,0.7607697248458862
subj03,V1,3,O2,A:P,simple,0.5667264461517334,16.768329368110066,1,1.7434314489364624,0.8504431247711182,0.2686613202095032,2.0615105628967285
subj03,V1,3,O2,B:K,naturalistic,0.3432806134223938,16.768329368110066,1,0.13388586044311523,0.9818564057350159,-0.10820651054382324,0.6689221262931824
subj03,V1,3,O3,A:P,simple,0.2972714238114873,0.00014563484775012445,2,1.5037541835691206,0.598182095873981,-3.000805731910612,1.5263932833284768
subj03,V1,3,O3,B:K,naturalistic,0.017815194063173907,0.00014563484775012445,2,0.20207566199631713,0.9573884943769055,-1.0655779378041683,0.612905739468414
subj03,V1,3,O4,A:P,simple,0.7238204664183373,0.05963623316594643,1,0.25968552813992063,0.9064729108439806,0.46794654733222896,1.191742317966269
subj03,V1,3,O4,B:K,naturalistic,0.3021568307695827,0.05963623316594643,1,0.13024601048712553,0.9806713395768767,-0.1893587297027488,0.6774185346785806
subj03,V1,4,O0,A:R,simple,0.8128547668457031,0.0,1,0.13720251619815826,0.9667719602584839,0.651362419128418,1.2348217964172363
subj03,V1,4,O0,B:T,naturalistic,0.7594262361526489,0.0,1,0.06490758806467056,0.9879432916641235,0.5657415390014648,0.7856081128120422
subj03,V1,4,O1,A:R,simple,0.8255609273910522,0.0,1,0.08145152032375336,0.9726893305778503,0.6222648620605469,0.8066284656524658
subj03,V1,4,O1,B:T,naturalistic,0.48591214418411255,0.0,1,0.10342950373888016,0.9823762774467468,0.14665567874908447,1.2440874576568604
subj03,V1,4,O2,A:R,simple,0.8636909127235413,11.513953993264458,1,0.05035838857293129,0.9789913892745972,0.7458045482635498,1.0727065801620483
subj03,V1,4,O2,B:T,naturalistic,0.5361301302909851,11.513953993264458,1,0.03295109421014786,0.9835423827171326,0.2662088871002197,1.001055121421814
subj03,V1,4,O3,A:R,simple,0.8442627501609434,0.5689866029018293,7,0.07542918598884168,0.9617418621060301,0.560388046580903,0.9811492902115936
subj03,V1,4,O3,B:T,naturalistic,0.36954108707091055,0.5689866029018293,7,0.29100861489466545,0.96890950760218,-1.347466573226011,1.4482780528823984
subj03,V1,4,O4,A:R,simple,0.9110674257863913,7.9060432109076855,2,0.03311202814808011,0.9835501111576351,0.8106271208108768,0.9615749694814064
subj03,V1,4,O4,B:T,naturalistic,0.5842626265252309,7.9060432109076855,2,0.21153202042357633,0.9845616948952489,0.10528457773029909,1.409877694826335
subj03,V1,5,O0,A:V,simple,0.8523120284080505,0.0,1,0.027941511943936348,0.9867077469825745,0.707984209060669,1.0258698463439941
subj03,V1,5,O0,B:W,naturalistic,0.8004012107849121,0.0,1,0.05229344964027405,0.9889675378799438,0.6267211437225342,0.8147541880607605
subj03,V1,5,O1,A:V,simple,0.8526884317398071,0.0,1,0.04742570221424103,0.9877962470054626,0.6936247944831848,0.8355880379676819
subj03,V1,5,O1,B:W,naturalistic,0.7519105076789856,0.0,1,0.09166271239519119,0.9866619110107422,0.5323346853256226,0.7313885688781738
subj03,V1,5,O2,A:V,simple,0.8722978830337524,16.768329368110066,1,0.02234252728521824,0.9891848564147949,0.7507057189941406,0.9603838920593262
subj03,V1,5,O2,B:W,naturalistic,0.7740788459777832,16.768329368110066,1,0.0631798580288887,0.9875535368919373,0.5897983312606812,0.791487455368042
subj03,V1,5,O3,A:V,simple,0.7967130227354307,0.12648552168552957,7,0.037919412449105204,0.9824589459369479,0.6215456769016543,0.9263778429674784
subj03,V1,5,O3,B:W,naturalistic,0.4628259494463886,0.12648552168552957,7,0.11546156801455329,0.974873627359146,0.10329383118255608,1.2314670311148082
subj03,V1,5,O4,A:V,simple,0.8768103638554389,5.428675439323859,3,0.03844296141770441,0.9893190632821433,0.768007340524542,0.8581883362939279
subj03,V1,5,O4,B:W,naturalistic,0.8393481574394949,5.428675439323859,3,0.024993195571025913,0.990914413417161,0.6936705015632425,0.9078205463036144
subj03,V2,0,O0,A:E,simple,0.8251102566719055,0.0,1,1.2700670957565308,0.8039416074752808,0.6574325561523438,1.7612237930297852
subj03,V2,0,O0,B:B,naturalistic,0.6397905945777893,0.0,1,0.0780099630355835,0.9677067995071411,0.3838768005371094,0.8474301099777222
subj03,V2,0,O1,A:E,simple,0.7096032500267029,0.0,1,1.2177808284759521,0.7772349119186401,0.4979153275489807,1.6838080883026123
subj03,V2,0,O1,B:B,naturalistic,0.6046002507209778,0.0,1,0.06946346163749695,0.9672661423683167,0.34343159198760986,0.896081268787384
subj03,V2,0,O2,A:E,simple,0.8207833766937256,109.85411419875572,1,1.2666692733764648,0.8020907640457153,0.6495397090911865,1.7560397386550903
subj03,V2,0,O2,B:B,naturalistic,0.6406758427619934,109.85411419875572,1,0.07644478231668472,0.968060314655304,0.3867408037185669,0.8515027165412903
subj03,V2,0,O3,A:E,simple,0.5723438492659826,1.2067926406393288,7,0.9052556402790545,0.7820514642125119,0.02945680640194659,1.500981324311282
subj03,V2,0,O3,B:B,naturalistic,0.6766876542579859,1.2067926406393288,7,0.08333918553765193,0.9577468725248821,0.14087829531925455,0.9826123766960836
subj03,V2,0,O4,A:E,simple,0.8478046670729056,51.79474679231202,1,1.089027636501962,0.8152652296304504,0.6886389307244158,1.6834155899393222
subj03,V2,0,O4,B:B,naturalistic,0.7332191127785735,51.79474679231202,1,0.04950422339926789,0.9768386890297879,0.5299623876880138,0.9158625901786727
subj03,V2,1,O0,A:H,simple,0.560924768447876,0.0,1,0.27779167890548706,0.934985339641571,0.13850820064544678,1.324842929840088
subj03,V2,1,O0,B:C,naturalistic,0.8042932152748108,0.0,1,0.09911880642175674,0.9814605116844177,0.5645753145217896,0.7316935658454895
subj03,V2,1,O1,A:H,simple,0.5862985849380493,0.0,1,0.18261916935443878,0.9370565414428711,0.22279006242752075,1.1834181547164917
subj03,V2,1,O1,B:C,naturalistic,0.7888650894165039,0.0,1,0.07804840058088303,0.9842110872268677,0.5551275014877319,0.7680636048316956
subj03,V2,1,O2,A:H,simple,0.5609837174415588,10000.0,1,0.27766677737236023,0.934990644454956,0.1386091113090515,1.3247010707855225
subj03,V2,1,O2,B:C,naturalistic,0.8043482303619385,10000.0,1,0.09909037500619888,0.9814666509628296,0.5646950006484985,0.7317325472831726
subj03,V2,1,O3,A:H,simple,0.11184943223171923,0.3906939937054613,6,0.6672483684694596,0.8747266694609497,-1.059027523329251,1.5322941910875614
subj03,V2,1,O3,B:C,naturalistic,0.7856744460250189,0.3906939937054613,6,0.05181452213883112,0.9754036292400898,-0.17661780059365384,1.0322083133930562
subj03,V2,1,O4,A:H,simple,0.5984152590648127,0.8286427728546842,2,0.2916322353477046,0.9407721465211716,0.2523516478051665,1.3611105582496292
subj03,V2,1,O4,B:C,naturalistic,0.840441566603215,0.8286427728546842,2,0.03383870514392192,0.98303516113073,0.3101893120177561,0.969005061043952
subj03,V2,2,O0,A:L,simple,0.6631916165351868,0.0,1,0.04805033653974533,0.9786490797996521,0.3922482132911682,0.9024627208709717
subj03,V2,2,O0,B:D,naturalistic,0.7432305812835693,0.0,1,0.1072796955704689,0.9843863248825073,0.5518876314163208,0.7081686854362488
subj03,V2,2,O1,A:L,simple,0.5042043328285217,0.0,1,0.13314805924892426,0.9566863179206848,0.06939327716827393,0.7366935610771179
subj03,V2,2,O1,B:D,naturalistic,0.668014645576477,0.0,1,0.10582724213600159,0.9816204905509949,0.4461404085159302,0.7181702852249146
subj03,V2,2,O2,A:L,simple,0.6631476879119873,10000.0,1,0.048087045550346375,0.9786435961723328,0.3921932578086853,0.902286946773529
subj03,V2,2,O2,B:D,naturalistic,0.7432156801223755,10000.0,1,0.10727331787347794,0.9843872785568237,0.5518631935119629,0.708177924156189
subj03,V2,2,O3,A:L,simple,0.5694404410740274,11.513953993264458,4,0.512587902046,0.7137753226681423,-4.026600761475946,0.8623119674876154
subj03,V2,2,O3,B:D,naturalistic,0.667374466850324,11.513953993264458,4,0.19280585817171114,0.9007495151516802,-1.0096617275583335,0.8362857772086052
subj03,V2,2,O4,A:L,simple,0.7503540942579136,75.43120063354607,3,0.1498092195581312,0.9615568029646477,0.443938257441416,0.688791851556085
subj03,V2,2,O4,B:D,naturalistic,0.7467801365567527,75.43120063354607,3,0.09845671610983413,0.9849995259429053,0.5568043948164495,0.7229292818235155
subj03,V2,3,O0,A:P,simple,0.5047630071640015,0.0,1,1.2304699420928955,0.8213356137275696,0.2145472764968872,1.7726831436157227
subj03,V2,3,O0,B:K,naturalistic,0.7872598171234131,0.0,1,0.1387551873922348,0.9845849275588989,0.5873949527740479,0.6557040810585022
subj03,V2,3,O1,A:P,simple,0.46029070019721985,0.0,1,1.0907479524612427,0.8159705996513367,0.137190580368042,1.6857726573944092
subj03,V2,3,O1,B:K,naturalistic,0.7553882002830505,0.0,1,0.15573331713676453,0.9827175140380859,0.5341377258300781,0.634196400642395
subj03,V2,3,O2,A:P,simple,0.5054062604904175,494.1713361323828,1,1.227056622505188,0.8214774131774902,0.21538925170898438,1.7711519002914429
subj03,V2,3,O2,B:K,naturalistic,0.7858121991157532,494.1713361323828,1,0.13923513889312744,0.984491229057312,0.5852392911911011,0.6551616191864014
subj03,V2,3,O3,A:P,simple,0.4528152038755737,11.513953993264458,7,1.49074431798116,0.8168187224683552,-0.26980118377984397,1.8928935823863693
subj03,V2,3,O3,B:K,naturalistic,0.8027952244777491,11.513953993264458,7,0.12266589141223265,0.974098700586858,0.6211929298820151,0.7066400959408119
subj03,V2,3,O4,A:P,simple,0.6519135332463555,0.2682695795279725,2,0.6124594416719198,0.8594044809333337,0.41696599221395647,1.4518869739241278
subj03,V2,3,O4,B:K,naturalistic,0.6922798653118799,0.2682695795279725,2,0.12362223039911152,0.9790584609629844,0.4664142553813423,0.6923920420643406
subj03,V2,4,O0,A:R,simple,0.8787752985954285,0.0,1,0.6770063042640686,0.8172025084495544,0.7516402006149292,1.4044216871261597
subj03,V2,4,O0,B:T,naturalistic,0.8431618213653564,0.0,1,0.09238417446613312,0.9701509475708008,0.7076629400253296,0.7869101166725159
subj03,V2,4,O1,A:R,simple,0.7053710222244263,0.0,1,0.8000437021255493,0.7329680919647217,0.4841787815093994,1.31373131275177
subj03,V2,4,O1,B:T,naturalistic,0.8391680717468262,0.0,1,0.07496555894613266,0.9708425402641296,0.7031169533729553,1.103134036064148
subj03,V2,4,O2,A:R,simple,0.8786681294441223,10000.0,1,0.6771740913391113,0.8171235918998718,0.7514337301254272,1.4043757915496826
subj03,V2,4,O2,B:T,naturalistic,0.8431518077850342,10000.0,1,0.09226837009191513,0.9701625108718872,0.7076365947723389,0.7871766686439514
subj03,V2,4,O3,A:R,simple,0.6183391037848711,0.18420699693267145,6,1.5122507248778572,0.754985795700826,-0.4822521397133068,1.7953002997853198
subj03,V2,4,O3,B:T,naturalistic,0.6368922050898383,0.18420699693267145,6,0.2075050404758011,0.9139238897472199,-0.07041598955049011,1.1207136743653383
subj03,V2,4,O4,A:R,simple,0.8625382323523046,75.43120063354607,1,0.8040471843011228,0.8069112057103831,0.7331248376661041,1.4815613996974057
subj03,V2,4,O4,B:T,naturalistic,0.9013389875758695,75.43120063354607,1,0.07904326931798424,0.9819171467381068,0.7657242583193766,1.189774449497997
subj03,V2,5,O0,A:V,simple,0.6237255930900574,0.0,1,0.1930079311132431,0.9394151568412781,0.38376426696777344,1.2142034769058228
subj03,V2,5,O0,B:W,naturalistic,0.8090502023696899,0.0,1,0.08499084413051605,0.9799859523773193,0.5980770587921143,0.7669993042945862
subj03,V2,5,O1,A:V,simple,0.4130786657333374,0.0,1,0.2341778725385666,0.9153472185134888,0.07107341289520264,1.1837469339370728
subj03,V2,5,O1,B:W,naturalistic,0.8338150978088379,0.0,1,0.06477508693933487,0.9809888601303101,0.616847038269043,0.8163250088691711
subj03,V2,5,O2,A:V,simple,0.6236120462417603,10000.0,1,0.1930299550294876,0.9394028186798096,0.3836069703102112,1.2141891717910767
subj03,V2,5,O2,B:W,naturalistic,0.8091444969177246,10000.0,1,0.0849548727273941,0.9799928665161133,0.5981622934341431,0.7670593857765198
subj03,V2,5,O3,A:V,simple,0.4785185885750489,5.428675439323859,3,0.6762845947369219,0.8455478862664103,-2.154785514958195,1.4710363607528696
subj03,V2,5,O3,B:W,naturalistic,0.36306269408354125,5.428675439323859,3,0.24184325271087156,0.876796775056617,-1.0712767237194747,0.9798294895683485
subj03,V2,5,O4,A:V,simple,0.6986253406547284,51.79474679231202,2,0.16952382971531627,0.9482171452373314,0.48759574210176626,1.2102086835164996
subj03,V2,5,O4,B:W,naturalistic,0.8602108116151435,51.79474679231202,2,0.051776099097383226,0.9834211449843715,0.6669826873951746,0.8459688608393195
subj03,V3,0,O0,A:E,simple,0.5004326701164246,0.0,1,1.8203401565551758,0.5916821360588074,0.23738348484039307,1.6735453605651855
subj03,V3,0,O0,B:B,naturalistic,0.6366122961044312,0.0,1,0.11157488077878952,0.9504071474075317,0.4037230610847473,0.8285527229309082
subj03,V3,0,O1,A:E,simple,0.5418069362640381,0.0,1,1.41636061668396,0.6227139234542847,0.2770105004310608,1.5194486379623413
subj03,V3,0,O1,B:B,naturalistic,0.5432657599449158,0.0,1,0.12546463310718536,0.9396132230758667,0.28032153844833374,0.8483029007911682
subj03,V3,0,O2,A:E,simple,0.48482587933540344,51.79474679231202,1,1.7784465551376343,0.5880206227302551,0.21915453672409058,1.648310661315918
subj03,V3,0,O2,B:B,naturalistic,0.6369913220405579,51.79474679231202,1,0.10947103053331375,0.9508101940155029,0.4047941565513611,0.83457350730896
subj03,V3,0,O3,A:E,simple,-0.1614309700688388,109.85411419875572,1,4.039248090731871,0.3983647912563307,-0.9839697219399635,2.1866440822487503
subj03,V3,0,O3,B:B,naturalistic,0.7827013166770361,109.85411419875572,1,0.11330408617440133,0.9422940109620551,0.42181652939456815,0.9073356409573037
subj03,V3,0,O4,A:E,simple,0.5851504940173289,51.79474679231202,2,1.380705433414241,0.6318857361300209,0.3395907047901472,1.5150533790900453
subj03,V3,0,O4,B:B,naturalistic,0.7008189594598762,51.79474679231202,2,0.08641371131063069,0.9589820997884179,0.49107582342783884,0.8811336679108149
subj03,V3,1,O0,A:H,simple,0.5910252332687378,0.0,1,0.34037771821022034,0.8343100547790527,0.3492940664291382,1.0252313613891602
subj03,V3,1,O0,B:C,naturalistic,0.6588655710220337,0.0,1,0.13509248197078705,0.9535173773765564,0.3837010860443115,0.7430704832077026
subj03,V3,1,O1,A:H,simple,0.4306221306324005,0.0,1,0.3855440616607666,0.7860346436500549,0.15753573179244995,0.8442976474761963
subj03,V3,1,O1,B:C,naturalistic,0.5524365305900574,0.0,1,0.09679444879293442,0.9531254768371582,0.22047001123428345,0.8807194828987122
subj03,V3,1,O2,A:H,simple,0.5910817980766296,10000.0,1,0.34027835726737976,0.8343285322189331,0.3493616580963135,1.0250699520111084
subj03,V3,1,O2,B:C,naturalistic,0.6587797403335571,10000.0,1,0.13502615690231323,0.9535200595855713,0.38354557752609253,0.7432186007499695
subj03,V3,1,O3,A:H,simple,0.7294135705364158,3.727593720314938,3,0.2773638921098296,0.880924497122472,0.4214592189144434,1.1119912795901434
subj03,V3,1,O3,B:C,naturalistic,0.832049700012241,3.727593720314938,3,0.10567579601908889,0.9615819424711963,0.060836833461316075,1.135695899400684
subj03,V3,1,O4,A:H,simple,0.6131964908099181,109.85411419875572,1,0.2878520346198791,0.8449940195315891,0.37600326885882773,0.8882019375495565
subj03,V3,1,O4,B:C,naturalistic,0.7672002101250367,109.85411419875572,1,0.06103640535408364,0.9732611150404349,0.563989342415918,0.8823015255106065
subj03,V3,2,O0,A:L,simple,0.7667535543441772,0.0,1,0.0792195275425911,0.9601665735244751,0.587856650352478,0.926410436630249
subj03,V3,2,O0,B:D,naturalistic,0.699372410774231,0.0,1,0.13090410828590393,0.965768575668335,0.4714958071708679,0.7135519981384277
subj03,V3,2,O1,A:L,simple,0.6251572966575623,0.0,1,0.19062669575214386,0.9248405694961548,0.3754383325576782,0.7104649543762207
subj03,V3,2,O1,B:D,naturalistic,0.6640353798866272,0.0,1,0.12803159654140472,0.9600192904472351,0.39121681451797485,0.7371546030044556
subj03,V3,2,O2,A:L,simple,0.7605771422386169,109.85411419875572,1,0.08274738490581512,0.9591386914253235,0.5784224271774292,0.9072299003601074
subj03,V3,2,O2,B:D,naturalistic,0.69992995262146,109.85411419875572,1,0.13067540526390076,0.9656144976615906,0.4712454676628113,0.7144436836242676
subj03,V3,2,O3,A:L,simple,0.5409990878235557,0.0004498432668969444,4,0.23882720658543394,0.873553570229826,-0.14725517533116483,0.917406589507035
subj03,V3,2,O3,B:D,naturalistic,0.5143018684084584,0.0004498432668969444,4,0.32267148053091516,0.8507690241397708,-0.30008326611363945,0.6351781009317152
subj03,V3,2,O4,A:L,simple,0.3705598503961133,0.0001,2,0.2676126346016529,0.8558655447408625,-0.28535972524099007,0.8667514799506274
subj03,V3,2,O4,B:D,naturalistic,0.5594939046375961,0.0001,2,0.29875021962152276,0.8975782174702368,0.12090800689016101,0.5744731113211371
subj03,V3,3,O0,A:P,simple,0.7002482414245605,0.0,1,1.225755214691162,0.5972951054573059,0.46921777725219727,1.360522747039795
subj03,V3,3,O0,B:K,naturalistic,0.7079473733901978,0.0,1,0.1993331015110016,0.9591622948646545,0.49418383836746216,0.613727331161499
subj03,V3,3,O1,A:P,simple,0.6183528900146484,0.0,1,1.1452665328979492,0.5767877697944641,0.37682920694351196,1.2681275606155396
subj03,V3,3,O1,B:K,naturalistic,0.7449421882629395,0.0,1,0.12873002886772156,0.9657332897186279,0.5530250072479248,0.7180021405220032
subj03,V3,3,O2,A:P,simple,0.676284670829773,35.564803062231285,1,1.2114055156707764,0.5888338685035706,0.4399977922439575,1.335915446281433
subj03,V3,3,O2,B:K,naturalistic,0.7663322687149048,35.564803062231285,1,0.16745847463607788,0.9674748778343201,0.5746490955352783,0.6458134055137634
subj03,V3,3,O3,A:P,simple,0.34447898812591843,0.2682695795279725,3,1.3564555872962158,0.4893487392783958,-0.36871288958499404,1.2613058123011207
subj03,V3,3,O3,B:K,naturalistic,0.22896408664839465,0.2682695795279725,3,0.31441005010727197,0.8531056971979704,-0.331488387340634,0.6476809201984478
subj03,V3,3,O4,A:P,simple,0.7406521229814949,51.79474679231202,7,1.000093655937153,0.6284084734846387,0.5148481476635817,1.2568914333246908
subj03,V3,3,O4,B:K,naturalistic,0.8622747390436045,51.79474679231202,7,0.09647427253329327,0.9821653348887359,0.7047370949104803,0.7349347470077933
subj03,V3,4,O0,A:R,simple,0.8975133895874023,0.0,1,0.32963117957115173,0.8817950487136841,0.7741070985794067,1.2091995477676392
subj03,V3,4,O0,B:T,naturalistic,0.7895832657814026,0.0,1,0.11983592063188553,0.9529850482940674,0.6220974922180176,0.7856040596961975
subj03,V3,4,O1,A:R,simple,0.8087309002876282,0.0,1,0.2918373644351959,0.8586415648460388,0.6298784017562866,1.0292363166809082
subj03,V3,4,O1,B:T,naturalistic,0.724587082862854,0.0,1,0.15669476985931396,0.9430297613143921,0.5134148597717285,1.157505750656128
subj03,V3,4,O2,A:R,simple,0.8973156213760376,1048.1131341546852,1,0.3283711075782776,0.881686806678772,0.7732714414596558,1.2068675756454468
subj03,V3,4,O2,B:T,naturalistic,0.7911465764045715,1048.1131341546852,1,0.11801987886428833,0.9533997774124146,0.624591588973999,0.789110541343689
subj03,V3,4,O3,A:R,simple,0.7838833636577298,3.727593720314938,5,0.4319748915107245,0.8533043786770171,0.2842593030009152,1.2534333913817202
subj03,V3,4,O3,B:T,naturalistic,0.45516638833095163,3.727593720314938,5,0.4288738820542421,0.8789117220831952,-0.456177271851844,1.3276428790623773
subj03,V3,4,O4,A:R,simple,0.8809102814732684,51.79474679231202,1,0.18850242625007496,0.9078685202511706,0.7582032659249561,1.0206854234579545
subj03,V3,4,O4,B:T,naturalistic,0.7037578669055237,51.79474679231202,1,0.2334785054523892,0.9392348139109683,0.38693048864129787,1.2792943354838322
subj03,V3,5,O0,A:V,simple,0.7594406604766846,0.0,1,0.10850541293621063,0.957025945186615,0.5135804414749146,1.1132434606552124
subj03,V3,5,O0,B:W,naturalistic,0.9110908508300781,0.0,1,0.07366342842578888,0.9853032231330872,0.8035779595375061,0.7743868231773376
subj03,V3,5,O1,A:V,simple,0.5624222159385681,0.0,1,0.15400813519954681,0.9222251176834106,0.19914788007736206,0.9893620610237122
subj03,V3,5,O1,B:W,naturalistic,0.8771071434020996,0.0,1,0.072483129799366,0.9801045656204224,0.7512614727020264,0.7982038259506226
subj03,V3,5,O2,A:V,simple,0.7594351172447205,10000.0,1,0.10845427960157394,0.9570249915122986,0.5136486887931824,1.1130733489990234
subj03,V3,5,O2,B:W,naturalistic,0.9110842943191528,10000.0,1,0.07365378737449646,0.9853021502494812,0.8035767674446106,0.7744137048721313
subj03,V3,5,O3,A:V,simple,0.7094527365447638,0.5689866029018293,5,0.6650922385619422,0.8001092887783661,-2.4394563428235205,1.352619091266778
subj03,V3,5,O3,B:W,naturalistic,0.7086339015273483,0.5689866029018293,5,0.1307008570145167,0.945550137198655,0.26331202840076384,1.102921908399021
subj03,V3,5,O4,A:V,simple,0.7297388413129706,5.428675439323859,7,0.30742536963421196,0.8435138446134902,-0.31142866859685925,0.9811399608430743
subj03,V3,5,O4,B:W,naturalistic,0.9082122425845186,5.428675439323859,7,0.045649739827391754,0.9846548456800654,0.796879657650152,0.8613874221422003
subj03,hV4,0,O0,A:E,simple,0.762054979801178,0.0,1,0.8275636434555054,0.8189254403114319,0.5105142593383789,1.5247598886489868
subj03,hV4,0,O0,B:B,naturalistic,0.8955512046813965,0.0,1,0.06952839344739914,0.9870440363883972,0.6777236461639404,0.7777969837188721
subj03,hV4,0,O1,A:E,simple,0.6904981136322021,0.0,1,0.7090603709220886,0.8304972648620605,0.47490429878234863,1.4619923830032349
subj03,hV4,0,O1,B:B,naturalistic,0.8305705189704895,0.0,1,0.06130581721663475,0.9817239046096802,0.6116929054260254,0.8233330845832825
subj03,hV4,0,O2,A:E,simple,0.7574512362480164,24.420530945486497,1,0.805864155292511,0.8232086300849915,0.5200697779655457,1.5185765027999878
subj03,hV4,0,O2,B:B,naturalistic,0.8883281946182251,24.420530945486497,1,0.0634889081120491,0.987271785736084,0.6956554055213928,0.7918376922607422
subj03,hV4,0,O3,A:E,simple,0.5244077585731227,0.05963623316594643,2,1.3097582176371223,0.7014001180522202,-1.6375731150061554,1.5967884435560986
subj03,hV4,0,O3,B:B,naturalistic,0.8000444412238669,0.05963623316594643,2,0.07356987586111642,0.9644625743336142,0.47210271640835266,0.9031605446340617
subj03,hV4,0,O4,A:E,simple,0.6715680122471457,0.040949150623804234,4,0.9572952850076306,0.8030982947511915,-0.866907710946009,1.579153758142772
subj03,hV4,0,O4,B:B,naturalistic,0.7074699227511929,0.040949150623804234,4,0.08590221938357462,0.957367170921927,0.31719371380618666,0.9078280425595284
subj03,hV4,1,O0,A:H,simple,0.7621549963951111,0.0,1,0.13394342362880707,0.9473249912261963,0.5658034086227417,1.1244351863861084
subj03,hV4,1,O0,B:C,naturalistic,0.7835185527801514,0.0,1,0.11800821125507355,0.9663829803466797,0.5257892608642578,0.7385578155517578
subj03,hV4,1,O1,A:H,simple,0.4899817705154419,0.0,1,0.17866218090057373,0.9064815640449524,0.19349396228790283,0.8872194290161133
subj03,hV4,1,O1,B:C,naturalistic,0.5027918219566345,0.0,1,0.13637104630470276,0.9360284209251404,0.21978318691253662,0.8241346478462219
subj03,hV4,1,O2,A:H,simple,0.7916625738143921,7.9060432109076855,1,0.09723986685276031,0.9512013792991638,0.577816367149353,0.996187686920166
subj03,hV4,1,O2,B:C,naturalistic,0.6181629300117493,7.9060432109076855,1,0.12850220501422882,0.9482054114341736,0.3516122102737427,0.7820857763290405
subj03,hV4,1,O3,A:H,simple,0.8042463780066677,0.3906939937054613,6,0.10372093638217399,0.9488464545111271,0.5251832262323499,1.0123323509049875
subj03,hV4,1,O3,B:C,naturalistic,0.8002114304967316,0.3906939937054613,6,0.09706301030364176,0.9701696042216036,0.5855633656368122,1.1658533748691093
subj03,hV4,1,O4,A:H,simple,0.8410477208794115,0.8286427728546842,2,0.07129907172854093,0.9640334457710794,0.6713787425542821,0.9383530607188483
subj03,hV4,1,O4,B:C,naturalistic,0.8329406121167058,0.8286427728546842,2,0.06707533592368148,0.9745027642726798,0.6928264674980722,1.1038512915303127
subj03,hV4,2,O0,A:L,simple,-0.33475446701049805,0.0,1,1.4454073905944824,0.7636302709579468,-3.6242947578430176,1.7777992486953735
subj03,hV4,2,O0,B:D,naturalistic,0.8211780190467834,0.0,1,0.09107454866170883,0.9711729884147644,0.5439090728759766,0.7861010432243347
subj03,hV4,2,O1,A:L,simple,-0.37940138578414917,0.0,1,0.9345924854278564,0.7479021549224854,-2.8460776805877686,1.450717806816101
subj03,hV4,2,O1,B:D,naturalistic,0.7797349095344543,0.0,1,0.09007865935564041,0.9760304093360901,0.5554560422897339,0.7693566679954529
subj03,hV4,2,O2,A:L,simple,-0.31432589888572693,35.564803062231285,1,1.229051947593689,0.7770159244537354,-3.002432346343994,1.689597725868225
subj03,hV4,2,O2,B:D,naturalistic,0.8274105191230774,35.564803062231285,1,0.08779831975698471,0.9755082130432129,0.604238748550415,0.7769767045974731
subj03,hV4,2,O3,A:L,simple,-0.10297182636075837,0.5689866029018293,3,1.2607992013405742,0.6201077557673372,-5.337056860474596,1.4234338463088656
subj03,hV4,2,O3,B:D,naturalistic,0.7938632402305041,0.5689866029018293,3,0.11765044944141852,0.9499086063309549,0.21728009977109375,0.8085690625670805
subj03,hV4,2,O4,A:L,simple,-0.29494968280481726,11.513953993264458,3,0.886174862018519,0.7449984880979376,-2.8403621749629866,1.4092255332418324
subj03,hV4,2,O4,B:D,naturalistic,0.8255185599657442,11.513953993264458,3,0.09620102289847597,0.9771356715307014,0.6338662214021498,0.7513144984094914
subj03,hV4,3,O0,A:P,simple,0.47367334365844727,0.0,1,0.4363187253475189,0.7654380798339844,0.2093970775604248,0.9144819974899292
subj03,hV4,3,O0,B:K,naturalistic,0.8524330258369446,0.0,1,0.18567514419555664,0.981660008430481,0.570171058177948,0.5952257513999939
subj03,hV4,3,O1,A:P,simple,0.446106493473053,0.0,1,0.42287832498550415,0.765999436378479,0.19764918088912964,0.8641500473022461
subj03,hV4,3,O1,B:K,naturalistic,0.9534238576889038,0.0,1,0.09691806882619858,0.9937466979026794,0.7983769178390503,0.7031431198120117
subj03,hV4,3,O2,A:P,simple,0.47860005497932434,16.768329368110066,1,0.42709609866142273,0.7682061195373535,0.21548306941986084,0.8994956016540527
subj03,hV4,3,O2,B:K,naturalistic,0.9334136843681335,16.768329368110066,1,0.1342622935771942,0.9916700124740601,0.7548098564147949,0.6486371159553528
subj03,hV4,3,O3,A:P,simple,0.922313987881442,0.12648552168552957,2,0.1612963134443414,0.9303867020477142,0.6858008528642141,0.7663267060158996
subj03,hV4,3,O3,B:K,naturalistic,0.7499184275036223,0.12648552168552957,2,0.14292455090685047,0.9259090518419699,0.06041408662671355,0.9411433082379314
subj03,hV4,3,O4,A:P,simple,0.5789386780061319,7.9060432109076855,1,0.38449084505315795,0.7846605648928051,0.25693364085883064,0.7981884563155202
subj03,hV4,3,O4,B:K,naturalistic,0.821926875385637,7.9060432109076855,1,0.1191758326721202,0.9789813757206054,0.6280501336271668,0.7004489277989331
subj03,hV4,4,O0,A:R,simple,0.8269046545028687,0.0,1,0.23328803479671478,0.9190407395362854,0.6422827243804932,1.198189377784729
subj03,hV4,4,O0,B:T,naturalistic,0.7892482876777649,0.0,1,0.15465955436229706,0.9423003196716309,0.5020142793655396,0.735928475856781
subj03,hV4,4,O1,A:R,simple,0.6286998391151428,0.0,1,0.20951442420482635,0.8896125555038452,0.39443087577819824,0.9200255274772644
subj03,hV4,4,O1,B:T,naturalistic,0.7828933596611023,0.0,1,0.3324219882488251,0.925022542476654,0.5624042749404907,1.3587144613265991
subj03,hV4,4,O2,A:R,simple,0.8288991451263428,16.768329368110066,1,0.18715709447860718,0.9172103404998779,0.6077768206596375,1.0858275890350342
subj03,hV4,4,O2,B:T,naturalistic,0.7949225902557373,16.768329368110066,1,0.10310014337301254,0.9495586156845093,0.6295987367630005,1.0185626745224
subj03,hV4,4,O3,A:R,simple,0.90500861067103,0.3906939937054613,2,0.07952329779647978,0.9680648673646832,0.795315108594519,1.0971882382070435
subj03,hV4,4,O3,B:T,naturalistic,0.7519409407966859,0.3906939937054613,2,0.37142497202953473,0.9359758535077153,0.556463534613272,1.4334451494650693
subj03,hV4,4,O4,A:R,simple,0.9440383111535033,1.2067926406393288,2,0.1319417315953728,0.9320915688690685,0.6277035390461003,0.9049551488888056
subj03,hV4,4,O4,B:T,naturalistic,0.8725393129088287,1.2067926406393288,2,0.5013885667162906,0.9667858672232776,0.5865445409796473,1.6271368454780981
subj03,hV4,5,O0,A:V,simple,0.6932430863380432,0.0,1,0.1546296328306198,0.9710204601287842,-0.24209070205688477,1.2832871675491333
subj03,hV4,5,O0,B:W,naturalistic,0.3171239197254181,0.0,1,0.11690788716077805,0.9438356757164001,-0.7394229173660278,0.8558943867683411
subj03,hV4,5,O1,A:V,simple,0.5724532604217529,0.0,1,0.12624895572662354,0.9489008784294128,-0.6470681428909302,1.1121851205825806
subj03,hV4,5,O1,B:W,naturalistic,0.3372386395931244,0.0,1,0.08584897220134735,0.960753858089447,-0.3032188415527344,0.8664299249649048
subj03,hV4,5,O2,A:V,simple,0.6856409907341003,35.564803062231285,1,0.12850309908390045,0.9703255891799927,-0.1701422929763794,1.2349666357040405
subj03,hV4,5,O2,B:W,naturalistic,0.35309404134750366,35.564803062231285,1,0.1088893860578537,0.9493740200996399,-0.5591568946838379,0.848376452922821
subj03,hV4,5,O3,A:V,simple,0.7795966624467782,0.3906939937054613,5,0.14375527079840517,0.9438924943844957,-0.9334959389929607,1.1301405723783804
subj03,hV4,5,O3,B:W,naturalistic,0.5761490910768445,0.3906939937054613,5,0.1472807463722592,0.9300935173165163,-0.7326186973045214,0.818941965158348
subj03,hV4,5,O4,A:V,simple,0.8106050978685061,7.9060432109076855,2,0.06754480208611838,0.9673401069305725,0.09913355087173892,1.0247136376424912
subj03,hV4,5,O4,B:W,naturalistic,0.3400419135553336,7.9060432109076855,2,0.10650397991137242,0.953810978153082,-0.4109965935983191,0.8262988886059088
subj03,ventral,0,O0,A:E,simple,0.4678384065628052,0.0,1,0.45408400893211365,0.7593719363212585,0.04034215211868286,0.9346702694892883
subj03,ventral,0,O0,B:B,naturalistic,0.7575802803039551,0.0,1,0.33282992243766785,0.8168097734451294,0.5572836399078369,0.8196685314178467
subj03,ventral,0,O1,A:E,simple,0.47505447268486023,0.0,1,0.4478227198123932,0.7685136795043945,0.05356031656265259,0.9645646810531616
subj03,ventral,0,O1,B:B,naturalistic,0.7672744393348694,0.0,1,0.3170737624168396,0.8266260027885437,0.5726860761642456,0.8070226311683655
subj03,ventral,0,O2,A:E,simple,0.49605485796928406,35.564803062231285,1,0.42510780692100525,0.7752196788787842,0.10098415613174438,0.9366923570632935
subj03,ventral,0,O2,B:B,naturalistic,0.7641220688819885,35.564803062231285,1,0.3211286962032318,0.8239368796348572,0.5708602666854858,0.8247253894805908
subj03,ventral,0,O3,A:E,simple,0.6040091064430286,24.420530945486497,3,0.40053580792941446,0.8243267485837303,0.1872496097012193,1.1072584926728624
subj03,ventral,0,O3,B:B,naturalistic,0.7364751729683544,24.420530945486497,3,0.37197394782908105,0.8018172770982874,0.497784475198371,0.9238209995265045
subj03,ventral,0,O4,A:E,simple,0.7133537416823383,75.43120063354607,1,0.24276477109078556,0.8757383269953983,0.49463277894114144,0.9741373276551366
subj03,ventral,0,O4,B:B,naturalistic,0.8093956027074836,75.43120063354607,1,0.2643124626835087,0.8579306746571473,0.6437149464524818,0.8390226966083738
subj03,ventral,1,O0,A:H,simple,0.671563982963562,0.0,1,0.2582308053970337,0.8650262355804443,0.4351966977119446,0.7843963503837585
subj03,ventral,1,O0,B:C,naturalistic,0.7461495399475098,0.0,1,0.5422840714454651,0.7432254552841187,0.5566786527633667,1.0509074926376343
subj03,ventral,1,O1,A:H,simple,0.6727867722511292,0.0,1,0.2547534704208374,0.8665521144866943,0.4368334412574768,0.7912795543670654
subj03,ventral,1,O1,B:C,naturalistic,0.7530533075332642,0.0,1,0.5213233828544617,0.7496059536933899,0.5668178796768188,1.0381064414978027
subj03,ventral,1,O2,A:H,simple,0.6851365566253662,35.564803062231285,1,0.2480168491601944,0.872016966342926,0.4594777822494507,0.7801994681358337
subj03,ventral,1,O2,B:C,naturalistic,0.7400754690170288,35.564803062231285,1,0.5572535991668701,0.7416538596153259,0.547386884689331,1.069226861000061
subj03,ventral,1,O3,A:H,simple,0.6781699591722681,0.02811768697974228,3,0.27243774519926517,0.8533589274130001,0.3766412277631517,0.8790320299471834
subj03,ventral,1,O3,B:C,naturalistic,0.7386650964023196,0.02811768697974228,3,1.225985011760267,0.7829547957658819,-0.2989442342030224,1.6989260028790911
subj03,ventral,1,O4,A:H,simple,0.8588072556631746,0.0001,2,0.14195681282475428,0.9448909527971175,0.7191624688369874,0.758408716080952
subj03,ventral,1,O4,B:C,naturalistic,0.7344323149100794,0.0001,2,0.7418922034102821,0.7813527736019023,0.225802512095162,1.3749893466454848
subj03,ventral,2,O0,A:L,simple,0.6700888276100159,0.0,1,0.2435751110315323,0.874689519405365,0.4247751235961914,0.7816468477249146
subj03,ventral,2,O0,B:D,naturalistic,0.6873405575752258,0.0,1,0.3201870620250702,0.8266268968582153,0.471250057220459,0.8857811689376831
subj03,ventral,2,O1,A:L,simple,0.6781414151191711,0.0,1,0.22650277614593506,0.8819982409477234,0.4348326325416565,0.8154861330986023
subj03,ventral,2,O1,B:D,naturalistic,0.6755990386009216,0.0,1,0.33031198382377625,0.820761501789093,0.4552374482154846,0.8837018609046936
subj03,ventral,2,O2,A:L,simple,0.6782721281051636,24.420530945486497,1,0.23176954686641693,0.8831202983856201,0.4479261040687561,0.7750860452651978
subj03,ventral,2,O2,B:D,naturalistic,0.6688464879989624,24.420530945486497,1,0.33692148327827454,0.8175731897354126,0.4444350004196167,0.8906983137130737
subj03,ventral,2,O3,A:L,simple,0.6880696269794573,0.0001,2,0.2534357324680635,0.8723183016926638,0.30025047345634415,0.9922144485820393
subj03,ventral,2,O3,B:D,naturalistic,0.22968500283890306,0.0001,2,0.9576894570362458,0.5172957364428084,-0.5927646316943518,0.9919370693130539
subj03,ventral,2,O4,A:L,simple,0.7699758308053726,0.0001,2,0.16246763951750212,0.9207566583079999,0.5925852147321311,0.8194620110064407
subj03,ventral,2,O4,B:D,naturalistic,0.6974555693856849,0.0001,2,0.3084954435449536,0.8317998016534751,0.48604011850144924,0.8514567243453001
subj03,ventral,3,O0,A:P,simple,0.5232980847358704,0.0,1,0.3624953031539917,0.7999072074890137,0.0995437502861023,0.8483535647392273
subj03,ventral,3,O0,B:K,naturalistic,0.7917006015777588,0.0,1,0.23951488733291626,0.9004650712013245,0.6068711280822754,0.6760720610618591
subj03,ventral,3,O1,A:P,simple,0.5231946706771851,0.0,1,0.356636106967926,0.8045031428337097,0.0962834358215332,0.8666426539421082
subj03,ventral,3,O1,B:K,naturalistic,0.7861931324005127,0.0,1,0.2560911178588867,0.8964707255363464,0.5964059829711914,0.6520310044288635
subj03,ventral,3,O2,A:P,simple,0.5233280658721924,10000.0,1,0.36247554421424866,0.7999207377433777,0.09957319498062134,0.8483861684799194
subj03,ventral,3,O2,B:K,naturalistic,0.7916914224624634,10000.0,1,0.23951317369937897,0.9004653096199036,0.6068472862243652,0.6760752201080322
subj03,ventral,3,O3,A:P,simple,0.6018056333189112,51.79474679231202,6,0.348910002510177,0.8238878964649683,0.0792369793742177,0.9903248185369725
subj03,ventral,3,O3,B:K,naturalistic,0.52700645947175,51.79474679231202,6,0.47686976346769133,0.7296506651859334,0.11753074349047687,0.8258786835838468
subj03,ventral,3,O4,A:P,simple,0.6992236061951768,24.420530945486497,1,0.21095706513462295,0.8882998432228282,0.4553390903921608,0.8824990761291066
subj03,ventral,3,O4,B:K,naturalistic,0.8197941773263052,24.420530945486497,1,0.2242539566682302,0.9101003602941663,0.6547518132431827,0.6808916907721883
subj03,ventral,4,O0,A:R,simple,0.6734592318534851,0.0,1,0.298942893743515,0.8389894962310791,0.4109721779823303,0.8923395872116089
subj03,ventral,4,O0,B:T,naturalistic,0.8319125771522522,0.0,1,0.23665738105773926,0.8932928442955017,0.6448134183883667,0.7072027921676636
subj03,ventral,4,O1,A:R,simple,0.668316125869751,0.0,1,0.3007049262523651,0.8425572514533997,0.3983575105667114,0.9455505013465881
subj03,ventral,4,O1,B:T,naturalistic,0.827274739742279,0.0,1,0.303264319896698,0.880299985408783,0.6462880373001099,0.6006709933280945
subj03,ventral,4,O2,A:R,simple,0.6868030428886414,35.564803062231285,1,0.283984512090683,0.8479067087173462,0.4367815852165222,0.9020380973815918
subj03,ventral,4,O2,B:T,naturalistic,0.8490456938743591,35.564803062231285,1,0.21839885413646698,0.9057244658470154,0.6885068416595459,0.7089102864265442
subj03,ventral,4,O3,A:R,simple,0.6029130946014862,159.98587196060572,7,0.4536851728950517,0.8080603413593584,0.1226035575086648,1.1346283463898588
subj03,ventral,4,O3,B:T,naturalistic,0.63512119922123,159.98587196060572,7,1.12680291776726,0.5245922818110605,-0.2507107012405305,1.1586269667225377
subj03,ventral,4,O4,A:R,simple,0.7606626081073756,51.79474679231202,2,0.2187316650500764,0.8878154624996046,0.5660041654123624,0.9711697575459239
subj03,ventral,4,O4,B:T,naturalistic,0.825398398416169,51.79474679231202,2,0.38472039159245935,0.7978031677159305,0.5865626606111989,0.9434407505830178
subj03,ventral,5,O0,A:V,simple,0.7783436179161072,0.0,1,0.3645307421684265,0.8406940698623657,0.597518265247345,1.1077097654342651
subj03,ventral,5,O0,B:W,naturalistic,0.8099085092544556,0.0,1,0.4069071412086487,0.7846478223800659,0.635595440864563,0.9349124431610107
subj03,ventral,5,O1,A:V,simple,0.767765998840332,0.0,1,0.4159623384475708,0.8342042565345764,0.5687599778175354,1.1686577796936035
subj03,ventral,5,O1,B:W,naturalistic,0.8112976551055908,0.0,1,0.3824750483036041,0.7975529432296753,0.6453122496604919,0.9338095784187317
subj03,ventral,5,O2,A:V,simple,0.7584542632102966,24.420530945486497,1,0.3938675820827484,0.8306946754455566,0.558601975440979,1.120385766029358
subj03,ventral,5,O2,B:W,naturalistic,0.8254109621047974,24.420530945486497,1,0.37201255559921265,0.8034828901290894,0.6634314656257629,0.9361379146575928
subj03,ventral,5,O3,A:V,simple,0.5915009052010584,51.79474679231202,2,0.9468270329090303,0.7315178459957937,-0.15396941264663933,1.4257406593485031
subj03,ventral,5,O3,B:W,naturalistic,0.7347581632173406,51.79474679231202,2,0.6727574631654755,0.7812328694693274,0.29603530624339025,1.3132876201104644
subj03,ventral,5,O4,A:V,simple,0.7457069277893977,109.85411419875572,1,0.4409216502847705,0.8096753993364237,0.5544344383857254,1.1203132236689965
subj03,ventral,5,O4,B:W,naturalistic,0.8672323125754131,109.85411419875572,1,0.2955352619113498,0.8478724176897795,0.7409761643295039,0.9679677633746016
subj03,lateral,0,O0,A:E,simple,0.3820284903049469,0.0,1,0.8752850294113159,0.5875587463378906,0.07978540658950806,1.057144045829773
subj03,lateral,0,O0,B:B,naturalistic,0.7541103363037109,0.0,1,0.17998309433460236,0.9261614680290222,0.5645014047622681,0.7318465113639832
subj03,lateral,0,O1,A:E,simple,0.3797769546508789,0.0,1,0.8760493993759155,0.586521327495575,0.07727766036987305,1.055623173713684
subj03,lateral,0,O1,B:B,naturalistic,0.7535284161567688,0.0,1,0.17974838614463806,0.9260997176170349,0.563597559928894,0.7326856851577759
subj03,lateral,0,O2,A:E,simple,0.38272401690483093,109.85411419875572,1,0.8742059469223022,0.5879277586936951,0.07987558841705322,1.0568256378173828
subj03,lateral,0,O2,B:B,naturalistic,0.7519240379333496,109.85411419875572,1,0.1808655709028244,0.9254916906356812,0.5615509748458862,0.7320999503135681
subj03,lateral,0,O3,A:E,simple,0.656089071448876,0.013257113655901081,5,0.625200668979422,0.7500164015710108,0.31873014376046904,1.1832891797216223
subj03,lateral,0,O3,B:B,naturalistic,0.6383647624585712,0.013257113655901081,5,0.4139635334195118,0.7668970451429151,0.10590973447418184,0.8126636033274015
subj03,lateral,0,O4,A:E,simple,0.6918586987533872,16.768329368110066,1,0.4682778039639016,0.7491225447848782,0.4742894573539529,0.9207687987577833
subj03,lateral,0,O4,B:B,naturalistic,0.7699124929380812,16.768329368110066,1,0.1674011095109622,0.9308283550190617,0.5884305735023099,0.7468650838102868
subj03,lateral,1,O0,A:H,simple,0.5912834405899048,0.0,1,0.2542496621608734,0.8666955828666687,0.2909931540489197,0.9402552247047424
subj03,lateral,1,O0,B:C,naturalistic,0.7490875124931335,0.0,1,0.20450004935264587,0.8919738531112671,0.5574347972869873,0.8811329007148743
subj03,lateral,1,O1,A:H,simple,0.5949722528457642,0.0,1,0.2500290274620056,0.8684671521186829,0.3028579354286194,0.9337673187255859
subj03,lateral,1,O1,B:C,naturalistic,0.7384047508239746,0.0,1,0.2114255726337433,0.8881112337112427,0.5422083139419556,0.8751834034919739
subj03,lateral,1,O2,A:H,simple,0.5913806557655334,10000.0,1,0.25415945053100586,0.8667344450950623,0.291246235370636,0.9401374459266663
subj03,lateral,1,O2,B:C,naturalistic,0.74903404712677,10000.0,1,0.20453619956970215,0.8919538259506226,0.5573551058769226,0.8810933828353882
subj03,lateral,1,O3,A:H,simple,0.6555520197328484,0.0001,6,0.371244133356058,0.7960936463860502,0.18045726365437176,0.8668693581371746
subj03,lateral,1,O3,B:C,naturalistic,0.79785558673615,0.0001,6,0.6059569191992198,0.906958723787392,0.06072001237051783,1.5615815498633072
subj03,lateral,1,O4,A:H,simple,0.7710055434831271,0.013257113655901081,1,0.20217991727981627,0.9128575273308728,0.594368964104458,0.7244729289530071
subj03,lateral,1,O4,B:C,naturalistic,0.8457504357132026,0.013257113655901081,1,0.26131338772948026,0.931962089408601,0.6082712353957473,1.292332381735746
subj03,lateral,2,O0,A:L,simple,0.6376416683197021,0.0,1,0.19995684921741486,0.8949514627456665,0.38768547773361206,0.9248675107955933
subj03,lateral,2,O0,B:D,naturalistic,0.7653536200523376,0.0,1,0.20057255029678345,0.9303863644599915,0.5460828542709351,0.6731096506118774
subj03,lateral,2,O1,A:L,simple,0.6345094442367554,0.0,1,0.20199044048786163,0.893316388130188,0.3858320713043213,0.8955040574073792
subj03,lateral,2,O1,B:D,naturalistic,0.7463206052780151,0.0,1,0.25419309735298157,0.9231442809104919,0.5167280435562134,0.5969718098640442
subj03,lateral,2,O2,A:L,simple,0.6376891732215881,10000.0,1,0.19993291795253754,0.8949630856513977,0.38776111602783203,0.9248274564743042
subj03,lateral,2,O2,B:D,naturalistic,0.7653229832649231,10000.0,1,0.2006007730960846,0.930377185344696,0.546070396900177,0.6730788350105286
subj03,lateral,2,O3,A:L,simple,0.6225704675336419,0.05963623316594643,5,0.262908523840996,0.8588984846820074,0.25487592029063055,0.8836991576662047
subj03,lateral,2,O3,B:D,naturalistic,0.5678307720766467,0.05963623316594643,5,0.3512485763581472,0.8361818085527554,-0.08322269020978212,1.0607894380426772
subj03,lateral,2,O4,A:L,simple,0.7652569215365035,7.9060432109076855,1,0.16209241663101948,0.9273359648263548,0.5842766880070631,0.7788625884556515
subj03,lateral,2,O4,B:D,naturalistic,0.8258179646985161,7.9060432109076855,1,0.13694165471099567,0.9470590404529635,0.6570520089809331,0.7630414770260266
subj03,lateral,3,O0,A:P,simple,0.33874645829200745,0.0,1,0.5828179717063904,0.6847636103630066,0.05366891622543335,0.9121821522712708
subj03,lateral,3,O0,B:K,naturalistic,0.7003458738327026,0.0,1,0.2602617144584656,0.8976696729660034,0.4552231431007385,0.6406237483024597
subj03,lateral,3,O1,A:P,simple,0.33885329961776733,0.0,1,0.582818865776062,0.6847974061965942,0.05371183156967163,0.9123196601867676
subj03,lateral,3,O1,B:K,naturalistic,0.7005935311317444,0.0,1,0.26023128628730774,0.8977429270744324,0.4555002450942993,0.640500545501709
subj03,lateral,3,O2,A:P,simple,0.3209933340549469,51.79474679231202,1,0.5908254981040955,0.6779096126556396,0.035559117794036865,0.9023801684379578
subj03,lateral,3,O2,B:K,naturalistic,0.6945464015007019,51.79474679231202,1,0.25900375843048096,0.8958287239074707,0.4526677131652832,0.6478108167648315
subj03,lateral,3,O3,A:P,simple,0.41434234486898475,0.0001,3,0.6102919546824944,0.6279787279402835,0.0646391253621541,0.6961645320703378
subj03,lateral,3,O3,B:K,naturalistic,0.611452767840199,0.0001,3,0.32682923699154764,0.8205245693961348,0.2673381312359546,0.811045207136889
subj03,lateral,3,O4,A:P,simple,0.7208394892017231,0.0001,1,0.30038069414406987,0.8455511276978372,0.5135390962861333,0.7217065503253567
subj03,lateral,3,O4,B:K,naturalistic,0.8204902272140815,0.0001,1,0.15728240966619175,0.9352649298815816,0.6373469543306034,0.7563712322817855
subj03,lateral,4,O0,A:R,simple,0.6546845436096191,0.0,1,0.8174839019775391,0.755635678768158,0.3604252338409424,1.378908395767212
subj03,lateral,4,O0,B:T,naturalistic,0.6873375177383423,0.0,1,0.2983591556549072,0.8870334625244141,0.44809144735336304,0.5951646566390991
subj03,lateral,4,O1,A:R,simple,0.6594349145889282,0.0,1,0.7667431831359863,0.7607488036155701,0.36657947301864624,1.3485257625579834
subj03,lateral,4,O1,B:T,naturalistic,0.6755489706993103,0.0,1,0.35086438059806824,0.8757593631744385,0.43186068534851074,0.5325120091438293
subj03,lateral,4,O2,A:R,simple,0.6547691226005554,10000.0,1,0.8172236084938049,0.7556757926940918,0.36061930656433105,1.378788709640503
subj03,lateral,4,O2,B:T,naturalistic,0.6873717308044434,10000.0,1,0.29839327931404114,0.8870475888252258,0.4480966329574585,0.5950772166252136
subj03,lateral,4,O3,A:R,simple,0.5616476402174077,0.0001,3,0.8936509278173111,0.707698939772534,-0.12889616615773458,1.335782251415837
subj03,lateral,4,O3,B:T,naturalistic,0.6622091531184541,0.0001,3,0.41877714255766174,0.7881016816689156,0.045371870918270996,0.9878049251423222
subj03,lateral,4,O4,A:R,simple,0.7098474108316633,0.0001,1,0.4796682997425906,0.8011621164112367,0.4612000738803257,1.1497721756522474
subj03,lateral,4,O4,B:T,naturalistic,0.8821985777421796,0.0001,1,0.09292991097591916,0.9530247429988457,0.7757547108120433,0.9185855832367252
subj03,lateral,5,O0,A:V,simple,0.5012772679328918,0.0,1,1.0666391849517822,0.7051805853843689,0.08067703247070312,1.4561262130737305
subj03,lateral,5,O0,B:W,naturalistic,0.7159104347229004,0.0,1,0.24925504624843597,0.8682624697685242,0.49716663360595703,0.8122720718383789
subj03,lateral,5,O1,A:V,simple,0.5009918212890625,0.0,1,1.066736102104187,0.7050452828407288,0.08061617612838745,1.4559282064437866
subj03,lateral,5,O1,B:W,naturalistic,0.7168421149253845,0.0,1,0.24868223071098328,0.8685378432273865,0.4982559084892273,0.8134004473686218
subj03,lateral,5,O2,A:V,simple,0.5012944340705872,10000.0,1,1.0665462017059326,0.7051877379417419,0.08073651790618896,1.4560779333114624
subj03,lateral,5,O2,B:W,naturalistic,0.7159448266029358,10000.0,1,0.24922986328601837,0.8682746887207031,0.497215211391449,0.8123207688331604
subj03,lateral,5,O3,A:V,simple,0.5549174561129372,0.0001,3,0.9100661873404657,0.7326818356442977,-0.018597225862595268,1.4011792745271845
subj03,lateral,5,O3,B:W,naturalistic,0.6818219082013988,0.0001,3,0.37496813802425216,0.8560090361729618,0.35303592659027616,1.1842156576125278
subj03,lateral,5,O4,A:V,simple,0.6293552384254901,0.009102981779915217,1,0.6077226438217559,0.771624338593683,0.30183449374540683,1.2223201474870213
subj03,lateral,5,O4,B:W,naturalistic,0.8563417039556275,0.009102981779915217,1,0.155012036699258,0.9247670367059447,0.7303165731675899,1.0257922362029526
subj03,parietal,0,O0,A:E,simple,0.5187748074531555,0.0,1,2.7501938343048096,0.28684017062187195,0.24181526899337769,1.6405280828475952
subj03,parietal,0,O0,B:B,naturalistic,0.8035316467285156,0.0,1,0.23549726605415344,0.9669758081436157,0.591609001159668,0.5540118217468262
subj03,parietal,0,O1,A:E,simple,0.4495992362499237,0.0,1,2.2928686141967773,0.2749214470386505,0.1571938395500183,1.4447293281555176
subj03,parietal,0,O1,B:B,naturalistic,0.6831706166267395,0.0,1,0.3191303312778473,0.9421634078025818,0.44544440507888794,0.48740842938423157
subj03,parietal,0,O2,A:E,simple,0.5238808393478394,51.79474679231202,1,2.631503105163574,0.29214978218078613,0.25047463178634644,1.6024377346038818
subj03,parietal,0,O2,B:B,naturalistic,0.7925533652305603,51.79474679231202,1,0.24999281764030457,0.9648966789245605,0.5736887454986572,0.5394341945648193
subj03,parietal,0,O3,A:E,simple,0.6336921797032119,2.559547922699533,7,1.67092259617676,0.47530293797012035,0.3082688963446879,1.4223169059500924
subj03,parietal,0,O3,B:B,naturalistic,0.7354095431412954,2.559547922699533,7,0.22371284228721075,0.9170175331015393,0.49249660138818074,0.6627856392979175
subj03,parietal,0,O4,A:E,simple,0.6752787252378081,0.0001,1,1.350910119635188,0.43694519137581533,0.45528504858558505,1.1730370095755647
subj03,parietal,0,O4,B:B,naturalistic,0.8019489391227081,0.0001,1,0.2376794576922906,0.9666234747408544,0.5893459207438134,0.5518461149934566
subj03,parietal,1,O0,A:H,simple,0.6779862642288208,0.0,1,0.7006211876869202,0.727703332901001,0.45409905910491943,1.2074670791625977
subj03,parietal,1,O0,B:C,naturalistic,0.579716682434082,0.0,1,0.2205534130334854,0.8927953243255615,0.29152625799179077,1.0255993604660034
subj03,parietal,1,O1,A:H,simple,0.6381862759590149,0.0,1,0.5523572564125061,0.7386423349380493,0.4071391820907593,1.0516117811203003
subj03,parietal,1,O1,B:C,naturalistic,0.5573228001594543,0.0,1,0.5386149883270264,0.8905625343322754,0.12367367744445801,1.4665111303329468
subj03,parietal,1,O2,A:H,simple,0.6800632476806641,35.564803062231285,1,0.6277791857719421,0.7382370829582214,0.4588056802749634,1.1538971662521362
subj03,parietal,1,O2,B:C,naturalistic,0.5080296397209167,35.564803062231285,1,0.36796191334724426,0.8675386309623718,-0.05682992935180664,1.2147926092147827
subj03,parietal,1,O3,A:H,simple,0.5891651680692657,0.009102981779915217,4,0.5039827404209969,0.7313294430100032,0.3174960289697243,0.9283716056490605
subj03,parietal,1,O3,B:C,naturalistic,0.3969364005029907,0.009102981779915217,4,0.9697989182814186,0.8067985986989752,-1.538685516327531,1.594658282502084
subj03,parietal,1,O4,A:H,simple,0.8467464929394253,5.428675439323859,1,0.26135652675351784,0.862814544489748,0.6427491168758692,0.7866200415238493
subj03,parietal,1,O4,B:C,naturalistic,0.7013007227807232,5.428675439323859,1,0.768590651605885,0.9197980641165936,0.281042446302721,1.7037745343006834
subj03,parietal,2,O0,A:L,simple,0.4747323989868164,0.0,1,0.32945215702056885,0.828231930732727,0.17168676853179932,0.9524108171463013
subj03,parietal,2,O0,B:D,naturalistic,0.7679223418235779,0.0,1,0.2230236530303955,0.9546023607254028,0.5869698524475098,0.5881473422050476
subj03,parietal,2,O1,A:L,simple,0.4886758029460907,0.0,1,0.31610700488090515,0.8274024724960327,0.19965076446533203,0.8538996577262878
subj03,parietal,2,O1,B:D,naturalistic,0.8082588911056519,0.0,1,0.15421904623508453,0.9630561470985413,0.6532765626907349,0.677230715751648
subj03,parietal,2,O2,A:L,simple,0.47644320130348206,232.99518105153672,1,0.32857462763786316,0.828184962272644,0.1720815896987915,0.9484556317329407
subj03,parietal,2,O2,B:D,naturalistic,0.7678516507148743,232.99518105153672,1,0.21938583254814148,0.9552187323570251,0.5868385434150696,0.5921366214752197
subj03,parietal,2,O3,A:L,simple,0.39160378921029937,0.0001,2,0.5394303074410992,0.681585630281097,-0.1287301177447402,0.744746947625228
subj03,parietal,2,O3,B:D,naturalistic,0.4515449622663313,0.0001,2,0.17548181803248583,0.9082315059118472,-0.10040720120200386,0.8890925547578107
subj03,parietal,2,O4,A:L,simple,0.4170293201245877,16.768329368110066,2,0.47459106023725955,0.7254662532860008,-0.03612133807078499,0.7553396500314319
subj03,parietal,2,O4,B:D,naturalistic,0.9012813086913029,16.768329368110066,2,0.0811180506373033,0.9835702745751177,0.8075738023272102,0.7632783099977849
subj03,parietal,3,O0,A:P,simple,0.35274091362953186,0.0,1,2.1485114097595215,0.3285125494003296,0.04280555248260498,1.449419379234314
subj03,parietal,3,O0,B:K,naturalistic,0.6422032713890076,0.0,1,0.19020885229110718,0.93770831823349,0.40488916635513306,0.6740686297416687
subj03,parietal,3,O1,A:P,simple,0.31507623195648193,0.0,1,2.1486282348632812,0.3180391490459442,-0.027123451232910156,1.4359734058380127
subj03,parietal,3,O1,B:K,naturalistic,0.5799615383148193,0.0,1,0.1868576854467392,0.9283627271652222,0.3063129782676697,0.7076478004455566
subj03,parietal,3,O2,A:P,simple,0.3570469319820404,232.99518105153672,1,2.136476516723633,0.3311082720756531,0.04626244306564331,1.4474008083343506
subj03,parietal,3,O2,B:K,naturalistic,0.6446214318275452,232.99518105153672,1,0.187877357006073,0.9387087225914001,0.4089919924736023,0.6759323477745056
subj03,parietal,3,O3,A:P,simple,0.4583349006364117,16.768329368110066,4,1.0309947307217393,0.47145333084364666,0.11907117467197204,0.9747056801566918
subj03,parietal,3,O3,B:K,naturalistic,0.6829876120285747,16.768329368110066,4,0.11571297069578346,0.9425638028668857,0.27508815598193714,1.0069032342146527
subj03,parietal,3,O4,A:P,simple,0.5551953440748415,16.768329368110066,1,0.9201368475731236,0.5137015419684876,0.29950224894541144,0.9426841353256183
subj03,parietal,3,O4,B:K,naturalistic,0.6894183827961289,16.768329368110066,1,0.0908706703788284,0.9535363233191364,0.44010031122050575,0.9434238767618783
subj03,parietal,4,O0,A:R,simple,0.6751013994216919,0.0,1,0.934165894985199,0.7322660088539124,0.44629359245300293,1.4181082248687744
subj03,parietal,4,O0,B:T,naturalistic,0.700132429599762,0.0,1,0.23831897974014282,0.9424757361412048,0.49014580249786377,0.5866956114768982
subj03,parietal,4,O1,A:R,simple,0.6474387049674988,0.0,1,0.857458233833313,0.7219476699829102,0.41207748651504517,1.3373068571090698
subj03,parietal,4,O1,B:T,naturalistic,0.6594927310943604,0.0,1,0.18150202929973602,0.9448772072792053,0.4327198266983032,0.6723062992095947
subj03,parietal,4,O2,A:R,simple,0.6806842684745789,51.79474679231202,1,0.9077306389808655,0.7360101342201233,0.45452892780303955,1.4064141511917114
subj03,parietal,4,O2,B:T,naturalistic,0.7148802280426025,51.79474679231202,1,0.21670925617218018,0.9508089423179626,0.5085868239402771,0.6033225655555725
subj03,parietal,4,O3,A:R,simple,0.7477369641713669,0.0001,1,0.6708034554901446,0.8231144281404368,0.3554325243190156,1.4133016382705692
subj03,parietal,4,O3,B:T,naturalistic,0.6050705617621752,0.0001,1,0.2886120307201603,0.843717534504489,-0.3879715595120825,0.8654277961098754
subj03,parietal,4,O4,A:R,simple,0.7507772024829563,7.9060432109076855,1,0.4794304760873566,0.7996696694188764,0.5625428474362497,1.1444916501738356
subj03,parietal,4,O4,B:T,naturalistic,0.8186993013593306,7.9060432109076855,1,0.09068600511227039,0.9732690426487904,0.664556826690867,0.7784905305728733
subj03,parietal,5,O0,A:V,simple,0.5268419981002808,0.0,1,1.0784865617752075,0.7356318235397339,0.17820698022842407,1.5228042602539062
subj03,parietal,5,O0,B:W,naturalistic,0.7319449782371521,0.0,1,0.24262820184230804,0.9526833295822144,0.5226609706878662,0.5650833249092102
subj03,parietal,5,O1,A:V,simple,0.45676085352897644,0.0,1,1.069320797920227,0.7125545740127563,0.056533992290496826,1.4721957445144653
subj03,parietal,5,O1,B:W,naturalistic,0.7575716376304626,0.0,1,0.26824790239334106,0.9551786184310913,0.5480442047119141,0.5301915407180786
subj03,parietal,5,O2,A:V,simple,0.5344986915588379,109.85411419875572,1,1.0533474683761597,0.7389781475067139,0.18721961975097656,1.5132110118865967
subj03,parietal,5,O2,B:W,naturalistic,0.7259396910667419,109.85411419875572,1,0.24460725486278534,0.9520824551582336,0.5139261484146118,0.5634074211120605
subj03,parietal,5,O3,A:V,simple,0.42193479912341036,5.428675439323859,1,1.044632673058505,0.5189601328222202,-0.5793013591188674,1.0792746331370806
subj03,parietal,5,O3,B:W,naturalistic,0.5078909488859307,5.428675439323859,1,0.17399824632214336,0.9092783701118782,0.012901727494204929,0.8812530094778153
subj03,parietal,5,O4,A:V,simple,0.48068341370789264,159.98587196060572,1,0.8040641549749874,0.7225108243195761,0.03006660766375724,1.2935503322483135
subj03,parietal,5,O4,B:W,naturalistic,0.7250703334316779,159.98587196060572,1,0.2478216071698356,0.950873949523485,0.5144035350840132,0.5610241193836386
subj04,V1,0,O0,A:E,simple,0.9030889868736267,0.0,1,0.8155675530433655,0.7349154353141785,0.7491676807403564,1.3312947750091553
subj04,V1,0,O0,B:B,naturalistic,0.7180383205413818,0.0,1,0.12785494327545166,0.9473834037780762,-0.0057871341705322266,0.7880399227142334
subj04,V1,0,O1,A:E,simple,0.8587144613265991,0.0,1,0.5807434320449829,0.7332645058631897,0.6457148790359497,1.0773870944976807
subj04,V1,0,O1,B:B,naturalistic,0.6455576419830322,0.0,1,0.06459203362464905,0.9672509431838989,-0.0247877836227417,0.9543499946594238
subj04,V1,0,O2,A:E,simple,0.9116636514663696,35.564803062231285,1,0.7470528483390808,0.7408090233802795,0.7508795857429504,1.2847309112548828
subj04,V1,0,O2,B:B,naturalistic,0.7225702404975891,35.564803062231285,1,0.09927845746278763,0.9594674110412598,0.12507545948028564,0.8185555338859558
subj04,V1,0,O3,A:E,simple,0.7958728443083294,0.2682695795279725,7,0.3695933596603414,0.8226832491806105,0.5575173110163658,1.0380923365375339
subj04,V1,0,O3,B:B,naturalistic,0.6146635346369957,0.2682695795279725,7,0.16953829773465864,0.9122642911527851,-1.5388954559820371,0.9542701212729129
subj04,V1,0,O4,A:E,simple,0.9402191508491851,5.428675439323859,1,0.1945022677250961,0.9174618094194144,0.883500262009935,1.1078257275433234
subj04,V1,0,O4,B:B,naturalistic,0.795238175105505,5.428675439323859,1,0.030353997457988172,0.9853184851950955,0.5366703896593414,0.9505826865843914
subj04,V1,1,O0,A:H,simple,0.8539099097251892,0.0,1,0.2520762085914612,0.9595533609390259,0.6962540149688721,1.3752681016921997
subj04,V1,1,O0,B:C,naturalistic,0.5333451628684998,0.0,1,0.24123722314834595,0.903704822063446,0.14006012678146362,1.1443697214126587
subj04,V1,1,O1,A:H,simple,0.8232234120368958,0.0,1,0.10989221185445786,0.9549839496612549,0.6691809296607971,1.1029258966445923
subj04,V1,1,O1,B:C,naturalistic,0.3951855003833771,0.0,1,0.5154837369918823,0.8759050965309143,-0.39999961853027344,1.4075943231582642
subj04,V1,1,O2,A:H,simple,0.8939712047576904,16.768329368110066,1,0.1545194685459137,0.9701716303825378,0.7802129983901978,1.2796108722686768
subj04,V1,1,O2,B:C,naturalistic,0.46020281314849854,16.768329368110066,1,0.31986624002456665,0.8891483545303345,-0.06057083606719971,1.2214897871017456
subj04,V1,1,O3,A:H,simple,0.797711197176542,0.5689866029018293,7,0.49379019292798837,0.8576648584741868,-0.8135474374962257,1.3366004176270148
subj04,V1,1,O3,B:C,naturalistic,0.4867395680659555,0.5689866029018293,7,0.8187424461175946,0.9002413305738974,-0.22451739822758965,1.6934480350883747
subj04,V1,1,O4,A:H,simple,0.8973122886915047,0.0001,1,0.15577266599163275,0.9301192522921591,0.46769959482672996,1.074668821428326
subj04,V1,1,O4,B:C,naturalistic,0.592183504668796,0.0001,1,0.6260534939240348,0.9129531148238679,0.3395386063736545,1.5908446000576566
subj04,V1,2,O0,A:L,simple,0.9732881784439087,0.0,1,0.650725245475769,0.8067411184310913,0.8294254541397095,1.3558826446533203
subj04,V1,2,O0,B:D,naturalistic,0.4795987606048584,0.0,1,0.13716711103916168,0.9373065829277039,-1.0737404823303223,0.8119639754295349
subj04,V1,2,O1,A:L,simple,0.8836974501609802,0.0,1,0.47312673926353455,0.7765393257141113,0.6255223751068115,1.0524744987487793
subj04,V1,2,O1,B:D,naturalistic,0.5070497989654541,0.0,1,0.13101918995380402,0.9329953789710999,-1.6076090335845947,0.8942695260047913
subj04,V1,2,O2,A:L,simple,0.9670764207839966,16.768329368110066,1,0.5769417881965637,0.8023305535316467,0.7895330190658569,1.2720924615859985
subj04,V1,2,O2,B:D,naturalistic,0.5290442109107971,16.768329368110066,1,0.12484906613826752,0.9401115775108337,-1.1055638790130615,0.8470582365989685
subj04,V1,2,O3,A:L,simple,0.8841015964505271,0.8286427728546842,6,0.5045766734957603,0.915355074276753,0.5260293150907522,1.5005487278482095
subj04,V1,2,O3,B:D,naturalistic,0.22304516255331677,0.8286427728546842,6,0.2561677445512851,0.8624710852637643,-3.9548439584020247,0.8575570594604646
subj04,V1,2,O4,A:L,simple,0.9709617124567773,109.85411419875572,3,0.3413600685010826,0.8823956157754858,0.9018721381596034,1.2287799879302133
subj04,V1,2,O4,B:D,naturalistic,0.5403364565475438,109.85411419875572,3,0.09925352364508572,0.9557876957026983,-0.5925666330658519,0.842722720248496
subj04,V1,3,O0,A:P,simple,0.9108445048332214,0.0,1,0.032946184277534485,0.9872831106185913,0.7951738834381104,1.0748862028121948
subj04,V1,3,O0,B:K,naturalistic,0.7682425379753113,0.0,1,0.06185772269964218,0.9685899615287781,0.5037945508956909,0.973514199256897
subj04,V1,3,O1,A:P,simple,0.9218106269836426,0.0,1,0.02947654388844967,0.9860867261886597,0.788773775100708,1.0290230512619019
subj04,V1,3,O1,B:K,naturalistic,0.6165981292724609,0.0,1,0.11710255593061447,0.9397168755531311,0.11862748861312866,0.9266666173934937
subj04,V1,3,O2,A:P,simple,0.9379361271858215,11.513953993264458,1,0.026102332398295403,0.9884794354438782,0.8151018619537354,1.0449947118759155
subj04,V1,3,O2,B:K,naturalistic,0.7057576179504395,11.513953993264458,1,0.0916416123509407,0.9530818462371826,0.29608798027038574,0.9505388736724854
subj04,V1,3,O3,A:P,simple,0.798441142777378,0.08685113737513521,6,0.06261544569365325,0.9739068184829085,0.607721958126761,1.079310621279551
subj04,V1,3,O3,B:K,naturalistic,0.22950389666814114,0.08685113737513521,6,0.23643029885321803,0.8958806219533872,-0.8964315728650827,1.093446714008722
subj04,V1,3,O4,A:P,simple,0.9132061582111801,2.559547922699533,2,0.026469324008766122,0.9873801284562675,0.81238851629364,1.0246476456674134
subj04,V1,3,O4,B:K,naturalistic,0.7173134143789388,2.559547922699533,2,0.06392830008461556,0.9683799297379334,0.5016277133767196,0.9272950972877299
subj04,V1,4,O0,A:R,simple,0.8539689779281616,0.0,1,0.4748050570487976,0.7361479997634888,0.4724069833755493,0.6068461537361145
subj04,V1,4,O0,B:T,naturalistic,0.5057794451713562,0.0,1,0.40824294090270996,0.8884250521659851,0.12217789888381958,0.44396814703941345
subj04,V1,4,O1,A:R,simple,0.8629137277603149,0.0,1,0.4453164041042328,0.808751106262207,0.4831628203392029,0.49348190426826477
subj04,V1,4,O1,B:T,naturalistic,0.7097615599632263,0.0,1,0.11847317218780518,0.974286675453186,0.48949140310287476,0.7140796780586243
subj04,V1,4,O2,A:R,simple,0.8912166953086853,24.420530945486497,1,0.4388968348503113,0.7783725261688232,0.5006236433982849,0.5668056607246399
subj04,V1,4,O2,B:T,naturalistic,0.7963711023330688,24.420530945486497,1,0.2645231783390045,0.942159116268158,0.5859859585762024,0.5520476698875427
subj04,V1,4,O3,A:R,simple,0.8874627829420655,0.0001,7,0.3044884615777718,0.8598787718691973,0.751080463336202,0.6504033634945791
subj04,V1,4,O3,B:T,naturalistic,0.32753431876770783,0.0001,7,0.37314991437309175,0.8641285027966676,-4.0399120608369,1.2103479496301488
subj04,V1,4,O4,A:R,simple,0.9717842488190237,16.768329368110066,1,0.2081024636620544,0.9736489706406428,0.7743391801602766,0.5785606715934302
subj04,V1,4,O4,B:T,naturalistic,0.6103580494137203,16.768329368110066,1,0.10499782599292012,0.9476872607192922,-0.14191829489067032,0.8919299813055768
subj04,V1,5,O0,A:V,simple,0.9340714812278748,0.0,1,0.05260028317570686,0.9785907864570618,0.7901723384857178,0.8773972392082214
subj04,V1,5,O0,B:W,naturalistic,0.5274180769920349,0.0,1,0.10374826937913895,0.9467160701751709,-0.07160365581512451,0.9511303901672363
subj04,V1,5,O1,A:V,simple,0.9196029305458069,0.0,1,0.08671016991138458,0.9806824326515198,0.7740305662155151,0.7605728507041931
subj04,V1,5,O1,B:W,naturalistic,0.41175779700279236,0.0,1,0.1635315865278244,0.9146685004234314,-0.5590035915374756,0.9024155139923096
subj04,V1,5,O2,A:V,simple,0.9428043961524963,16.768329368110066,1,0.05563965439796448,0.9835328459739685,0.8141382932662964,0.8319526314735413
subj04,V1,5,O2,B:W,naturalistic,0.507110595703125,16.768329368110066,1,0.1209561824798584,0.9376368522644043,-0.19719970226287842,0.9267257452011108
subj04,V1,5,O3,A:V,simple,0.8743617138434527,0.3906939937054613,7,0.13493765791862564,0.9349197956149686,0.4764352908558499,1.0298548998213954
subj04,V1,5,O3,B:W,naturalistic,0.44842212763061434,0.3906939937054613,7,0.4581049117187535,0.8581298155268757,-3.7968823026009986,1.2991419580507195
subj04,V1,5,O4,A:V,simple,0.9445680136329341,7.9060432109076855,7,0.0641954211647591,0.9794596933836647,0.8914601234693381,0.8260429348674256
subj04,V1,5,O4,B:W,naturalistic,0.48266771137575476,7.9060432109076855,7,0.1945139099656481,0.8997836974675901,-0.9493291025610824,0.9640071246822313
subj04,V2,0,O0,A:E,simple,0.8405489921569824,0.0,1,0.3272135257720947,0.8774814605712891,0.602206826210022,1.189229965209961
subj04,V2,0,O0,B:B,naturalistic,0.8917258381843567,0.0,1,0.04553617537021637,0.9914044737815857,0.79280024766922,0.8228251934051514
subj04,V2,0,O1,A:E,simple,0.8807500004768372,0.0,1,0.16515858471393585,0.9152158498764038,0.6726407408714294,0.9679293036460876
subj04,V2,0,O1,B:B,naturalistic,0.8952982425689697,0.0,1,0.012768212705850601,0.9936378598213196,0.8014141321182251,0.9844528436660767
subj04,V2,0,O2,A:E,simple,0.8987959623336792,7.9060432109076855,1,0.1686115562915802,0.9238643050193787,0.7428243160247803,1.0726490020751953
subj04,V2,0,O2,B:B,naturalistic,0.8793538212776184,7.9060432109076855,1,0.02161741815507412,0.9927436709403992,0.7675180435180664,0.9081427454948425
subj04,V2,0,O3,A:E,simple,0.7968942546085301,0.040949150623804234,7,0.17295560448192918,0.9094559948122869,0.6175071505587089,0.9175726282727888
subj04,V2,0,O3,B:B,naturalistic,0.3907827402458566,0.040949150623804234,7,0.10309824938956712,0.9482627132769045,-0.4104474010251169,0.9003001147921453
subj04,V2,0,O4,A:E,simple,0.9035600775807879,5.428675439323859,3,0.10769114458996715,0.9450377585997741,0.7792336095526703,0.9731016640243487
subj04,V2,0,O4,B:B,naturalistic,0.7553575322182664,5.428675439323859,3,0.027562026732305223,0.986147559284116,0.5681472679546542,0.9931490702031133
subj04,V2,1,O0,A:H,simple,0.9547001719474792,0.0,1,0.13099613785743713,0.9616507291793823,0.8693773746490479,1.1978040933609009
subj04,V2,1,O0,B:C,naturalistic,0.6223307251930237,0.0,1,0.12259700894355774,0.9481971859931946,0.22567778825759888,1.095421314239502
subj04,V2,1,O1,A:H,simple,0.9096741080284119,0.0,1,0.09502440690994263,0.9577364921569824,0.7126861214637756,0.8469049334526062
subj04,V2,1,O1,B:C,naturalistic,0.635741114616394,0.0,1,0.25770705938339233,0.9541983008384705,0.19367867708206177,1.3643220663070679
subj04,V2,1,O2,A:H,simple,0.9466495513916016,11.513953993264458,1,0.07066916674375534,0.9695452451705933,0.8614238500595093,1.0729238986968994
subj04,V2,1,O2,B:C,naturalistic,0.6700736880302429,11.513953993264458,1,0.14104902744293213,0.9584069848060608,0.3713051676750183,1.2025238275527954
subj04,V2,1,O3,A:H,simple,0.8137451717931039,0.05963623316594643,4,0.15045980578851015,0.9264009162802889,0.5435978530240126,1.0195589535231215
subj04,V2,1,O3,B:C,naturalistic,0.5857170197919571,0.05963623316594643,4,0.29216652266171295,0.9500932498389841,0.16606852477934564,1.391504209436568
subj04,V2,1,O4,A:H,simple,0.9608952965491329,109.85411419875572,2,0.03197231643298517,0.9849563955502856,0.9188259357406353,1.0309060430436447
subj04,V2,1,O4,B:C,naturalistic,0.6693453835929631,109.85411419875572,2,0.16466981989438154,0.9589518433992036,0.40864192634374397,1.2492247857676053
subj04,V2,2,O0,A:L,simple,0.9152816534042358,0.0,1,0.6430919170379639,0.8270705342292786,0.7256144285202026,1.3990299701690674
subj04,V2,2,O0,B:D,naturalistic,0.7822083234786987,0.0,1,0.04269646108150482,0.9794010519981384,0.3341320753097534,0.9355493187904358
subj04,V2,2,O1,A:L,simple,0.9039296507835388,0.0,1,0.3608502149581909,0.8423964381217957,0.6657018661499023,1.1078810691833496
subj04,V2,2,O1,B:D,naturalistic,0.8184207677841187,0.0,1,0.028225021436810493,0.9866519570350647,0.5485480427742004,0.9453338980674744
subj04,V2,2,O2,A:L,simple,0.943970799446106,3.727593720314938,1,0.35207077860832214,0.8792259097099304,0.8110031485557556,1.2329336404800415
subj04,V2,2,O2,B:D,naturalistic,0.8153218626976013,3.727593720314938,1,0.02614547498524189,0.9873334765434265,0.5584498643875122,0.9561415314674377
subj04,V2,2,O3,A:L,simple,0.8672876096890395,0.3906939937054613,7,0.3095407751689824,0.9095354023902691,0.7361579271079692,1.279394063639837
subj04,V2,2,O3,B:D,naturalistic,0.549637457055121,0.3906939937054613,7,0.14192511332669372,0.942996482075102,-1.6401049831742105,1.1195397625613215
subj04,V2,2,O4,A:L,simple,0.9636580543965608,3.727593720314938,2,0.19388555623929646,0.9281184160664797,0.89462419544792,1.16325528856943
subj04,V2,2,O4,B:D,naturalistic,0.754933958936623,3.727593720314938,2,0.0370702235807201,0.9814555826300192,0.34740416514373595,0.963418352977765
subj04,V2,3,O0,A:P,simple,0.8243014812469482,0.0,1,0.04039610177278519,0.9821183681488037,0.6531586647033691,1.0524929761886597
subj04,V2,3,O0,B:K,naturalistic,0.8609641790390015,0.0,1,0.03083748184144497,0.9877448678016663,0.709947943687439,0.9072626829147339
subj04,V2,3,O1,A:P,simple,0.8159497380256653,0.0,1,0.038285259157419205,0.9809751510620117,0.6435893774032593,1.0054209232330322
subj04,V2,3,O1,B:K,naturalistic,0.8173230290412903,0.0,1,0.06957857310771942,0.978225588798523,0.5971152186393738,0.8154256939888
subj04,V2,3,O2,A:P,simple,0.8515777587890625,3.727593720314938,1,0.03287898749113083,0.9843981862068176,0.7010411024093628,1.028201699256897
subj04,V2,3,O2,B:K,naturalistic,0.8084444999694824,3.727593720314938,1,0.068348728120327,0.9731810688972473,0.49370986223220825,0.8489639163017273
subj04,V2,3,O3,A:P,simple,0.7435526016465355,0.8286427728546842,7,0.08124362848723704,0.9646413321836463,0.2584820477474602,1.073160910750619
subj04,V2,3,O3,B:K,naturalistic,0.758989069363629,0.8286427728546842,7,0.15995944444685917,0.9247159926771614,-0.10718856225666196,0.802000768807224
subj04,V2,3,O4,A:P,simple,0.8905073019201085,1.2067926406393288,2,0.025587240935864022,0.9880761843378219,0.7685094749466898,1.0314554243681646
subj04,V2,3,O4,B:K,naturalistic,0.7903264029166016,1.2067926406393288,2,0.12432449745072342,0.9510223336591253,0.30135741403111493,0.7814113399098486
subj04,V2,4,O0,A:R,simple,0.9322813153266907,0.0,1,0.04031874239444733,0.9880627393722534,0.8535109758377075,0.8592735528945923
subj04,V2,4,O0,B:T,naturalistic,0.07960847020149231,0.0,1,0.347523957490921,0.9081569910049438,-1.1156659126281738,0.49309900403022766
subj04,V2,4,O1,A:R,simple,0.8996853828430176,0.0,1,0.12804387509822845,0.966056227684021,0.8084890842437744,0.718450665473938
subj04,V2,4,O1,B:T,naturalistic,0.3029763102531433,0.0,1,0.07105445116758347,0.9760076999664307,-0.3043482303619385,0.8222368955612183
subj04,V2,4,O2,A:R,simple,0.9055265188217163,11.513953993264458,1,0.0875559076666832,0.9691565036773682,0.8051871657371521,0.8053879141807556
subj04,V2,4,O2,B:T,naturalistic,0.5492861866950989,11.513953993264458,1,0.14720436930656433,0.9790796637535095,0.17718499898910522,0.6538084149360657
subj04,V2,4,O3,A:R,simple,0.5536458079129967,0.5689866029018293,3,0.3518398820479689,0.8286695202313106,-0.8235448991757208,1.0249680244176855
subj04,V2,4,O3,B:T,naturalistic,0.10294473125570609,0.5689866029018293,3,0.3454877870075009,0.8093927210128458,-6.473606540535023,0.7848084517926293
subj04,V2,4,O4,A:R,simple,0.9357630816336656,0.0009540954763499944,1,0.0552901458239544,0.9864089316777069,0.8736743155351835,0.8182043281974937
subj04,V2,4,O4,B:T,naturalistic,0.44094534756497383,0.0009540954763499944,1,0.1545316433201824,0.9740910626011208,-0.027229156321135317,0.652555590979707
subj04,V2,5,O0,A:V,simple,0.8221038579940796,0.0,1,0.0659424290060997,0.9685732126235962,0.6647409200668335,1.0324208736419678
subj04,V2,5,O0,B:W,naturalistic,0.7574212551116943,0.0,1,0.045936014503240585,0.9791852235794067,0.551268458366394,0.9103384613990784
subj04,V2,5,O1,A:V,simple,0.793642520904541,0.0,1,0.0699073001742363,0.9660017490386963,0.6285785436630249,1.021378993988037
subj04,V2,5,O1,B:W,naturalistic,0.6729098558425903,0.0,1,0.0728641152381897,0.9633810520172119,0.1623973250389099,0.9944806694984436
subj04,V2,5,O2,A:V,simple,0.8483660221099854,5.428675439323859,1,0.05609578639268875,0.9727431535720825,0.7078958749771118,1.0209614038467407
subj04,V2,5,O2,B:W,naturalistic,0.7021890878677368,5.428675439323859,1,0.060834020376205444,0.9698594212532043,0.3640546202659607,0.931631326675415
subj04,V2,5,O3,A:V,simple,0.2768039273901333,0.12648552168552957,4,0.20653931284935717,0.8908620077143745,-0.12413442750164383,0.8776541323997558
subj04,V2,5,O3,B:W,naturalistic,0.36145628523070744,0.12648552168552957,4,0.16111305527044692,0.9323172372796333,-0.7968250483054165,1.1064680457673766
subj04,V2,5,O4,A:V,simple,0.8521619604146543,0.0004498432668969444,1,0.07778959115762595,0.9681793555220833,0.7146729309793549,0.8450498307694426
subj04,V2,5,O4,B:W,naturalistic,0.828837098081337,0.0004498432668969444,1,0.039632380897638035,0.9848655903886873,0.6721183304440564,1.0828075551857685
subj04,V3,0,O0,A:E,simple,0.9016432762145996,0.0,1,0.4338165819644928,0.7909533977508545,0.6484388113021851,1.0347237586975098
subj04,V3,0,O0,B:B,naturalistic,0.8235979080200195,0.0,1,0.09235569089651108,0.9727396368980408,0.6677730083465576,0.776326060295105
subj04,V3,0,O1,A:E,simple,0.9053494930267334,0.0,1,0.33200857043266296,0.8280724287033081,0.6857662796974182,0.9611604809761047
subj04,V3,0,O1,B:B,naturalistic,0.8149496912956238,0.0,1,0.0706837922334671,0.9743752479553223,0.6486542224884033,0.8326326012611389
subj04,V3,0,O2,A:E,simple,0.9018762707710266,35.564803062231285,1,0.396258682012558,0.8051739931106567,0.6669641733169556,1.0162755250930786
subj04,V3,0,O2,B:B,naturalistic,0.8244396448135376,35.564803062231285,1,0.08487391471862793,0.9748063683509827,0.6732445955276489,0.7873995900154114
subj04,V3,0,O3,A:E,simple,0.8751518075016008,0.2682695795279725,6,0.3136529698421144,0.8325846861275862,0.6628689464234356,0.9153504613536748
subj04,V3,0,O3,B:B,naturalistic,0.8569175373168051,0.2682695795279725,6,0.04900229264874237,0.9840780073662345,0.7316506292667257,1.1160321321514226
subj04,V3,0,O4,A:E,simple,0.9502710286315448,24.420530945486497,2,0.228826260575087,0.8859326495772535,0.8171205705019723,1.0029918533096494
subj04,V3,0,O4,B:B,naturalistic,0.8942890646944249,24.420530945486497,2,0.044396896934433855,0.9881711320327367,0.7808380497998841,0.8436749137769846
subj04,V3,1,O0,A:H,simple,0.9131455421447754,0.0,1,0.2353237420320511,0.8761950135231018,0.7094821929931641,0.9313446283340454
subj04,V3,1,O0,B:C,naturalistic,0.7813721299171448,0.0,1,0.1473895162343979,0.951333224773407,0.3911415934562683,1.1802972555160522
subj04,V3,1,O1,A:H,simple,0.8545799851417542,0.0,1,0.27953460812568665,0.8488870859146118,0.6077738404273987,0.8608799576759338
subj04,V3,1,O1,B:C,naturalistic,0.7743735909461975,0.0,1,0.25305381417274475,0.9567646980285645,0.41211241483688354,1.367194414138794
subj04,V3,1,O2,A:H,simple,0.913096010684967,10000.0,1,0.23536455631256104,0.8761695027351379,0.7093878984451294,0.9312832951545715
subj04,V3,1,O2,B:C,naturalistic,0.7814013957977295,10000.0,1,0.14739476144313812,0.9513611793518066,0.3914470672607422,1.1804523468017578
subj04,V3,1,O3,A:H,simple,0.8684399450031173,0.5689866029018293,7,0.19498582850323687,0.9053506467312589,0.752291813311336,1.0263696947647958
subj04,V3,1,O3,B:C,naturalistic,0.46799760620686953,0.5689866029018293,7,0.6206430215563261,0.912266180061808,-0.1471847726557869,1.5852242793839577
subj04,V3,1,O4,A:H,simple,0.9396919557551606,35.564803062231285,7,0.17504711139581886,0.9082991920511586,0.7698745392826073,0.900915363164998
subj04,V3,1,O4,B:C,naturalistic,0.8210958090794208,35.564803062231285,7,0.2218720471935269,0.963113560824158,0.6564986914576523,1.3497138454070814
subj04,V3,2,O0,A:L,simple,0.9435257911682129,0.0,1,0.39667683839797974,0.9012563824653625,0.8734414577484131,1.3583557605743408
subj04,V3,2,O0,B:D,naturalistic,0.7462839484214783,0.0,1,0.0991334468126297,0.9504416584968567,0.2236894965171814,0.9007134437561035
subj04,V3,2,O1,A:L,simple,0.9421720504760742,0.0,1,0.22112417221069336,0.9207785129547119,0.8653143644332886,1.183375597000122
subj04,V3,2,O1,B:D,naturalistic,0.6848316788673401,0.0,1,0.08847054839134216,0.9547780752182007,0.1759026050567627,0.946312427520752
subj04,V3,2,O2,A:L,simple,0.9378669857978821,35.564803062231285,1,0.35459110140800476,0.9119248986244202,0.8741409778594971,1.343431830406189
subj04,V3,2,O2,B:D,naturalistic,0.7335322499275208,35.564803062231285,1,0.08999316394329071,0.9547754526138306,0.2487695813179016,0.9149078726768494
subj04,V3,2,O3,A:L,simple,0.9112126035226017,0.8286427728546842,5,0.38651305635992467,0.9398608422629833,0.40953366074107445,1.4593331826457518
subj04,V3,2,O3,B:D,naturalistic,0.6559918077137333,0.8286427728546842,5,0.13983113145054932,0.9384627178706472,0.1776820150210171,0.7951328882639835
subj04,V3,2,O4,A:L,simple,0.9438161497563549,7.9060432109076855,4,0.20812976954946874,0.9650167809236866,0.8097212806965574,1.3383627550815096
subj04,V3,2,O4,B:D,naturalistic,0.831821015907779,7.9060432109076855,4,0.04721130914817309,0.9816141293069185,0.6774122462255134,0.8777986693043726
subj04,V3,3,O0,A:P,simple,0.929495096206665,0.0,1,0.07270010560750961,0.963349461555481,0.8239136338233948,0.9361061453819275
subj04,V3,3,O0,B:K,naturalistic,0.7305077314376831,0.0,1,0.12316087633371353,0.9410157203674316,0.09256261587142944,1.0341352224349976
subj04,V3,3,O1,A:P,simple,0.9013571739196777,0.0,1,0.08767974376678467,0.955635130405426,0.7981886863708496,0.9859405159950256
subj04,V3,3,O1,B:K,naturalistic,0.6853517293930054,0.0,1,0.11059672385454178,0.9500280618667603,0.18836718797683716,1.064702033996582
subj04,V3,3,O2,A:P,simple,0.9278417229652405,232.99518105153672,1,0.0734771266579628,0.9628958702087402,0.8221851587295532,0.9374865293502808
subj04,V3,3,O2,B:K,naturalistic,0.7300439476966858,232.99518105153672,1,0.12115918099880219,0.94200599193573,0.10623908042907715,1.0343888998031616
subj04,V3,3,O3,A:P,simple,0.8942365926765664,0.3906939937054613,5,0.10586413630195354,0.9456329448071665,0.7658309141800734,0.9548972900220162
subj04,V3,3,O3,B:K,naturalistic,0.8243403882136193,0.3906939937054613,5,0.406471185440875,0.8098769881998125,-1.4381998354846428,1.0596207936840039
subj04,V3,3,O4,A:P,simple,0.9213975292625323,35.564803062231285,2,0.0828646702792656,0.9576736788548857,0.8062388499399401,0.9557840525470999
subj04,V3,3,O4,B:K,naturalistic,0.7504954972237389,35.564803062231285,2,0.09261285350108325,0.9573098250169388,0.31423602953304186,1.052467740905189
subj04,V3,4,O0,A:R,simple,0.920586884021759,0.0,1,0.05971508100628853,0.9699721932411194,0.8433640599250793,0.9936553835868835
subj04,V3,4,O0,B:T,naturalistic,0.5244827270507812,0.0,1,0.27594873309135437,0.8965209722518921,-0.010576844215393066,0.6142117977142334
subj04,V3,4,O1,A:R,simple,0.9199208617210388,0.0,1,0.061850693076848984,0.9715010523796082,0.8386499881744385,0.8962351083755493
subj04,V3,4,O1,B:T,naturalistic,0.5632777810096741,0.0,1,0.20551075041294098,0.9129740595817566,-0.051552772521972656,0.7154080271720886
subj04,V3,4,O2,A:R,simple,0.9228696227073669,339.3221771895323,1,0.05786406621336937,0.9708724617958069,0.8476794958114624,0.9922606945037842
subj04,V3,4,O2,B:T,naturalistic,0.5279940962791443,339.3221771895323,1,0.2727544903755188,0.8984384536743164,0.0011986494064331055,0.6156910061836243
subj04,V3,4,O3,A:R,simple,0.9066330155383606,0.5689866029018293,5,0.15348217953891335,0.964657685190181,0.6726708329480319,1.2545655298439415
subj04,V3,4,O3,B:T,naturalistic,0.6368794481796707,0.5689866029018293,5,0.18738044169590926,0.9396423641895744,0.2795744121394411,0.6744855078231967
subj04,V3,4,O4,A:R,simple,0.9363912768883091,5.428675439323859,1,0.05480215138750282,0.9722424835166616,0.8593812940419583,0.9798267454620719
subj04,V3,4,O4,B:T,naturalistic,0.6635035764721197,5.428675439323859,1,0.1734071540341996,0.9559639470451382,0.40404507549793633,0.6605419345448279
subj04,V3,5,O0,A:V,simple,0.9484671950340271,0.0,1,0.044443730264902115,0.9844740033149719,0.8542446494102478,0.8677142262458801
subj04,V3,5,O0,B:W,naturalistic,0.9053859114646912,0.0,1,0.03823057562112808,0.9824116230010986,0.7344579696655273,1.0404033660888672
subj04,V3,5,O1,A:V,simple,0.9378286004066467,0.0,1,0.16477707028388977,0.982750415802002,0.7926967740058899,0.6213982105255127
subj04,V3,5,O1,B:W,naturalistic,0.7719141840934753,0.0,1,0.14751511812210083,0.9487053155899048,0.026001691818237305,1.1667808294296265
subj04,V3,5,O2,A:V,simple,0.9485393166542053,10000.0,1,0.0444500632584095,0.9844993352890015,0.8543636798858643,0.8674994707107544
subj04,V3,5,O2,B:W,naturalistic,0.9053257703781128,10000.0,1,0.03826646879315376,0.9823959469795227,0.7342075109481812,1.0404314994812012
subj04,V3,5,O3,A:V,simple,0.8913907642499587,2.559547922699533,4,0.24869991682215095,0.8703322632113953,0.6623520072725898,0.7917309536648286
subj04,V3,5,O3,B:W,naturalistic,0.6260531567975992,2.559547922699533,4,0.37539469635290934,0.8804998901617421,-1.5651649763655087,1.2686683366732585
subj04,V3,5,O4,A:V,simple,0.9164468119056937,11.513953993264458,3,0.22143069608139776,0.8963736013640099,0.7906482199354603,0.7385245267137338
subj04,V3,5,O4,B:W,naturalistic,0.9174674574119496,11.513953993264458,3,0.044890652945187355,0.988283125580174,0.8000172042545326,1.1352326367874621
subj04,hV4,0,O0,A:E,simple,0.5566726922988892,0.0,1,0.2912750244140625,0.9325106143951416,0.2122853398323059,1.3335729837417603
subj04,hV4,0,O0,B:B,naturalistic,0.8765854239463806,0.0,1,0.07821252942085266,0.9855059385299683,0.7027024030685425,0.7631673216819763
subj04,hV4,0,O1,A:E,simple,0.5132818222045898,0.0,1,0.2996061146259308,0.9268879294395447,0.1263653039932251,1.325293779373169
subj04,hV4,0,O1,B:B,naturalistic,0.8841065764427185,0.0,1,0.06373123079538345,0.9863543510437012,0.7289780974388123,0.7949748635292053
subj04,hV4,0,O2,A:E,simple,0.5633430480957031,7.9060432109076855,1,0.25773388147354126,0.93354731798172,0.26741141080856323,1.2930530309677124
subj04,hV4,0,O2,B:B,naturalistic,0.8821612596511841,7.9060432109076855,1,0.05176512524485588,0.984164297580719,0.7775145769119263,0.8415302038192749
subj04,hV4,0,O3,A:E,simple,0.5197954347500456,2.559547922699533,7,0.2111385113280569,0.927118299839622,0.17637276093393273,1.1929883354350654
subj04,hV4,0,O3,B:B,naturalistic,0.4534791992889792,2.559547922699533,7,0.12740273895133025,0.9389512104634917,-0.037834581175675286,1.0339887211067087
subj04,hV4,0,O4,A:E,simple,0.3611466301569156,2.559547922699533,4,0.28105813844036387,0.8991004385481256,-0.23133091215174173,1.19816524096713
subj04,hV4,0,O4,B:B,naturalistic,0.8419501795067502,2.559547922699533,4,0.04564861866297505,0.9821246476818855,0.6921131660353749,1.0832060950449978
subj04,hV4,1,O0,A:H,simple,0.669956624507904,0.0,1,0.14944447576999664,0.9292923808097839,0.4322158694267273,1.0434362888336182
subj04,hV4,1,O0,B:C,naturalistic,0.6726118922233582,0.0,1,0.21900181472301483,0.8905045986175537,0.3966977596282959,1.0000498294830322
subj04,hV4,1,O1,A:H,simple,0.5993614196777344,0.0,1,0.15890643000602722,0.9213038682937622,0.3558019995689392,1.0090945959091187
subj04,hV4,1,O1,B:C,naturalistic,0.6254911422729492,0.0,1,0.2738264501094818,0.8797188401222229,0.35298657417297363,1.0981945991516113
subj04,hV4,1,O2,A:H,simple,0.6990542411804199,24.420530945486497,1,0.13851600885391235,0.9329227805137634,0.4618130922317505,1.0270553827285767
subj04,hV4,1,O2,B:C,naturalistic,0.6706991791725159,24.420530945486497,1,0.21924588084220886,0.8939051032066345,0.417275607585907,1.0292277336120605
subj04,hV4,1,O3,A:H,simple,0.9150694453291602,0.8286427728546842,7,0.3151823226260364,0.9759432949189735,0.2728479817796102,1.493290050116359
subj04,hV4,1,O3,B:C,naturalistic,0.5935134193786115,0.8286427728546842,7,0.3002767124334455,0.849738582043965,0.08794078099409974,0.9991787679012343
subj04,hV4,1,O4,A:H,simple,0.8699523037868891,0.3906939937054613,5,0.41582662038191964,0.9712496232940786,0.40595746134365773,1.570542938240245
subj04,hV4,1,O4,B:C,naturalistic,0.625637482826431,0.3906939937054613,5,0.2480796284287937,0.874770115976122,0.24167679755613003,0.9901060700603936
subj04,hV4,2,O0,A:L,simple,0.12681695818901062,0.0,1,2.075223684310913,0.7669000625610352,-0.47355151176452637,2.056612968444824
subj04,hV4,2,O0,B:D,naturalistic,0.6858214139938354,0.0,1,0.2093912959098816,0.9068260192871094,0.43947672843933105,1.0849395990371704
subj04,hV4,2,O1,A:L,simple,0.09655479341745377,0.0,1,1.9962221384048462,0.7611984014511108,-0.5251383781433105,2.0164453983306885
subj04,hV4,2,O1,B:D,naturalistic,0.6907227635383606,0.0,1,0.21720382571220398,0.9065685272216797,0.44333839416503906,1.104230284690857
subj04,hV4,2,O2,A:L,simple,-0.09951484948396683,3.727593720314938,1,2.1390395164489746,0.7344654202461243,-0.7336269617080688,2.03002667427063
subj04,hV4,2,O2,B:D,naturalistic,0.8091894388198853,3.727593720314938,1,0.17491212487220764,0.9346559047698975,0.6330527067184448,1.154868721961975
subj04,hV4,2,O3,A:L,simple,0.3176454997294274,1.7575106248547894,7,1.1585564016727652,0.7591190941084147,-1.005928756584793,1.6163344794501617
subj04,hV4,2,O3,B:D,naturalistic,0.9278729828570174,1.7575106248547894,7,0.1457605018234566,0.9484330187360458,0.7597051852974143,1.16123716745061
subj04,hV4,2,O4,A:L,simple,-0.10739713644965398,7.9060432109076855,1,1.8744381362476943,0.7258183589960242,-0.8126063818730638,1.9095626235398389
subj04,hV4,2,O4,B:D,naturalistic,0.7674926036175113,7.9060432109076855,1,0.20068614992477565,0.9313442974949706,0.5886507479028443,1.1922815805398854
subj04,hV4,3,O0,A:P,simple,0.08154360204935074,0.0,1,0.11394021660089493,0.9472832083702087,-0.6700557470321655,0.8410491347312927
subj04,hV4,3,O0,B:K,naturalistic,0.6050767302513123,0.0,1,0.21901360154151917,0.9045419096946716,0.35909003019332886,1.0974406003952026
subj04,hV4,3,O1,A:P,simple,0.06642765551805496,0.0,1,0.1384388506412506,0.9372937083244324,-0.8553568124771118,0.8070704340934753
subj04,hV4,3,O1,B:K,naturalistic,0.5685259103775024,0.0,1,0.2810405194759369,0.8979508280754089,0.3207525610923767,1.193511962890625
subj04,hV4,3,O2,A:P,simple,0.09117712825536728,159.98587196060572,1,0.11254025250673294,0.9484724402427673,-0.6313565969467163,0.8382907509803772
subj04,hV4,3,O2,B:K,naturalistic,0.6032588481903076,159.98587196060572,1,0.21906724572181702,0.904517412185669,0.35793375968933105,1.097440242767334
subj04,hV4,3,O3,A:P,simple,0.37177861465726897,0.8286427728546842,6,0.18865792774038867,0.9399514018229254,-0.3008696985519028,0.671313234185487
subj04,hV4,3,O3,B:K,naturalistic,0.4594267891318098,0.8286427728546842,6,0.6537115155179669,0.8367513734358634,-1.0182873830643389,1.431616408569541
subj04,hV4,3,O4,A:P,simple,0.10156207335591182,0.3906939937054613,3,0.21288733383332414,0.9531696408934139,-0.23021776557285079,0.604716487184041
subj04,hV4,3,O4,B:K,naturalistic,0.5566623981841107,0.3906939937054613,3,0.48611710953669796,0.8996728152459725,0.0835499987849535,1.4432979877056393
subj04,hV4,4,O0,A:R,simple,0.5096984505653381,0.0,1,0.09656544774770737,0.958633303642273,0.12127494812011719,0.8339616060256958
subj04,hV4,4,O0,B:T,naturalistic,0.8699679374694824,0.0,1,0.2628553807735443,0.9873698949813843,0.5941572189331055,0.499769002199173
subj04,hV4,4,O1,A:R,simple,0.5141119956970215,0.0,1,0.09444332867860794,0.9590867161750793,0.12586748600006104,0.8395436406135559
subj04,hV4,4,O1,B:T,naturalistic,0.8702950477600098,0.0,1,0.2648404836654663,0.987330973148346,0.5973526239395142,0.49777719378471375
subj04,hV4,4,O2,A:R,simple,0.6779592037200928,5.428675439323859,1,0.06470302492380142,0.9758524298667908,0.44671308994293213,0.8455035090446472
subj04,hV4,4,O2,B:T,naturalistic,0.8665428161621094,5.428675439323859,1,0.2604333162307739,0.982511579990387,0.6754797697067261,0.5073671340942383
subj04,hV4,4,O3,A:R,simple,0.6655392825241582,1.2067926406393288,7,0.094844388734631,0.9519339744352844,-0.14426774767377926,0.9839115229217216
subj04,hV4,4,O3,B:T,naturalistic,0.8660051641444408,1.2067926406393288,7,0.18906559917700783,0.9497672566593791,0.7050927686458881,0.6479007325670593
subj04,hV4,4,O4,A:R,simple,0.8313004695283612,16.768329368110066,5,0.04617677158217423,0.9870045829726511,0.6907847992615583,0.8443346918975148
subj04,hV4,4,O4,B:T,naturalistic,0.8261916029353055,16.768329368110066,5,0.23164226243777872,0.9784172206145854,0.6415896309680806,0.5437420797325767
subj04,hV4,5,O0,A:V,simple,0.8223924040794373,0.0,1,0.14748677611351013,0.9438784718513489,0.5197679996490479,0.7479364275932312
subj04,hV4,5,O0,B:W,naturalistic,0.2067389339208603,0.0,1,0.1541522741317749,0.9341967701911926,-0.8330259323120117,1.0981354713439941
subj04,hV4,5,O1,A:V,simple,0.8200286030769348,0.0,1,0.15940648317337036,0.9446142911911011,0.5116314888000488,0.7172322869300842
subj04,hV4,5,O1,B:W,naturalistic,0.21977975964546204,0.0,1,0.13550838828086853,0.9381322264671326,-0.6549859046936035,1.0630345344543457
subj04,hV4,5,O2,A:V,simple,0.8694286346435547,35.564803062231285,1,0.14224596321582794,0.9504239559173584,0.5504282712936401,0.7369957566261292
subj04,hV4,5,O2,B:W,naturalistic,0.21107900142669678,35.564803062231285,1,0.15368938446044922,0.9349042773246765,-0.818732500076294,1.1014430522918701
subj04,hV4,5,O3,A:V,simple,0.7873675543650147,0.5689866029018293,7,0.23195818968365028,0.9433612153512366,0.45727866625077795,0.5942358316916645
subj04,hV4,5,O3,B:W,naturalistic,0.3894120352197766,0.5689866029018293,7,0.3099993153919932,0.9150862658612832,-2.3041857224031066,1.2989901613861805
subj04,hV4,5,O4,A:V,simple,0.8103761020909043,1.2067926406393288,5,0.2353807056461778,0.9390105264195134,0.41500774896946635,0.5967804347494949
subj04,hV4,5,O4,B:W,naturalistic,0.4882364516778201,1.2067926406393288,5,0.21624531904259503,0.9479018195802352,-0.942173388585237,1.2866689789364112
subj04,ventral,0,O0,A:E,simple,0.7360775470733643,0.0,1,0.36571842432022095,0.7971843481063843,0.5158227682113647,0.7622334361076355
subj04,ventral,0,O0,B:B,naturalistic,0.7624270915985107,0.0,1,0.28389689326286316,0.8702108263969421,0.5445214509963989,0.6673222184181213
subj04,ventral,0,O1,A:E,simple,0.7321022152900696,0.0,1,0.36774420738220215,0.7968674898147583,0.509722888469696,0.7445021867752075
subj04,ventral,0,O1,B:B,naturalistic,0.7486087679862976,0.0,1,0.29001936316490173,0.8627545833587646,0.5249736905097961,0.6773769855499268
subj04,ventral,0,O2,A:E,simple,0.7222279906272888,16.768329368110066,1,0.37156808376312256,0.7928212285041809,0.5082261562347412,0.7812608480453491
subj04,ventral,0,O2,B:B,naturalistic,0.8075546622276306,16.768329368110066,1,0.2330836057662964,0.8917645215988159,0.6121207475662231,0.7234563231468201
subj04,ventral,0,O3,A:E,simple,0.7123337874914255,51.79474679231202,6,0.37539750788850973,0.7957193733739975,0.5024112996248118,0.8882769921792324
subj04,ventral,0,O3,B:B,naturalistic,0.7958560094632557,51.79474679231202,6,0.2489711110694892,0.885109787677542,0.579326505600742,1.0650832902256335
subj04,ventral,0,O4,A:E,simple,0.7989321758706829,75.43120063354607,1,0.30055421340533617,0.8441889482245252,0.5964120574685037,0.7292572916778782
subj04,ventral,0,O4,B:B,naturalistic,0.8380232585551237,75.43120063354607,1,0.18166121002673144,0.9050484064317549,0.688446990487379,0.8772303223524709
subj04,ventral,1,O0,A:H,simple,0.5955685973167419,0.0,1,0.6132209300994873,0.656217098236084,0.3544290065765381,0.8656012415885925
subj04,ventral,1,O0,B:C,naturalistic,0.20921848714351654,0.0,1,0.9385747909545898,0.544064462184906,-0.31918346881866455,1.02839994430542
subj04,ventral,1,O1,A:H,simple,0.5331733822822571,0.0,1,0.6436682343482971,0.6246347427368164,0.278450071811676,0.8085824251174927
subj04,ventral,1,O1,B:C,naturalistic,0.08865918964147568,0.0,1,1.2560997009277344,0.49056166410446167,-0.6558762788772583,1.1953668594360352
subj04,ventral,1,O2,A:H,simple,0.6336228847503662,16.768329368110066,1,0.5611710548400879,0.6803988218307495,0.4001045227050781,0.8356845378875732
subj04,ventral,1,O2,B:C,naturalistic,0.2946399450302124,16.768329368110066,1,0.892291247844696,0.5829453468322754,-0.24877417087554932,1.0647300481796265
subj04,ventral,1,O3,A:H,simple,0.8493775426532932,35.564803062231285,7,0.2740932090383665,0.8739852475602631,0.6777887092797057,1.0687759340282337
subj04,ventral,1,O3,B:C,naturalistic,0.48622184881760616,35.564803062231285,7,1.1514100713541906,0.6049629296650069,-0.701056121791408,1.324261326636662
subj04,ventral,1,O4,A:H,simple,0.8597566742725105,35.564803062231285,2,0.22565261133201642,0.8812925237348144,0.7331899834791157,0.8330316338479665
subj04,ventral,1,O4,B:C,naturalistic,0.286668425103192,35.564803062231285,2,1.052741221460017,0.5332105995983664,-0.5374943525856624,1.1137747479360165
subj04,ventral,2,O0,A:L,simple,0.5957144498825073,0.0,1,0.738650381565094,0.6520877480506897,0.3385687470436096,1.0568947792053223
subj04,ventral,2,O0,B:D,naturalistic,0.6282802820205688,0.0,1,0.3836546838283539,0.7852225303649902,0.394722580909729,0.8003604412078857
subj04,ventral,2,O1,A:L,simple,0.6050679087638855,0.0,1,0.6884840726852417,0.661540687084198,0.35388314723968506,1.0166747570037842
subj04,ventral,2,O1,B:D,naturalistic,0.6177067756652832,0.0,1,0.39316868782043457,0.7797597646713257,0.3814590573310852,0.814313530921936
subj04,ventral,2,O2,A:L,simple,0.7781156301498413,11.513953993264458,1,0.4649605453014374,0.7884481549263,0.6009659767150879,1.082745909690857
subj04,ventral,2,O2,B:D,naturalistic,0.6948685646057129,11.513953993264458,1,0.3290829658508301,0.8198838829994202,0.48261135816574097,0.8558374643325806
subj04,ventral,2,O3,A:L,simple,0.6945165131198806,0.02811768697974228,2,0.6107575797472443,0.7491122965817564,0.3020228649427037,1.1637528695284356
subj04,ventral,2,O3,B:D,naturalistic,0.6463614215646384,0.02811768697974228,2,0.45203391692683764,0.7676010812959189,0.2907263607759275,0.9706906146210934
subj04,ventral,2,O4,A:L,simple,0.8148585384728808,0.0001,1,0.3302240178419204,0.8464598448826937,0.6159781123753177,1.0626039999494894
subj04,ventral,2,O4,B:D,naturalistic,0.6835971818165569,0.0001,1,0.34073080780513354,0.8120787376143698,0.4653289281219066,0.8263166144150804
subj04,ventral,3,O0,A:P,simple,0.536777913570404,0.0,1,0.5053168535232544,0.7129940986633301,0.2764074206352234,0.8299445509910583
subj04,ventral,3,O0,B:K,naturalistic,0.8318561911582947,0.0,1,0.3309498131275177,0.8230915665626526,0.6629109978675842,0.9149037599563599
subj04,ventral,3,O1,A:P,simple,0.5452207922935486,0.0,1,0.496372252702713,0.7173745632171631,0.28716230392456055,0.8222486972808838
subj04,ventral,3,O1,B:K,naturalistic,0.8330352902412415,0.0,1,0.34917178750038147,0.8168112635612488,0.6650859117507935,0.9446882009506226
subj04,ventral,3,O2,A:P,simple,0.45974409580230713,11.513953993264458,1,0.5648960471153259,0.6719573140144348,0.18609154224395752,0.8001085519790649
subj04,ventral,3,O2,B:K,naturalistic,0.8198398351669312,11.513953993264458,1,0.3277246952056885,0.8267552256584167,0.6594634652137756,0.9328166842460632
subj04,ventral,3,O3,A:P,simple,0.44060517702768753,0.0001,1,0.6770832283086977,0.6221418311256685,0.02192215453230728,0.8754079134519932
subj04,ventral,3,O3,B:K,naturalistic,0.5837645003142858,0.0001,1,0.7024081507835039,0.6804594042082662,0.1396643600047779,1.0871942362815177
subj04,ventral,3,O4,A:P,simple,0.7345464517897274,35.564803062231285,1,0.3206853817924666,0.825962699161985,0.537586467153125,0.772113075934324
subj04,ventral,3,O4,B:K,naturalistic,0.8287345684758938,35.564803062231285,1,0.40637011788514604,0.8086276405990986,0.6754632576063696,1.0540840225780042
subj04,ventral,4,O0,A:R,simple,0.6334459185600281,0.0,1,0.41137245297431946,0.7680216431617737,0.39837056398391724,0.8030905723571777
subj04,ventral,4,O0,B:T,naturalistic,0.3279198110103607,0.0,1,0.5793493986129761,0.7145209312438965,0.07044273614883423,0.4147048592567444
subj04,ventral,4,O1,A:R,simple,0.6433318257331848,0.0,1,0.40270471572875977,0.7740528583526611,0.4118574857711792,0.8172107934951782
subj04,ventral,4,O1,B:T,naturalistic,0.3273215889930725,0.0,1,0.5978028178215027,0.7016811370849609,0.0710417628288269,0.40141594409942627
subj04,ventral,4,O2,A:R,simple,0.5181946754455566,7.9060432109076855,1,0.5220850706100464,0.7032526135444641,0.23925042152404785,0.8322838544845581
subj04,ventral,4,O2,B:T,naturalistic,0.5113164186477661,7.9060432109076855,1,0.5264231562614441,0.7643563747406006,0.25773942470550537,0.4316946864128113
subj04,ventral,4,O3,A:R,simple,0.8101925958818594,0.013257113655901081,2,0.3093485905359226,0.8574123874436134,0.5513353595260866,1.0683735589723056
subj04,ventral,4,O3,B:T,naturalistic,0.5432697355084618,0.013257113655901081,2,0.5959974625587002,0.640799365597166,-0.07088137755821045,0.7221707414120745
subj04,ventral,4,O4,A:R,simple,0.8216471718634458,51.79474679231202,3,0.22747514027318866,0.8789526973829423,0.6719601798055705,0.884698041211996
subj04,ventral,4,O4,B:T,naturalistic,0.764905595548588,51.79474679231202,3,0.3354133873793171,0.8669974123285071,0.5850786551957674,0.5718738716379607
subj04,ventral,5,O0,A:V,simple,0.665334165096283,0.0,1,0.3589089810848236,0.8172454237937927,0.4213888645172119,0.9809501767158508
subj04,ventral,5,O0,B:W,naturalistic,0.6754165291786194,0.0,1,0.3037458062171936,0.8370458483695984,0.45608627796173096,0.7707771062850952
subj04,ventral,5,O1,A:V,simple,0.6618701219558716,0.0,1,0.3508344888687134,0.8145505785942078,0.4173615574836731,0.9342468976974487
subj04,ventral,5,O1,B:W,naturalistic,0.6586179733276367,0.0,1,0.3161553144454956,0.8291350603103638,0.43375343084335327,0.7689659595489502
subj04,ventral,5,O2,A:V,simple,0.7002514600753784,11.513953993264458,1,0.3189796507358551,0.8332049250602722,0.46891462802886963,0.948140561580658
subj04,ventral,5,O2,B:W,naturalistic,0.6539252996444702,11.513953993264458,1,0.31996482610702515,0.8247091174125671,0.4219914674758911,0.8142214417457581
subj04,ventral,5,O3,A:V,simple,0.6619523136135022,0.3906939937054613,3,0.657934769165582,0.7233452544260462,-0.05356771930916726,1.1489779135664426
subj04,ventral,5,O3,B:W,naturalistic,0.7027879315200437,0.3906939937054613,3,0.45558606398542534,0.8290341496698143,0.18268673225227228,1.207033702411824
subj04,ventral,5,O4,A:V,simple,0.7536986489690846,35.564803062231285,6,0.37878948735847817,0.8072548087459754,0.42430918696590547,0.9817537051392293
subj04,ventral,5,O4,B:W,naturalistic,0.8085058623632059,35.564803062231285,6,0.20037704810490337,0.9002724557059141,0.6475274896342056,1.0045198174567689
subj04,lateral,0,O0,A:E,simple,0.7186551094055176,0.0,1,0.2723381817340851,0.8581812977790833,0.5043125748634338,0.7643024921417236
subj04,lateral,0,O0,B:B,naturalistic,0.8279079794883728,0.0,1,0.19942598044872284,0.9101704359054565,0.6814125776290894,0.7433282136917114
subj04,lateral,0,O1,A:E,simple,0.7123348712921143,0.0,1,0.31030526757240295,0.838758647441864,0.49364399909973145,0.7211944460868835
subj04,lateral,0,O1,B:B,naturalistic,0.7699388861656189,0.0,1,0.2476188987493515,0.8769323229789734,0.5926058292388916,0.7479777336120605
subj04,lateral,0,O2,A:E,simple,0.7186679840087891,10000.0,1,0.2723829746246338,0.8581483960151672,0.5042954087257385,0.7643306851387024
subj04,lateral,0,O2,B:B,naturalistic,0.8279807567596436,10000.0,1,0.1993730664253235,0.9101991653442383,0.6815356016159058,0.7433594465255737
subj04,lateral,0,O3,A:E,simple,0.6058250738718471,0.0001,6,0.5017720690095353,0.706861164231984,0.23000837789683148,0.7446074882111408
subj04,lateral,0,O3,B:B,naturalistic,0.6771329322727972,0.0001,6,0.390640545785462,0.8131309706774259,0.23379011940679328,1.040776601008869
subj04,lateral,0,O4,A:E,simple,0.6937370973236122,0.0001,4,0.4034783802659264,0.7753550518522961,0.43569263452297613,0.7071359599033893
subj04,lateral,0,O4,B:B,naturalistic,0.8740737957087661,0.0001,4,0.1294254492899455,0.9369844111855643,0.7630123889285348,0.8511633491412572
subj04,lateral,1,O0,A:H,simple,0.7576630711555481,0.0,1,0.3130478262901306,0.850115954875946,0.563949704170227,1.0391792058944702
subj04,lateral,1,O0,B:C,naturalistic,0.776274561882019,0.0,1,0.6833899021148682,0.6939075589179993,0.6021566390991211,1.0999834537506104
subj04,lateral,1,O1,A:H,simple,0.7670127749443054,0.0,1,0.27701902389526367,0.8556525111198425,0.5695215463638306,0.9513615369796753
subj04,lateral,1,O1,B:C,naturalistic,0.7430838942527771,0.0,1,0.9635477066040039,0.6605921983718872,0.5397546291351318,1.2929922342300415
subj04,lateral,1,O2,A:H,simple,0.7577162981033325,10000.0,1,0.31292372941970825,0.8501491546630859,0.5640494227409363,1.0390331745147705
subj04,lateral,1,O2,B:C,naturalistic,0.7762834429740906,10000.0,1,0.6835901141166687,0.693878173828125,0.6021716594696045,1.1001503467559814
subj04,lateral,1,O3,A:H,simple,0.5577942130759644,0.0001,3,0.6159914820646567,0.6741651197553199,0.08138622480254531,0.9396647766729771
subj04,lateral,1,O3,B:C,naturalistic,0.6289315993206532,0.0001,3,1.2281631136384445,0.6160909973637742,0.23952649631500944,1.3956621799283715
subj04,lateral,1,O4,A:H,simple,0.8137076014835722,339.3221771895323,3,0.22056646351535153,0.8829609319648193,0.6587986113381677,0.8966154716093107
subj04,lateral,1,O4,B:C,naturalistic,0.7897758360085885,339.3221771895323,3,0.9557189855736805,0.672684071050832,0.6224441020497311,1.3116072534210657
subj04,lateral,2,O0,A:L,simple,0.8088093996047974,0.0,1,0.38223782181739807,0.8321161866188049,0.6541683673858643,1.1053473949432373
subj04,lateral,2,O0,B:D,naturalistic,0.8346000909805298,0.0,1,0.30545076727867126,0.8355040550231934,0.6613097190856934,0.8948150277137756
subj04,lateral,2,O1,A:L,simple,0.7985776662826538,0.0,1,0.3403332233428955,0.8364925384521484,0.6376507878303528,1.0366253852844238
subj04,lateral,2,O1,B:D,naturalistic,0.8295560479164124,0.0,1,0.2804441452026367,0.8487924337387085,0.6681466698646545,0.8786720037460327
subj04,lateral,2,O2,A:L,simple,0.8130783438682556,51.79474679231202,1,0.3685551583766937,0.8363578915596008,0.6610962152481079,1.0972208976745605
subj04,lateral,2,O2,B:D,naturalistic,0.8343840837478638,51.79474679231202,1,0.2999899089336395,0.8382200002670288,0.6627285480499268,0.8892378211021423
subj04,lateral,2,O3,A:L,simple,0.7634354404669174,0.0062505519252739694,3,0.40322663791516483,0.8286984647980212,0.526961089446661,1.1286448543261756
subj04,lateral,2,O3,B:D,naturalistic,0.7030617120290639,0.0062505519252739694,3,0.5724051841440112,0.6826231645468522,0.41204437877438416,0.8785302607866168
subj04,lateral,2,O4,A:L,simple,0.8703952654231106,339.3221771895323,7,0.24824352293763396,0.8797257151246196,0.7535564663311124,1.0285911173843436
subj04,lateral,2,O4,B:D,naturalistic,0.8113554098497747,339.3221771895323,7,0.2839866197225301,0.8490765512015223,0.6337083718583582,0.7789505484679717
subj04,lateral,3,O0,A:P,simple,0.7313185334205627,0.0,1,0.2457590401172638,0.8753273487091064,0.29865366220474243,0.98467618227005
subj04,lateral,3,O0,B:K,naturalistic,0.804092526435852,0.0,1,0.3439808487892151,0.8270412087440491,0.6463514566421509,0.9943069219589233
subj04,lateral,3,O1,A:P,simple,0.7344416975975037,0.0,1,0.26700252294540405,0.8603404760360718,0.295352578163147,0.9451233148574829
subj04,lateral,3,O1,B:K,naturalistic,0.824209451675415,0.0,1,0.34812548756599426,0.8331882953643799,0.6786883473396301,1.0389264822006226
subj04,lateral,3,O2,A:P,simple,0.7346314787864685,75.43120063354607,1,0.24436797201633453,0.8752858638763428,0.3093786835670471,0.9777230024337769
subj04,lateral,3,O2,B:K,naturalistic,0.8060130476951599,75.43120063354607,1,0.345198392868042,0.8277860879898071,0.6495076417922974,1.0022224187850952
subj04,lateral,3,O3,A:P,simple,0.6569563814230032,24.420530945486497,7,0.38308249459703436,0.8221067062383359,-0.12282374501997384,1.064886265770088
subj04,lateral,3,O3,B:K,naturalistic,0.702759407374509,24.420530945486497,7,0.5744852720668345,0.7710112649102406,0.3931586682653796,1.182038794056275
subj04,lateral,3,O4,A:P,simple,0.7598988457042982,494.1713361323828,3,0.23959863905883627,0.87443307233664,0.37498102480315054,0.9394855058516017
subj04,lateral,3,O4,B:K,naturalistic,0.8303629936133686,494.1713361323828,3,0.3324214319079634,0.8409291581717666,0.6892631557968711,1.0398845669107992
subj04,lateral,4,O0,A:R,simple,0.7711585760116577,0.0,1,0.30439016222953796,0.8349686861038208,0.5899717211723328,0.874501645565033
subj04,lateral,4,O0,B:T,naturalistic,0.6122192740440369,0.0,1,0.5642043948173523,0.7341344952583313,0.3616930842399597,0.41295236349105835
subj04,lateral,4,O1,A:R,simple,0.7695930600166321,0.0,1,0.30789706110954285,0.834570050239563,0.5850419998168945,0.9009352922439575
subj04,lateral,4,O1,B:T,naturalistic,0.5978784561157227,0.0,1,0.6530027389526367,0.6414111256599426,0.33717459440231323,0.38761773705482483
subj04,lateral,4,O2,A:R,simple,0.7714781165122986,109.85411419875572,1,0.3042231798171997,0.8351895809173584,0.5901361107826233,0.8771985173225403
subj04,lateral,4,O2,B:T,naturalistic,0.6136152744293213,109.85411419875572,1,0.5709729790687561,0.7276384234428406,0.36324822902679443,0.4107303023338318
subj04,lateral,4,O3,A:R,simple,0.7221574439118561,1.2067926406393288,2,0.40399686132368035,0.8031678544605547,0.4839665794677084,1.0246978074524224
subj04,lateral,4,O3,B:T,naturalistic,0.17865238078697657,1.2067926406393288,2,1.4560830163674157,-0.024737674932346843,-1.3992784412990678,0.6510544759640602
subj04,lateral,4,O4,A:R,simple,0.8501460268046973,51.79474679231202,2,0.22211458134598006,0.8835045144643331,0.7205143868162085,0.9354167459015599
subj04,lateral,4,O4,B:T,naturalistic,0.47309623430984765,51.79474679231202,2,0.8969394488042319,0.355322059349997,-0.12930837062067724,0.5076155126715296
subj04,lateral,5,O0,A:V,simple,0.806613564491272,0.0,1,0.22926568984985352,0.8886384963989258,0.6265623569488525,1.0262759923934937
subj04,lateral,5,O0,B:W,naturalistic,0.8226480484008789,0.0,1,0.4700084924697876,0.7712299227714539,0.674750566482544,1.0257961750030518
subj04,lateral,5,O1,A:V,simple,0.7827613949775696,0.0,1,0.2372177094221115,0.8735364675521851,0.6108657121658325,0.856693685054779
subj04,lateral,5,O1,B:W,naturalistic,0.7694904804229736,0.0,1,0.7602249383926392,0.6868574023246765,0.5920677185058594,1.1685192584991455
subj04,lateral,5,O2,A:V,simple,0.8081537485122681,159.98587196060572,1,0.224993497133255,0.8895209431648254,0.6322883367538452,1.0169620513916016
subj04,lateral,5,O2,B:W,naturalistic,0.8240098357200623,159.98587196060572,1,0.48251378536224365,0.7668861746788025,0.6762240529060364,1.0326454639434814
subj04,lateral,5,O3,A:V,simple,0.8342296727327287,0.0001,3,0.45129522086157076,0.8911499726558297,0.2874759192488242,1.3865725577029906
subj04,lateral,5,O3,B:W,naturalistic,0.7158250494939062,0.0001,3,1.8735446422872246,0.6587224731170678,0.2851750949749875,1.802164568175901
subj04,lateral,5,O4,A:V,simple,0.8475558529783584,1526.4179671752302,2,0.17622600753369644,0.9109569166014141,0.7070838363144916,0.9888580343602297
subj04,lateral,5,O4,B:W,naturalistic,0.8401486104569118,1526.4179671752302,2,0.5859943502070301,0.7523201596698272,0.7038206461487561,1.142166237900644
subj04,parietal,0,O0,A:E,simple,0.7552653551101685,0.0,1,0.3913670480251312,0.7818377614021301,0.538925051689148,0.7304826974868774
subj04,parietal,0,O0,B:B,naturalistic,0.784401535987854,0.0,1,0.36565351486206055,0.8627563118934631,0.5163991451263428,0.531091034412384
subj04,parietal,0,O1,A:E,simple,0.7620297074317932,0.0,1,0.3842463791370392,0.7865196466445923,0.5477529764175415,0.7330455780029297
subj04,parietal,0,O1,B:B,naturalistic,0.7804760336875916,0.0,1,0.360975980758667,0.8603149652481079,0.5172235369682312,0.5423248410224915
subj04,parietal,0,O2,A:E,simple,0.7552854418754578,10000.0,1,0.3913629949092865,0.7818443775177002,0.5389257669448853,0.7304282784461975
subj04,parietal,0,O2,B:B,naturalistic,0.7844499349594116,10000.0,1,0.3655935823917389,0.862784206867218,0.5164660215377808,0.5311365723609924
subj04,parietal,0,O3,A:E,simple,0.6033523893677294,11.513953993264458,5,0.531433309764483,0.6864933787150165,0.3594861328834511,0.7385172769082665
subj04,parietal,0,O3,B:B,naturalistic,0.5141177760628548,11.513953993264458,5,0.5073693105994255,0.7142216105674352,0.2425689790881288,0.8464402584606846
subj04,parietal,0,O4,A:E,simple,0.8263783577206528,35.564803062231285,1,0.31357915054008967,0.8420705892530547,0.6232304123291945,0.6915314330425124
subj04,parietal,0,O4,B:B,naturalistic,0.7867887462421077,35.564803062231285,1,0.3034307883328792,0.8590261706994176,0.5540506135051613,0.6556627214998627
subj04,parietal,1,O0,A:H,simple,0.7017238140106201,0.0,1,0.39631691575050354,0.7786810398101807,0.49176132678985596,0.8302653431892395
subj04,parietal,1,O0,B:C,naturalistic,0.6063578128814697,0.0,1,1.3841336965560913,0.37354937195777893,0.3063097596168518,1.0972018241882324
subj04,parietal,1,O1,A:H,simple,0.6710655689239502,0.0,1,0.4347553551197052,0.752396285533905,0.4496115446090698,0.723143994808197
subj04,parietal,1,O1,B:C,naturalistic,0.44711819291114807,0.0,1,3.279370069503784,0.10479754954576492,0.0520099401473999,1.618188738822937
subj04,parietal,1,O2,A:H,simple,0.7027020454406738,75.43120063354607,1,0.3928709030151367,0.779764711856842,0.4934083819389343,0.8098304271697998
subj04,parietal,1,O2,B:C,naturalistic,0.6123226881027222,75.43120063354607,1,1.5304018259048462,0.35348209738731384,0.30976229906082153,1.1630197763442993
subj04,parietal,1,O3,A:H,simple,0.6871539333061759,7.9060432109076855,6,1.3965908744549789,0.3492638157164086,0.29908669489119755,1.0693860956715484
subj04,parietal,1,O3,B:C,naturalistic,0.4853956389313632,7.9060432109076855,6,6.58773585435295,0.20643601951883325,-1.227560775385672,2.5792722033285083
subj04,parietal,1,O4,A:H,simple,0.7747789514604739,24.420530945486497,3,0.8848809078837451,0.49924699172182,0.5747610612587031,0.8654824994440081
subj04,parietal,1,O4,B:C,naturalistic,0.5158737448133882,24.420530945486497,3,5.508759429827371,0.14729684203611998,-0.20193429065383128,2.2757835550991454
subj04,parietal,2,O0,A:L,simple,0.4390104115009308,0.0,1,2.191283941268921,-0.19352498650550842,0.12382674217224121,0.914958655834198
subj04,parietal,2,O0,B:D,naturalistic,0.8533937931060791,0.0,1,0.1803700178861618,0.9173099398612976,0.6884428858757019,0.7695688009262085
subj04,parietal,2,O1,A:L,simple,0.4397948980331421,0.0,1,2.193854331970215,-0.19377946853637695,0.12501537799835205,0.9159073829650879
subj04,parietal,2,O1,B:D,naturalistic,0.8532557487487793,0.0,1,0.18052887916564941,0.9172616600990295,0.6882435083389282,0.7692825794219971
subj04,parietal,2,O2,A:L,simple,0.4390797019004822,339.3221771895323,1,2.1926116943359375,-0.19404157996177673,0.12424176931381226,0.915131151676178
subj04,parietal,2,O2,B:D,naturalistic,0.8547554016113281,339.3221771895323,1,0.17901617288589478,0.9179851412773132,0.6906827688217163,0.7706327438354492
subj04,parietal,2,O3,A:L,simple,0.6723867964796831,5.428675439323859,7,1.913323821757807,0.11214258185232298,0.3245017199304837,1.0743795352110075
subj04,parietal,2,O3,B:D,naturalistic,0.6330616787028405,5.428675439323859,7,0.380377057996999,0.799141502779914,0.32632855103545655,0.9369971925893394
subj04,parietal,2,O4,A:L,simple,0.6635447981828465,0.5689866029018293,2,1.809602652642974,0.072722797757585,0.3827550163562784,0.9754361637828478
subj04,parietal,2,O4,B:D,naturalistic,0.8314478698210449,0.5689866029018293,2,0.17800605764053615,0.9066430264828366,0.6869783297250882,0.9038830268398027
subj04,parietal,3,O0,A:P,simple,0.8008468151092529,0.0,1,0.27219340205192566,0.8822032809257507,0.6412334442138672,0.6575345396995544
subj04,parietal,3,O0,B:K,naturalistic,0.8174418210983276,0.0,1,0.24835070967674255,0.8714979290962219,0.6644465923309326,0.9601505398750305
subj04,parietal,3,O1,A:P,simple,0.8042377829551697,0.0,1,0.26581934094429016,0.8848958611488342,0.6467127799987793,0.6638528108596802
subj04,parietal,3,O1,B:K,naturalistic,0.8218360543251038,0.0,1,0.24833184480667114,0.8730635643005371,0.6730775237083435,0.9758831858634949
subj04,parietal,3,O2,A:P,simple,0.7999041676521301,719.6856730011514,1,0.27327385544776917,0.8817096948623657,0.6397210359573364,0.6565742492675781
subj04,parietal,3,O2,B:K,naturalistic,0.8176897168159485,719.6856730011514,1,0.2481907308101654,0.8716644048690796,0.6647740006446838,0.9610472321510315
subj04,parietal,3,O3,A:P,simple,0.4944011138304646,0.0001,1,0.6486791752844848,0.5987321241396456,0.021560294373062172,0.6833449247368754
subj04,parietal,3,O3,B:K,naturalistic,0.6423005061085884,0.0001,1,0.8709591073409124,0.6631120527547084,-0.14261343083581823,1.220495831533731
subj04,parietal,3,O4,A:P,simple,0.8485472630974321,35.564803062231285,1,0.3376506110246288,0.850282719586206,0.7189317598901439,0.6040484958541931
subj04,parietal,3,O4,B:K,naturalistic,0.8585017840435485,35.564803062231285,1,0.2225796621972914,0.8933814583338999,0.7356215403731663,1.037291248015513
subj04,parietal,4,O0,A:R,simple,0.7203975319862366,0.0,1,0.32318800687789917,0.8228975534439087,0.49073463678359985,0.8415641784667969
subj04,parietal,4,O0,B:T,naturalistic,0.40893658995628357,0.0,1,0.6237031817436218,0.6710056662559509,0.08213657140731812,0.39906516671180725
subj04,parietal,4,O1,A:R,simple,0.7203360199928284,0.0,1,0.3235856294631958,0.8226367235183716,0.4907817244529724,0.8404380679130554
subj04,parietal,4,O1,B:T,naturalistic,0.40890243649482727,0.0,1,0.6225917935371399,0.6720547676086426,0.0820874571800232,0.3995676040649414
subj04,parietal,4,O2,A:R,simple,0.7213152647018433,51.79474679231202,1,0.3228549361228943,0.8230719566345215,0.4923224449157715,0.8404577374458313
subj04,parietal,4,O2,B:T,naturalistic,0.40972214937210083,51.79474679231202,1,0.6262328624725342,0.6663071513175964,0.07843858003616333,0.4013582766056061
subj04,parietal,4,O3,A:R,simple,0.6948475288694983,2.559547922699533,3,0.7242862621896999,0.6185922056118619,0.20990286824568105,0.9456129100520247
subj04,parietal,4,O3,B:T,naturalistic,0.4393417888192458,2.559547922699533,3,1.0036562602826309,0.3219072202187934,-0.7128126696453294,0.6494440611240369
subj04,parietal,4,O4,A:R,simple,0.79875228873518,16.768329368110066,1,0.2586787953365349,0.8629341140616017,0.6315716531116891,0.8051930948739447
subj04,parietal,4,O4,B:T,naturalistic,0.6020016126373053,16.768329368110066,1,0.5076582726012503,0.7486506096993395,0.30071020011635585,0.4876222098602843
subj04,parietal,5,O0,A:V,simple,0.8185377717018127,0.0,1,0.1565680056810379,0.9183874130249023,0.6652588248252869,0.9202058911323547
subj04,parietal,5,O0,B:W,naturalistic,0.7931541800498962,0.0,1,0.2583673596382141,0.8714683055877686,0.6277610063552856,1.0049768686294556
subj04,parietal,5,O1,A:V,simple,0.822115957736969,0.0,1,0.1579207181930542,0.9183151721954346,0.6730701923370361,0.8833360075950623
subj04,parietal,5,O1,B:W,naturalistic,0.7919840216636658,0.0,1,0.2514112889766693,0.8720812797546387,0.6260503530502319,0.98133784532547
subj04,parietal,5,O2,A:V,simple,0.8267335891723633,51.79474679231202,1,0.15080270171165466,0.9215906858444214,0.6800506114959717,0.9100914001464844
subj04,parietal,5,O2,B:W,naturalistic,0.7781964540481567,51.79474679231202,1,0.280324786901474,0.8639713525772095,0.600016176700592,1.0275903940200806
subj04,parietal,5,O3,A:V,simple,0.7030339902035558,24.420530945486497,7,0.6154694189042972,0.8027524132307652,-0.3281511481471764,1.3125374593724282
subj04,parietal,5,O3,B:W,naturalistic,0.6208509382290135,24.420530945486497,7,1.1416521566852937,0.7813071570484806,-0.1806230107136957,1.6485401090437355
subj04,parietal,5,O4,A:V,simple,0.8133534373552541,51.79474679231202,2,0.2443266462727858,0.8727350747898859,0.5507856379158531,0.9501500974839469
subj04,parietal,5,O4,B:W,naturalistic,0.7413393779864642,51.79474679231202,2,0.4784776418314247,0.8382537280416614,0.5072370135294315,1.2638673688378401
subj05,V1,0,O0,A:E,simple,0.854174017906189,0.0,1,0.3080911934375763,0.8912416100502014,0.6619598269462585,0.5712372660636902
subj05,V1,0,O0,B:B,naturalistic,0.9198448061943054,0.0,1,0.9083054661750793,0.40355294942855835,0.7971535921096802,0.670312225818634
subj05,V1,0,O1,A:E,simple,0.8937040567398071,0.0,1,0.18464423716068268,0.9264107346534729,0.7556402683258057,0.7193331718444824
subj05,V1,0,O1,B:B,naturalistic,0.8423226475715637,0.0,1,0.2909943163394928,0.8824282288551331,0.670577883720398,0.6184701919555664
subj05,V1,0,O2,A:E,simple,0.8677910566329956,75.43120063354607,1,0.28598710894584656,0.9058625102043152,0.6734912395477295,0.5794057846069336
subj05,V1,0,O2,B:B,naturalistic,0.9142038822174072,75.43120063354607,1,0.7858740091323853,0.48398762941360474,0.7837097644805908,0.6258257627487183
subj05,V1,0,O3,A:E,simple,0.6956844501624567,3.727593720314938,7,0.39671439883244536,0.7912496617678827,0.4836659691369385,0.9422144847071894
subj05,V1,0,O3,B:B,naturalistic,0.8730539023055717,3.727593720314938,7,0.42304613384873924,0.8527519599679881,0.45724922237893506,1.2403497505171093
subj05,V1,0,O4,A:E,simple,0.7875674152367694,16.768329368110066,1,0.3412383773087224,0.8116574553160387,0.5425562958400285,0.8065435413732137
subj05,V1,0,O4,B:B,naturalistic,0.8942786735438139,16.768329368110066,1,0.14755163514128586,0.9242516779125082,0.7917167093219304,0.9665930745147957
subj05,V1,1,O0,A:H,simple,0.4665166437625885,0.0,1,0.6861487627029419,0.5629722476005554,-0.7775291204452515,0.6185284852981567
subj05,V1,1,O0,B:C,naturalistic,0.9363903403282166,0.0,1,0.9324328303337097,0.5474348068237305,0.86541748046875,1.029220700263977
subj05,V1,1,O1,A:H,simple,0.3953709900379181,0.0,1,0.686835527420044,0.603350043296814,-2.02347993850708,0.828886866569519
subj05,V1,1,O1,B:C,naturalistic,0.9455785155296326,0.0,1,0.4336722195148468,0.7642900943756104,0.8910929560661316,0.8977496027946472
subj05,V1,1,O2,A:H,simple,0.41013821959495544,24.420530945486497,1,0.6783733367919922,0.5751745104789734,-1.1423053741455078,0.671085774898529
subj05,V1,1,O2,B:C,naturalistic,0.9493777751922607,24.420530945486497,1,0.7498480081558228,0.6262953877449036,0.8896659016609192,1.0032488107681274
subj05,V1,1,O3,A:H,simple,0.45355734000472275,2.559547922699533,7,0.6037043586256118,0.699968432356289,-2.5019873032245616,1.0060079238123387
subj05,V1,1,O3,B:C,naturalistic,0.9230269842318211,2.559547922699533,7,0.5258857490187525,0.8330308579564182,0.5574802874816726,1.3018870465195913
subj05,V1,1,O4,A:H,simple,0.5533879945443396,3.727593720314938,1,0.3083009192941187,0.8359507899735976,-0.24734392577853792,0.7516023575703018
subj05,V1,1,O4,B:C,naturalistic,0.9539254742359577,3.727593720314938,1,0.3249902135981613,0.8444559653134595,0.8628632517212176,1.039638084338296
subj05,V1,2,O0,A:L,simple,0.5151963829994202,0.0,1,0.5960918664932251,0.6415943503379822,-0.79083251953125,0.5536447763442993
subj05,V1,2,O0,B:D,naturalistic,0.9623602628707886,0.0,1,0.4461545944213867,0.7450247406959534,0.7978770732879639,0.7101498246192932
subj05,V1,2,O1,A:L,simple,0.5611258149147034,0.0,1,0.35879889130592346,0.802579402923584,-1.0240530967712402,0.7484262585639954
subj05,V1,2,O1,B:D,naturalistic,0.967250406742096,0.0,1,0.2529318928718567,0.8733034729957581,0.8716248273849487,0.7484405040740967
subj05,V1,2,O2,A:L,simple,0.5169802904129028,1048.1131341546852,1,0.5915902256965637,0.6453565955162048,-0.7866371870040894,0.5554935336112976
subj05,V1,2,O2,B:D,naturalistic,0.9618887305259705,1048.1131341546852,1,0.44768384099006653,0.744037389755249,0.795927882194519,0.7083247303962708
subj05,V1,2,O3,A:L,simple,0.6983230919049582,0.8286427728546842,7,0.23652982225221253,0.9427024081351435,-1.1533495721219382,1.2965635538704852
subj05,V1,2,O3,B:D,naturalistic,0.3966432510816349,0.8286427728546842,7,1.1914524840909453,0.32318701216764545,-0.015071812334944479,0.8671560655561537
subj05,V1,2,O4,A:L,simple,0.6050255686178352,159.98587196060572,2,0.3139953440517256,0.8452559687775552,-0.3375377707757443,0.6765756541500302
subj05,V1,2,O4,B:D,naturalistic,0.9638605655416046,159.98587196060572,2,0.40895499849907807,0.7727489544623287,0.801772064641888,0.6946726929191122
subj05,V1,3,O0,A:P,simple,0.8104060888290405,0.0,1,0.30913659930229187,0.8469902873039246,0.6218512058258057,0.6841124296188354
subj05,V1,3,O0,B:K,naturalistic,0.9625510573387146,0.0,1,0.14050041139125824,0.9352502822875977,0.8609635233879089,0.8119887709617615
subj05,V1,3,O1,A:P,simple,0.8612707257270813,0.0,1,0.12335863709449768,0.9371891617774963,0.6963589191436768,0.8961735367774963
subj05,V1,3,O1,B:K,naturalistic,0.8604593276977539,0.0,1,0.3274189531803131,0.8736972808837891,0.6369181871414185,0.57242351770401
subj05,V1,3,O2,A:P,simple,0.8069127202033997,109.85411419875572,1,0.2941093146800995,0.8538796901702881,0.6108531355857849,0.7014991641044617
subj05,V1,3,O2,B:K,naturalistic,0.9655333757400513,109.85411419875572,1,0.13399076461791992,0.9420711994171143,0.862397313117981,0.795480489730835
subj05,V1,3,O3,A:P,simple,0.7310843309610352,5.428675439323859,6,0.19230330930443654,0.902710587863117,0.40196055935776187,0.9875032014346301
subj05,V1,3,O3,B:K,naturalistic,0.479873226045069,5.428675439323859,6,1.355078102006024,0.26684167833140743,0.0678027209238089,0.9197448874332521
subj05,V1,3,O4,A:P,simple,0.8425898677621066,2.559547922699533,1,0.11062257419308547,0.9460759334146371,0.7030430452926781,0.8706947554949835
subj05,V1,3,O4,B:K,naturalistic,0.9352011894575193,2.559547922699533,1,0.9373427745096062,0.5541490798748082,0.8745805816567523,1.0485416059050536
subj05,V1,4,O0,A:R,simple,0.9514989256858826,0.0,1,0.11595166474580765,0.9461000561714172,0.9049906134605408,1.0512531995773315
subj05,V1,4,O0,B:T,naturalistic,0.8763428926467896,0.0,1,0.27669304609298706,0.8512715697288513,0.7603763937950134,0.8881011605262756
subj05,V1,4,O1,A:R,simple,0.9016770720481873,0.0,1,0.6918680667877197,0.8779119849205017,0.6527557373046875,1.5580573081970215
subj05,V1,4,O1,B:T,naturalistic,0.7728642821311951,0.0,1,0.5861244797706604,0.660605788230896,0.5966886281967163,0.8106876015663147
subj05,V1,4,O2,A:R,simple,0.9476265907287598,75.43120063354607,1,0.1464729756116867,0.9384655952453613,0.8950913548469543,1.1033613681793213
subj05,V1,4,O2,B:T,naturalistic,0.8920860290527344,75.43120063354607,1,0.21511395275592804,0.8863793611526489,0.7886897325515747,0.8584080934524536
subj05,V1,4,O3,A:R,simple,0.7214722150710272,5.428675439323859,7,2.054908629627354,0.7596474458842297,-0.8667086056134059,2.037134343413543
subj05,V1,4,O3,B:T,naturalistic,0.6500957982311363,5.428675439323859,7,2.002607178679543,0.41313397794176265,0.011394372720154089,1.4963176107089426
subj05,V1,4,O4,A:R,simple,0.9528353356553048,0.0013894954943731374,1,0.0902865107451133,0.954282991758536,0.9045738215193899,0.9849835082795376
subj05,V1,4,O4,B:T,naturalistic,0.8410190537824412,0.0013894954943731374,1,1.245803991178115,0.5237188606242503,0.6742541453404021,1.2448883227703496
subj05,V1,5,O0,A:V,simple,0.9564939737319946,0.0,1,0.3343058228492737,0.878890872001648,0.9136059880256653,0.5521568059921265
subj05,V1,5,O0,B:W,naturalistic,0.8791482448577881,0.0,1,1.4332681894302368,0.3247853219509125,0.7485684156417847,1.058783769607544
subj05,V1,5,O1,A:V,simple,0.9430627226829529,0.0,1,0.22975486516952515,0.8896681070327759,0.8187403678894043,0.743845522403717
subj05,V1,5,O1,B:W,naturalistic,0.8519493937492371,0.0,1,1.760547399520874,0.25387564301490784,0.6702340841293335,1.1621707677841187
subj05,V1,5,O2,A:V,simple,0.9575479626655579,75.43120063354607,1,0.31330862641334534,0.8886717557907104,0.9162991046905518,0.5676637887954712
subj05,V1,5,O2,B:W,naturalistic,0.8736829161643982,75.43120063354607,1,1.4546444416046143,0.3286572992801666,0.7282108068466187,1.0787639617919922
subj05,V1,5,O3,A:V,simple,0.8608563075828599,5.428675439323859,7,0.18202724984378202,0.9060527104052647,0.5916528472475931,0.8516572938059778
subj05,V1,5,O3,B:W,naturalistic,0.663693348201679,5.428675439323859,7,2.628268179186381,0.15134695342472296,-0.0678557239033164,1.4363271940324693
subj05,V1,5,O4,A:V,simple,0.9222483415861147,0.8286427728546842,1,0.05658888967053955,0.9787892429588138,0.7988989261045728,0.8578868850145616
subj05,V1,5,O4,B:W,naturalistic,0.8697106099867961,0.8286427728546842,1,1.6623776518593831,0.2423939018020591,0.7393507790146733,1.0915891127020796
subj05,V2,0,O0,A:E,simple,0.6304003000259399,0.0,1,0.5105783343315125,0.7066380381584167,0.39672160148620605,0.6070605516433716
subj05,V2,0,O0,B:B,naturalistic,0.9604114294052124,0.0,1,0.5639568567276001,0.6603556275367737,0.8097765445709229,0.6654912233352661
subj05,V2,0,O1,A:E,simple,0.7975220084190369,0.0,1,0.3345039486885071,0.842141330242157,0.6009536981582642,0.6330816745758057
subj05,V2,0,O1,B:B,naturalistic,0.8418856859207153,0.0,1,0.37444448471069336,0.8284721374511719,0.6553148031234741,0.5818741917610168
subj05,V2,0,O2,A:E,simple,0.6844159960746765,24.420530945486497,1,0.4543498456478119,0.7568747997283936,0.45344746112823486,0.591922402381897
subj05,V2,0,O2,B:B,naturalistic,0.9537867307662964,24.420530945486497,1,0.3871628940105438,0.7939125299453735,0.8330812454223633,0.6617763638496399
subj05,V2,0,O3,A:E,simple,0.8919530238107097,5.428675439323859,4,0.259581772538561,0.8608883005156018,0.787864940231394,0.8875423721890044
subj05,V2,0,O3,B:B,naturalistic,0.6377846195977868,5.428675439323859,4,0.740675626142984,0.6694597697711681,0.17375396796349352,1.104030817485735
subj05,V2,0,O4,A:E,simple,0.7448237983274171,35.564803062231285,4,0.3933217410410144,0.7960849070552609,0.5422499316422125,0.6315464065119782
subj05,V2,0,O4,B:B,naturalistic,0.8965625002701706,35.564803062231285,4,0.20396910190923268,0.9012736941705429,0.7931942211907566,0.773745918810443
subj05,V2,1,O0,A:H,simple,0.7074766755104065,0.0,1,0.5371102690696716,0.6832609176635742,0.1308887004852295,0.6203668117523193
subj05,V2,1,O0,B:C,naturalistic,0.9072834253311157,0.0,1,0.43802186846733093,0.7544766068458557,0.7976274490356445,0.839663565158844
subj05,V2,1,O1,A:H,simple,0.7577623128890991,0.0,1,0.39670345187187195,0.7769516110420227,-0.08081448078155518,0.795850396156311
subj05,V2,1,O1,B:C,naturalistic,0.9371559023857117,0.0,1,0.34163787961006165,0.8241029381752014,0.7846455574035645,0.6799381971359253
subj05,V2,1,O2,A:H,simple,0.7281578183174133,11.513953993264458,1,0.4097999930381775,0.7777584791183472,0.23104286193847656,0.6564812660217285
subj05,V2,1,O2,B:C,naturalistic,0.8999525308609009,11.513953993264458,1,0.3349831700325012,0.8169704675674438,0.8042182326316833,0.8662033081054688
subj05,V2,1,O3,A:H,simple,0.6589778446032668,1.7575106248547894,7,0.3184215293857952,0.8260340097052765,-0.23818789693116926,0.8534862239885755
subj05,V2,1,O3,B:C,naturalistic,0.8628344160333307,1.7575106248547894,7,0.27046034913409506,0.8638585430882668,0.7289121545586734,0.9931332725174323
subj05,V2,1,O4,A:H,simple,0.7089414830397368,24.420530945486497,5,0.23857102299509345,0.889576735279997,0.35699311290374103,0.7166094109208166
subj05,V2,1,O4,B:C,naturalistic,0.9470409012641267,24.420530945486497,5,0.13339314397119356,0.9354001859986476,0.8868070671198609,0.8439306253273945
subj05,V2,2,O0,A:L,simple,0.8857535719871521,0.0,1,0.14539608359336853,0.9351457357406616,0.7794349193572998,0.794101357460022
subj05,V2,2,O0,B:D,naturalistic,0.9081653356552124,0.0,1,0.6264264583587646,0.7009224891662598,0.8117544651031494,1.0440239906311035
subj05,V2,2,O1,A:L,simple,0.9521073698997498,0.0,1,0.09291449189186096,0.9633627533912659,0.9055037498474121,1.1082144975662231
subj05,V2,2,O1,B:D,naturalistic,0.7767922878265381,0.0,1,0.5083225965499878,0.702855110168457,0.592621922492981,0.7511020302772522
subj05,V2,2,O2,A:L,simple,0.9342644214630127,11.513953993264458,1,0.07875548303127289,0.9605773687362671,0.8581987619400024,0.9223098158836365
subj05,V2,2,O2,B:D,naturalistic,0.875705361366272,11.513953993264458,1,0.5226712822914124,0.724449872970581,0.7556734085083008,0.9423922300338745
subj05,V2,2,O3,A:L,simple,0.7904342367926749,3.727593720314938,7,0.6608751598085512,0.8799892311387227,0.524703167438453,1.539728678557557
subj05,V2,2,O3,B:D,naturalistic,0.6336337452515592,3.727593720314938,7,0.9894579058180609,0.6252543631424584,0.05761358696232943,1.2420208381889406
subj05,V2,2,O4,A:L,simple,0.7342143893785361,0.2682695795279725,1,0.6593111486211897,0.827474927082906,0.5389975286325006,1.414012082961543
subj05,V2,2,O4,B:D,naturalistic,0.9088655498565996,0.2682695795279725,1,0.23931783633215928,0.8751604638309619,0.8260353607014354,0.9474352684001226
subj05,V2,3,O0,A:P,simple,0.8985520005226135,0.0,1,0.1257593333721161,0.9350207448005676,0.7977097630500793,0.9398450255393982
subj05,V2,3,O0,B:K,naturalistic,0.871454656124115,0.0,1,0.26457875967025757,0.8707239031791687,0.7001163959503174,0.7199297547340393
subj05,V2,3,O1,A:P,simple,0.8517171144485474,0.0,1,0.27465295791625977,0.9172099232673645,0.625848650932312,1.2576907873153687
subj05,V2,3,O1,B:K,naturalistic,0.8620741963386536,0.0,1,0.2157062590122223,0.8873264789581299,0.6014212369918823,0.8320586085319519
subj05,V2,3,O2,A:P,simple,0.832988440990448,5.428675439323859,1,0.2242063283920288,0.9070889949798584,0.6470760107040405,1.123922348022461
subj05,V2,3,O2,B:K,naturalistic,0.8708668351173401,5.428675439323859,1,0.20945678651332855,0.8985917568206787,0.6943104267120361,0.7684996724128723
subj05,V2,3,O3,A:P,simple,0.6059048977018016,2.559547922699533,7,0.7264350943192969,0.7929824515109978,0.27108898863225295,1.3890162581880061
subj05,V2,3,O3,B:K,naturalistic,0.7352561256173161,2.559547922699533,7,0.2231757139607642,0.881839014526904,0.31768072527309266,0.910400816347725
subj05,V2,3,O4,A:P,simple,0.8538315543636762,35.564803062231285,5,0.25960152329056085,0.9026089198593708,0.7286840687002352,1.175197349682299
subj05,V2,3,O4,B:K,naturalistic,0.8648707756177751,35.564803062231285,5,0.1517232614956452,0.9316556934656045,0.7188153213966768,0.7912790369914634
subj05,V2,4,O0,A:R,simple,0.8784257769584656,0.0,1,0.18885578215122223,0.9006507396697998,0.7714331150054932,0.8953882455825806
subj05,V2,4,O0,B:T,naturalistic,0.91429603099823,0.0,1,0.6751840710639954,0.6498813033103943,0.835936963558197,0.9621787667274475
subj05,V2,4,O1,A:R,simple,0.9356657266616821,0.0,1,0.2032838612794876,0.945099413394928,0.8099715709686279,1.2557387351989746
subj05,V2,4,O1,B:T,naturalistic,0.9491596221923828,0.0,1,0.09033884853124619,0.9540322422981262,0.9000792503356934,0.9767540097236633
subj05,V2,4,O2,A:R,simple,0.9187681078910828,16.768329368110066,1,0.1332440972328186,0.9321804046630859,0.8439803123474121,0.9791303873062134
subj05,V2,4,O2,B:T,naturalistic,0.9576524496078491,16.768329368110066,1,0.2577708065509796,0.8677297234535217,0.9137834310531616,0.9712939858436584
subj05,V2,4,O3,A:R,simple,0.8078263781291287,2.559547922699533,7,1.40771965118223,0.8449390383153687,-0.4598315899481613,1.9040148883480277
subj05,V2,4,O3,B:T,naturalistic,0.8755140144003336,2.559547922699533,7,0.6159293477991546,0.8855532415508933,0.33042215533318187,1.518114583432846
subj05,V2,4,O4,A:R,simple,0.9051533877229095,109.85411419875572,6,0.17237514492132675,0.9114329400466991,0.8171652699099823,0.9669779872333634
subj05,V2,4,O4,B:T,naturalistic,0.9496909961042679,109.85411419875572,6,0.1406534583116068,0.9353091913235037,0.8776003258686789,1.0596341571342147
subj05,V2,5,O0,A:V,simple,0.914926290512085,0.0,1,0.268942654132843,0.8690563440322876,0.8232330679893494,0.7134876251220703
subj05,V2,5,O0,B:W,naturalistic,0.8708892464637756,0.0,1,0.25688084959983826,0.8743617534637451,0.7537114024162292,1.0206130743026733
subj05,V2,5,O1,A:V,simple,0.8919302225112915,0.0,1,0.21587981283664703,0.8877466917037964,0.6172645092010498,0.9507863521575928
subj05,V2,5,O1,B:W,naturalistic,0.8978142142295837,0.0,1,0.17958037555217743,0.9078715443611145,0.8030614256858826,0.9696052074432373
subj05,V2,5,O2,A:V,simple,0.8939726948738098,11.513953993264458,1,0.2229355126619339,0.8880245089530945,0.7644028663635254,0.7806786894798279
subj05,V2,5,O2,B:W,naturalistic,0.8920623064041138,11.513953993264458,1,0.2043789178133011,0.901476263999939,0.784629762172699,1.0320074558258057
subj05,V2,5,O3,A:V,simple,0.720144488439412,1.7575106248547894,7,0.37864100756144564,0.8102896645341822,0.11124513993432017,0.9979340221526086
subj05,V2,5,O3,B:W,naturalistic,0.8085233330177154,1.7575106248547894,7,0.39791622587184633,0.8269708773421834,0.5621593998512147,1.1129727723200658
subj05,V2,5,O4,A:V,simple,0.9261539109687508,75.43120063354607,5,0.12146945621529648,0.9531689728261984,0.8575373537752111,0.7799621285256386
subj05,V2,5,O4,B:W,naturalistic,0.9009120695731215,75.43120063354607,5,0.17832267976942043,0.9104909682532354,0.8059968600747178,0.9960275701620674
subj05,V3,0,O0,A:E,simple,0.8151529431343079,0.0,1,0.5212768316268921,0.7858307361602783,0.4971240162849426,0.41326281428337097
subj05,V3,0,O0,B:B,naturalistic,0.8254442811012268,0.0,1,0.7573344707489014,0.49520495533943176,0.6154247522354126,0.44458460807800293
subj05,V3,0,O1,A:E,simple,0.8647564053535461,0.0,1,0.45884406566619873,0.8277249932289124,0.5655860900878906,0.4482874274253845
subj05,V3,0,O1,B:B,naturalistic,0.8150230050086975,0.0,1,0.6937923431396484,0.5720908641815186,0.5966706275939941,0.4269002079963684
subj05,V3,0,O2,A:E,simple,0.815106987953186,10000.0,1,0.5213755965232849,0.7856955528259277,0.4970734119415283,0.4132802486419678
subj05,V3,0,O2,B:B,naturalistic,0.8254749178886414,10000.0,1,0.7569506168365479,0.49564236402511597,0.6154588460922241,0.44453495740890503
subj05,V3,0,O3,A:E,simple,0.6805318122848283,2.559547922699533,4,0.5789184332383208,0.6692434688506417,0.44861810419663417,0.8329667769794117
subj05,V3,0,O3,B:B,naturalistic,0.7449917521073327,2.559547922699533,4,0.6759803150093604,0.7019153802091171,0.1083665336960078,1.1126045076716897
subj05,V3,0,O4,A:E,simple,0.8457986181722137,7.9060432109076855,1,0.5343184185834241,0.7551230250429518,0.515926194906382,0.4318131601487485
subj05,V3,0,O4,B:B,naturalistic,0.9399557078225692,7.9060432109076855,1,0.1437801141981226,0.9501680777001034,0.8681140026629481,0.7342987660802264
subj05,V3,1,O0,A:H,simple,0.5760180354118347,0.0,1,0.8748430013656616,0.41171613335609436,0.15423911809921265,0.6223180890083313
subj05,V3,1,O0,B:C,naturalistic,0.772431492805481,0.0,1,0.5157453417778015,0.6958910822868347,0.5959492921829224,0.6990334391593933
subj05,V3,1,O1,A:H,simple,0.5650414824485779,0.0,1,0.8191445469856262,0.4705934524536133,0.06804156303405762,0.6720947027206421
subj05,V3,1,O1,B:C,naturalistic,0.7972778081893921,0.0,1,0.4864834249019623,0.7176905274391174,0.6302087903022766,0.678155243396759
subj05,V3,1,O2,A:H,simple,0.5761186480522156,10000.0,1,0.874606728553772,0.411914199590683,0.15441757440567017,0.6223424077033997
subj05,V3,1,O2,B:C,naturalistic,0.7727026343345642,10000.0,1,0.5153441429138184,0.6961778998374939,0.5963515043258667,0.6989874243736267
subj05,V3,1,O3,A:H,simple,0.67097096995533,1.2067926406393288,3,0.4117450327063458,0.7912124592937383,0.058843952443749625,0.9855374452619224
subj05,V3,1,O3,B:C,naturalistic,0.8019119799027787,1.2067926406393288,3,1.2513279931499817,0.8289601027777477,-0.1771478711081016,1.797723689676156
subj05,V3,1,O4,A:H,simple,0.7374233642186567,2.559547922699533,1,0.2558724359690585,0.864007163309009,0.4869556640713054,0.8152133019036841
subj05,V3,1,O4,B:C,naturalistic,0.8930746590673778,2.559547922699533,1,0.4542045313792421,0.8842694375807552,0.711542293343514,1.3702087221939345
subj05,V3,2,O0,A:L,simple,0.8444334268569946,0.0,1,0.28021374344825745,0.8587676882743835,0.7085203528404236,0.725742757320404
subj05,V3,2,O0,B:D,naturalistic,0.872084379196167,0.0,1,0.7082937955856323,0.5420781373977661,0.7082520723342896,0.5883656144142151
subj05,V3,2,O1,A:L,simple,0.8465246558189392,0.0,1,0.22220228612422943,0.882347822189331,0.7165732979774475,0.8551443815231323
subj05,V3,2,O1,B:D,naturalistic,0.882460355758667,0.0,1,0.6703981161117554,0.5775774121284485,0.7488281726837158,0.6407737731933594
subj05,V3,2,O2,A:L,simple,0.8662588000297546,24.420530945486497,1,0.21361614763736725,0.8941360116004944,0.7448310256004333,0.7797009348869324
subj05,V3,2,O2,B:D,naturalistic,0.7706038355827332,24.420530945486497,1,0.8753610253334045,0.3993908762931824,0.5711064338684082,0.5861371755599976
subj05,V3,2,O3,A:L,simple,0.6455601681362451,1.2067926406393288,3,0.7315371879112798,0.7077128985192962,0.4073190071711257,1.1897862488977833
subj05,V3,2,O3,B:D,naturalistic,0.8192602676628747,1.2067926406393288,3,0.6214279394422396,0.7893398484044916,0.2586729146873121,1.283794500157462
subj05,V3,2,O4,A:L,simple,0.9555419721784655,5.428675439323859,1,0.1489908806713206,0.9244409502335034,0.8802318709357175,0.9842903536730863
subj05,V3,2,O4,B:D,naturalistic,0.9091578459827154,5.428675439323859,1,0.4386440390600038,0.7651576555002805,0.7854908638483904,0.6098825349747866
subj05,V3,3,O0,A:P,simple,0.7646721005439758,0.0,1,0.7431346774101257,0.5416896939277649,0.5496399998664856,0.7329027056694031
subj05,V3,3,O0,B:K,naturalistic,0.6129772067070007,0.0,1,0.7145084738731384,0.5390152931213379,0.3736857771873474,0.61005038022995
subj05,V3,3,O1,A:P,simple,0.7563964128494263,0.0,1,0.6726363897323608,0.5944828987121582,0.5203614234924316,0.7558715343475342
subj05,V3,3,O1,B:K,naturalistic,0.5139485001564026,0.0,1,0.9388506412506104,0.3341381847858429,0.2604217529296875,0.5588579773902893
subj05,V3,3,O2,A:P,simple,0.744462251663208,16.768329368110066,1,0.7450454831123352,0.5449712872505188,0.5007544159889221,0.7500057816505432
subj05,V3,3,O2,B:K,naturalistic,0.6255398392677307,16.768329368110066,1,0.8020288348197937,0.4659091830253601,0.3912426829338074,0.6041129231452942
subj05,V3,3,O3,A:P,simple,0.7263779009000785,1.7575106248547894,2,0.3214996522158612,0.8364762308819236,0.4558656557726676,0.982051246964732
subj05,V3,3,O3,B:K,naturalistic,0.10446006735881232,1.7575106248547894,2,1.8966314083376867,0.012945098506458476,-0.8171074526417774,0.9599398066289743
subj05,V3,3,O4,A:P,simple,0.9023087663019821,5.428675439323859,1,0.1829136798154826,0.909711377521728,0.813174935868181,0.8072984256344629
subj05,V3,3,O4,B:K,naturalistic,0.7178141150768222,5.428675439323859,1,0.8460295810602756,0.4697517552796649,0.515136364120255,0.728007989707511
subj05,V3,4,O0,A:R,simple,0.5417328476905823,0.0,1,0.8377047181129456,0.5684809684753418,0.06533122062683105,0.9695734977722168
subj05,V3,4,O0,B:T,naturalistic,0.7495152354240417,0.0,1,0.779644250869751,0.5433624982833862,0.534980058670044,0.8170174360275269
subj05,V3,4,O1,A:R,simple,0.5081677436828613,0.0,1,1.1496608257293701,0.5716419219970703,-0.31899404525756836,1.2618849277496338
subj05,V3,4,O1,B:T,naturalistic,0.6758461594581604,0.0,1,0.6049413681030273,0.6336681246757507,0.4382030963897705,0.7141459584236145
subj05,V3,4,O2,A:R,simple,0.5474528670310974,51.79474679231202,1,0.8490136861801147,0.5848788022994995,0.03408360481262207,1.022025227546692
subj05,V3,4,O2,B:T,naturalistic,0.7639177441596985,51.79474679231202,1,0.6773680448532104,0.5993881821632385,0.5663403272628784,0.7907887697219849
subj05,V3,4,O3,A:R,simple,0.6889376458984229,2.559547922699533,6,2.8178532637601132,0.7376380891038601,-1.6945592766238167,2.27450608721781
subj05,V3,4,O3,B:T,naturalistic,0.7305600198191698,2.559547922699533,6,0.7678102483828964,0.7777443542377147,0.0034767265394017866,1.388233110466398
subj05,V3,4,O4,A:R,simple,0.663668544223213,7.9060432109076855,1,1.0997370618525553,0.6973370068278748,0.22732853849004797,1.4628538146193102
subj05,V3,4,O4,B:T,naturalistic,0.8555679036650186,7.9060432109076855,1,0.26166836756717476,0.8827137650314271,0.6597317187014723,1.0848325011798952
subj05,V3,5,O0,A:V,simple,0.33705636858940125,0.0,1,1.058034062385559,0.18727359175682068,-0.09780800342559814,0.49240541458129883
subj05,V3,5,O0,B:W,naturalistic,0.7351613640785217,0.0,1,0.5528749823570251,0.6689223051071167,0.5393638610839844,0.6871435642242432
subj05,V3,5,O1,A:V,simple,0.36063021421432495,0.0,1,1.103524923324585,0.18716244399547577,-0.1659148931503296,0.559391975402832
subj05,V3,5,O1,B:W,naturalistic,0.714924693107605,0.0,1,0.5216972231864929,0.691881000995636,0.5101977586746216,0.6719673871994019
subj05,V3,5,O2,A:V,simple,0.342555433511734,75.43120063354607,1,1.051505208015442,0.19309450685977936,-0.0871434211730957,0.4910721480846405
subj05,V3,5,O2,B:W,naturalistic,0.7348170876502991,75.43120063354607,1,0.5452448129653931,0.674412727355957,0.5391303300857544,0.6832073330879211
subj05,V3,5,O3,A:V,simple,0.5618419921617203,5.428675439323859,7,0.8872078721698375,0.4578288169392071,-0.13292782659343105,0.7689800929661922
subj05,V3,5,O3,B:W,naturalistic,0.6044318471547904,5.428675439323859,7,0.7061119972062182,0.6620418705476565,0.1261476943990507,1.042056938544952
subj05,V3,5,O4,A:V,simple,0.47618734955791925,2.559547922699533,4,0.5442336131178948,0.6880009104378813,0.15671723149478867,0.5554155595051111
subj05,V3,5,O4,B:W,naturalistic,0.777464255153461,2.559547922699533,4,0.34031109686586425,0.8136749563642369,0.5915480720403834,0.8624399686600119
subj05,hV4,0,O0,A:E,simple,0.46746042370796204,0.0,1,1.0197235345840454,0.3943793475627899,0.1088058352470398,0.8130183219909668
subj05,hV4,0,O0,B:B,naturalistic,0.537804901599884,0.0,1,1.3740900754928589,0.06583918631076813,-0.1467808485031128,0.6810016632080078
subj05,hV4,0,O1,A:E,simple,0.455217182636261,0.0,1,1.0703110694885254,0.3825148344039917,0.06464582681655884,0.8479486703872681
subj05,hV4,0,O1,B:B,naturalistic,0.5589040517807007,0.0,1,1.1948935985565186,0.16005824506282806,-0.015040755271911621,0.6296454668045044
subj05,hV4,0,O2,A:E,simple,0.47171729803085327,24.420530945486497,1,1.016711950302124,0.39536231756210327,0.11812877655029297,0.8113230466842651
subj05,hV4,0,O2,B:B,naturalistic,0.534586489200592,24.420530945486497,1,1.2435157299041748,0.12955431640148163,-0.08694589138031006,0.6397503614425659
subj05,hV4,0,O3,A:E,simple,0.43009344981325537,11.513953993264458,3,1.3098027661241276,0.3739113806981391,-0.18626701994732042,1.0444428958033367
subj05,hV4,0,O3,B:B,naturalistic,0.47906991563234214,11.513953993264458,3,1.2023694174546062,0.24514178995699587,-0.5830298162602512,0.75745409049199
subj05,hV4,0,O4,A:E,simple,0.5482284868334918,35.564803062231285,2,0.9364595015211956,0.4688579960826354,0.2110263106318775,0.8641899682997631
subj05,hV4,0,O4,B:B,naturalistic,0.47432129966674413,35.564803062231285,2,1.2926623407122537,0.04355051440183828,-0.08939252953885046,0.5862833801694777
subj05,hV4,1,O0,A:H,simple,0.8100875020027161,0.0,1,0.39244458079338074,0.796601414680481,0.6399482488632202,0.6322289109230042
subj05,hV4,1,O0,B:C,naturalistic,0.3812500834465027,0.0,1,1.4534132480621338,0.3887709975242615,-0.45340001583099365,1.1663031578063965
subj05,hV4,1,O1,A:H,simple,0.8012950420379639,0.0,1,0.36463284492492676,0.8083217740058899,0.6347890496253967,0.6740949153900146
subj05,hV4,1,O1,B:C,naturalistic,0.41309991478919983,0.0,1,1.5501052141189575,0.41856271028518677,-0.5586512088775635,1.2702081203460693
subj05,hV4,1,O2,A:H,simple,0.847907304763794,5.428675439323859,1,0.27474847435951233,0.8570653796195984,0.716604471206665,0.7605800628662109
subj05,hV4,1,O2,B:C,naturalistic,0.2130347341299057,5.428675439323859,1,1.8862370252609253,0.2290092408657074,-0.7710200548171997,1.19786536693573
subj05,hV4,1,O3,A:H,simple,0.9085113669696508,5.428675439323859,4,0.173945927285185,0.9094453803569789,0.8185355968600132,0.9416437364869462
subj05,hV4,1,O3,B:C,naturalistic,0.4888422001281297,5.428675439323859,4,4.1528721657629815,0.484555415319517,-2.5887202284111708,2.3251167781610285
subj05,hV4,1,O4,A:H,simple,0.8550043321208604,0.05963623316594643,1,0.2650900792922024,0.8778657263703891,0.682882487016939,1.0669112886842453
subj05,hV4,1,O4,B:C,naturalistic,0.1507389478581248,0.05963623316594643,1,11.057570122350496,0.17306248781394817,-7.706402246006153,3.3491482512437023
subj05,hV4,2,O0,A:L,simple,0.8688984513282776,0.0,1,0.4552459716796875,0.890114426612854,0.5336183905601501,0.392570823431015
subj05,hV4,2,O0,B:D,naturalistic,0.7871078252792358,0.0,1,0.493441641330719,0.7872381210327148,0.48700761795043945,0.4508076608181
subj05,hV4,2,O1,A:L,simple,0.9041140079498291,0.0,1,0.3196156322956085,0.9171220064163208,0.6349900364875793,0.516212522983551
subj05,hV4,2,O1,B:D,naturalistic,0.7781675457954407,0.0,1,0.5136967301368713,0.7693154215812683,0.46550828218460083,0.4444417357444763
subj05,hV4,2,O2,A:L,simple,0.9095965027809143,51.79474679231202,1,0.357573539018631,0.9256601929664612,0.6278210878372192,0.46260473132133484
subj05,hV4,2,O2,B:D,naturalistic,0.7770087122917175,51.79474679231202,1,0.48992013931274414,0.7795580625534058,0.49063438177108765,0.46709877252578735
subj05,hV4,2,O3,A:L,simple,0.9347592697351342,16.768329368110066,3,0.1212160935703032,0.9446387559933936,0.8679874922408,1.0610795570807598
subj05,hV4,2,O3,B:D,naturalistic,0.6534563858492977,16.768329368110066,3,0.588062153554598,0.6500154977690871,0.3959063102959375,0.5471454387297972
subj05,hV4,2,O4,A:L,simple,0.8786564415490442,24.420530945486497,1,0.2257333056934876,0.8984153722543394,0.7490546047519286,0.7170773462350647
subj05,hV4,2,O4,B:D,naturalistic,0.7794542472301474,24.420530945486497,1,0.4938810832726097,0.77997411555056,0.4863623769390425,0.46022319996682565
subj05,hV4,3,O0,A:P,simple,0.8022988438606262,0.0,1,0.3818420469760895,0.7876055240631104,0.6402750015258789,0.8341303467750549
subj05,hV4,3,O0,B:K,naturalistic,0.7635142803192139,0.0,1,0.7031075954437256,0.7324023246765137,0.34358108043670654,1.2218106985092163
subj05,hV4,3,O1,A:P,simple,0.7963717579841614,0.0,1,0.43591806292533875,0.7532221078872681,0.6326912641525269,0.810332715511322
subj05,hV4,3,O1,B:K,naturalistic,0.7207286357879639,0.0,1,1.284115195274353,0.6434416174888611,-0.0692284107208252,1.4789845943450928
subj05,hV4,3,O2,A:P,simple,0.8003868460655212,16.768329368110066,1,0.4054611921310425,0.7847346663475037,0.6150144338607788,0.9305760264396667
subj05,hV4,3,O2,B:K,naturalistic,0.853843092918396,16.768329368110066,1,0.28709477186203003,0.846195638179779,0.7270238399505615,0.7901430726051331
subj05,hV4,3,O3,A:P,simple,0.7790053475422442,11.513953993264458,5,0.7720031697902318,0.6672456548802032,0.4813144203425278,1.1333142995010765
subj05,hV4,3,O3,B:K,naturalistic,0.33437552025193534,11.513953993264458,5,3.2790025478940668,0.07209460483970946,-0.5586116288270835,1.5834516528852176
subj05,hV4,3,O4,A:P,simple,0.8287503469292392,16.768329368110066,6,0.5689355915933177,0.7868118828759916,0.5020323946243385,1.2204114659309313
subj05,hV4,3,O4,B:K,naturalistic,0.25261486536764366,16.768329368110066,6,1.4400564224584698,0.010318448034661004,0.010771065225657628,0.673766145976685
subj05,hV4,4,O0,A:R,simple,0.7915894389152527,0.0,1,0.4584549367427826,0.7896330952644348,0.5380354523658752,1.0759466886520386
subj05,hV4,4,O0,B:T,naturalistic,0.6807857751846313,0.0,1,0.585690975189209,0.6477234363555908,0.452450156211853,0.7200878262519836
subj05,hV4,4,O1,A:R,simple,0.8135315179824829,0.0,1,0.4639582931995392,0.8145928978919983,0.5253897905349731,1.171692132949829
subj05,hV4,4,O1,B:T,naturalistic,0.6787518858909607,0.0,1,0.6884229779243469,0.5644020438194275,0.46012580394744873,0.6479037404060364
subj05,hV4,4,O2,A:R,simple,0.7859039306640625,24.420530945486497,1,0.4548813998699188,0.7887166738510132,0.5342373847961426,1.0661247968673706
subj05,hV4,4,O2,B:T,naturalistic,0.7063707113265991,24.420530945486497,1,0.5925659537315369,0.6392605900764465,0.49801164865493774,0.6741897463798523
subj05,hV4,4,O3,A:R,simple,0.7850450233192574,16.768329368110066,7,0.9895796034968348,0.7916821630778882,-0.002026004822757832,1.5767555881626925
subj05,hV4,4,O3,B:T,naturalistic,0.6368460744741706,16.768329368110066,7,0.9775115887353192,0.3378602078182925,0.4054453765187639,0.6406160054374727
subj05,hV4,4,O4,A:R,simple,0.7767307147529116,0.3906939937054613,1,0.9704740124491272,0.7835559610129409,0.015075691824143922,1.5480387840934924
subj05,hV4,4,O4,B:T,naturalistic,0.31146653714027217,0.3906939937054613,1,1.3315157639103896,0.06769891937400922,-0.003996301055309459,0.6474392890142397
subj05,hV4,5,O0,A:V,simple,0.920241117477417,0.0,1,0.4285431206226349,0.8624358773231506,0.6631889343261719,0.44729888439178467
subj05,hV4,5,O0,B:W,naturalistic,-0.14498482644557953,0.0,1,2.187209129333496,-0.1375013291835785,-1.2056148052215576,0.960731565952301
subj05,hV4,5,O1,A:V,simple,0.8842658996582031,0.0,1,0.43200358748435974,0.8471588492393494,0.63695228099823,0.46027180552482605
subj05,hV4,5,O1,B:W,naturalistic,-0.16556908190250397,0.0,1,1.9200506210327148,-0.17506757378578186,-0.8997224569320679,0.7999704480171204
subj05,hV4,5,O2,A:V,simple,0.8968075513839722,7.9060432109076855,1,0.4063076972961426,0.8440873026847839,0.683062732219696,0.4994266629219055
subj05,hV4,5,O2,B:W,naturalistic,0.024783354252576828,7.9060432109076855,1,1.947177767753601,-0.007264795247465372,-0.7941417694091797,0.9659929275512695
subj05,hV4,5,O3,A:V,simple,0.5713969472870944,0.0001,1,0.9955990952320042,0.3536798399977052,0.3011699017953423,0.7010823462727841
subj05,hV4,5,O3,B:W,naturalistic,0.26457594091170467,0.0001,1,2.1912676010049834,0.2545903967372562,-1.1660336723757574,1.3753418308575047
subj05,hV4,5,O4,A:V,simple,0.916543375898019,35.564803062231285,4,0.4057358710350903,0.8684683351622388,0.6778852309006845,0.46850201995325796
subj05,hV4,5,O4,B:W,naturalistic,0.1776470510880899,35.564803062231285,4,1.6149962453815687,0.13204022858038608,-0.4477871637792057,0.9272954136630366
subj05,ventral,0,O0,A:E,simple,0.7945749163627625,0.0,1,0.3898172080516815,0.7920108437538147,0.6151820421218872,0.6612501740455627
subj05,ventral,0,O0,B:B,naturalistic,0.8126654624938965,0.0,1,0.3564007878303528,0.8023197054862976,0.6600525379180908,0.8131674528121948
subj05,ventral,0,O1,A:E,simple,0.8012298941612244,0.0,1,0.37166503071784973,0.7987786531448364,0.6330347657203674,0.7002266645431519
subj05,ventral,0,O1,B:B,naturalistic,0.8193360567092896,0.0,1,0.3317205011844635,0.8176029324531555,0.6713113188743591,0.8036276698112488
subj05,ventral,0,O2,A:E,simple,0.7965931296348572,35.564803062231285,1,0.38661324977874756,0.7924848198890686,0.6205153465270996,0.6714664101600647
subj05,ventral,0,O2,B:B,naturalistic,0.814191460609436,35.564803062231285,1,0.34818851947784424,0.8073598146438599,0.662673830986023,0.8116557002067566
subj05,ventral,0,O3,A:E,simple,0.757811975316058,51.79474679231202,5,0.5220558557519945,0.7570104677214894,0.47388351327899525,1.0654269742908533
subj05,ventral,0,O3,B:B,naturalistic,0.6236651166412004,51.79474679231202,5,0.8882418610519527,0.6199166666480239,0.09291481561683379,1.141969004788618
subj05,ventral,0,O4,A:E,simple,0.8308045929118862,159.98587196060572,1,0.36282286800043995,0.812272225122145,0.6635830656637705,0.6619090723459138
subj05,ventral,0,O4,B:B,naturalistic,0.8109478511557876,159.98587196060572,1,0.33399289950911804,0.8181213572792463,0.6526880042736884,0.8757024515154958
subj05,ventral,1,O0,A:H,simple,0.7286655902862549,0.0,1,0.6369221210479736,0.6114752292633057,0.5197445154190063,0.7155147194862366
subj05,ventral,1,O0,B:C,naturalistic,0.6639699339866638,0.0,1,0.6558690071105957,0.5935690402984619,0.4272555708885193,0.6840853691101074
subj05,ventral,1,O1,A:H,simple,0.7138963341712952,0.0,1,0.630418598651886,0.6184911727905273,0.48993515968322754,0.7322884798049927
subj05,ventral,1,O1,B:C,naturalistic,0.7110116481781006,0.0,1,0.5694685578346252,0.6573987007141113,0.49858975410461426,0.6979131698608398
subj05,ventral,1,O2,A:H,simple,0.7360416054725647,24.420530945486497,1,0.6114791631698608,0.630293071269989,0.5299947261810303,0.723825991153717
subj05,ventral,1,O2,B:C,naturalistic,0.6870547533035278,24.420530945486497,1,0.6240028738975525,0.617555558681488,0.46182018518447876,0.6908881068229675
subj05,ventral,1,O3,A:H,simple,0.6106066497706271,0.0001,5,0.8726111336809604,0.5637399580977454,0.0677856585931198,1.000104308206959
subj05,ventral,1,O3,B:C,naturalistic,0.658806353050694,0.0001,5,1.4219065763512049,0.5949178611114753,-0.6154618329198329,1.475732110490683
subj05,ventral,1,O4,A:H,simple,0.8036893337953445,159.98587196060572,1,0.47084706561167117,0.7284676383368999,0.6380621069384556,0.7673537021380199
subj05,ventral,1,O4,B:C,naturalistic,0.6970788030929821,159.98587196060572,1,0.5917363261717676,0.6409557261810743,0.477711779957668,0.6915572298493793
subj05,ventral,2,O0,A:L,simple,0.7874292135238647,0.0,1,0.37550869584083557,0.791340172290802,0.618514895439148,0.7497721314430237
subj05,ventral,2,O0,B:D,naturalistic,0.7510135769844055,0.0,1,0.5812515616416931,0.6476461887359619,0.5548192858695984,0.6212437748908997
subj05,ventral,2,O1,A:L,simple,0.8022317886352539,0.0,1,0.3640839755535126,0.797705888748169,0.6433413028717041,0.8181627988815308
subj05,ventral,2,O1,B:D,naturalistic,0.7799674868583679,0.0,1,0.5338608026504517,0.6832241415977478,0.6011792421340942,0.6576114892959595
subj05,ventral,2,O2,A:L,simple,0.7910528182983398,75.43120063354607,1,0.36922577023506165,0.7950316071510315,0.6244068145751953,0.7589629292488098
subj05,ventral,2,O2,B:D,naturalistic,0.7557843923568726,75.43120063354607,1,0.5780925750732422,0.6501147150993347,0.5613304376602173,0.6228840947151184
subj05,ventral,2,O3,A:L,simple,0.7331439976821422,5.428675439323859,1,1.2193525529082379,0.6822220643233692,0.2363662350349559,1.5097360935010469
subj05,ventral,2,O3,B:D,naturalistic,0.586430101897195,5.428675439323859,1,1.3463755802215054,0.5472646555598708,-0.3838090075771199,1.3509275981215925
subj05,ventral,2,O4,A:L,simple,0.8504321278595094,159.98587196060572,1,0.2940103107912408,0.8410136389116787,0.723109297982151,0.8772665385834296
subj05,ventral,2,O4,B:D,naturalistic,0.7676233032503555,159.98587196060572,1,0.5462245595024574,0.6762089863651457,0.5761928460366548,0.6171913130632865
subj05,ventral,3,O0,A:P,simple,0.7078866958618164,0.0,1,0.6836699843406677,0.6082242727279663,0.4562913179397583,0.8397552967071533
subj05,ventral,3,O0,B:K,naturalistic,0.7726444602012634,0.0,1,0.4589138329029083,0.7386847138404846,0.5947599411010742,0.8062788844108582
subj05,ventral,3,O1,A:P,simple,0.7181183099746704,0.0,1,0.5983092188835144,0.6573808193206787,0.4773229956626892,0.8319050073623657
subj05,ventral,3,O1,B:K,naturalistic,0.7611251473426819,0.0,1,0.5105924606323242,0.7040651440620422,0.578557014465332,0.7834387421607971
subj05,ventral,3,O2,A:P,simple,0.7115556001663208,51.79474679231202,1,0.6729245781898499,0.6182156205177307,0.45635372400283813,0.8529812693595886
subj05,ventral,3,O2,B:K,naturalistic,0.7731106281280518,51.79474679231202,1,0.46917518973350525,0.7320978045463562,0.5959279537200928,0.8038076162338257
subj05,ventral,3,O3,A:P,simple,0.5933913377394812,0.0001,2,0.7277786437526302,0.660774702960301,0.12160613378133234,1.0662396440924107
subj05,ventral,3,O3,B:K,naturalistic,0.4476452996492115,0.0001,2,1.9427303580369355,0.29147762434363106,-0.322048523079405,1.3052278654768195
subj05,ventral,3,O4,A:P,simple,0.6905016747995586,75.43120063354607,1,0.6137906755289344,0.68238881442934,0.3489791517239952,0.9642489380572006
subj05,ventral,3,O4,B:K,naturalistic,0.8244859651096584,75.43120063354607,1,0.5092334913621794,0.7169401626598169,0.6791640072240834,0.8693759739146899
subj05,ventral,4,O0,A:R,simple,0.770997166633606,0.0,1,0.442700058221817,0.7707616686820984,0.5560494661331177,0.9625260233879089
subj05,ventral,4,O0,B:T,naturalistic,0.7915626764297485,0.0,1,0.38334497809410095,0.7908769845962524,0.6169496774673462,0.8848535418510437
subj05,ventral,4,O1,A:R,simple,0.7533565759658813,0.0,1,0.5234223008155823,0.7469427585601807,0.486633837223053,1.0321546792984009
subj05,ventral,4,O1,B:T,naturalistic,0.7857959270477295,0.0,1,0.39256441593170166,0.7884513139724731,0.604671835899353,0.9076986908912659
subj05,ventral,4,O2,A:R,simple,0.7785460948944092,35.564803062231285,1,0.4361792206764221,0.7764198184013367,0.5658840537071228,0.9739213585853577
subj05,ventral,4,O2,B:T,naturalistic,0.79584139585495,35.564803062231285,1,0.37360548973083496,0.7973970174789429,0.6230678558349609,0.8945955634117126
subj05,ventral,4,O3,A:R,simple,0.7220541076890433,109.85411419875572,5,1.0341328611189518,0.7040549621052774,0.01585140398346696,1.4319465864443166
subj05,ventral,4,O3,B:T,naturalistic,0.6865809684345643,109.85411419875572,5,1.0331321639972326,0.6851380416921947,0.04445937989010584,1.394043006118213
subj05,ventral,4,O4,A:R,simple,0.8148626668673069,159.98587196060572,1,0.43435930024267533,0.7895825474828658,0.6189932049015652,1.0299984933118456
subj05,ventral,4,O4,B:T,naturalistic,0.8621118448791649,159.98587196060572,1,0.2848007158931739,0.8534414887549361,0.7380433417301229,0.968172031513792
subj05,ventral,5,O0,A:V,simple,0.8593602180480957,0.0,1,0.3126044273376465,0.848500669002533,0.7021533250808716,0.6680627465248108
subj05,ventral,5,O0,B:W,naturalistic,0.6285015940666199,0.0,1,0.6372398138046265,0.6303484439849854,0.3597281575202942,0.8163028359413147
subj05,ventral,5,O1,A:V,simple,0.8504176139831543,0.0,1,0.3155279755592346,0.8423336744308472,0.6960299015045166,0.6840488314628601
subj05,ventral,5,O1,B:W,naturalistic,0.612507164478302,0.0,1,0.6720209717750549,0.6148557066917419,0.32685327529907227,0.8386152982711792
subj05,ventral,5,O2,A:V,simple,0.8514096140861511,16.768329368110066,1,0.31788215041160583,0.8425045013427734,0.6945981979370117,0.6760831475257874
subj05,ventral,5,O2,B:W,naturalistic,0.6288196444511414,16.768329368110066,1,0.665287435054779,0.6309396028518677,0.33135366439819336,0.8826780915260315
subj05,ventral,5,O3,A:V,simple,0.723759773762088,35.564803062231285,5,0.502980655588037,0.7260074964009532,0.4940265638292607,0.8994075424882806
subj05,ventral,5,O3,B:W,naturalistic,0.43704288215391035,35.564803062231285,5,1.5964825627522101,0.4395848262320733,-0.6043504384452814,1.3282453092308069
subj05,ventral,5,O4,A:V,simple,0.8984588533851082,109.85411419875572,1,0.23803758378852372,0.898935202618313,0.7616350641470635,0.6841745776412691
subj05,ventral,5,O4,B:W,naturalistic,0.667603433034317,109.85411419875572,1,0.5787786312776246,0.6690542925529869,0.4211199396886891,0.8315728539552726
subj05,lateral,0,O0,A:E,simple,0.718718409538269,0.0,1,0.6879017353057861,0.5600453019142151,0.5041584968566895,0.5994464755058289
subj05,lateral,0,O0,B:B,naturalistic,0.7669820785522461,0.0,1,0.43085330724716187,0.7546401619911194,0.58477783203125,0.7363351583480835
subj05,lateral,0,O1,A:E,simple,0.7078564167022705,0.0,1,0.7033681273460388,0.5460417866706848,0.4875035881996155,0.5851539373397827
subj05,lateral,0,O1,B:B,naturalistic,0.7661178112030029,0.0,1,0.4382486939430237,0.7495052218437195,0.5839985609054565,0.7468717694282532
subj05,lateral,0,O2,A:E,simple,0.7109001874923706,75.43120063354607,1,0.7076396346092224,0.5426397919654846,0.4913610816001892,0.5884407162666321
subj05,lateral,0,O2,B:B,naturalistic,0.7666419744491577,75.43120063354607,1,0.43214020133018494,0.7539268136024475,0.5835425853729248,0.7305628657341003
subj05,lateral,0,O3,A:E,simple,0.6722633496277702,5.428675439323859,7,1.2874263413031817,0.40884982418647836,0.3380145087654455,1.0830786361751759
subj05,lateral,0,O3,B:B,naturalistic,0.6244174777343913,5.428675439323859,7,0.9872150936800616,0.625591323778457,0.03316081301471574,1.2408795574613016
subj05,lateral,0,O4,A:E,simple,0.8121778436723616,24.420530945486497,1,0.6457366770574972,0.5990136490873553,0.6353926430404226,0.6664967933068966
subj05,lateral,0,O4,B:B,naturalistic,0.8227760116136701,24.420530945486497,1,0.33746899158595817,0.8171930061150218,0.6681394288066256,0.7445745174272992
subj05,lateral,1,O0,A:H,simple,0.7630541324615479,0.0,1,0.43584609031677246,0.7790575623512268,0.5748304128646851,0.5722320675849915
subj05,lateral,1,O0,B:C,naturalistic,0.7392090559005737,0.0,1,0.4918977618217468,0.7138075232505798,0.5356224775314331,0.6761383414268494
subj05,lateral,1,O1,A:H,simple,0.7650734186172485,0.0,1,0.4551873505115509,0.7680144309997559,0.5753788948059082,0.5558034777641296
subj05,lateral,1,O1,B:C,naturalistic,0.7375448942184448,0.0,1,0.4922802746295929,0.7139728665351868,0.5325010418891907,0.6688334941864014
subj05,lateral,1,O2,A:H,simple,0.7630940675735474,10000.0,1,0.43582531809806824,0.7790810465812683,0.5748821496963501,0.5722172856330872
subj05,lateral,1,O2,B:C,naturalistic,0.7392213940620422,10000.0,1,0.4918748438358307,0.7138239145278931,0.5356411933898926,0.6761470437049866
subj05,lateral,1,O3,A:H,simple,0.7188265054699555,7.9060432109076855,6,0.620436188380022,0.6477674280410893,0.4005583138618729,0.8478646137477983
subj05,lateral,1,O3,B:C,naturalistic,0.6305642717793608,7.9060432109076855,6,0.938828113663021,0.6121543258048203,0.1760575798874443,1.1721195639185733
subj05,lateral,1,O4,A:H,simple,0.7979290865368993,11.513953993264458,1,0.505381140448841,0.7033321980652342,0.6313550108413761,0.6957570708204022
subj05,lateral,1,O4,B:C,naturalistic,0.7846950209162274,11.513953993264458,1,0.46714000902677516,0.7316176155466356,0.6090611650372805,0.7806522436396446
subj05,lateral,2,O0,A:L,simple,0.6506246328353882,0.0,1,0.7186059355735779,0.5561403632164001,0.42042452096939087,0.7231671214103699
subj05,lateral,2,O0,B:D,naturalistic,0.6030921339988708,0.0,1,0.851086437702179,0.5422647595405579,0.3377845287322998,0.9232338070869446
subj05,lateral,2,O1,A:L,simple,0.6498377919197083,0.0,1,0.7421784400939941,0.5446891784667969,0.41969722509384155,0.7418304085731506
subj05,lateral,2,O1,B:D,naturalistic,0.5998988747596741,0.0,1,0.904904842376709,0.5310739874839783,0.3273586630821228,0.9634446501731873
subj05,lateral,2,O2,A:L,simple,0.651419460773468,51.79474679231202,1,0.7225010395050049,0.5548179149627686,0.4216268062591553,0.7289553284645081
subj05,lateral,2,O2,B:D,naturalistic,0.5700100064277649,51.79474679231202,1,0.9123409986495972,0.5136395692825317,0.28509974479675293,0.933361828327179
subj05,lateral,2,O3,A:L,simple,0.5126767075813388,7.9060432109076855,3,1.329329614676358,0.42208488804583194,0.12291972759714476,1.1344648225491365
subj05,lateral,2,O3,B:D,naturalistic,0.2577151195722056,7.9060432109076855,3,2.762686546952609,0.2679776517478578,-1.439854693772126,1.6224142483077204
subj05,lateral,2,O4,A:L,simple,0.7347134929683704,24.420530945486497,1,0.6351599926899008,0.6240282293278921,0.5313561888006506,0.7807801845294847
subj05,lateral,2,O4,B:D,naturalistic,0.6114609122175775,24.420530945486497,1,0.837020793120685,0.5496866313502828,0.35038285058967555,0.9227499126003273
subj05,lateral,3,O0,A:P,simple,0.5887043476104736,0.0,1,0.7442085146903992,0.5230609774589539,0.27444928884506226,0.6564823985099792
subj05,lateral,3,O0,B:K,naturalistic,0.6284497380256653,0.0,1,0.7541901469230652,0.5103065967559814,0.3046160340309143,0.6311496496200562
subj05,lateral,3,O1,A:P,simple,0.5910069346427917,0.0,1,0.7608311772346497,0.510397732257843,0.27718615531921387,0.6564701199531555
subj05,lateral,3,O1,B:K,naturalistic,0.6262767910957336,0.0,1,0.7385198473930359,0.5222081542015076,0.30467623472213745,0.6281379461288452
subj05,lateral,3,O2,A:P,simple,0.5887205004692078,10000.0,1,0.7442351579666138,0.5230494737625122,0.2744441032409668,0.6565260291099548
subj05,lateral,3,O2,B:K,naturalistic,0.6284993290901184,10000.0,1,0.7541106939315796,0.5103626847267151,0.30474215745925903,0.6311137080192566
subj05,lateral,3,O3,A:P,simple,0.37457742852944204,11.513953993264458,5,1.0386109139975652,0.4043878002313085,-0.3895717700471879,0.8539880870349871
subj05,lateral,3,O3,B:K,naturalistic,0.6094980307384851,11.513953993264458,5,1.400548239590849,0.34252205865177066,-0.5483852153472613,1.0621536053837717
subj05,lateral,3,O4,A:P,simple,0.6406729233967944,3.727593720314938,1,0.6832539278487623,0.5758777748471658,0.33874310521890016,0.697898835869801
subj05,lateral,3,O4,B:K,naturalistic,0.7304957390112845,3.727593720314938,1,0.7090261267223943,0.5502091899409564,0.4745517435605051,0.6586356436721432
subj05,lateral,4,O0,A:R,simple,0.5857721567153931,0.0,1,0.8297378420829773,0.5149143934249878,0.2973836064338684,0.8229319453239441
subj05,lateral,4,O0,B:T,naturalistic,0.6417374014854431,0.0,1,0.6677645444869995,0.5847134590148926,0.4115050435066223,0.682970404624939
subj05,lateral,4,O1,A:R,simple,0.5868112444877625,0.0,1,0.8146687746047974,0.5211749076843262,0.3006832003593445,0.8149300217628479
subj05,lateral,4,O1,B:T,naturalistic,0.6483573913574219,0.0,1,0.6753196716308594,0.5821068286895752,0.41986316442489624,0.701136589050293
subj05,lateral,4,O2,A:R,simple,0.585812509059906,10000.0,1,0.8296632170677185,0.514967679977417,0.29743432998657227,0.8229531645774841
subj05,lateral,4,O2,B:T,naturalistic,0.6416646242141724,10000.0,1,0.6678718328475952,0.5846332907676697,0.4114096164703369,0.6829591393470764
subj05,lateral,4,O3,A:R,simple,0.4618789220248697,11.513953993264458,4,1.5348753624652953,0.3641100897266183,-0.19755435772688212,1.1810871664959632
subj05,lateral,4,O3,B:T,naturalistic,0.3001452637627404,11.513953993264458,4,2.3976926614976,0.29585063661190425,-1.4032217713962263,1.5145468140673473
subj05,lateral,4,O4,A:R,simple,0.6192126628582671,24.420530945486497,1,0.8986691388411095,0.5449103278379973,0.2688649218109125,0.9871731928131073
subj05,lateral,4,O4,B:T,naturalistic,0.7994976271390937,24.420530945486497,1,0.42342431037089234,0.7593359894620364,0.6369676002860395,0.763267620854831
subj05,lateral,5,O0,A:V,simple,0.6059421896934509,0.0,1,0.6935933232307434,0.569674551486969,0.3481212258338928,0.7042939066886902
subj05,lateral,5,O0,B:W,naturalistic,0.6584411263465881,0.0,1,0.5804115533828735,0.6553793549537659,0.4237593412399292,0.755047082901001
subj05,lateral,5,O1,A:V,simple,0.6064679026603699,0.0,1,0.6885013580322266,0.5723321437835693,0.35037553310394287,0.6990816593170166
subj05,lateral,5,O1,B:W,naturalistic,0.6532600522041321,0.0,1,0.5825981497764587,0.655044436454773,0.4145282506942749,0.763124406337738
subj05,lateral,5,O2,A:V,simple,0.6059434413909912,10000.0,1,0.6935692429542542,0.5696873664855957,0.3481294512748718,0.704271674156189
subj05,lateral,5,O2,B:W,naturalistic,0.6584950089454651,10000.0,1,0.5803170204162598,0.6554365158081055,0.4238487482070923,0.7550069689750671
subj05,lateral,5,O3,A:V,simple,0.4923433111518046,16.768329368110066,4,1.23513306054218,0.4502702463593916,-0.22138441372526407,1.1119924698011947
subj05,lateral,5,O3,B:W,naturalistic,0.4421067661679614,16.768329368110066,4,3.044807805970352,0.44773272883907045,-1.9827984157358105,1.9461559919360387
subj05,lateral,5,O4,A:V,simple,0.7095774072031926,24.420530945486497,1,0.5491431364478958,0.6789853888037504,0.49051145748857516,0.7798035732148362
subj05,lateral,5,O4,B:W,naturalistic,0.6841139430901,24.420530945486497,1,0.5695175988858004,0.6762867576731898,0.4432478924927651,0.8402422208344569
subj05,parietal,0,O0,A:E,simple,0.8302029371261597,0.0,1,0.3150162398815155,0.8725574016571045,0.6506351232528687,0.5962013602256775
subj05,parietal,0,O0,B:B,naturalistic,0.7898998856544495,0.0,1,0.3123704791069031,0.843090832233429,0.619423508644104,0.6908649802207947
subj05,parietal,0,O1,A:E,simple,0.8318741917610168,0.0,1,0.3042646050453186,0.8705798983573914,0.6647977828979492,0.6212328672409058
subj05,parietal,0,O1,B:B,naturalistic,0.8000024557113647,0.0,1,0.2946912348270416,0.8523469567298889,0.6356856822967529,0.7067908644676208
subj05,parietal,0,O2,A:E,simple,0.8582686185836792,16.768329368110066,1,0.2967010736465454,0.8935882449150085,0.6799139380455017,0.5850415825843811
subj05,parietal,0,O2,B:B,naturalistic,0.7908012270927429,16.768329368110066,1,0.31142696738243103,0.8452216982841492,0.6192007660865784,0.6845151782035828
subj05,parietal,0,O3,A:E,simple,0.7819255737925196,0.0001,3,0.3807671644566706,0.7959946122768154,0.6113419323980747,0.6761005815979891
subj05,parietal,0,O3,B:B,naturalistic,0.6866875466337554,0.0001,3,0.4209295604192098,0.7852846676950735,0.40026369685532315,0.9791959266968292
subj05,parietal,0,O4,A:E,simple,0.8443613188320072,51.79474679231202,2,0.37662926324481033,0.8296898391433961,0.6817499135201124,0.5747104605026013
subj05,parietal,0,O4,B:B,naturalistic,0.8431207006782361,51.79474679231202,2,0.24737632069219875,0.8832718300825422,0.7015736268274366,0.7173036232732128
subj05,parietal,1,O0,A:H,simple,0.889661431312561,0.0,1,0.4193848669528961,0.7844069600105286,0.7793470025062561,0.970629870891571
subj05,parietal,1,O0,B:C,naturalistic,0.699857234954834,0.0,1,0.4109855592250824,0.8158599138259888,0.48758530616760254,0.539069414138794
subj05,parietal,1,O1,A:H,simple,0.891242504119873,0.0,1,0.41466841101646423,0.7848256826400757,0.7795172929763794,0.9598110318183899
subj05,parietal,1,O1,B:C,naturalistic,0.6713650226593018,0.0,1,0.46515145897865295,0.7667993903160095,0.43757402896881104,0.5362941026687622
subj05,parietal,1,O2,A:H,simple,0.9033696055412292,16.768329368110066,1,0.39204779267311096,0.7991755604743958,0.8027676343917847,0.9744735956192017
subj05,parietal,1,O2,B:C,naturalistic,0.6856368780136108,16.768329368110066,1,0.45983850955963135,0.7610253095626831,0.4464077353477478,0.5635462999343872
subj05,parietal,1,O3,A:H,simple,0.8104466668850357,0.0001,2,0.44331340668954716,0.8092963905773305,0.579462764572679,1.1227833836415824
subj05,parietal,1,O3,B:C,naturalistic,0.18482512062036716,0.0001,2,2.0356733376567484,-0.21746344700244583,-1.2623071902179164,0.8231919805742868
subj05,parietal,1,O4,A:H,simple,0.8903115657972651,51.79474679231202,1,0.367063193862304,0.8305863613535046,0.7909581820222472,1.0692009865584633
subj05,parietal,1,O4,B:C,naturalistic,0.6341530249508674,51.79474679231202,1,0.4265797753735155,0.7948149365983691,0.3877547236981965,0.5533392460397867
subj05,parietal,2,O0,A:L,simple,0.7444189786911011,0.0,1,0.3970983624458313,0.7769537568092346,0.5502433776855469,0.8044408559799194
subj05,parietal,2,O0,B:D,naturalistic,0.8214297294616699,0.0,1,0.3376612067222595,0.8327437043190002,0.6692392826080322,0.6563253998756409
subj05,parietal,2,O1,A:L,simple,0.7764327526092529,0.0,1,0.40535932779312134,0.7717824578285217,0.5973039865493774,0.803524374961853
subj05,parietal,2,O1,B:D,naturalistic,0.8075000047683716,0.0,1,0.4357578158378601,0.770837128162384,0.6426101922988892,0.5977830290794373
subj05,parietal,2,O2,A:L,simple,0.8107381463050842,7.9060432109076855,1,0.3402555286884308,0.8123819828033447,0.6538327932357788,0.8272144198417664
subj05,parietal,2,O2,B:D,naturalistic,0.7560043931007385,7.9060432109076855,1,0.4989040195941925,0.714266300201416,0.5713093280792236,0.6189752817153931
subj05,parietal,2,O3,A:L,simple,0.6156544992077109,16.768329368110066,7,1.3209680631115577,0.39716192269454864,0.16094148116355111,1.089047535340257
subj05,parietal,2,O3,B:D,naturalistic,0.3250206304104361,16.768329368110066,7,1.2588150696290799,0.21365510236612992,-0.2573353350088461,0.7654373334414424
subj05,parietal,2,O4,A:L,simple,0.8243714255057537,75.43120063354607,7,0.40069949785535536,0.7743135175407379,0.6790549427051114,0.7904668290678722
subj05,parietal,2,O4,B:D,naturalistic,0.8510031518962964,75.43120063354607,7,0.3779174030955321,0.8171910370878662,0.7048977271478019,0.6033719042020745
subj05,parietal,3,O0,A:P,simple,0.640924334526062,0.0,1,1.1494483947753906,0.543647050857544,0.309039831161499,1.2107305526733398
subj05,parietal,3,O0,B:K,naturalistic,0.7498989701271057,0.0,1,0.7744339108467102,0.7190877199172974,0.48707300424575806,1.2590148448944092
subj05,parietal,3,O1,A:P,simple,0.6391826272010803,0.0,1,1.1055608987808228,0.5496343374252319,0.30709803104400635,1.1881159543991089
subj05,parietal,3,O1,B:K,naturalistic,0.7459032535552979,0.0,1,0.8556322455406189,0.6866707801818848,0.5185526609420776,1.2586402893066406
subj05,parietal,3,O2,A:P,simple,0.6402140259742737,16.768329368110066,1,1.1579384803771973,0.5455459952354431,0.2991143465042114,1.2204967737197876
subj05,parietal,3,O2,B:K,naturalistic,0.8049017190933228,16.768329368110066,1,0.7579574584960938,0.7490857839584351,0.5947988629341125,1.313963532447815
subj05,parietal,3,O3,A:P,simple,0.6247286694460069,7.9060432109076855,1,0.8195377157105237,0.5836724351496577,0.32566944736681125,0.9839362367081781
subj05,parietal,3,O3,B:K,naturalistic,0.6056530480016398,7.9060432109076855,1,2.7495324528336806,0.5278315521442654,0.07014236240428462,1.9519588953748164
subj05,parietal,3,O4,A:P,simple,0.6796476101158819,159.98587196060572,7,1.0312516304985415,0.588631570983145,0.3698429399211678,1.2032360281349697
subj05,parietal,3,O4,B:K,naturalistic,0.8186102535828464,159.98587196060572,7,1.0049430163553716,0.7222840100160204,0.621147400710847,1.4479817770083039
subj05,parietal,4,O0,A:R,simple,0.6830733418464661,0.0,1,0.4478659927845001,0.7497132420539856,0.4356718063354492,0.8493930101394653
subj05,parietal,4,O0,B:T,naturalistic,0.7266154289245605,0.0,1,0.42921027541160583,0.7574740648269653,0.5265672206878662,0.8120381236076355
subj05,parietal,4,O1,A:R,simple,0.659234344959259,0.0,1,0.5108501315116882,0.719102144241333,0.3646063208580017,0.886308491230011
subj05,parietal,4,O1,B:T,naturalistic,0.7317677736282349,0.0,1,0.42382577061653137,0.7623758316040039,0.5316987037658691,0.8333882689476013
subj05,parietal,4,O2,A:R,simple,0.7081422805786133,24.420530945486497,1,0.41638895869255066,0.7674775719642639,0.47948265075683594,0.8410350680351257
subj05,parietal,4,O2,B:T,naturalistic,0.7208665609359741,24.420530945486497,1,0.4368051588535309,0.7529428005218506,0.5170096755027771,0.814000129699707
subj05,parietal,4,O3,A:R,simple,0.7065265573008533,0.0013894954943731374,2,0.48072789034976565,0.7701258915962521,0.3841038040818182,1.0418274294728533
subj05,parietal,4,O3,B:T,naturalistic,0.7878717502467194,0.0013894954943731374,2,0.8321405395274638,0.7892734554189451,0.08281965340463338,1.4638793529515925
subj05,parietal,4,O4,A:R,simple,0.7547345093387621,109.85411419875572,2,0.40067582625763626,0.7771638611383053,0.5447825837562432,0.8454239248257418
subj05,parietal,4,O4,B:T,naturalistic,0.8220470467332479,109.85411419875572,2,0.30952752028834685,0.8330322507461368,0.6756931941757918,0.8919413911014649
subj05,parietal,5,O0,A:V,simple,0.8819285035133362,0.0,1,0.4634884297847748,0.7534476518630981,0.7674180269241333,0.9300032258033752
subj05,parietal,5,O0,B:W,naturalistic,0.8239848017692566,0.0,1,0.3468564450740814,0.8348931670188904,0.667487382888794,1.0444236993789673
subj05,parietal,5,O1,A:V,simple,0.8697189092636108,0.0,1,0.5242608785629272,0.7358824014663696,0.7542827129364014,0.9923660159111023
subj05,parietal,5,O1,B:W,naturalistic,0.8222132921218872,0.0,1,0.33465638756752014,0.840732991695404,0.6544358730316162,1.0444198846817017
subj05,parietal,5,O2,A:V,simple,0.8822898864746094,51.79474679231202,1,0.47534826397895813,0.7495452165603638,0.7691018581390381,0.9423308968544006
subj05,parietal,5,O2,B:W,naturalistic,0.8281345367431641,51.79474679231202,1,0.3348427414894104,0.8405116200447083,0.6730632781982422,1.0437419414520264
subj05,parietal,5,O3,A:V,simple,0.7655312032349623,0.0001,2,0.9118834944283905,0.6584674759675573,0.5052724380310554,1.2462283874938163
subj05,parietal,5,O3,B:W,naturalistic,0.7210417621531654,0.0001,2,1.0694363839302676,0.7557582556223785,-0.14526537434624442,1.5561374629667295
subj05,parietal,5,O4,A:V,simple,0.8823073670693966,159.98587196060572,7,0.4364535263137461,0.7721575694152987,0.7746033717176208,0.9529359967301425
subj05,parietal,5,O4,B:W,naturalistic,0.8769257177638201,159.98587196060572,7,0.2503150982903057,0.8833529684603041,0.7601570612542397,1.0583601754046268
subj06,V1,0,O0,A:E,simple,0.8591271638870239,0.0,1,0.0844440832734108,0.9720732569694519,0.7380325794219971,1.1434518098831177
subj06,V1,0,O0,B:B,naturalistic,0.6292780637741089,0.0,1,0.10692986100912094,0.9530946612358093,0.3800908327102661,0.8293233513832092
subj06,V1,0,O1,A:E,simple,0.820952832698822,0.0,1,0.1393529772758484,0.9642389416694641,0.6737062931060791,1.227126121520996
subj06,V1,0,O1,B:B,naturalistic,0.5924688577651978,0.0,1,0.15282118320465088,0.9393174052238464,0.30358487367630005,0.751865029335022
subj06,V1,0,O2,A:E,simple,0.8590893149375916,10000.0,1,0.0844937339425087,0.9720634818077087,0.7379685640335083,1.1435316801071167
subj06,V1,0,O2,B:B,naturalistic,0.6293182373046875,10000.0,1,0.10695740580558777,0.9530903697013855,0.38011717796325684,0.8292413949966431
subj06,V1,0,O3,A:E,simple,0.16322819365295488,16.768329368110066,3,0.8239662673477205,0.8252765657265292,-2.093310385611881,1.5359436470959769
subj06,V1,0,O3,B:B,naturalistic,0.2826334326723554,16.768329368110066,3,0.8654340752249254,0.5251220300162349,-3.420126239814379,0.9008709114684434
subj06,V1,0,O4,A:E,simple,0.8582746756407528,10000.0,1,0.08525523108337109,0.9719408860701897,0.7365362505421524,1.1449275162261812
subj06,V1,0,O4,B:B,naturalistic,0.6313756163900519,10000.0,1,0.10688577540343472,0.9533452152884869,0.3835314543496873,0.8278345982791523
subj06,V1,1,O0,A:H,simple,0.8844397068023682,0.0,1,0.11187583208084106,0.9567846059799194,0.7793756127357483,1.1220492124557495
subj06,V1,1,O0,B:C,naturalistic,0.8561420440673828,0.0,1,0.14164073765277863,0.942927360534668,0.7292855978012085,1.1182916164398193
subj06,V1,1,O1,A:H,simple,0.8879180550575256,0.0,1,0.11213938891887665,0.9580704569816589,0.7865384221076965,1.131386160850525
subj06,V1,1,O1,B:C,naturalistic,0.8551371693611145,0.0,1,0.13866616785526276,0.9434580206871033,0.7285168170928955,1.113102674484253
subj06,V1,1,O2,A:H,simple,0.8889865279197693,75.43120063354607,1,0.10970689356327057,0.9582828283309937,0.787866473197937,1.1256532669067383
subj06,V1,1,O2,B:C,naturalistic,0.8525829315185547,75.43120063354607,1,0.1435059905052185,0.9422608613967896,0.724082887172699,1.11935293674469
subj06,V1,1,O3,A:H,simple,0.7819432639916607,2.559547922699533,6,0.6568156623599875,0.9324877668352298,0.08888562335951544,1.6579869606595952
subj06,V1,1,O3,B:C,naturalistic,0.5983466103730559,2.559547922699533,6,0.3968917367914595,0.8594786650017637,0.0013907294578673346,1.2277114055574199
subj06,V1,1,O4,A:H,simple,0.8868295369419239,232.99518105153672,1,0.11010332419221135,0.9579623852242933,0.7844923898517363,1.1246814874534354
subj06,V1,1,O4,B:C,naturalistic,0.841744688973198,232.99518105153672,1,0.15029301769391368,0.9387143612147849,0.705434440571191,1.1161339788922786
subj06,V1,2,O0,A:L,simple,0.7533998489379883,0.0,1,0.07456402480602264,0.9645833969116211,0.5675065517425537,0.8939785957336426
subj06,V1,2,O0,B:D,naturalistic,0.8473369479179382,0.0,1,0.05409588664770126,0.9735961556434631,0.7070480585098267,0.929038405418396
subj06,V1,2,O1,A:L,simple,0.7568404078483582,0.0,1,0.07316125184297562,0.9651384949684143,0.5728017091751099,0.8969215750694275
subj06,V1,2,O1,B:D,naturalistic,0.8492456674575806,0.0,1,0.0536840483546257,0.9738072752952576,0.7090359926223755,0.9292566180229187
subj06,V1,2,O2,A:L,simple,0.7557364106178284,232.99518105153672,1,0.07391604781150818,0.9649158120155334,0.5710872411727905,0.8943575620651245
subj06,V1,2,O2,B:D,naturalistic,0.8460630178451538,232.99518105153672,1,0.05450994148850441,0.9733996391296387,0.7049012184143066,0.9284908175468445
subj06,V1,2,O3,A:L,simple,0.6497952274016702,3.727593720314938,7,0.1066485409418304,0.945910421205936,0.3682669640809998,0.9085608919491742
subj06,V1,2,O3,B:D,naturalistic,0.5598469212301737,3.727593720314938,7,0.36876864030495377,0.7976406364383383,-0.5218937667294254,0.8683463242755735
subj06,V1,2,O4,A:L,simple,0.7604710043549501,494.1713361323828,3,0.07315885965403997,0.9654970161654733,0.5782885241678808,0.8923993585755119
subj06,V1,2,O4,B:D,naturalistic,0.8450311904658777,494.1713361323828,3,0.05493096084789172,0.9732798395490327,0.7034289534914185,0.9263255837366718
subj06,V1,3,O0,A:P,simple,0.9165480136871338,0.0,1,0.07824515551328659,0.9863014221191406,0.821010947227478,0.7603906989097595
subj06,V1,3,O0,B:K,naturalistic,0.8374764919281006,0.0,1,0.1162819191813469,0.9481397271156311,0.6985493898391724,1.0716346502304077
subj06,V1,3,O1,A:P,simple,0.9142965078353882,0.0,1,0.08167650550603867,0.9853426218032837,0.8217945694923401,0.7560468912124634
subj06,V1,3,O1,B:K,naturalistic,0.8441945910453796,0.0,1,0.12051567435264587,0.950029730796814,0.7117328643798828,1.1019251346588135
subj06,V1,3,O2,A:P,simple,0.9163983464241028,51.79474679231202,1,0.07964114844799042,0.9860703349113464,0.822370707988739,0.7580884099006653
subj06,V1,3,O2,B:K,naturalistic,0.8388062119483948,51.79474679231202,1,0.11664080619812012,0.9487138390541077,0.701629102230072,1.0779368877410889
subj06,V1,3,O3,A:P,simple,0.404393908788327,1.7575106248547894,3,0.36756696231486,0.8005253131148378,-0.4016728549288018,0.7088317738862449
subj06,V1,3,O3,B:K,naturalistic,0.7505002346354565,1.7575106248547894,3,0.48984209183514654,0.9126854944078903,-0.19147847794927708,1.4808728948403809
subj06,V1,3,O4,A:P,simple,0.9112462844136682,339.3221771895323,1,0.08057091734366793,0.9854516514972622,0.8119423007987848,0.7581064534907808
subj06,V1,3,O4,B:K,naturalistic,0.836700769705428,339.3221771895323,1,0.11833548585360688,0.9480956469951877,0.6981347747803446,1.079323894722398
subj06,V1,4,O0,A:R,simple,0.7653612494468689,0.0,1,0.12121623009443283,0.958377480506897,0.5845206379890442,0.7591198682785034
subj06,V1,4,O0,B:T,naturalistic,0.7575210332870483,0.0,1,0.2351306825876236,0.9402912259101868,0.5067057609558105,1.2856584787368774
subj06,V1,4,O1,A:R,simple,0.7573665976524353,0.0,1,0.1340353637933731,0.955573558807373,0.5731372833251953,0.7384189963340759
subj06,V1,4,O1,B:T,naturalistic,0.7409645318984985,0.0,1,0.39541345834732056,0.9360641837120056,0.4500613808631897,1.4572454690933228
subj06,V1,4,O2,A:R,simple,0.7653300166130066,10000.0,1,0.12123633921146393,0.9583725333213806,0.5844720602035522,0.7590882182121277
subj06,V1,4,O2,B:T,naturalistic,0.757681131362915,10000.0,1,0.2351924329996109,0.9403252601623535,0.5069958567619324,1.285874366760254
subj06,V1,4,O3,A:R,simple,0.5404010826096978,11.513953993264458,4,0.2276671725464973,0.8798051931872692,-0.006671840235080051,0.8382802912492553
subj06,V1,4,O3,B:T,naturalistic,0.5059393237980013,11.513953993264458,4,0.6584571674307118,0.871491742337348,-0.6332324197077221,1.5179861862415003
subj06,V1,4,O4,A:R,simple,0.7651178932884865,10000.0,1,0.12156283784272967,0.9583028017987627,0.5841745628594832,0.7585352836666148
subj06,V1,4,O4,B:T,naturalistic,0.7589985580193436,10000.0,1,0.23755128421338395,0.9405898894101803,0.5101127543964413,1.2902478258549257
subj06,V1,5,O0,A:V,simple,0.6411530375480652,0.0,1,0.09519288688898087,0.9675514101982117,0.28869158029556274,0.7904956936836243
subj06,V1,5,O0,B:W,naturalistic,0.7417740821838379,0.0,1,0.1479308009147644,0.9594140648841858,0.5103234052658081,1.2209597826004028
subj06,V1,5,O1,A:V,simple,0.6448102593421936,0.0,1,0.09218461066484451,0.9683306217193604,0.29771852493286133,0.7955628633499146
subj06,V1,5,O1,B:W,naturalistic,0.7382159233093262,0.0,1,0.1551508605480194,0.9589196443557739,0.5057581663131714,1.2321916818618774
subj06,V1,5,O2,A:V,simple,0.6348955035209656,16.768329368110066,1,0.09290701895952225,0.9676330089569092,0.2788153886795044,0.796692430973053
subj06,V1,5,O2,B:W,naturalistic,0.7099486589431763,16.768329368110066,1,0.1594802439212799,0.9551264643669128,0.45673519372940063,1.22298264503479
subj06,V1,5,O3,A:V,simple,0.3303708283808685,0.5689866029018293,6,0.20720985427369468,0.8999821673795837,-2.064682391883317,1.031046156151649
subj06,V1,5,O3,B:W,naturalistic,0.2619420304882392,0.5689866029018293,6,0.63921382791504,0.8696106468632246,-1.4573105165578562,1.498448105890836
subj06,V1,5,O4,A:V,simple,0.6424085352828318,232.99518105153672,3,0.09513216108411715,0.9669998242985919,0.2802160471131493,0.7931584037387849
subj06,V1,5,O4,B:W,naturalistic,0.7275434102253484,232.99518105153672,3,0.15374497060251652,0.9574159561440847,0.4742072912895132,1.2227277259172962
subj06,V2,0,O0,A:E,simple,0.8818985223770142,0.0,1,0.3223534822463989,0.8882163763046265,0.7479766607284546,1.2218055725097656
subj06,V2,0,O0,B:B,naturalistic,0.8764937520027161,0.0,1,0.06240779906511307,0.9727067351341248,0.7596095204353333,0.880152702331543
subj06,V2,0,O1,A:E,simple,0.8856174349784851,0.0,1,0.3273985981941223,0.8888250589370728,0.7542245388031006,1.2314746379852295
subj06,V2,0,O1,B:B,naturalistic,0.874598503112793,0.0,1,0.064579077064991,0.9723266959190369,0.7567422389984131,0.872334897518158
subj06,V2,0,O2,A:E,simple,0.8827952146530151,719.6856730011514,1,0.3218364119529724,0.8884264230728149,0.7491195201873779,1.2217999696731567
subj06,V2,0,O2,B:B,naturalistic,0.8778584003448486,719.6856730011514,1,0.06192246451973915,0.9729881882667542,0.7617039680480957,0.8800987005233765
subj06,V2,0,O3,A:E,simple,0.8588695622459798,5.428675439323859,7,0.3155994522470208,0.9013292816504355,0.7376441772718261,1.2590917226996172
subj06,V2,0,O3,B:B,naturalistic,0.7017483526562619,5.428675439323859,7,0.18145041674467627,0.9074146854514268,0.3890289729979667,0.8377593360739151
subj06,V2,0,O4,A:E,simple,0.9155808647854885,109.85411419875572,4,0.2870805794406391,0.9050956818970517,0.8089971202261802,1.2310999955556814
subj06,V2,0,O4,B:B,naturalistic,0.9189989875463616,109.85411419875572,4,0.04987867302264499,0.9810308576815349,0.8161759304019609,0.8701243105662156
subj06,V2,1,O0,A:H,simple,0.8708935976028442,0.0,1,0.20457646250724792,0.9472935795783997,0.756824254989624,1.266576886177063
subj06,V2,1,O0,B:C,naturalistic,0.7502515316009521,0.0,1,0.19349293410778046,0.9343990683555603,0.5211174488067627,1.1924587488174438
subj06,V2,1,O1,A:H,simple,0.8707467317581177,0.0,1,0.20289169251918793,0.947272002696991,0.7566930651664734,1.263841152191162
subj06,V2,1,O1,B:C,naturalistic,0.7510898113250732,0.0,1,0.1937602311372757,0.9345932006835938,0.5225511789321899,1.1938709020614624
subj06,V2,1,O2,A:H,simple,0.8665089011192322,51.79474679231202,1,0.20396792888641357,0.9471371173858643,0.7473365068435669,1.2650001049041748
subj06,V2,1,O2,B:C,naturalistic,0.7525850534439087,51.79474679231202,1,0.19270814955234528,0.9349441528320312,0.522124171257019,1.1934566497802734
subj06,V2,1,O3,A:H,simple,0.6179215312368888,0.0001,5,0.9233249830223307,0.688188616605075,-1.442717632627816,1.3182113107760398
subj06,V2,1,O3,B:C,naturalistic,0.4244549702877403,0.0001,5,0.5235632073344635,0.8425956600258322,-0.4896256413718463,1.3258457491250766
subj06,V2,1,O4,A:H,simple,0.8714172653865332,75.43120063354607,3,0.1941974025023636,0.9502543228433575,0.7524456042559605,1.2619926163091548
subj06,V2,1,O4,B:C,naturalistic,0.7535390570404714,75.43120063354607,3,0.2051861979546473,0.9351541381315194,0.5209655786882842,1.217465071670049
subj06,V2,2,O0,A:L,simple,0.8855128884315491,0.0,1,0.0517926849424839,0.9759683609008789,0.7812445759773254,0.9103412628173828
subj06,V2,2,O0,B:D,naturalistic,0.803683340549469,0.0,1,0.11160337924957275,0.9601213932037354,0.5888249278068542,0.7772648334503174
subj06,V2,2,O1,A:L,simple,0.886835515499115,0.0,1,0.050831280648708344,0.9761397838592529,0.7827849984169006,0.9154753684997559
subj06,V2,2,O1,B:D,naturalistic,0.7917784452438354,0.0,1,0.1215393915772438,0.9553272128105164,0.5540111064910889,0.7704229354858398
subj06,V2,2,O2,A:L,simple,0.8665102124214172,16.768329368110066,1,0.0668887123465538,0.9694315195083618,0.740370512008667,0.8876628279685974
subj06,V2,2,O2,B:D,naturalistic,0.7471893429756165,16.768329368110066,1,0.1474524736404419,0.9414380192756653,0.43542855978012085,0.7577041983604431
subj06,V2,2,O3,A:L,simple,0.46605338464494706,7.9060432109076855,7,0.8202353755118925,0.589412269233124,-2.082532065431959,0.9988535974172901
subj06,V2,2,O3,B:D,naturalistic,0.28599926849025353,7.9060432109076855,7,0.993452401887398,0.5090037978686502,-5.334650808451918,1.0115346372344052
subj06,V2,2,O4,A:L,simple,0.8690890491726966,16.768329368110066,3,0.20565931692832334,0.9041912074740892,0.64967383072985,0.75180681064135
subj06,V2,2,O4,B:D,naturalistic,0.6837836606160865,16.768329368110066,3,0.2910531973344654,0.8614800478293616,0.0950422246933389,0.6792683880712349
subj06,V2,3,O0,A:P,simple,0.8541510105133057,0.0,1,0.08960052579641342,0.9700936675071716,0.7181826829910278,0.7949303388595581
subj06,V2,3,O0,B:K,naturalistic,0.9160711765289307,0.0,1,0.07855264842510223,0.971026599407196,0.8381075859069824,1.1174685955047607
subj06,V2,3,O1,A:P,simple,0.8545128703117371,0.0,1,0.08934277296066284,0.97019362449646,0.7184726595878601,0.7952122092247009
subj06,V2,3,O1,B:K,naturalistic,0.9154902696609497,0.0,1,0.07808796316385269,0.9708904027938843,0.8369466066360474,1.1148210763931274
subj06,V2,3,O2,A:P,simple,0.8463608026504517,35.564803062231285,1,0.09193488955497742,0.9682146906852722,0.7092106342315674,0.7968249320983887
subj06,V2,3,O2,B:K,naturalistic,0.9067246913909912,35.564803062231285,1,0.08439142256975174,0.968367874622345,0.8211038112640381,1.117121696472168
subj06,V2,3,O3,A:P,simple,0.5839462424883125,0.8286427728546842,7,0.2035165484182463,0.8925239924780725,0.14694450040108298,0.8817714626169724
subj06,V2,3,O3,B:K,naturalistic,0.8559583315207216,0.8286427728546842,7,0.21330621303794142,0.9479768820456976,0.39989993236752197,1.2825906150991861
subj06,V2,3,O4,A:P,simple,0.8275517840107806,75.43120063354607,1,0.09653916817849,0.9649274502708836,0.6776719116060483,0.7987223334959167
subj06,V2,3,O4,B:K,naturalistic,0.8875777635134068,75.43120063354607,1,0.0885899859119915,0.9653855022850485,0.7873798618244784,1.1087700037863941
subj06,V2,4,O0,A:R,simple,0.8885073661804199,0.0,1,0.07843555510044098,0.9786982536315918,0.7725188732147217,0.788209855556488
subj06,V2,4,O0,B:T,naturalistic,0.8002182841300964,0.0,1,0.10280568897724152,0.9531710147857666,0.6309184432029724,1.0596634149551392
subj06,V2,4,O1,A:R,simple,0.8774453997612,0.0,1,0.10256250947713852,0.9751562476158142,0.7568381428718567,0.7438724040985107
subj06,V2,4,O1,B:T,naturalistic,0.7738140821456909,0.0,1,0.15614454448223114,0.9473388195037842,0.5800946354866028,1.1788458824157715
subj06,V2,4,O2,A:R,simple,0.8885176777839661,10000.0,1,0.07844111323356628,0.9787002801895142,0.7725272178649902,0.7881866693496704
subj06,V2,4,O2,B:T,naturalistic,0.8003149628639221,10000.0,1,0.10278893262147903,0.9531921148300171,0.6310884356498718,1.0597937107086182
subj06,V2,4,O3,A:R,simple,0.6366148086980956,0.0001,7,0.4215326624140537,0.7605747224305183,-0.13587182943444764,0.7580151633213528
subj06,V2,4,O3,B:T,naturalistic,0.6989646487339666,0.0001,7,0.5863479832373917,0.9266554202077527,-0.18478399470538798,1.593767302927563
subj06,V2,4,O4,A:R,simple,0.8990500594810913,339.3221771895323,1,0.08717089031103319,0.9798402780973685,0.7922293715860828,0.7624516151994754
subj06,V2,4,O4,B:T,naturalistic,0.8672894099341035,339.3221771895323,1,0.10024360078238169,0.9655511102903285,0.7520147618408319,1.14591881216723
subj06,V2,5,O0,A:V,simple,0.7501747608184814,0.0,1,0.10219720005989075,0.9607284069061279,0.5627388954162598,0.8019949793815613
subj06,V2,5,O0,B:W,naturalistic,0.7145580053329468,0.0,1,0.14663907885551453,0.9245729446411133,0.5027610063552856,0.8861762285232544
subj06,V2,5,O1,A:V,simple,0.7144291400909424,0.0,1,0.11627871543169022,0.9544867277145386,0.5085932016372681,0.7891882658004761
subj06,V2,5,O1,B:W,naturalistic,0.6927433013916016,0.0,1,0.15492133796215057,0.9201610684394836,0.4758891463279724,0.8799416422843933
subj06,V2,5,O2,A:V,simple,0.7432494759559631,75.43120063354607,1,0.10413850843906403,0.9597028493881226,0.5523297786712646,0.8010584712028503
subj06,V2,5,O2,B:W,naturalistic,0.7111513614654541,75.43120063354607,1,0.14797720313072205,0.9238965511322021,0.4985138177871704,0.8843721747398376
subj06,V2,5,O3,A:V,simple,0.719373144493669,0.0001,7,0.18652906120553253,0.9443826336167604,0.04570595916410958,1.2243605365188694
subj06,V2,5,O3,B:W,naturalistic,0.4518075135301324,0.0001,7,0.35325946552183474,0.8043111619759579,-0.02226598903304855,0.7910491118490296
subj06,V2,5,O4,A:V,simple,0.7632770144618256,109.85411419875572,1,0.10247316731531161,0.9621125748083004,0.5825875808382234,0.7943812993612974
subj06,V2,5,O4,B:W,naturalistic,0.6972487017788519,109.85411419875572,1,0.15316605766880267,0.9211306787085475,0.4818195137015544,0.8805383339195235
subj06,V3,0,O0,A:E,simple,0.35183876752853394,0.0,1,2.3750858306884766,0.47182250022888184,-1.0403356552124023,1.7358250617980957
subj06,V3,0,O0,B:B,naturalistic,0.9457074999809265,0.0,1,0.1039472296833992,0.9580618143081665,0.8544050455093384,0.8103129863739014
subj06,V3,0,O1,A:E,simple,0.35190173983573914,0.0,1,2.5579419136047363,0.47407960891723633,-1.0312933921813965,1.8092551231384277
subj06,V3,0,O1,B:B,naturalistic,0.9417896270751953,0.0,1,0.11543281376361847,0.9590939879417419,0.8538968563079834,0.7712269425392151
subj06,V3,0,O2,A:E,simple,0.3275376260280609,7.9060432109076855,1,2.7869136333465576,0.45345017313957214,-1.3845326900482178,1.8650203943252563
subj06,V3,0,O2,B:B,naturalistic,0.8926140666007996,7.9060432109076855,1,0.17837318778038025,0.9250513911247253,0.7618880867958069,0.7404083013534546
subj06,V3,0,O3,A:E,simple,0.6238258780716228,3.727593720314938,7,1.640079719542559,0.6757146729124286,-0.37320530049218226,1.7229348423878417
subj06,V3,0,O3,B:B,naturalistic,0.7944603616012403,3.727593720314938,7,0.46601808597291944,0.8068989670228693,0.3832686688988872,1.1491036086450193
subj06,V3,0,O4,A:E,simple,0.6828955728166406,16.768329368110066,4,1.0889962450951514,0.714266726170227,0.16035959536733124,1.4883295213941024
subj06,V3,0,O4,B:B,naturalistic,0.9692123629917072,16.768329368110066,4,0.051383385401609916,0.9777309514176478,0.9279099952569038,1.0634116549560575
subj06,V3,1,O0,A:H,simple,0.8185502886772156,0.0,1,0.26369184255599976,0.8632924556732178,0.6527930498123169,0.7686054706573486
subj06,V3,1,O0,B:C,naturalistic,0.9058268666267395,0.0,1,0.20044668018817902,0.9281482696533203,0.7378100752830505,0.679339587688446
subj06,V3,1,O1,A:H,simple,0.814684271812439,0.0,1,0.269258588552475,0.8611031770706177,0.6458967924118042,0.7573866844177246
subj06,V3,1,O1,B:C,naturalistic,0.9030709862709045,0.0,1,0.2036825269460678,0.9240617752075195,0.7298346161842346,0.684118926525116
subj06,V3,1,O2,A:H,simple,0.8185760378837585,10000.0,1,0.2636735737323761,0.8633101582527161,0.6528178453445435,0.7685575485229492
subj06,V3,1,O2,B:C,naturalistic,0.9058645963668823,10000.0,1,0.20041701197624207,0.9281711578369141,0.7378474473953247,0.6793365478515625
subj06,V3,1,O3,A:H,simple,0.7412006238777105,2.559547922699533,6,0.3568597308614335,0.8073936009744723,0.5303390068721208,0.9009038253278464
subj06,V3,1,O3,B:C,naturalistic,0.8066561581687645,2.559547922699533,6,0.3139898984593215,0.8471290460471614,0.5779639923993514,1.024941973008865
subj06,V3,1,O4,A:H,simple,0.8457074796781711,0.0001,1,0.2558529881761974,0.8810166081321714,0.6657966031972067,0.7020103149854539
subj06,V3,1,O4,B:C,naturalistic,0.9113081064254945,0.0001,1,0.1799237923271849,0.9322613242663882,0.7620446350023655,0.7108231197827264
subj06,V3,2,O0,A:L,simple,0.8465320467948914,0.0,1,0.18544422090053558,0.9028313159942627,0.6956150531768799,0.9262557625770569
subj06,V3,2,O0,B:D,naturalistic,0.8312538266181946,0.0,1,0.3060306906700134,0.89255690574646,0.6334462761878967,0.5721064209938049
subj06,V3,2,O1,A:L,simple,0.8474204540252686,0.0,1,0.1826649159193039,0.9044022560119629,0.6979492902755737,0.9290645718574524
subj06,V3,2,O1,B:D,naturalistic,0.8308292627334595,0.0,1,0.3082253336906433,0.8905453681945801,0.6357940435409546,0.5722745656967163
subj06,V3,2,O2,A:L,simple,0.8645293116569519,24.420530945486497,1,0.16084925830364227,0.9160691499710083,0.7352953553199768,0.9217067360877991
subj06,V3,2,O2,B:D,naturalistic,0.8200328946113586,24.420530945486497,1,0.3156985938549042,0.8836774230003357,0.6231647729873657,0.57289719581604
subj06,V3,2,O3,A:L,simple,0.6756451255670988,3.727593720314938,7,0.4895041575364045,0.7468882750363897,0.23408807132574905,0.9644801537215936
subj06,V3,2,O3,B:D,naturalistic,0.8233923262630478,3.727593720314938,7,0.40985608069236534,0.851218851121106,0.34276557161412635,1.217865282246696
subj06,V3,2,O4,A:L,simple,0.8382449688697349,16.768329368110066,3,0.19801200432726176,0.8978075602406814,0.6997003642832624,0.8340081606386468
subj06,V3,2,O4,B:D,naturalistic,0.9232748463183295,16.768329368110066,3,0.14140288827223965,0.9313406657100873,0.8520448351491433,0.837541232330082
subj06,V3,3,O0,A:P,simple,0.8451887965202332,0.0,1,0.17304456233978271,0.9190794229507446,0.6743011474609375,1.052314281463623
subj06,V3,3,O0,B:K,naturalistic,0.8798136115074158,0.0,1,0.24343562126159668,0.8929292559623718,0.7733961343765259,1.0948163270950317
subj06,V3,3,O1,A:P,simple,0.8454044461250305,0.0,1,0.17282578349113464,0.9192076325416565,0.674764096736908,1.0525054931640625
subj06,V3,3,O1,B:K,naturalistic,0.8797794580459595,0.0,1,0.2435646504163742,0.8929261565208435,0.7733163833618164,1.0951189994812012
subj06,V3,3,O2,A:P,simple,0.8509626388549805,16.768329368110066,1,0.16493959724903107,0.922905683517456,0.6914116144180298,1.0521125793457031
subj06,V3,3,O2,B:K,naturalistic,0.8846448063850403,16.768329368110066,1,0.23874536156654358,0.8918787240982056,0.7824420928955078,1.0767927169799805
subj06,V3,3,O3,A:P,simple,0.6650714052520158,1.7575106248547894,5,0.5620431277060477,0.7608328517923437,-0.039434327987524664,1.1362123415023109
subj06,V3,3,O3,B:K,naturalistic,0.6408147278934384,1.7575106248547894,5,0.7697661464647547,0.7282719301296465,0.01083128956018331,1.2761279132229961
subj06,V3,3,O4,A:P,simple,0.8660619538009615,11.513953993264458,6,0.1529316926070622,0.9242783030241529,0.7117616263539451,1.0092610449004376
subj06,V3,3,O4,B:K,naturalistic,0.870131226883534,11.513953993264458,6,0.2246395735744983,0.897819135353058,0.7500611638120559,1.0730869004658539
subj06,V3,4,O0,A:R,simple,0.7924673557281494,0.0,1,0.23819410800933838,0.8910772800445557,0.5241669416427612,1.070556879043579
subj06,V3,4,O0,B:T,naturalistic,0.8915073275566101,0.0,1,0.1624939739704132,0.9311087727546692,0.7795915603637695,1.1027402877807617
subj06,V3,4,O1,A:R,simple,0.7919172048568726,0.0,1,0.2402293086051941,0.8900542259216309,0.5198332071304321,1.0701262950897217
subj06,V3,4,O1,B:T,naturalistic,0.89110267162323,0.0,1,0.16561369597911835,0.9307419657707214,0.7779675126075745,1.1093320846557617
subj06,V3,4,O2,A:R,simple,0.8048324584960938,51.79474679231202,1,0.23001283407211304,0.8952907919883728,0.5400153398513794,1.0729382038116455
subj06,V3,4,O2,B:T,naturalistic,0.8943995237350464,51.79474679231202,1,0.1571093499660492,0.932854413986206,0.7862418293952942,1.0981621742248535
subj06,V3,4,O3,A:R,simple,0.5678435934372054,7.9060432109076855,7,0.5763341891072672,0.7598468638187614,-0.15139817210820694,1.1518946500215463
subj06,V3,4,O3,B:T,naturalistic,0.7767478849485521,7.9060432109076855,7,0.30993267147463693,0.8583787465222279,0.5206116822636213,1.0745886502652244
subj06,V3,4,O4,A:R,simple,0.9292653941675207,16.768329368110066,3,0.07458977138735982,0.9630326591637302,0.8632309052004891,0.9180691872344952
subj06,V3,4,O4,B:T,naturalistic,0.9100489546859626,16.768329368110066,3,0.15702674099121222,0.9429238987456332,0.7726206049041213,1.1577079581409089
subj06,V3,5,O0,A:V,simple,0.7486404180526733,0.0,1,0.2395491898059845,0.8862193822860718,0.3791956901550293,1.0441246032714844
subj06,V3,5,O0,B:W,naturalistic,0.8290764689445496,0.0,1,0.20535790920257568,0.907292902469635,0.6664366722106934,0.7383600473403931
subj06,V3,5,O1,A:V,simple,0.7480306625366211,0.0,1,0.24102848768234253,0.8851514458656311,0.37622153759002686,1.0417449474334717
subj06,V3,5,O1,B:W,naturalistic,0.8285284042358398,0.0,1,0.2055559605360031,0.9070006012916565,0.6659520864486694,0.7390537858009338
subj06,V3,5,O2,A:V,simple,0.7714754939079285,35.564803062231285,1,0.2160593867301941,0.8974149823188782,0.4396016001701355,1.0437469482421875
subj06,V3,5,O2,B:W,naturalistic,0.8275467157363892,35.564803062231285,1,0.20609214901924133,0.9063842296600342,0.6661137342453003,0.7401779890060425
subj06,V3,5,O3,A:V,simple,0.5387628385719824,1.2067926406393288,6,0.92847820164914,0.6877417218778542,-1.3875613123980002,1.3213558827369067
subj06,V3,5,O3,B:W,naturalistic,0.7650515382167641,1.2067926406393288,6,0.23780728462248796,0.8732149936087908,0.5804591618449699,0.8908714552947103
subj06,V3,5,O4,A:V,simple,0.8388967103096099,11.513953993264458,3,0.15027828147671626,0.9241052555471608,0.6860046658419057,0.8589218913781038
subj06,V3,5,O4,B:W,naturalistic,0.8212127703467429,11.513953993264458,3,0.20320976734201732,0.9031703557546878,0.6619782063603534,0.76559673426368
subj06,hV4,0,O0,A:E,simple,0.9005542993545532,0.0,1,1.1992906332015991,0.5289178490638733,0.7697000503540039,1.2210485935211182
subj06,hV4,0,O0,B:B,naturalistic,0.7892512679100037,0.0,1,0.14650940895080566,0.9241791367530823,0.6210259199142456,0.8993480205535889
subj06,hV4,0,O1,A:E,simple,0.9057193994522095,0.0,1,1.1530214548110962,0.540729820728302,0.7788041234016418,1.208120346069336
subj06,hV4,0,O1,B:B,naturalistic,0.7955383062362671,0.0,1,0.14115910232067108,0.9269231557846069,0.6319981217384338,0.9083337783813477
subj06,hV4,0,O2,A:E,simple,0.876747727394104,16.768329368110066,1,1.1260608434677124,0.5527818202972412,0.7509008646011353,1.2097662687301636
subj06,hV4,0,O2,B:B,naturalistic,0.8615583181381226,16.768329368110066,1,0.1020892858505249,0.9487326145172119,0.7323213815689087,0.9020105600357056
subj06,hV4,0,O3,A:E,simple,0.598791379559763,2.559547922699533,4,1.9645541231226153,0.3101476236625203,0.3548986856172862,1.3400727106971764
subj06,hV4,0,O3,B:B,naturalistic,0.6224748791424651,2.559547922699533,4,0.4326913806435012,0.7852809713107377,-0.06107470367711887,1.0074465587059678
subj06,hV4,0,O4,A:E,simple,0.9311468138721137,2.559547922699533,2,1.0343345457156623,0.6776412499463149,0.8640197434099863,1.3801597169550366
subj06,hV4,0,O4,B:B,naturalistic,0.939384079839242,2.559547922699533,2,0.05996955474977168,0.9725213562660702,0.8429519946382855,0.896578658456658
subj06,hV4,1,O0,A:H,simple,0.9157871603965759,0.0,1,0.3565737307071686,0.8066256642341614,0.7201070785522461,0.8915883302688599
subj06,hV4,1,O0,B:C,naturalistic,0.5908510684967041,0.0,1,0.3519810438156128,0.8540664911270142,0.06189662218093872,1.1393917798995972
subj06,hV4,1,O1,A:H,simple,0.9094080328941345,0.0,1,0.333515465259552,0.81700599193573,0.7097651958465576,0.8488538265228271
subj06,hV4,1,O1,B:C,naturalistic,0.6050964593887329,0.0,1,0.3510645627975464,0.8634456396102905,0.09947293996810913,1.1742558479309082
subj06,hV4,1,O2,A:H,simple,0.9203578233718872,35.564803062231285,1,0.32896295189857483,0.8233530521392822,0.7478867769241333,0.9062581658363342
subj06,hV4,1,O2,B:C,naturalistic,0.5832481980323792,35.564803062231285,1,0.35638347268104553,0.8540135622024536,0.0604555606842041,1.1467981338500977
subj06,hV4,1,O3,A:H,simple,0.8220179437496649,0.8286427728546842,6,0.37020471782839803,0.8445042418730223,0.6318027388671495,1.1332812876770293
subj06,hV4,1,O3,B:C,naturalistic,0.7490055522284975,0.8286427728546842,6,0.3852115094605954,0.9036933015349535,0.10162871555600161,1.3529961965802553
subj06,hV4,1,O4,A:H,simple,0.9267712536336271,16.768329368110066,1,0.1993615005629353,0.8953809472934916,0.8301171696155599,0.9280702668683422
subj06,hV4,1,O4,B:C,naturalistic,0.7624124546976987,16.768329368110066,1,0.21603040402878276,0.9214021491122543,0.5409840465513754,1.1763772981928335
subj06,hV4,2,O0,A:L,simple,0.7690881490707397,0.0,1,0.2517368495464325,0.8657057285308838,0.5766489505767822,0.8313097953796387
subj06,hV4,2,O0,B:D,naturalistic,0.6190837025642395,0.0,1,0.41391247510910034,0.7666489481925964,-0.24925994873046875,0.725867509841919
subj06,hV4,2,O1,A:L,simple,0.769597053527832,0.0,1,0.25149959325790405,0.8660014867782593,0.5784565210342407,0.8278161287307739
subj06,hV4,2,O1,B:D,naturalistic,0.6088264584541321,0.0,1,0.3813878893852234,0.7877854704856873,-0.24703562259674072,0.7431334257125854
subj06,hV4,2,O2,A:L,simple,0.46139904856681824,1.2067926406393288,1,0.7118957042694092,0.5854883790016174,-0.10871648788452148,0.8193524479866028
subj06,hV4,2,O2,B:D,naturalistic,0.7118584513664246,1.2067926406393288,1,0.5436980128288269,0.7009164094924927,-0.9713277816772461,0.8879507780075073
subj06,hV4,2,O3,A:L,simple,0.5290861382429705,2.559547922699533,6,1.0915828318034262,0.5138282844164371,-0.6523361254120588,1.1101522857397732
subj06,hV4,2,O3,B:D,naturalistic,0.634743724341909,2.559547922699533,6,1.475286312152158,0.4730049311224493,-6.014586235954308,1.3090790729273614
subj06,hV4,2,O4,A:L,simple,0.7701856692286416,3.727593720314938,1,0.2509749223643503,0.8661527560948242,0.5783697477766118,0.8315773483096165
subj06,hV4,2,O4,B:D,naturalistic,0.7026948803028313,3.727593720314938,1,0.316380689124699,0.8269815276484729,-0.12730554033799857,0.8102730581933978
subj06,hV4,3,O0,A:P,simple,0.7282116413116455,0.0,1,0.37485581636428833,0.7911741733551025,0.5121291875839233,0.8196774125099182
subj06,hV4,3,O0,B:K,naturalistic,0.8716110587120056,0.0,1,0.10831750184297562,0.9480774402618408,0.7580130100250244,0.8634121417999268
subj06,hV4,3,O1,A:P,simple,0.7089347243309021,0.0,1,0.38796642422676086,0.7823739051818848,0.48585158586502075,0.7910505533218384
subj06,hV4,3,O1,B:K,naturalistic,0.8666770458221436,0.0,1,0.11166533827781677,0.9465165138244629,0.7481016516685486,0.8595752120018005
subj06,hV4,3,O2,A:P,simple,0.7566863894462585,35.564803062231285,1,0.34794268012046814,0.8079662919044495,0.5515131950378418,0.8353937864303589
subj06,hV4,3,O2,B:K,naturalistic,0.8726382255554199,35.564803062231285,1,0.10704552382230759,0.9487414956092834,0.7589127421379089,0.8641490936279297
subj06,hV4,3,O3,A:P,simple,0.7568080815093924,0.8286427728546842,5,0.3805459871873071,0.8277582670989092,0.5305133854858046,1.0841364250965917
subj06,hV4,3,O3,B:K,naturalistic,0.5003841212224077,0.8286427728546842,5,0.6813393230313054,0.6818155262014151,-0.5459849941893407,1.0641918988318109
subj06,hV4,3,O4,A:P,simple,0.7718302462892821,5.428675439323859,1,0.31784374627152623,0.8259277486188378,0.5803591207865804,0.8265716887419866
subj06,hV4,3,O4,B:K,naturalistic,0.8891427341513699,5.428675439323859,1,0.09628399890406926,0.9549841545919101,0.7768196871655842,0.8639969172576754
subj06,hV4,4,O0,A:R,simple,0.8922646045684814,0.0,1,0.12817667424678802,0.9468587040901184,0.7961302995681763,0.7896391749382019
subj06,hV4,4,O0,B:T,naturalistic,0.5646700859069824,0.0,1,0.5660049915313721,0.7833196520805359,-0.08505332469940186,1.2071058750152588
subj06,hV4,4,O1,A:R,simple,0.8717761039733887,0.0,1,0.21872355043888092,0.9159071445465088,0.7590447664260864,0.6758875846862793
subj06,hV4,4,O1,B:T,naturalistic,0.5829890370368958,0.0,1,0.6844213604927063,0.8096439838409424,-0.07615971565246582,1.392691731452942
subj06,hV4,4,O2,A:R,simple,0.8705058097839355,16.768329368110066,1,0.17808926105499268,0.9094324111938477,0.7217104434967041,0.8376232385635376
subj06,hV4,4,O2,B:T,naturalistic,0.639995276927948,16.768329368110066,1,0.4248502254486084,0.8361679315567017,0.26117080450057983,1.1883426904678345
subj06,hV4,4,O3,A:R,simple,0.8594397684394269,1.2067926406393288,6,0.47713541527511993,0.7972859653584463,0.06491439304222413,1.1331435635808758
subj06,hV4,4,O3,B:T,naturalistic,0.6491081721689381,1.2067926406393288,6,0.5694204312548334,0.8371645379859848,0.3801268215764283,1.357034615283853
subj06,hV4,4,O4,A:R,simple,0.8456207312302656,35.564803062231285,1,0.29848604995889827,0.8376407180742338,0.6121705280689975,0.8263264380401018
subj06,hV4,4,O4,B:T,naturalistic,0.7813749256476064,35.564803062231285,1,0.40823511919454414,0.8904611229137952,0.573354379692122,1.3389654451530864
subj06,hV4,5,O0,A:V,simple,0.7283016443252563,0.0,1,0.35000187158584595,0.8159022331237793,0.46621596813201904,0.6906089782714844
subj06,hV4,5,O0,B:W,naturalistic,0.7574024796485901,0.0,1,0.21511340141296387,0.9294607043266296,0.5709236860275269,0.6483722925186157
subj06,hV4,5,O1,A:V,simple,0.6524034738540649,0.0,1,0.4017505347728729,0.7876734137535095,0.39750486612319946,0.6387444734573364
subj06,hV4,5,O1,B:W,naturalistic,0.7464790940284729,0.0,1,0.21300005912780762,0.9266676306724548,0.5562012195587158,0.6588747501373291
subj06,hV4,5,O2,A:V,simple,0.7575661540031433,11.513953993264458,1,0.3093875050544739,0.8453121185302734,0.5344243049621582,0.6905862092971802
subj06,hV4,5,O2,B:W,naturalistic,0.7537550926208496,11.513953993264458,1,0.22113941609859467,0.9282183051109314,0.5650358200073242,0.6405925154685974
subj06,hV4,5,O3,A:V,simple,0.7343374391504154,0.5689866029018293,4,0.38538603134013993,0.8336542777437727,0.45889748674683317,0.5501662547061524
subj06,hV4,5,O3,B:W,naturalistic,0.7256607171323788,0.5689866029018293,4,0.2613904846428543,0.9299162960749335,0.4989088871309192,0.5747616448745134
subj06,hV4,5,O4,A:V,simple,0.7992330682673918,7.9060432109076855,3,0.2760159954818126,0.873258892393359,0.5998951626756849,0.676797557639406
subj06,hV4,5,O4,B:W,naturalistic,0.7754718814831488,7.9060432109076855,3,0.22180780564928396,0.9382311539002128,0.5845664048306476,0.6187228941476224
subj06,ventral,0,O0,A:E,simple,0.531862735748291,0.0,1,1.040669322013855,0.22173069417476654,0.280606210231781,0.5214537382125854
subj06,ventral,0,O0,B:B,naturalistic,0.6798040866851807,0.0,1,0.4894891679286957,0.7253531217575073,0.45753830671310425,0.6003484129905701
subj06,ventral,0,O1,A:E,simple,0.5328478217124939,0.0,1,1.0345269441604614,0.22650928795337677,0.28182798624038696,0.5194829106330872
subj06,ventral,0,O1,B:B,naturalistic,0.681347131729126,0.0,1,0.48668989539146423,0.7273849844932556,0.4594712257385254,0.6017715334892273
subj06,ventral,0,O2,A:E,simple,0.5646802186965942,35.564803062231285,1,0.9996070265769958,0.2588820159435272,0.3186797499656677,0.5170040726661682
subj06,ventral,0,O2,B:B,naturalistic,0.7142660021781921,35.564803062231285,1,0.43977615237236023,0.7562833428382874,0.5069776773452759,0.6479300260543823
subj06,ventral,0,O3,A:E,simple,0.6024609193346427,51.79474679231202,7,0.9510905666069743,0.47702934021707977,0.14439158116367679,0.8996965564871453
subj06,ventral,0,O3,B:B,naturalistic,0.5347755172159089,51.79474679231202,7,0.846845420663246,0.6071595703658164,-0.010312806316160161,1.071366514362425
subj06,ventral,0,O4,A:E,simple,0.8334054326068387,24.420530945486497,2,0.3710373417140171,0.7996905516468799,0.6940573921059163,0.6970148883818001
subj06,ventral,0,O4,B:B,naturalistic,0.8048362271225034,24.420530945486497,2,0.30800533983116324,0.8353033972572776,0.6474930145623307,0.9110463040780961
subj06,ventral,1,O0,A:H,simple,0.6088898181915283,0.0,1,0.8477052450180054,0.4539071023464203,0.36247968673706055,0.6857193112373352
subj06,ventral,1,O0,B:C,naturalistic,0.48572179675102234,0.0,1,0.7860523462295532,0.4915030896663666,0.2138562798500061,0.6577188372612
subj06,ventral,1,O1,A:H,simple,0.6244800090789795,0.0,1,0.7560791969299316,0.514806866645813,0.3856810927391052,0.6600834727287292
subj06,ventral,1,O1,B:C,naturalistic,0.3465349078178406,0.0,1,1.015434741973877,0.35440224409103394,0.017640292644500732,0.729949414730072
subj06,ventral,1,O2,A:H,simple,0.6252614259719849,75.43120063354607,1,0.8093578815460205,0.4797222316265106,0.3858317732810974,0.6784464716911316
subj06,ventral,1,O2,B:C,naturalistic,0.5154541730880737,75.43120063354607,1,0.7487078905105591,0.518530547618866,0.25407129526138306,0.6511269807815552
subj06,ventral,1,O3,A:H,simple,0.551473758440237,75.43120063354607,7,0.8128366577188423,0.5731849286209276,0.1105308523803088,0.9491871081071449
subj06,ventral,1,O3,B:C,naturalistic,0.752308682409929,75.43120063354607,7,1.088915283519755,0.7550115399008824,-0.08305055428240693,1.5667736350128352
subj06,ventral,1,O4,A:H,simple,0.7630512646666197,0.0001,1,0.3750398392096412,0.790910018809834,0.5797349868819789,0.8149628563663869
subj06,ventral,1,O4,B:C,naturalistic,0.47288522028164226,0.0001,1,0.9080744453655151,0.45580982179089075,0.1762433817406701,0.7961582196221146
subj06,ventral,2,O0,A:L,simple,0.6462395191192627,0.0,1,0.6055305600166321,0.6476649641990662,0.39496320486068726,0.8057801723480225
subj06,ventral,2,O0,B:D,naturalistic,0.580330491065979,0.0,1,0.7217740416526794,0.5305547118186951,0.3331853151321411,0.47343915700912476
subj06,ventral,2,O1,A:L,simple,0.6237995028495789,0.0,1,0.6349706053733826,0.6249353289604187,0.36287325620651245,0.7846686244010925
subj06,ventral,2,O1,B:D,naturalistic,0.405653178691864,0.0,1,0.8323034048080444,0.42015743255615234,0.08237999677658081,0.5141553282737732
subj06,ventral,2,O2,A:L,simple,0.6481590270996094,16.768329368110066,1,0.6036922931671143,0.6505125164985657,0.39339524507522583,0.8143986463546753
subj06,ventral,2,O2,B:D,naturalistic,0.46234574913978577,16.768329368110066,1,0.8270773887634277,0.42051464319229126,0.17580479383468628,0.48304450511932373
subj06,ventral,2,O3,A:L,simple,0.6356495843525869,0.0001,5,1.0455213693523782,0.6183994868494419,0.008854925437913774,1.2725701657485238
subj06,ventral,2,O3,B:D,naturalistic,0.6088704189904678,0.0001,5,0.7795812939056178,0.5709470030103097,0.016408991537190443,0.8958496802250878
subj06,ventral,2,O4,A:L,simple,0.7725936689080849,109.85411419875572,3,0.4935337968815705,0.7369533482696613,0.5782755281121225,0.9283534236476366
subj06,ventral,2,O4,B:D,naturalistic,0.5871564259973817,109.85411419875572,3,0.7142746805278696,0.5353346451226726,0.3135967843989883,0.5646234791872503
subj06,ventral,3,O0,A:P,simple,0.5795702934265137,0.0,1,0.787981390953064,0.5197389125823975,0.30259668827056885,0.7607988715171814
subj06,ventral,3,O0,B:K,naturalistic,0.6525007486343384,0.0,1,0.560102105140686,0.6656696200370789,0.42068982124328613,0.7223984003067017
subj06,ventral,3,O1,A:P,simple,0.5753083825111389,0.0,1,0.7934320569038391,0.5208582878112793,0.28945571184158325,0.7752704620361328
subj06,ventral,3,O1,B:K,naturalistic,0.6453967690467834,0.0,1,0.5712085366249084,0.662124514579773,0.4052809476852417,0.7601931095123291
subj06,ventral,3,O2,A:P,simple,0.5866594314575195,75.43120063354607,1,0.7830932140350342,0.5326183438301086,0.30063992738723755,0.791027843952179
subj06,ventral,3,O2,B:K,naturalistic,0.6732943654060364,75.43120063354607,1,0.5296697020530701,0.6866955757141113,0.4510872960090637,0.7216304540634155
subj06,ventral,3,O3,A:P,simple,0.43091887047836414,16.768329368110066,7,1.2721050448959124,0.45343693402967483,-0.3235375003068457,1.1446026858783092
subj06,ventral,3,O3,B:K,naturalistic,0.5787562316895359,16.768329368110066,7,0.8933670648780481,0.6001291222408145,0.1231074480974167,1.1036388608377787
subj06,ventral,3,O4,A:P,simple,0.6738304820085594,35.564803062231285,2,0.5523692672910301,0.6835592962291456,0.42973463880873874,0.8236399749012004
subj06,ventral,3,O4,B:K,naturalistic,0.775975240020885,35.564803062231285,2,0.4398588513967938,0.7668766707902179,0.5971760998455807,0.9340851751178788
subj06,ventral,4,O0,A:R,simple,0.7993230819702148,0.0,1,0.4365100562572479,0.7509516477584839,0.6348347663879395,0.730012834072113
subj06,ventral,4,O0,B:T,naturalistic,0.6872530579566956,0.0,1,0.5641729235649109,0.668232262134552,0.4692274332046509,0.5647557377815247
subj06,ventral,4,O1,A:R,simple,0.7817134857177734,0.0,1,0.44535911083221436,0.7469559907913208,0.6041626930236816,0.6894910931587219
subj06,ventral,4,O1,B:T,naturalistic,0.6285985112190247,0.0,1,0.5774368047714233,0.6569042801856995,0.3949282169342041,0.562246561050415
subj06,ventral,4,O2,A:R,simple,0.8059503436088562,35.564803062231285,1,0.4187268316745758,0.763226330280304,0.6445745229721069,0.727996289730072
subj06,ventral,4,O2,B:T,naturalistic,0.6913062930107117,35.564803062231285,1,0.5366927981376648,0.6886730790138245,0.4760294556617737,0.5839665532112122
subj06,ventral,4,O3,A:R,simple,0.7356220098937675,0.05963623316594643,6,0.6838547209384626,0.7351954355339946,0.30016820936892874,1.208869352691358
subj06,ventral,4,O3,B:T,naturalistic,0.7365119412746907,0.05963623316594643,6,0.6771254007436477,0.7874701113728715,0.14749870028696577,1.332662388343644
subj06,ventral,4,O4,A:R,simple,0.8521774283456631,75.43120063354607,2,0.265291535935951,0.8571590491072718,0.7261192820138529,0.8607764816670121
subj06,ventral,4,O4,B:T,naturalistic,0.8116610919424141,75.43120063354607,2,0.27100913404998817,0.8540928017965908,0.6584344849160386,0.8760859416866689
subj06,ventral,5,O0,A:V,simple,0.702536940574646,0.0,1,0.5260457396507263,0.6884586215019226,0.49295467138290405,0.6930426955223083
subj06,ventral,5,O0,B:W,naturalistic,0.6640138030052185,0.0,1,0.6071242690086365,0.6359356641769409,0.4409143328666687,0.5285191535949707
subj06,ventral,5,O1,A:V,simple,0.6976913213729858,0.0,1,0.52152419090271,0.6917406320571899,0.48644953966140747,0.6863340735435486
subj06,ventral,5,O1,B:W,naturalistic,0.6306850910186768,0.0,1,0.6226572394371033,0.6219171285629272,0.39712071418762207,0.5247678160667419
subj06,ventral,5,O2,A:V,simple,0.7111508846282959,35.564803062231285,1,0.5097414255142212,0.7002125978469849,0.5054605007171631,0.706476628780365
subj06,ventral,5,O2,B:W,naturalistic,0.6719235777854919,35.564803062231285,1,0.5887869000434875,0.6501522660255432,0.45141953229904175,0.5429852604866028
subj06,ventral,5,O3,A:V,simple,0.598268641381794,35.564803062231285,6,0.7382926213122786,0.5954752673022262,0.2687791332681996,0.9002431277290169
subj06,ventral,5,O3,B:W,naturalistic,0.6685078450580434,35.564803062231285,6,0.6355504507150309,0.6660571011110876,0.1905076012981335,0.9474507939897692
subj06,ventral,5,O4,A:V,simple,0.7759081772258082,35.564803062231285,2,0.41686955941440157,0.7651730323332431,0.6012725709071318,0.8137463862899608
subj06,ventral,5,O4,B:W,naturalistic,0.7861014808530362,35.564803062231285,2,0.3499691671712146,0.821916707962108,0.6176445072928316,0.6621790239379074
subj06,lateral,0,O0,A:E,simple,0.6079363226890564,0.0,1,1.314266562461853,0.12300170958042145,0.3695865869522095,0.6969320178031921
subj06,lateral,0,O0,B:B,naturalistic,0.7153429985046387,0.0,1,0.34760841727256775,0.8414208889007568,0.5117024183273315,0.6056297421455383
subj06,lateral,0,O1,A:E,simple,0.5931662321090698,0.0,1,1.4441723823547363,0.07177035510540009,0.3513704538345337,0.7420862317085266
subj06,lateral,0,O1,B:B,naturalistic,0.696903645992279,0.0,1,0.3800472319126129,0.817355751991272,0.4846341609954834,0.5979984402656555
subj06,lateral,0,O2,A:E,simple,0.6078599691390991,10000.0,1,1.3143702745437622,0.12289446592330933,0.3694937825202942,0.6968920826911926
subj06,lateral,0,O2,B:B,naturalistic,0.715365469455719,10000.0,1,0.3476122319698334,0.841408908367157,0.5117349624633789,0.6056522727012634
subj06,lateral,0,O3,A:E,simple,0.44054768325891547,24.420530945486497,1,1.557065241742774,0.1144441992977859,0.021388266594824845,0.8695353929752824
subj06,lateral,0,O3,B:B,naturalistic,0.5145683605167999,24.420530945486497,1,0.6537037875151296,0.6991165595535359,-0.4531172468666256,1.0765655413587711
subj06,lateral,0,O4,A:E,simple,0.6046360398478225,10000.0,7,1.3197311138786723,0.1178287306003665,0.36558476557010267,0.6954226250862618
subj06,lateral,0,O4,B:B,naturalistic,0.7240860575569565,10000.0,7,0.3390067537933407,0.8470935764510399,0.5241860176780222,0.609240153999311
subj06,lateral,1,O0,A:H,simple,0.744796872138977,0.0,1,0.8454862833023071,0.5537143349647522,0.5544301271438599,0.9436963200569153
subj06,lateral,1,O0,B:C,naturalistic,0.662176251411438,0.0,1,0.34983712434768677,0.8084078431129456,0.42089492082595825,0.7504383325576782
subj06,lateral,1,O1,A:H,simple,0.7407416105270386,0.0,1,0.8061727285385132,0.5669184327125549,0.5486205220222473,0.9240868091583252
subj06,lateral,1,O1,B:C,naturalistic,0.6518533229827881,0.0,1,0.37171700596809387,0.7955981492996216,0.4062475562095642,0.7270891070365906
subj06,lateral,1,O2,A:H,simple,0.7448378801345825,10000.0,1,0.8453088998794556,0.5537887215614319,0.5544900894165039,0.9436488151550293
subj06,lateral,1,O2,B:C,naturalistic,0.662172257900238,10000.0,1,0.34982889890670776,0.8084157109260559,0.4209046959877014,0.7504087686538696
subj06,lateral,1,O3,A:H,simple,0.7020090360237831,0.0001,3,0.7913715364645292,0.6425458426698772,0.3913488223785936,1.0944714518404106
subj06,lateral,1,O3,B:C,naturalistic,0.6496005281533186,0.0001,3,0.5355435314133323,0.8283431595354629,0.15878656188991325,1.2991891445457413
subj06,lateral,1,O4,A:H,simple,0.8185140326471135,159.98587196060572,1,0.46859374811686655,0.7373794471812202,0.6683308729299577,0.8483850510287354
subj06,lateral,1,O4,B:C,naturalistic,0.71485031197423,159.98587196060572,1,0.2673927210715673,0.8559289111301387,0.5030458292724973,0.8532731150957512
subj06,lateral,2,O0,A:L,simple,0.7515998482704163,0.0,1,0.3876998722553253,0.7888160347938538,0.5636212229728699,0.8884692192077637
subj06,lateral,2,O0,B:D,naturalistic,0.3905561864376068,0.0,1,0.6449220180511475,0.6579951047897339,0.09097689390182495,0.37892571091651917
subj06,lateral,2,O1,A:L,simple,0.7260921001434326,0.0,1,0.4094941020011902,0.7726010680198669,0.5199350118637085,0.8526419997215271
subj06,lateral,2,O1,B:D,naturalistic,0.34691688418388367,0.0,1,0.8707830309867859,0.36062708497047424,0.01851552724838257,0.33173248171806335
subj06,lateral,2,O2,A:L,simple,0.7540773749351501,109.85411419875572,1,0.38206472992897034,0.7917620539665222,0.5671279430389404,0.8863767981529236
subj06,lateral,2,O2,B:D,naturalistic,0.37382543087005615,109.85411419875572,1,0.66471928358078,0.6347196698188782,0.06712394952774048,0.3747420907020569
subj06,lateral,2,O3,A:L,simple,0.6334508066701418,0.0001,4,0.8072714031136422,0.6181199900086257,0.14858014623769056,1.0532565846173534
subj06,lateral,2,O3,B:D,naturalistic,0.14432887852105403,0.0001,4,0.8876275103749302,0.34181631162906695,-0.4079844381057067,0.40864357373225013
subj06,lateral,2,O4,A:L,simple,0.7863134107644248,16.768329368110066,1,0.39759827763693706,0.7773321717147919,0.609954515009866,0.820270834292729
subj06,lateral,2,O4,B:D,naturalistic,0.26287818874447855,16.768329368110066,1,0.8451520989452088,0.39668958991760894,-0.10292619088633326,0.3465426708173869
subj06,lateral,3,O0,A:P,simple,0.6880449056625366,0.0,1,0.41919517517089844,0.7686112523078918,0.45823144912719727,0.868402898311615
subj06,lateral,3,O0,B:K,naturalistic,0.6050878167152405,0.0,1,0.6546581983566284,0.6144610643386841,0.36192381381988525,0.7939616441726685
subj06,lateral,3,O1,A:P,simple,0.6961060762405396,0.0,1,0.41049689054489136,0.7752321362495422,0.47158282995224,0.8823853135108948
subj06,lateral,3,O1,B:K,naturalistic,0.6045160889625549,0.0,1,0.6438721418380737,0.6168612241744995,0.3622127175331116,0.7730339765548706
subj06,lateral,3,O2,A:P,simple,0.6879887580871582,10000.0,1,0.4192618131637573,0.7685684561729431,0.4581425189971924,0.8683640956878662
subj06,lateral,3,O2,B:K,naturalistic,0.6050492525100708,10000.0,1,0.6547431945800781,0.6144089698791504,0.36188018321990967,0.7939679622650146
subj06,lateral,3,O3,A:P,simple,0.39266753729551906,0.013257113655901081,2,1.3632253574889956,0.3533264238084781,-0.49152433397413287,1.0519428438807525
subj06,lateral,3,O3,B:K,naturalistic,0.3155121826252456,0.013257113655901081,2,2.1908394468831207,0.37992947932806664,-0.5662190830488836,1.5354319041093787
subj06,lateral,3,O4,A:P,simple,0.6905968343127293,24.420530945486497,1,0.5228610979758743,0.6975386437707995,0.4405427436118595,0.7946016564345268
subj06,lateral,3,O4,B:K,naturalistic,0.5238410449379995,24.420530945486497,1,1.3596808822560138,0.4799226931581499,0.22999022394449764,1.2480415932959112
subj06,lateral,4,O0,A:R,simple,0.7977795600891113,0.0,1,0.5715086460113525,0.6811915636062622,0.6349918842315674,0.8696871399879456
subj06,lateral,4,O0,B:T,naturalistic,0.7579717636108398,0.0,1,0.34057292342185974,0.8153863549232483,0.5742343068122864,0.7417117953300476
subj06,lateral,4,O1,A:R,simple,0.7811694145202637,0.0,1,0.6009090542793274,0.6613219380378723,0.6087599396705627,0.8569126129150391
subj06,lateral,4,O1,B:T,naturalistic,0.7306810617446899,0.0,1,0.3588891923427582,0.8025246858596802,0.5321372151374817,0.8567023873329163
subj06,lateral,4,O2,A:R,simple,0.7978036999702454,10000.0,1,0.5714008212089539,0.6812544465065002,0.6350318193435669,0.869691014289856
subj06,lateral,4,O2,B:T,naturalistic,0.7580612897872925,10000.0,1,0.34041982889175415,0.8154696822166443,0.5743717551231384,0.7419131398200989
subj06,lateral,4,O3,A:R,simple,0.7833237238700459,0.0001,3,0.5842491124763884,0.778303550720366,0.43052785493647727,1.214199771284043
subj06,lateral,4,O3,B:T,naturalistic,0.5013638977795873,0.0001,3,1.3101984312533042,0.5920338225133402,-0.7118884800017584,1.404869930061457
subj06,lateral,4,O4,A:R,simple,0.832254421190643,51.79474679231202,1,0.31388717125188004,0.8284019936718559,0.6923675539176848,0.816695631092152
subj06,lateral,4,O4,B:T,naturalistic,0.8437281679537522,51.79474679231202,1,0.25012570701005044,0.867927086453056,0.7051425475135329,0.9264354225269222
subj06,lateral,5,O0,A:V,simple,0.7517824769020081,0.0,1,0.6494086980819702,0.5993441939353943,0.5503832697868347,0.6922001242637634
subj06,lateral,5,O0,B:W,naturalistic,0.6808503270149231,0.0,1,0.4856390357017517,0.742031455039978,0.46306538581848145,0.5516377687454224
subj06,lateral,5,O1,A:V,simple,0.7380472421646118,0.0,1,0.6915401220321655,0.5705710649490356,0.5324009656906128,0.7013055086135864
subj06,lateral,5,O1,B:W,naturalistic,0.6764766573905945,0.0,1,0.44165682792663574,0.7714021801948547,0.456659197807312,0.5797824263572693
subj06,lateral,5,O2,A:V,simple,0.751789927482605,10000.0,1,0.6493451595306396,0.5993938446044922,0.5504056215286255,0.6922279596328735
subj06,lateral,5,O2,B:W,naturalistic,0.6806812882423401,10000.0,1,0.4857243299484253,0.7419183850288391,0.4628216028213501,0.5517414212226868
subj06,lateral,5,O3,A:V,simple,0.6680972658247432,0.0001,1,0.7494046735820918,0.6696966857859019,0.30540362171732927,1.1145543389913504
subj06,lateral,5,O3,B:W,naturalistic,0.3782119248969734,0.0001,1,1.236116130089205,0.3482416067935972,-0.7658814203900621,0.9460612860632698
subj06,lateral,5,O4,A:V,simple,0.847015271097803,109.85411419875572,1,0.3138123535800308,0.8402509044578418,0.6980791829780664,0.6994178577469553
subj06,lateral,5,O4,B:W,naturalistic,0.7010163451833857,109.85411419875572,1,0.3989259852865892,0.8024647759668526,0.49140542491957884,0.5954001656559585
subj06,parietal,0,O0,A:E,simple,0.588391900062561,0.0,1,0.8336372375488281,0.4296702444553375,0.3452133536338806,0.29456397891044617
subj06,parietal,0,O0,B:B,naturalistic,0.5318024754524231,0.0,1,0.8420764207839966,0.4079402983188629,0.28245604038238525,0.5000911951065063
subj06,parietal,0,O1,A:E,simple,0.5718889236450195,0.0,1,0.9700957536697388,0.20669695734977722,0.3257538676261902,0.3199199140071869
subj06,parietal,0,O1,B:B,naturalistic,0.5217165350914001,0.0,1,0.8833327293395996,0.3719998002052307,0.2701645493507385,0.5193652510643005
subj06,parietal,0,O2,A:E,simple,0.5918373465538025,232.99518105153672,1,0.8379689455032349,0.4229605197906494,0.34891217947006226,0.29309701919555664
subj06,parietal,0,O2,B:B,naturalistic,0.5296778678894043,232.99518105153672,1,0.8452441692352295,0.40523701906204224,0.28000324964523315,0.5025061368942261
subj06,parietal,0,O3,A:E,simple,0.40976166057269764,35.564803062231285,2,1.7838241700750426,-0.31603684380335834,-0.1511620983660018,0.6240181745098726
subj06,parietal,0,O3,B:B,naturalistic,0.4397198343163492,35.564803062231285,2,1.1259364670839402,0.35615638800367266,-0.06989508651991039,0.858932519445952
subj06,parietal,0,O4,A:E,simple,0.5517264027266621,35.564803062231285,1,0.885202217172799,0.34258098268146714,0.30437571596864466,0.29194575020843944
subj06,parietal,0,O4,B:B,naturalistic,0.6702462091486936,35.564803062231285,1,0.572695979095088,0.6708285539944182,0.43913582489772174,0.5201403562818886
subj06,parietal,1,O0,A:H,simple,0.39947807788848877,0.0,1,0.7043521404266357,0.5503190755844116,0.1283441185951233,0.46544763445854187
subj06,parietal,1,O0,B:C,naturalistic,0.40521296858787537,0.0,1,0.7449292540550232,0.5161629319190979,0.16408181190490723,0.40961065888404846
subj06,parietal,1,O1,A:H,simple,0.4162558615207672,0.0,1,0.6522069573402405,0.5970011353492737,0.13929182291030884,0.5041723847389221
subj06,parietal,1,O1,B:C,naturalistic,0.33850035071372986,0.0,1,0.8655544519424438,0.3691886365413666,0.1009742021560669,0.412254273891449
subj06,parietal,1,O2,A:H,simple,0.3993884027004242,10000.0,1,0.7043013572692871,0.5503699779510498,0.12825286388397217,0.46546798944473267
subj06,parietal,1,O2,B:C,naturalistic,0.40570828318595886,10000.0,1,0.744841992855072,0.5163024067878723,0.16449248790740967,0.4094841778278351
subj06,parietal,1,O3,A:H,simple,0.27994291102316793,24.420530945486497,6,0.8192406061124428,0.6169073002115828,-0.5162326575660057,1.063914180198811
subj06,parietal,1,O3,B:C,naturalistic,0.403936795475943,24.420530945486497,6,2.568809581662803,0.013481634329004585,-0.3514405751028651,1.2660754323987888
subj06,parietal,1,O4,A:H,simple,0.7030345742330645,51.79474679231202,1,0.27388823799829304,0.8528354579293931,0.4942119421622456,0.8877134977850705
subj06,parietal,1,O4,B:C,naturalistic,0.60265811924094,51.79474679231202,1,1.720566956360642,0.06468777734737147,0.3485564636446782,0.9160110984249114
subj06,parietal,2,O0,A:L,simple,0.5791470408439636,0.0,1,0.5000763535499573,0.7196259498596191,0.32809555530548096,0.5856939554214478
subj06,parietal,2,O0,B:D,naturalistic,0.5189693570137024,0.0,1,1.2404236793518066,-0.029056832194328308,0.2692584991455078,0.46213358640670776
subj06,parietal,2,O1,A:L,simple,0.535349428653717,0.0,1,0.5480779409408569,0.6841902136802673,0.27556002140045166,0.5569339394569397
subj06,parietal,2,O1,B:D,naturalistic,0.5070330500602722,0.0,1,1.2647171020507812,-0.03373979404568672,0.2551342844963074,0.48187190294265747
subj06,parietal,2,O2,A:L,simple,0.6101967096328735,35.564803062231285,1,0.4687517583370209,0.738279402256012,0.36319202184677124,0.620771586894989
subj06,parietal,2,O2,B:D,naturalistic,0.5343154668807983,35.564803062231285,1,1.1957268714904785,0.013727221637964249,0.2854929566383362,0.45635026693344116
subj06,parietal,2,O3,A:L,simple,0.6719001170214266,7.9060432109076855,3,0.8486809616943743,0.6971262216045107,-0.424179538914343,1.275629347364837
subj06,parietal,2,O3,B:D,naturalistic,0.32772738533798706,7.9060432109076855,3,1.2731774585548896,0.19815906352927207,-0.3681645788135359,0.757126382642751
subj06,parietal,2,O4,A:L,simple,0.7393927773506647,16.768329368110066,2,0.31580367124277814,0.8326404202366616,0.5414875248318336,0.7372797676147228
subj06,parietal,2,O4,B:D,naturalistic,0.5598041161788766,16.768329368110066,2,0.9035582516217343,0.3518766288177077,0.29545518837717377,0.5173318585864944
subj06,parietal,3,O0,A:P,simple,0.455334335565567,0.0,1,0.7103127837181091,0.5436208844184875,0.20732897520065308,0.46722400188446045
subj06,parietal,3,O0,B:K,naturalistic,0.3492210805416107,0.0,1,0.9208225607872009,0.3906799256801605,0.05541431903839111,0.6617028713226318
subj06,parietal,3,O1,A:P,simple,0.46730324625968933,0.0,1,0.7069196105003357,0.549354076385498,0.21804958581924438,0.4560285210609436
subj06,parietal,3,O1,B:K,naturalistic,0.3325447738170624,0.0,1,0.9417644143104553,0.37620267271995544,0.035365939140319824,0.6648079752922058
subj06,parietal,3,O2,A:P,simple,0.4363379180431366,51.79474679231202,1,0.7223002910614014,0.5314159393310547,0.1903092861175537,0.4628355801105499
subj06,parietal,3,O2,B:K,naturalistic,0.34131282567977905,51.79474679231202,1,0.9294427633285522,0.383527547121048,0.04563111066818237,0.6601793169975281
subj06,parietal,3,O3,A:P,simple,0.3713398675028526,2.559547922699533,4,0.9633964711018559,0.42592656295419873,-0.08585304992005871,0.8064655638776772
subj06,parietal,3,O3,B:K,naturalistic,0.14493002525276372,2.559547922699533,4,2.092861721889217,0.19907985756714702,-1.1036282531337598,1.2632671242418627
subj06,parietal,3,O4,A:P,simple,0.4586910682103282,16.768329368110066,3,0.6846710307037572,0.5632443015295201,0.21035529104493,0.5194811161152261
subj06,parietal,3,O4,B:K,naturalistic,0.226946306760437,16.768329368110066,3,1.2285851087376007,0.2846802492741187,-0.23194872133940403,0.8411225458651704
subj06,parietal,4,O0,A:R,simple,0.5518180727958679,0.0,1,0.5908791422843933,0.6405096650123596,0.26991045475006104,0.6741519570350647
subj06,parietal,4,O0,B:T,naturalistic,0.6594286561012268,0.0,1,0.7595580816268921,0.5241768956184387,0.4348374009132385,0.7094322443008423
subj06,parietal,4,O1,A:R,simple,0.49525752663612366,0.0,1,0.6433420777320862,0.599473774433136,0.19887018203735352,0.6515401005744934
subj06,parietal,4,O1,B:T,naturalistic,0.624086856842041,0.0,1,0.8077444434165955,0.48574382066726685,0.38907933235168457,0.6947689056396484
subj06,parietal,4,O2,A:R,simple,0.5518402457237244,10000.0,1,0.590731680393219,0.6406179070472717,0.2699863314628601,0.67412930727005
subj06,parietal,4,O2,B:T,naturalistic,0.6594672799110413,10000.0,1,0.7594903111457825,0.5242083072662354,0.4348887801170349,0.7093694806098938
subj06,parietal,4,O3,A:R,simple,0.6438260626719943,0.009102981779915217,3,0.753118568999785,0.7547955484907469,-0.002757941340743919,1.322981123972913
subj06,parietal,4,O3,B:T,naturalistic,0.7187209389834652,0.009102981779915217,3,0.9712428202916761,0.6777955382677592,0.12427273122971283,1.3340345197306918
subj06,parietal,4,O4,A:R,simple,0.6137633213263861,16.768329368110066,1,0.5662038428006243,0.7490612712302164,0.28686798857504603,1.1058477476704451
subj06,parietal,4,O4,B:T,naturalistic,0.8222224975791341,16.768329368110066,1,0.31807968108064216,0.8285810749075586,0.6712617761654087,0.760564659700774
subj06,parietal,5,O0,A:V,simple,0.7152979969978333,0.0,1,0.458125501871109,0.7481834292411804,0.5007524490356445,0.8819892406463623
subj06,parietal,5,O0,B:W,naturalistic,0.5553086996078491,0.0,1,1.4394240379333496,0.05395316332578659,0.22498387098312378,0.7190358638763428
subj06,parietal,5,O1,A:V,simple,0.7160459160804749,0.0,1,0.4560618996620178,0.7488203048706055,0.5026296377182007,0.8784113526344299
subj06,parietal,5,O1,B:W,naturalistic,0.566352367401123,0.0,1,1.4360473155975342,0.050993580371141434,0.2505186200141907,0.7132982611656189
subj06,parietal,5,O2,A:V,simple,0.7092050909996033,51.79474679231202,1,0.47010543942451477,0.7426338195800781,0.49030107259750366,0.8896389007568359
subj06,parietal,5,O2,B:W,naturalistic,0.559027910232544,51.79474679231202,1,1.464510202407837,0.06536205857992172,0.20570892095565796,0.7500390410423279
subj06,parietal,5,O3,A:V,simple,0.6927278196196792,7.9060432109076855,3,1.1758785300312113,0.7106956744932216,0.16093174516779396,1.535902812423087
subj06,parietal,5,O3,B:W,naturalistic,0.5329062493179485,7.9060432109076855,3,0.9384024923898863,0.6423858823123015,-0.6332535763049092,1.2348908254933966
subj06,parietal,5,O4,A:V,simple,0.8152617930734721,24.420530945486497,1,0.5842324112579207,0.7835091288992149,0.6463425132931442,1.2286146883402933
subj06,parietal,5,O4,B:W,naturalistic,0.7335860581629655,24.420530945486497,1,0.5124663489532262,0.7059847295502577,0.4434600002098601,0.8102956667201007
subj07,V1,0,O0,A:E,simple,0.759384036064148,0.0,1,1.038975715637207,0.7005385160446167,0.27082687616348267,1.4283639192581177
subj07,V1,0,O0,B:B,naturalistic,0.9179396629333496,0.0,1,0.5906524062156677,0.6426215171813965,0.7919840216636658,0.7027445435523987
subj07,V1,0,O1,A:E,simple,0.7473433017730713,0.0,1,1.035728096961975,0.6896343231201172,0.26298725605010986,1.4047033786773682
subj07,V1,0,O1,B:B,naturalistic,0.915839433670044,0.0,1,0.6737608313560486,0.5887414813041687,0.7904333472251892,0.7314907312393188
subj07,V1,0,O2,A:E,simple,0.7426280975341797,7.9060432109076855,1,1.0618175268173218,0.682573139667511,0.252267062664032,1.409019112586975
subj07,V1,0,O2,B:B,naturalistic,0.8875958919525146,7.9060432109076855,1,0.6580384969711304,0.6084350347518921,0.7719234824180603,0.7764579653739929
subj07,V1,0,O3,A:E,simple,0.6659286814308447,2.559547922699533,7,2.4825435430021696,0.6223957294125594,-0.9633190117823369,1.9898459680652307
subj07,V1,0,O3,B:B,naturalistic,0.6013483483156531,2.559547922699533,7,1.277006652442255,0.3338758438788747,0.26340254627678106,0.9571572630549324
subj07,V1,0,O4,A:E,simple,0.763097294152708,109.85411419875572,7,1.062134654399456,0.6976433059959514,0.28369880325671304,1.4384812559364244
subj07,V1,0,O4,B:B,naturalistic,0.9003523173985724,109.85411419875572,7,0.6599310720592096,0.6082213310196315,0.7910221912787243,0.7810341526888571
subj07,V1,1,O0,A:H,simple,0.8104532361030579,0.0,1,0.25896164774894714,0.8733218908309937,0.5813499689102173,1.0204704999923706
subj07,V1,1,O0,B:C,naturalistic,0.8897495865821838,0.0,1,0.45938757061958313,0.749304473400116,0.7701081037521362,0.8936812281608582
subj07,V1,1,O1,A:H,simple,0.811119556427002,0.0,1,0.25865066051483154,0.8726102709770203,0.5836765766143799,1.0143827199935913
subj07,V1,1,O1,B:C,naturalistic,0.8918227553367615,0.0,1,0.46182525157928467,0.7482951879501343,0.7728810906410217,0.8958452343940735
subj07,V1,1,O2,A:H,simple,0.8174299597740173,75.43120063354607,1,0.2455359399318695,0.8785741329193115,0.603652834892273,1.0105910301208496
subj07,V1,1,O2,B:C,naturalistic,0.8913793563842773,75.43120063354607,1,0.45108553767204285,0.755307137966156,0.7759274244308472,0.9021899104118347
subj07,V1,1,O3,A:H,simple,0.7132082096975101,5.428675439323859,7,0.6917301792354693,0.7797242334409277,-0.13141594285556857,1.3271729295176806
subj07,V1,1,O3,B:C,naturalistic,0.5108964178724897,5.428675439323859,7,2.4089486186176883,0.4886079008620193,-1.0950334078027302,1.7722302469554851
subj07,V1,1,O4,A:H,simple,0.8153297629523181,1526.4179671752302,1,0.2471634886170204,0.8775432632096763,0.6008446885184999,1.0088661507734165
subj07,V1,1,O4,B:C,naturalistic,0.8915226258878648,1526.4179671752302,1,0.45482453800043426,0.7531039745044852,0.7752904025469876,0.9013949032282276
subj07,V1,2,O0,A:L,simple,0.9008890986442566,0.0,1,0.2017327845096588,0.8939192891120911,0.8095446825027466,0.9226334095001221
subj07,V1,2,O0,B:D,naturalistic,0.930354118347168,0.0,1,0.14818331599235535,0.9338704943656921,0.8338545560836792,0.7914013266563416
subj07,V1,2,O1,A:L,simple,0.8999190330505371,0.0,1,0.2041977047920227,0.8927072286605835,0.8080867528915405,0.9262310266494751
subj07,V1,2,O1,B:D,naturalistic,0.9301881194114685,0.0,1,0.14772240817546844,0.9343528747558594,0.8341783881187439,0.7903469800949097
subj07,V1,2,O2,A:L,simple,0.903736412525177,35.564803062231285,1,0.20196190476417542,0.8935316801071167,0.8125303983688354,0.9125228524208069
subj07,V1,2,O2,B:D,naturalistic,0.9362265467643738,35.564803062231285,1,0.13869726657867432,0.9388765692710876,0.8446062803268433,0.7967976331710815
subj07,V1,2,O3,A:L,simple,0.17291872586470647,0.12648552168552957,6,1.8868021855931123,0.30196852944469516,-0.4616833844493653,1.2909008778567954
subj07,V1,2,O3,B:D,naturalistic,0.2878329886090043,0.12648552168552957,6,4.5434694698090965,0.13118024199496123,-2.817667365552301,2.0181560841303927
subj07,V1,2,O4,A:L,simple,0.8926997764709061,159.98587196060572,1,0.22288154507707686,0.8816426696569908,0.7911447157389941,0.8948821324413323
subj07,V1,2,O4,B:D,naturalistic,0.9366891412231705,159.98587196060572,1,0.12570617926634564,0.9420981826181332,0.8587708561364307,0.8269671117722385
subj07,V1,3,O0,A:P,simple,0.8015009760856628,0.0,1,0.2016509771347046,0.8977178335189819,0.5741455554962158,0.9845977425575256
subj07,V1,3,O0,B:K,naturalistic,0.8936859965324402,0.0,1,0.31935983896255493,0.8964115977287292,0.7788385152816772,1.2470017671585083
subj07,V1,3,O1,A:P,simple,0.8015048503875732,0.0,1,0.20155560970306396,0.897832453250885,0.5740760564804077,0.9853458404541016
subj07,V1,3,O1,B:K,naturalistic,0.8937559127807617,0.0,1,0.3196134865283966,0.8963861465454102,0.7790172100067139,1.247273564338684
subj07,V1,3,O2,A:P,simple,0.7996110320091248,7.9060432109076855,1,0.19033445417881012,0.901611864566803,0.597472071647644,0.9585179686546326
subj07,V1,3,O2,B:K,naturalistic,0.8761305809020996,7.9060432109076855,1,0.3671167492866516,0.8811354041099548,0.7451464533805847,1.2599706649780273
subj07,V1,3,O3,A:P,simple,0.7470374135635424,7.9060432109076855,7,0.44694223026927055,0.8618473910609924,0.06115544718872734,1.2974194767515164
subj07,V1,3,O3,B:K,naturalistic,0.5183623493270024,7.9060432109076855,7,2.0921446825438665,0.6433837493416892,-1.167355203104174,1.8706112303477866
subj07,V1,3,O4,A:P,simple,0.7850174881285659,109.85411419875572,1,0.19748955290721334,0.8976802018344443,0.5789599233334193,0.9552923206359868
subj07,V1,3,O4,B:K,naturalistic,0.8861636395508559,109.85411419875572,1,0.3308594402638207,0.8871376958037103,0.7723082203925017,1.23046373791144
subj07,V1,4,O0,A:R,simple,0.7126536965370178,0.0,1,1.015135407447815,0.42524003982543945,0.15789741277694702,0.8679187297821045
subj07,V1,4,O0,B:T,naturalistic,0.8181865811347961,0.0,1,0.5012415051460266,0.7066018581390381,0.6659049987792969,0.6836305856704712
subj07,V1,4,O1,A:R,simple,0.7138530611991882,0.0,1,0.8691664934158325,0.5004846453666687,0.19625389575958252,0.8463912010192871
subj07,V1,4,O1,B:T,naturalistic,0.7971926927566528,0.0,1,0.7253447771072388,0.563274085521698,0.6349512338638306,0.7697262763977051
subj07,V1,4,O2,A:R,simple,0.7126491665840149,10000.0,1,1.0148385763168335,0.42531001567840576,0.15822863578796387,0.8677204847335815
subj07,V1,4,O2,B:T,naturalistic,0.818357527256012,10000.0,1,0.5012133121490479,0.7066088914871216,0.6662158966064453,0.6840359568595886
subj07,V1,4,O3,A:R,simple,0.042157397993717,1.2067926406393288,6,1.280082253812642,0.20703167272373643,-1.1884183467787985,0.7753136336973818
subj07,V1,4,O3,B:T,naturalistic,0.7686358389025626,1.2067926406393288,6,4.191281825302992,0.49619792739357427,-2.2409300423245595,2.3502459950686627
subj07,V1,4,O4,A:R,simple,0.7373583718967661,0.3906939937054613,1,0.5179361380395312,0.7015015910922179,0.377654227809895,0.801704385826084
subj07,V1,4,O4,B:T,naturalistic,0.6517090364864282,0.3906939937054613,1,3.0305822888106633,0.13113802386561715,0.03938028442019248,1.562144485236598
subj07,V1,5,O0,A:V,simple,0.906207799911499,0.0,1,0.2558203339576721,0.8730493783950806,0.8183626532554626,1.0073457956314087
subj07,V1,5,O0,B:W,naturalistic,0.8360337615013123,0.0,1,0.38850337266921997,0.8299158811569214,0.6765555143356323,0.5519523024559021
subj07,V1,5,O1,A:V,simple,0.9065733551979065,0.0,1,0.26956242322921753,0.8688499927520752,0.8194957971572876,1.0252554416656494
subj07,V1,5,O1,B:W,naturalistic,0.8317419290542603,0.0,1,0.38898083567619324,0.829557478427887,0.668708324432373,0.5518049001693726
subj07,V1,5,O2,A:V,simple,0.9159298539161682,16.768329368110066,1,0.24596276879310608,0.8751911520957947,0.8300785422325134,0.9843797087669373
subj07,V1,5,O2,B:W,naturalistic,0.8386157155036926,16.768329368110066,1,0.38256534934043884,0.8352444171905518,0.6834261417388916,0.5520510077476501
subj07,V1,5,O3,A:V,simple,0.8746032491859507,3.727593720314938,7,0.5295031383073888,0.8423282322869521,0.7107102369319815,1.3312248918124032
subj07,V1,5,O3,B:W,naturalistic,0.31564210882703525,3.727593720314938,7,0.7579238838026482,0.527845066326254,-1.1133778790254394,0.7190106969147405
subj07,V1,5,O4,A:V,simple,0.9204706436414727,339.3221771895323,1,0.2533793117147567,0.8708233430301944,0.83310780759764,0.9790479106379321
subj07,V1,5,O4,B:W,naturalistic,0.8351998708329178,339.3221771895323,1,0.3882166267008914,0.8305339688618607,0.6756842868370907,0.5512432687644847
subj07,V2,0,O0,A:E,simple,0.919265627861023,0.0,1,0.6646133065223694,0.8010880351066589,0.8363844156265259,1.3545817136764526
subj07,V2,0,O0,B:B,naturalistic,0.8051897287368774,0.0,1,0.5025050640106201,0.7055206298828125,0.576195478439331,0.7217801809310913
subj07,V2,0,O1,A:E,simple,0.9156220555305481,0.0,1,0.6773459911346436,0.7929452657699585,0.8321087956428528,1.346215844154358
subj07,V2,0,O1,B:B,naturalistic,0.799621045589447,0.0,1,0.5230545401573181,0.6915513277053833,0.5658329725265503,0.7275738716125488
subj07,V2,0,O2,A:E,simple,0.9192667007446289,10000.0,1,0.66465163230896,0.801082968711853,0.8363857865333557,1.3546037673950195
subj07,V2,0,O2,B:B,naturalistic,0.8052020072937012,10000.0,1,0.5023471117019653,0.705632209777832,0.5763157606124878,0.7218765616416931
subj07,V2,0,O3,A:E,simple,0.6430339989978618,16.768329368110066,1,3.015325900720932,0.6612181620172486,-2.041997628083726,2.22727549147431
subj07,V2,0,O3,B:B,naturalistic,0.6206275191352957,16.768329368110066,1,1.401969847292218,0.6347686817884826,-0.2856000630587283,1.5319315087701362
subj07,V2,0,O4,A:E,simple,0.9197445281883194,159.98587196060572,2,0.6400635899087826,0.7959429960641845,0.842901286441014,1.3190001945547787
subj07,V2,0,O4,B:B,naturalistic,0.77709481801073,159.98587196060572,2,0.5172401456188445,0.6989484024806749,0.5708573396199903,0.7749020379250979
subj07,V2,1,O0,A:H,simple,0.686662495136261,0.0,1,0.6150776147842407,0.8181741237640381,0.26751816272735596,1.3515467643737793
subj07,V2,1,O0,B:C,naturalistic,0.7422382235527039,0.0,1,0.8847309947013855,0.694655179977417,0.5234835147857666,1.3006888628005981
subj07,V2,1,O1,A:H,simple,0.6948157548904419,0.0,1,0.5799954533576965,0.8224709630012512,0.30187171697616577,1.3288836479187012
subj07,V2,1,O1,B:C,naturalistic,0.7406256794929504,0.0,1,0.9102616310119629,0.6945953369140625,0.5144288539886475,1.3212724924087524
subj07,V2,1,O2,A:H,simple,0.699212372303009,35.564803062231285,1,0.5779452919960022,0.8247590661048889,0.31399214267730713,1.3328660726547241
subj07,V2,1,O2,B:C,naturalistic,0.7536775469779968,35.564803062231285,1,0.9140905141830444,0.6960973739624023,0.5439592599868774,1.3274784088134766
subj07,V2,1,O3,A:H,simple,0.5608164817355453,16.768329368110066,6,2.2785256827164484,0.7188067084719764,-2.0669733663536283,2.058660678297976
subj07,V2,1,O3,B:C,naturalistic,0.36747090225562185,16.768329368110066,6,4.147752862755364,0.4577586883571015,-2.4981322278712934,2.2900511752894004
subj07,V2,1,O4,A:H,simple,0.6875074996836085,10000.0,1,0.6108130148461277,0.818621019248021,0.2728500230741885,1.3486713863418487
subj07,V2,1,O4,B:C,naturalistic,0.7427167313752429,10000.0,1,0.8868882774363299,0.6953879398078151,0.5231290640544568,1.3040361897870245
subj07,V2,2,O0,A:L,simple,0.6094354391098022,0.0,1,1.0434614419937134,0.5300641655921936,0.3521537184715271,1.0996513366699219
subj07,V2,2,O0,B:D,naturalistic,0.9500837922096252,0.0,1,0.0758768618106842,0.9707024693489075,0.8661508560180664,0.8360171318054199
subj07,V2,2,O1,A:L,simple,0.5933282971382141,0.0,1,1.0431569814682007,0.5211278200149536,0.33033543825149536,1.082136869430542
subj07,V2,2,O1,B:D,naturalistic,0.9483652114868164,0.0,1,0.07523225247859955,0.9696670174598694,0.865803599357605,0.8452231884002686
subj07,V2,2,O2,A:L,simple,0.599928617477417,11.513953993264458,1,1.1062461137771606,0.508910059928894,0.34562599658966064,1.1132571697235107
subj07,V2,2,O2,B:D,naturalistic,0.9231550097465515,11.513953993264458,1,0.09803727269172668,0.9554664492607117,0.8214786648750305,0.8508079051971436
subj07,V2,2,O3,A:L,simple,0.6434041489839843,16.768329368110066,6,1.5044263822357744,0.5727552455224053,0.2271161129535877,1.4851559121697924
subj07,V2,2,O3,B:D,naturalistic,0.6179615074724097,16.768329368110066,6,0.7324312233754505,0.7525856422469138,-0.34058760441858404,1.2992266293931725
subj07,V2,2,O4,A:L,simple,0.6063625856359847,159.98587196060572,5,1.0556658676949533,0.5132261180829457,0.3593861608999954,1.078086190135951
subj07,V2,2,O4,B:D,naturalistic,0.9465703379876307,159.98587196060572,5,0.06989278842676791,0.9704541775155617,0.8765459166618517,0.8624076352747154
subj07,V2,3,O0,A:P,simple,0.8887156248092651,0.0,1,0.12009850144386292,0.9389773607254028,0.7871800661087036,0.9811321496963501
subj07,V2,3,O0,B:K,naturalistic,0.7362945675849915,0.0,1,0.2564294636249542,0.8727908134460449,0.5346221923828125,0.7379075884819031
subj07,V2,3,O1,A:P,simple,0.8879690170288086,0.0,1,0.12060017883777618,0.9385784268379211,0.7861338257789612,0.9776912927627563
subj07,V2,3,O1,B:K,naturalistic,0.7398694753646851,0.0,1,0.2541767358779907,0.8748153448104858,0.5412046909332275,0.7352492809295654
subj07,V2,3,O2,A:P,simple,0.8913286924362183,109.85411419875572,1,0.11723186820745468,0.9404122829437256,0.7924084067344666,0.9805023670196533
subj07,V2,3,O2,B:K,naturalistic,0.7354001402854919,109.85411419875572,1,0.25513729453086853,0.8749912977218628,0.5358978509902954,0.7309525609016418
subj07,V2,3,O3,A:P,simple,0.7537700549258997,16.768329368110066,6,0.45176614821741345,0.857736796325462,0.2446912616997261,1.2907247496203653
subj07,V2,3,O3,B:K,naturalistic,0.20465739585374831,16.768329368110066,6,1.8514936677699525,0.24953055114052192,-2.65952999375633,1.205438058460647
subj07,V2,3,O4,A:P,simple,0.8962593852346095,339.3221771895323,1,0.11130583937539093,0.9430700146552635,0.8025182437604199,0.9692784771162252
subj07,V2,3,O4,B:K,naturalistic,0.7238740722625724,339.3221771895323,1,0.2674552208189296,0.8704202809678748,0.5206037123876563,0.7120321189970391
subj07,V2,4,O0,A:R,simple,0.5003461837768555,0.0,1,0.46589207649230957,0.7317829132080078,0.12574565410614014,0.694388747215271
subj07,V2,4,O0,B:T,naturalistic,0.8814831972122192,0.0,1,0.2760722041130066,0.9261947870254517,0.6664261817932129,0.5602590441703796
subj07,V2,4,O1,A:R,simple,0.4687969982624054,0.0,1,0.5062297582626343,0.7036181092262268,0.08250045776367188,0.6674478650093079
subj07,V2,4,O1,B:T,naturalistic,0.8834052085876465,0.0,1,0.25549939274787903,0.9278613924980164,0.6707072257995605,0.5866485238075256
subj07,V2,4,O2,A:R,simple,0.4914466440677643,75.43120063354607,1,0.46912574768066406,0.7310025095939636,0.13373947143554688,0.6719216108322144
subj07,V2,4,O2,B:T,naturalistic,0.8940874934196472,75.43120063354607,1,0.2520791292190552,0.932654082775116,0.7046382427215576,0.583479642868042
subj07,V2,4,O3,A:R,simple,-0.05814628847081523,0.3906939937054613,1,1.8048642357461613,0.27619810458794103,-3.284286289750498,1.2148938321905087
subj07,V2,4,O3,B:T,naturalistic,0.8818400491924446,0.3906939937054613,1,0.7796303404621103,0.6515075155099841,0.5267162937994339,1.1032733941217165
subj07,V2,4,O4,A:R,simple,0.33890259733124306,75.43120063354607,1,0.5544361474567301,0.6718387111520174,-0.01958009054782406,0.5956586231912724
subj07,V2,4,O4,B:T,naturalistic,0.9468698245448406,75.43120063354607,1,0.14653976577279262,0.9638491768767227,0.8426603380014464,0.6889945767948443
subj07,V2,5,O0,A:V,simple,0.5871179103851318,0.0,1,0.37173542380332947,0.7932499647140503,0.23144036531448364,0.7619306445121765
subj07,V2,5,O0,B:W,naturalistic,0.8146855235099792,0.0,1,0.34014707803726196,0.895166277885437,0.6398192644119263,0.5190415978431702
subj07,V2,5,O1,A:V,simple,0.5869491100311279,0.0,1,0.3723388612270355,0.7929814457893372,0.23325538635253906,0.7589450478553772
subj07,V2,5,O1,B:W,naturalistic,0.816981315612793,0.0,1,0.33872947096824646,0.8961520195007324,0.6430740356445312,0.5195648670196533
subj07,V2,5,O2,A:V,simple,0.5943933129310608,35.564803062231285,1,0.3567829132080078,0.8035764098167419,0.26211172342300415,0.7533962726593018
subj07,V2,5,O2,B:W,naturalistic,0.825741171836853,35.564803062231285,1,0.34002745151519775,0.8958857655525208,0.6567668914794922,0.5182104110717773
subj07,V2,5,O3,A:V,simple,0.36491308685958196,16.768329368110066,6,1.1414775677318652,0.5542643680712678,-1.8494931012965372,1.2241050654422858
subj07,V2,5,O3,B:W,naturalistic,0.43385737861378404,16.768329368110066,6,0.5855595160998781,0.6570541450220501,-0.28368472318207494,0.7885062358895641
subj07,V2,5,O4,A:V,simple,0.5552883312253653,75.43120063354607,3,0.395960633826826,0.7807762319647813,0.22071476957324643,0.7061293096308374
subj07,V2,5,O4,B:W,naturalistic,0.8517732355569659,75.43120063354607,3,0.3280262417682223,0.8972380180186269,0.7041056856327621,0.5324609808280912
subj07,V3,0,O0,A:E,simple,0.8946927189826965,0.0,1,0.8788285851478577,0.7631739377975464,0.70390784740448,1.4423373937606812
subj07,V3,0,O0,B:B,naturalistic,0.6581836342811584,0.0,1,0.6609759330749512,0.7138255834579468,0.3957855701446533,1.126769781112671
subj07,V3,0,O1,A:E,simple,0.8414816856384277,0.0,1,1.0865530967712402,0.7818248271942139,0.705173134803772,1.617171049118042
subj07,V3,0,O1,B:B,naturalistic,0.5976827144622803,0.0,1,0.6232443451881409,0.7341244220733643,0.34862297773361206,1.1368440389633179
subj07,V3,0,O2,A:E,simple,0.9017000794410706,24.420530945486497,1,0.9198316931724548,0.7720113396644592,0.7364125847816467,1.4902266263961792
subj07,V3,0,O2,B:B,naturalistic,0.7063004374504089,24.420530945486497,1,0.5026784539222717,0.7888312339782715,0.4970638155937195,1.1422899961471558
subj07,V3,0,O3,A:E,simple,0.5053211091995449,5.428675439323859,2,3.330812260887281,0.6645987756886993,-2.622820140064512,2.3296825217576753
subj07,V3,0,O3,B:B,naturalistic,0.396112044521943,5.428675439323859,2,5.025360844143892,0.4545939173981634,-6.338486943710296,2.511780375677299
subj07,V3,0,O4,A:E,simple,0.7055146941209225,1.7575106248547894,1,1.8720653106820415,0.7076298677225724,0.49534934673994335,1.879297645990417
subj07,V3,0,O4,B:B,naturalistic,0.8428632577070916,1.7575106248547894,1,0.2338318192708392,0.8774866871919679,0.664786870740417,0.8157229289884158
subj07,V3,1,O0,A:H,simple,0.8488672375679016,0.0,1,0.3781571686267853,0.8213934898376465,0.5664143562316895,1.0512728691101074
subj07,V3,1,O0,B:C,naturalistic,0.15336823463439941,0.0,1,2.1250083446502686,0.595058798789978,-0.3270134925842285,1.8112428188323975
subj07,V3,1,O1,A:H,simple,0.791975200176239,0.0,1,0.480642169713974,0.8051766753196716,0.5411931276321411,1.1642752885818481
subj07,V3,1,O1,B:C,naturalistic,0.1642749160528183,0.0,1,1.7876834869384766,0.5977305769920349,-0.25329768657684326,1.667761206626892
subj07,V3,1,O2,A:H,simple,0.8312331438064575,75.43120063354607,1,0.3954998552799225,0.8158586621284485,0.5515857338905334,1.0630942583084106
subj07,V3,1,O2,B:C,naturalistic,0.16540385782718658,75.43120063354607,1,2.0983119010925293,0.5988472700119019,-0.28705263137817383,1.8058809041976929
subj07,V3,1,O3,A:H,simple,0.5393850367918961,11.513953993264458,3,1.1725813263941096,0.7622387736283229,0.009959650820989152,1.6303339784061686
subj07,V3,1,O3,B:C,naturalistic,-0.014205986259600876,11.513953993264458,3,4.390047043718962,0.45270957167537274,-3.3082398252124925,2.348756329787247
subj07,V3,1,O4,A:H,simple,0.8257965031077752,75.43120063354607,2,0.4857146564509818,0.801012883834519,0.5411150770513795,1.1578550734895603
subj07,V3,1,O4,B:C,naturalistic,0.13239889895518697,75.43120063354607,2,2.08246031085572,0.5875469059253249,-0.3915468611151962,1.782399109273633
subj07,V3,2,O0,A:L,simple,0.6096055507659912,0.0,1,0.5394208431243896,0.7237238883972168,0.36302655935287476,0.9751141667366028
subj07,V3,2,O0,B:D,naturalistic,0.7806935906410217,0.0,1,0.3703165352344513,0.8825717568397522,0.6091421842575073,1.2689000368118286
subj07,V3,2,O1,A:L,simple,0.6250660419464111,0.0,1,0.6049719452857971,0.7326464056968689,0.3903523087501526,1.1091337203979492
subj07,V3,2,O1,B:D,naturalistic,0.8348255157470703,0.0,1,0.1750659942626953,0.9222139716148376,0.6889694929122925,1.0820410251617432
subj07,V3,2,O2,A:L,simple,0.6097238659858704,10000.0,1,0.5393849611282349,0.7237733006477356,0.36316633224487305,0.9752345085144043
subj07,V3,2,O2,B:D,naturalistic,0.7807418704032898,10000.0,1,0.37011051177978516,0.8826034069061279,0.60921710729599,1.2687370777130127
subj07,V3,2,O3,A:L,simple,0.6391667643311831,16.768329368110066,4,1.0788878060995042,0.7698298971300629,-0.08336382756545091,1.5892967398390971
subj07,V3,2,O3,B:D,naturalistic,0.7903622502343395,16.768329368110066,4,1.201261145968831,0.6238238289581683,-0.7964074262081566,1.392209977250016
subj07,V3,2,O4,A:L,simple,0.6551331024582931,159.98587196060572,1,0.5512515877095383,0.7350710938344761,0.41261084573234674,1.037694803225348
subj07,V3,2,O4,B:D,naturalistic,0.7630130472432802,159.98587196060572,1,0.2708783007146056,0.8865216735572833,0.580086158696246,1.1248470167301114
subj07,V3,3,O0,A:P,simple,0.7471161484718323,0.0,1,0.14926734566688538,0.9447855949401855,0.5579769611358643,0.7401223182678223
subj07,V3,3,O0,B:K,naturalistic,0.7893062233924866,0.0,1,0.1801176816225052,0.9177916646003723,0.6229562163352966,1.0676567554473877
subj07,V3,3,O1,A:P,simple,0.6794285774230957,0.0,1,0.16992348432540894,0.9247497320175171,0.436981737613678,0.766365647315979
subj07,V3,3,O1,B:K,naturalistic,0.6350090503692627,0.0,1,0.3519579768180847,0.8227071762084961,0.14842796325683594,0.9924274682998657
subj07,V3,3,O2,A:P,simple,0.732700765132904,51.79474679231202,1,0.15355056524276733,0.9413565993309021,0.5356894731521606,0.7421011328697205
subj07,V3,3,O2,B:K,naturalistic,0.7901182770729065,51.79474679231202,1,0.16492323577404022,0.9197355508804321,0.6241652965545654,1.023835301399231
subj07,V3,3,O3,A:P,simple,0.4659470771358499,7.9060432109076855,5,0.2841500580226064,0.8514281481148874,-0.2841281096442485,0.9467166885033038
subj07,V3,3,O3,B:K,naturalistic,0.31153195867173883,7.9060432109076855,5,3.8069106803948447,0.3723169296055142,-8.242126485036916,2.088571669313277
subj07,V3,3,O4,A:P,simple,0.7529336808868489,109.85411419875572,1,0.14269588325095994,0.9464035769881443,0.5666909134578952,0.7505067496060808
subj07,V3,3,O4,B:K,naturalistic,0.887793494168538,109.85411419875572,1,0.09310295310485323,0.9551439865595329,0.7720578574952284,0.8816382213326386
subj07,V3,4,O0,A:R,simple,-0.022266199812293053,0.0,1,0.4998481571674347,0.806527316570282,-0.2679859399795532,0.4187975227832794
subj07,V3,4,O0,B:T,naturalistic,0.5914435982704163,0.0,1,0.23238776624202728,0.8769748210906982,0.3308781385421753,0.915348470211029
subj07,V3,4,O1,A:R,simple,-0.010976200923323631,0.0,1,0.47800934314727783,0.8155561685562134,-0.26288938522338867,0.4372160732746124
subj07,V3,4,O1,B:T,naturalistic,0.6044612526893616,0.0,1,0.23017744719982147,0.8774321675300598,0.3424678444862366,0.885477602481842
subj07,V3,4,O2,A:R,simple,-0.16695576906204224,24.420530945486497,1,0.5338281989097595,0.7577963471412659,-0.4843180179595947,0.4290359318256378
subj07,V3,4,O2,B:T,naturalistic,0.4092988967895508,24.420530945486497,1,0.3210265338420868,0.8330983519554138,0.0843883752822876,0.9558963179588318
subj07,V3,4,O3,A:R,simple,-0.03581372101998688,5.428675439323859,3,0.7844324476094222,0.5093079693123092,-2.335298495291722,0.7186570187170507
subj07,V3,4,O3,B:T,naturalistic,0.8187184243118095,5.428675439323859,3,0.5899771602824379,0.8490107224373393,-0.6962525725965278,1.4065019023739518
subj07,V3,4,O4,A:R,simple,-0.05910941266800486,75.43120063354607,3,0.5460938727216125,0.7303387345028944,-0.5174448469851007,0.4484016593626708
subj07,V3,4,O4,B:T,naturalistic,0.5895672626765134,75.43120063354607,3,0.22840774251791557,0.8785279698568033,0.3445930129939203,0.8933338711219873
subj07,V3,5,O0,A:V,simple,0.6275764107704163,0.0,1,0.22214584052562714,0.9386441707611084,0.37214046716690063,0.617398738861084
subj07,V3,5,O0,B:W,naturalistic,0.216837078332901,0.0,1,0.320304274559021,0.8857664465904236,-0.3040452003479004,0.5619047284126282
subj07,V3,5,O1,A:V,simple,0.6741771697998047,0.0,1,0.15485826134681702,0.9509382247924805,0.4281112551689148,0.7077476382255554
subj07,V3,5,O1,B:W,naturalistic,0.26620814204216003,0.0,1,0.3294602036476135,0.8845124244689941,-0.24489915370941162,0.55011385679245
subj07,V3,5,O2,A:V,simple,0.6386877298355103,75.43120063354607,1,0.21251003444194794,0.9404997825622559,0.3855757713317871,0.6289715766906738
subj07,V3,5,O2,B:W,naturalistic,0.22223493456840515,75.43120063354607,1,0.3209594488143921,0.8863731026649475,-0.2924387454986572,0.5598510503768921
subj07,V3,5,O3,A:V,simple,0.2732552808699641,0.0001,3,0.2467080885384392,0.8941256760545149,-0.9888863228388614,1.1089949838681692
subj07,V3,5,O3,B:W,naturalistic,0.610199331438256,0.0001,3,0.12761801371144674,0.9340142500525838,-0.23353790422552612,0.9347808751115781
subj07,V3,5,O4,A:V,simple,0.5330139109639696,75.43120063354607,1,0.18421387807318995,0.9313815340647297,0.19799689052508662,0.7040371987089615
subj07,V3,5,O4,B:W,naturalistic,0.24666681208749805,75.43120063354607,1,0.33373914542523087,0.8837720492286142,-0.25851588404704784,0.5449621436944639
subj07,hV4,0,O0,A:E,simple,0.9019333720207214,0.0,1,1.2206025123596191,0.7325370907783508,0.8132649660110474,1.6027170419692993
subj07,hV4,0,O0,B:B,naturalistic,0.9851089119911194,0.0,1,0.18846160173416138,0.9282752871513367,0.9264584183692932,1.1522316932678223
subj07,hV4,0,O1,A:E,simple,0.8884028792381287,0.0,1,1.1270434856414795,0.7308536767959595,0.7891907095909119,1.543990135192871
subj07,hV4,0,O1,B:B,naturalistic,0.9504972100257874,0.0,1,0.21470631659030914,0.9121289849281311,0.8653733730316162,1.128197193145752
subj07,hV4,0,O2,A:E,simple,0.8994581699371338,51.79474679231202,1,1.1629877090454102,0.7385339736938477,0.8084824681282043,1.5802109241485596
subj07,hV4,0,O2,B:B,naturalistic,0.9782915115356445,51.79474679231202,1,0.20222695171833038,0.9219542145729065,0.9104990363121033,1.1504857540130615
subj07,hV4,0,O3,A:E,simple,0.838391933029501,1.7575106248547894,6,0.626900568927533,0.7815336172147853,0.694827412986444,1.2690737564148336
subj07,hV4,0,O3,B:B,naturalistic,0.8304929092737315,1.7575106248547894,6,0.2855655660469249,0.8650077215879126,0.6786478343477558,1.0488662146523546
subj07,hV4,0,O4,A:E,simple,0.8961294925948518,75.43120063354607,3,1.0590374271741663,0.7485023071148159,0.8021117598847439,1.5354541139242286
subj07,hV4,0,O4,B:B,naturalistic,0.9788969753069063,75.43120063354607,3,0.17542161679640342,0.9353838140484653,0.9318619586426471,1.1598042238617374
subj07,hV4,1,O0,A:H,simple,0.9131677746772766,0.0,1,0.47319677472114563,0.8746554851531982,0.8336828947067261,1.3627322912216187
subj07,hV4,1,O0,B:C,naturalistic,0.941409707069397,0.0,1,0.16065146028995514,0.9521853923797607,0.8861421942710876,1.2116237878799438
subj07,hV4,1,O1,A:H,simple,0.8900641798973083,0.0,1,0.673934817314148,0.8461940288543701,0.7921797633171082,1.4706770181655884
subj07,hV4,1,O1,B:C,naturalistic,0.9641945362091064,0.0,1,0.16129451990127563,0.9657304883003235,0.9274524450302124,1.2722102403640747
subj07,hV4,1,O2,A:H,simple,0.9131704568862915,10000.0,1,0.47325029969215393,0.874652624130249,0.8336880207061768,1.3627790212631226
subj07,hV4,1,O2,B:C,naturalistic,0.9414821267127991,10000.0,1,0.16065047681331635,0.952220618724823,0.8862807750701904,1.2117863893508911
subj07,hV4,1,O3,A:H,simple,0.7956963278153,1.2067926406393288,7,0.3400903207457862,0.8506763577416291,0.6232760877607975,1.103145394639013
subj07,hV4,1,O3,B:C,naturalistic,0.9479165181123669,1.2067926406393288,7,0.9430709024855005,0.9523073283931326,0.6831087725288847,1.8742401577238712
subj07,hV4,1,O4,A:H,simple,0.8994861106897606,109.85411419875572,2,0.5124440685966262,0.861285999355044,0.8084049503478502,1.3655256841441914
subj07,hV4,1,O4,B:C,naturalistic,0.9453656724263433,109.85411419875572,2,0.18922855794505755,0.9506181462406472,0.8936963660242065,1.2554187516819724
subj07,hV4,2,O0,A:L,simple,0.9382649064064026,0.0,1,0.32417306303977966,0.9589036107063293,0.774057924747467,1.4525320529937744
subj07,hV4,2,O0,B:D,naturalistic,0.8588003516197205,0.0,1,0.3295072615146637,0.8565961718559265,0.7369562387466431,1.1081197261810303
subj07,hV4,2,O1,A:L,simple,0.944388210773468,0.0,1,0.3393588364124298,0.962428092956543,0.7709184885025024,1.4778180122375488
subj07,hV4,2,O1,B:D,naturalistic,0.9008644223213196,0.0,1,0.18132758140563965,0.9100324511528015,0.8102351427078247,1.007431983947754
subj07,hV4,2,O2,A:L,simple,0.9412433505058289,109.85411419875572,1,0.32305461168289185,0.9609052538871765,0.774404764175415,1.4572856426239014
subj07,hV4,2,O2,B:D,naturalistic,0.8726051449775696,109.85411419875572,1,0.2953330874443054,0.8697603940963745,0.7607008814811707,1.0973918437957764
subj07,hV4,2,O3,A:L,simple,0.9078278424836128,0.5689866029018293,7,0.3872133512268383,0.9197091580680614,0.8155793838539876,1.402490924539762
subj07,hV4,2,O3,B:D,naturalistic,0.8738225216086699,0.5689866029018293,7,1.2094706527442611,0.5674646533825342,0.4974842499279879,1.2964960467393083
subj07,hV4,2,O4,A:L,simple,0.9407324156314063,11.513953993264458,1,0.36186652779495226,0.9559626111294389,0.7961001152787242,1.4810635407824904
subj07,hV4,2,O4,B:D,naturalistic,0.8783220931598178,11.513953993264458,1,0.25956567957602483,0.8681329305326633,0.7305144229008652,0.9831131035692646
subj07,hV4,3,O0,A:P,simple,0.9684577584266663,0.0,1,0.06268474459648132,0.9874708652496338,0.894376277923584,0.7930917143821716
subj07,hV4,3,O0,B:K,naturalistic,0.9500411152839661,0.0,1,0.07704200595617294,0.9608655571937561,0.8796000480651855,0.9783229231834412
subj07,hV4,3,O1,A:P,simple,0.9636462330818176,0.0,1,0.0680985152721405,0.9857327938079834,0.893568217754364,0.7863147854804993
subj07,hV4,3,O1,B:K,naturalistic,0.9480825662612915,0.0,1,0.07514961063861847,0.9617591500282288,0.8789150714874268,0.9731729030609131
subj07,hV4,3,O2,A:P,simple,0.9660584926605225,109.85411419875572,1,0.06421902775764465,0.9865889549255371,0.8913416266441345,0.7927421927452087
subj07,hV4,3,O2,B:K,naturalistic,0.9516746401786804,109.85411419875572,1,0.07593564689159393,0.9614149928092957,0.8815943002700806,0.9773685336112976
subj07,hV4,3,O3,A:P,simple,0.8511021480302332,0.3906939937054613,7,0.11516054212778823,0.9433089645616463,0.713723779893632,0.8726530035529334
subj07,hV4,3,O3,B:K,naturalistic,0.9164201452968829,0.3906939937054613,7,0.08756634832883699,0.9552181234729662,0.839609939142711,0.9523844530342279
subj07,hV4,3,O4,A:P,simple,0.9684484916978129,10000.0,2,0.06270204028626913,0.9874686229851717,0.8943797614650331,0.7930560761696878
subj07,hV4,3,O4,B:K,naturalistic,0.9500940153475483,10000.0,2,0.07694295817409122,0.9609157568487403,0.8797333007880842,0.9782958605094247
subj07,hV4,4,O0,A:R,simple,0.8807467818260193,0.0,1,0.2052275687456131,0.9458661675453186,0.775692880153656,0.6298118233680725
subj07,hV4,4,O0,B:T,naturalistic,0.9962767958641052,0.0,1,0.06402836740016937,0.9985640645027161,0.9367512464523315,0.7512613534927368
subj07,hV4,4,O1,A:R,simple,0.8810936808586121,0.0,1,0.20383673906326294,0.9463279843330383,0.7763062715530396,0.6310926675796509
subj07,hV4,4,O1,B:T,naturalistic,0.9962354898452759,0.0,1,0.06460510194301605,0.9985331892967224,0.9367936253547668,0.7501912117004395
subj07,hV4,4,O2,A:R,simple,0.8183417320251465,16.768329368110066,1,0.24323205649852753,0.9096624851226807,0.6443140506744385,0.6437342762947083
subj07,hV4,4,O2,B:T,naturalistic,0.9591442346572876,16.768329368110066,1,0.06976734101772308,0.9849096536636353,0.8747075796127319,0.7853742837905884
subj07,hV4,4,O3,A:R,simple,0.8160142377277989,0.3906939937054613,7,0.5743772823475729,0.6625519060377305,0.5464767188506455,0.5469997484495303
subj07,hV4,4,O3,B:T,naturalistic,0.8248160255592032,0.3906939937054613,7,0.1812822103711323,0.9180016654666745,0.6337282539639297,1.0729510765231325
subj07,hV4,4,O4,A:R,simple,0.8470526631345295,0.0062505519252739694,1,0.9164734188293923,0.33148797550094433,0.6394891286524098,0.49383848176410344
subj07,hV4,4,O4,B:T,naturalistic,0.9964794417332012,0.0062505519252739694,1,0.035462915163276335,0.99195205234052,0.9141971534722779,0.8525538822250642
subj07,hV4,5,O0,A:V,simple,0.9323665499687195,0.0,1,0.20465722680091858,0.9091985821723938,0.49096179008483887,0.7322828769683838
subj07,hV4,5,O0,B:W,naturalistic,0.9290277361869812,0.0,1,0.28268685936927795,0.9084521532058716,0.7747694849967957,0.5798608064651489
subj07,hV4,5,O1,A:V,simple,0.9442363977432251,0.0,1,0.17484711110591888,0.9192695617675781,0.4533008933067322,0.7781891226768494
subj07,hV4,5,O1,B:W,naturalistic,0.9305078387260437,0.0,1,0.28682294487953186,0.905433714389801,0.7726479172706604,0.5788862109184265
subj07,hV4,5,O2,A:V,simple,0.9312722086906433,51.79474679231202,1,0.19755849242210388,0.9117733836174011,0.4785826802253723,0.7418048977851868
subj07,hV4,5,O2,B:W,naturalistic,0.9247217178344727,51.79474679231202,1,0.2794552743434906,0.9099417328834534,0.7663794755935669,0.5821470022201538
subj07,hV4,5,O3,A:V,simple,0.8752773375058988,0.5689866029018293,5,0.18846410301158187,0.9371488788625874,-0.9741150345583582,1.1954357625857503
subj07,hV4,5,O3,B:W,naturalistic,0.8732711675211235,0.5689866029018293,5,0.26080324977820385,0.8849764255917099,0.40025843661878335,0.675246513752024
subj07,hV4,5,O4,A:V,simple,0.9324239587733993,10000.0,2,0.20433226235827806,0.9093767462728428,0.49159365571950475,0.7324634371491925
subj07,hV4,5,O4,B:W,naturalistic,0.9289875552033213,10000.0,2,0.28260942290065616,0.9084631740076538,0.774587751028231,0.5799591834108871
subj07,ventral,0,O0,A:E,simple,0.735710859298706,0.0,1,0.1938096284866333,0.9029194712638855,0.5409566164016724,0.8076653480529785
subj07,ventral,0,O0,B:B,naturalistic,0.7896727919578552,0.0,1,0.2149803787469864,0.8862434029579163,0.6064823865890503,0.8660488724708557
subj07,ventral,0,O1,A:E,simple,0.7252406477928162,0.0,1,0.19206342101097107,0.9001297950744629,0.5258527994155884,0.8522018194198608
subj07,ventral,0,O1,B:B,naturalistic,0.770043134689331,0.0,1,0.22343677282333374,0.8812328577041626,0.5899150371551514,0.8840821981430054
subj07,ventral,0,O2,A:E,simple,0.7341538667678833,11.513953993264458,1,0.18849553167819977,0.9028171896934509,0.5389590263366699,0.8430307507514954
subj07,ventral,0,O2,B:B,naturalistic,0.7919952273368835,11.513953993264458,1,0.20796069502830505,0.8899698853492737,0.620459794998169,0.8926153779029846
subj07,ventral,0,O3,A:E,simple,0.616268712400901,0.0001,2,0.30734356548431496,0.8632324860155147,0.27735084668361476,1.0923917616990575
subj07,ventral,0,O3,B:B,naturalistic,0.6795330601673503,0.0001,2,0.7854914448430141,0.8259218683858288,-0.2326352720972682,1.5097627525117832
subj07,ventral,0,O4,A:E,simple,0.7660948471241554,0.0001,1,0.1777613159858473,0.9142048207326838,0.5803742700555411,0.7978782905529131
subj07,ventral,0,O4,B:B,naturalistic,0.8386737398302981,0.0001,1,0.16314090852169802,0.916062082429595,0.700874933119769,0.9641306797436812
subj07,ventral,1,O0,A:H,simple,0.6644694209098816,0.0,1,0.24728649854660034,0.8707218170166016,0.42625659704208374,0.9444964528083801
subj07,ventral,1,O0,B:C,naturalistic,0.7120571732521057,0.0,1,0.4771103262901306,0.7534101605415344,0.4960411787033081,0.9649214744567871
subj07,ventral,1,O1,A:H,simple,0.652555525302887,0.0,1,0.2675826847553253,0.8670076727867126,0.3960431218147278,1.0058770179748535
subj07,ventral,1,O1,B:C,naturalistic,0.7816585898399353,0.0,1,0.37455299496650696,0.8069966435432434,0.6004709601402283,0.967609167098999
subj07,ventral,1,O2,A:H,simple,0.6902811527252197,7.9060432109076855,1,0.23227453231811523,0.8804482221603394,0.4678678512573242,0.9668400287628174
subj07,ventral,1,O2,B:C,naturalistic,0.7271512746810913,7.9060432109076855,1,0.4423132836818695,0.7753642797470093,0.5263458490371704,0.9839383363723755
subj07,ventral,1,O3,A:H,simple,0.5894891462756582,0.009102981779915217,1,0.5256021505159283,0.8444618913007479,0.08581593593122616,1.333049612123094
subj07,ventral,1,O3,B:C,naturalistic,0.7178792602651034,0.009102981779915217,1,1.0125451907466085,0.7497722487127578,-0.3432621003146228,1.5078643200891444
subj07,ventral,1,O4,A:H,simple,0.8099525157830599,0.0001,1,0.15374196239205776,0.9208729695506389,0.6530037657860446,0.9626926873009983
subj07,ventral,1,O4,B:C,naturalistic,0.7884627374575259,0.0001,1,0.367456388141493,0.8357217158626047,0.6103223273081909,1.0924067665490225
subj07,ventral,2,O0,A:L,simple,0.5141952037811279,0.0,1,0.5167449116706848,0.7866241931915283,0.12139397859573364,1.1547578573226929
subj07,ventral,2,O0,B:D,naturalistic,0.8130871057510376,0.0,1,0.23959772288799286,0.882484495639801,0.6554721593856812,1.0180447101593018
subj07,ventral,2,O1,A:L,simple,0.5612098574638367,0.0,1,0.46622544527053833,0.8051263093948364,0.21087437868118286,1.1434369087219238
subj07,ventral,2,O1,B:D,naturalistic,0.7853130102157593,0.0,1,0.2911505699157715,0.87315434217453,0.6153856515884399,1.1045615673065186
subj07,ventral,2,O2,A:L,simple,0.5804457068443298,11.513953993264458,1,0.44586434960365295,0.8126554489135742,0.24620765447616577,1.1386512517929077
subj07,ventral,2,O2,B:D,naturalistic,0.7913942337036133,11.513953993264458,1,0.26606637239456177,0.8728100657463074,0.6245304346084595,1.0397344827651978
subj07,ventral,2,O3,A:L,simple,0.5921038662698257,0.004291934260128779,3,0.48032191847582156,0.7815951769269999,0.05814599487371197,1.0836099976500562
subj07,ventral,2,O3,B:D,naturalistic,0.5363261789545851,0.004291934260128779,3,1.3482392117830555,0.7619567705999045,-0.4748220508970913,1.7257084464538743
subj07,ventral,2,O4,A:L,simple,0.714958539304308,75.43120063354607,3,0.3016693431711596,0.8631018461191013,0.507246599350995,1.0790049720653598
subj07,ventral,2,O4,B:D,naturalistic,0.7216409359723307,75.43120063354607,3,0.3461927678749627,0.8486179430835319,0.4975826403159145,1.1061935623543575
subj07,ventral,3,O0,A:P,simple,0.5889265537261963,0.0,1,0.31789833307266235,0.8348461985588074,0.2748095393180847,0.956774890422821
subj07,ventral,3,O0,B:K,naturalistic,0.7499678134918213,0.0,1,0.2775765061378479,0.8540447354316711,0.5614365339279175,0.9375243782997131
subj07,ventral,3,O1,A:P,simple,0.6058217287063599,0.0,1,0.3065720498561859,0.8372286558151245,0.30094850063323975,0.9239689707756042
subj07,ventral,3,O1,B:K,naturalistic,0.7856183052062988,0.0,1,0.23306512832641602,0.8759772181510925,0.6155633926391602,0.896010160446167
subj07,ventral,3,O2,A:P,simple,0.6249741911888123,11.513953993264458,1,0.29047682881355286,0.8468482494354248,0.3366015553474426,0.9341902136802673
subj07,ventral,3,O2,B:K,naturalistic,0.7683017253875732,11.513953993264458,1,0.24936836957931519,0.8680984973907471,0.5900225639343262,0.9225360751152039
subj07,ventral,3,O3,A:P,simple,0.516986641028865,16.768329368110066,3,0.6137412829754896,0.6798951438730263,-0.2513508650688463,0.955573813715496
subj07,ventral,3,O3,B:K,naturalistic,0.6579211437766012,16.768329368110066,3,0.6811371845956943,0.6736898477057797,0.039706972469774504,1.0411068242229995
subj07,ventral,3,O4,A:P,simple,0.7525008324549343,24.420530945486497,2,0.19202937662383893,0.9000519221126752,0.5642259676910459,0.9461266038783703
subj07,ventral,3,O4,B:K,naturalistic,0.7677037635407691,24.420530945486497,2,0.3180605337466355,0.8275498432420593,0.5783505713554735,0.7737046144968833
subj07,ventral,4,O0,A:R,simple,0.352654367685318,0.0,1,0.4353953003883362,0.7716839909553528,-0.1511744260787964,0.9474437236785889
subj07,ventral,4,O0,B:T,naturalistic,0.8065520524978638,0.0,1,0.18571430444717407,0.9066764116287231,0.6293271780014038,0.8184918165206909
subj07,ventral,4,O1,A:R,simple,0.40595120191574097,0.0,1,0.39702317118644714,0.7933436632156372,-0.04991424083709717,0.9558777809143066
subj07,ventral,4,O1,B:T,naturalistic,0.8088381886482239,0.0,1,0.18907560408115387,0.9095253348350525,0.6346246004104614,0.7818071246147156
subj07,ventral,4,O2,A:R,simple,0.3765799105167389,7.9060432109076855,1,0.42520222067832947,0.7778038382530212,-0.12414360046386719,0.9515304565429688
subj07,ventral,4,O2,B:T,naturalistic,0.8201399445533752,7.9060432109076855,1,0.1689382791519165,0.9135829210281372,0.6611394882202148,0.8538164496421814
subj07,ventral,4,O3,A:R,simple,0.529808199300969,0.009102981779915217,4,0.4550808905222233,0.7694339681573298,-0.1593568247145538,0.9864812325022146
subj07,ventral,4,O3,B:T,naturalistic,0.7490706244832454,0.009102981779915217,4,0.39579949291042615,0.8315974184041555,0.21980972688184774,1.127154206730878
subj07,ventral,4,O4,A:R,simple,0.471360703919401,1.7575106248547894,1,0.36621972074694015,0.8192003103994613,0.04114587489529653,1.012355324498186
subj07,ventral,4,O4,B:T,naturalistic,0.8562800642422517,1.7575106248547894,1,0.14874932306603558,0.9237983675582766,0.729153394328778,0.8773998093203249
subj07,ventral,5,O0,A:V,simple,0.6793566346168518,0.0,1,0.27240994572639465,0.9066610932350159,0.4612122178077698,0.5993430614471436
subj07,ventral,5,O0,B:W,naturalistic,0.684847891330719,0.0,1,0.2959426939487457,0.8577992916107178,0.45008236169815063,0.6795797348022461
subj07,ventral,5,O1,A:V,simple,0.692743182182312,0.0,1,0.24628999829292297,0.9117372632026672,0.47852838039398193,0.6332505345344543
subj07,ventral,5,O1,B:W,naturalistic,0.6820633411407471,0.0,1,0.30248403549194336,0.8566886186599731,0.4437727928161621,0.6659026741981506
subj07,ventral,5,O2,A:V,simple,0.7334907054901123,24.420530945486497,1,0.24701698124408722,0.921904981136322,0.5374058485031128,0.610575795173645
subj07,ventral,5,O2,B:W,naturalistic,0.7274094223976135,24.420530945486497,1,0.26784420013427734,0.8747525811195374,0.49919408559799194,0.6929938793182373
subj07,ventral,5,O3,A:V,simple,0.6688723434380306,0.0001,2,0.2697277844775942,0.8559390733765232,0.22143394889186319,0.8073638810354123
subj07,ventral,5,O3,B:W,naturalistic,0.5237966410736195,0.0001,2,0.4501670782551237,0.7745738902508792,0.09757337512370501,0.9984751459297762
subj07,ventral,5,O4,A:V,simple,0.7178407446060006,0.12648552168552957,1,0.24166996517725087,0.921519501684948,0.5149347972106213,0.6200759348625218
subj07,ventral,5,O4,B:W,naturalistic,0.7935030432255716,0.12648552168552957,1,0.2276327406949795,0.9031760073132373,0.5978404000821437,0.6949462947894051
subj07,lateral,0,O0,A:E,simple,0.6299695372581482,0.0,1,0.2763870060443878,0.8535077571868896,0.32688117027282715,0.7837743759155273
subj07,lateral,0,O0,B:B,naturalistic,0.8073714971542358,0.0,1,0.19258545339107513,0.9017748236656189,0.64778733253479,0.8257256746292114
subj07,lateral,0,O1,A:E,simple,0.6330466866493225,0.0,1,0.2756921648979187,0.8546416163444519,0.33657705783843994,0.7765089869499207
subj07,lateral,0,O1,B:B,naturalistic,0.8101262450218201,0.0,1,0.1925112009048462,0.9030857086181641,0.6507778167724609,0.8132250905036926
subj07,lateral,0,O2,A:E,simple,0.6299252510070801,10000.0,1,0.2764187157154083,0.8534861207008362,0.3267824649810791,0.7837904095649719
subj07,lateral,0,O2,B:B,naturalistic,0.8074144124984741,10000.0,1,0.1925506889820099,0.901795506477356,0.6478536128997803,0.8257303237915039
subj07,lateral,0,O3,A:E,simple,0.6114483622281504,0.0001,4,0.2987911328414784,0.8436874703098568,0.14236470167842752,0.9466427973580092
subj07,lateral,0,O3,B:B,naturalistic,0.6195085440062199,0.0001,4,0.6817371537670119,0.78229793174997,-0.22437181847156107,1.3242640175062386
subj07,lateral,0,O4,A:E,simple,0.7920386881799332,0.004291934260128779,1,0.17225619569757888,0.9256948279729731,0.6272874807433679,0.7549106462572747
subj07,lateral,0,O4,B:B,naturalistic,0.8668122034898149,0.004291934260128779,1,0.1377925298738333,0.9302075181912335,0.7510087121520168,0.874722224669095
subj07,lateral,1,O0,A:H,simple,0.5280070900917053,0.0,1,0.3853253126144409,0.8135013580322266,0.01830291748046875,1.0305492877960205
subj07,lateral,1,O0,B:C,naturalistic,0.819518506526947,0.0,1,0.2637975513935089,0.8676972985267639,0.6688007712364197,0.9969106316566467
subj07,lateral,1,O1,A:H,simple,0.5259686708450317,0.0,1,0.3839167356491089,0.8122551441192627,0.021223366260528564,1.021241307258606
subj07,lateral,1,O1,B:C,naturalistic,0.8166393637657166,0.0,1,0.26231810450553894,0.8673037886619568,0.6643447875976562,0.9878610372543335
subj07,lateral,1,O2,A:H,simple,0.5280236601829529,10000.0,1,0.38530227541923523,0.8135104775428772,0.018361568450927734,1.0305392742156982
subj07,lateral,1,O2,B:C,naturalistic,0.8195311427116394,10000.0,1,0.263776570558548,0.8677059412002563,0.6688202619552612,0.9968962073326111
subj07,lateral,1,O3,A:H,simple,0.702388493353768,0.009102981779915217,6,0.3554776433626629,0.8859373283058939,0.2148266013243605,1.2605873606403617
subj07,lateral,1,O3,B:C,naturalistic,0.7401855044130145,0.009102981779915217,6,0.408526221113665,0.8008841366241269,0.4098647067550163,1.0243602684593316
subj07,lateral,1,O4,A:H,simple,0.8066210794807513,0.0001,2,0.20112847566809344,0.9289680843682083,0.5980942696607703,1.1821680923687137
subj07,lateral,1,O4,B:C,naturalistic,0.8514028001025137,0.0001,2,0.1981177872421342,0.8994718374785197,0.7237997243885179,0.8148118406662971
subj07,lateral,2,O0,A:L,simple,0.5878390073776245,0.0,1,0.46708944439888,0.7893528938293457,0.25351184606552124,1.0896320343017578
subj07,lateral,2,O0,B:D,naturalistic,0.8049567937850952,0.0,1,0.2887583076953888,0.8477910757064819,0.6350879669189453,0.9344390034675598
subj07,lateral,2,O1,A:L,simple,0.587873101234436,0.0,1,0.4672274589538574,0.7893872261047363,0.2536248564720154,1.0899862051010132
subj07,lateral,2,O1,B:D,naturalistic,0.8051994442939758,0.0,1,0.28829225897789,0.8479901552200317,0.6354100704193115,0.9338945150375366
subj07,lateral,2,O2,A:L,simple,0.5850293636322021,232.99518105153672,1,0.4713488221168518,0.7878214120864868,0.24512505531311035,1.0911556482315063
subj07,lateral,2,O2,B:D,naturalistic,0.7994507551193237,232.99518105153672,1,0.29404640197753906,0.8447158932685852,0.6268126964569092,0.9318444728851318
subj07,lateral,2,O3,A:L,simple,0.568304206698759,0.0001,5,0.6452685064989011,0.737145555000045,-0.1251853062629804,1.1714866827338044
subj07,lateral,2,O3,B:D,naturalistic,0.38892754809391805,0.0001,5,1.1089172318035194,0.6150884108530559,-0.4038808638547222,1.313122055718638
subj07,lateral,2,O4,A:L,simple,0.7068672906511136,0.0001,1,0.349180686616491,0.8432357329296098,0.4833778579125618,1.0886483455733695
subj07,lateral,2,O4,B:D,naturalistic,0.8435743961846851,0.0001,1,0.2405645724746198,0.8741393194484152,0.6976952880539461,0.942579738739197
subj07,lateral,3,O0,A:P,simple,0.6793148517608643,0.0,1,0.28214091062545776,0.849510669708252,0.41771548986434937,0.9112311601638794
subj07,lateral,3,O0,B:K,naturalistic,0.8155446648597717,0.0,1,0.28800588846206665,0.8451281785964966,0.6275717616081238,0.7977206110954285
subj07,lateral,3,O1,A:P,simple,0.6854949593544006,0.0,1,0.2763116657733917,0.8537161350250244,0.4270232319831848,0.9254298806190491
subj07,lateral,3,O1,B:K,naturalistic,0.8088407516479492,0.0,1,0.29752588272094727,0.8383834362030029,0.6211850643157959,0.8180725574493408
subj07,lateral,3,O2,A:P,simple,0.6793574690818787,10000.0,1,0.2820965051651001,0.8495354652404785,0.4178028106689453,0.9112364053726196
subj07,lateral,3,O2,B:K,naturalistic,0.8155465126037598,10000.0,1,0.28800520300865173,0.8451266288757324,0.6275804042816162,0.7977536916732788
subj07,lateral,3,O3,A:P,simple,0.5696067309324351,0.02811768697974228,6,0.41607678916098645,0.7849880178861649,0.13907412171078937,0.9646628221912784
subj07,lateral,3,O3,B:K,naturalistic,0.675858938010498,0.02811768697974228,6,0.5111367084261237,0.7600061086963676,0.324011077256543,1.0579086787460152
subj07,lateral,3,O4,A:P,simple,0.8104047218167191,0.013257113655901081,1,0.16990531717415244,0.9127701800945245,0.6466683021066568,0.9680403296899909
subj07,lateral,3,O4,B:K,naturalistic,0.8809992769263232,0.013257113655901081,1,0.19813292650529185,0.8983641086178855,0.7421584309936649,0.8263160341106273
subj07,lateral,4,O0,A:R,simple,0.5485684275627136,0.0,1,0.7870762348175049,0.7242227792739868,0.08808678388595581,1.282412052154541
subj07,lateral,4,O0,B:T,naturalistic,0.8233360052108765,0.0,1,0.2044854313135147,0.8923269510269165,0.6743374466896057,0.9193998575210571
subj07,lateral,4,O1,A:R,simple,0.5469653606414795,0.0,1,0.7875908017158508,0.7233898639678955,0.08701968193054199,1.2809593677520752
subj07,lateral,4,O1,B:T,naturalistic,0.8268411159515381,0.0,1,0.20189395546913147,0.8938878774642944,0.6799284815788269,0.9243803024291992
subj07,lateral,4,O2,A:R,simple,0.5485361814498901,10000.0,1,0.7870977520942688,0.724205493927002,0.0880364179611206,1.2823915481567383
subj07,lateral,4,O2,B:T,naturalistic,0.8233612775802612,10000.0,1,0.20446349680423737,0.8923397064208984,0.6743788123130798,0.9194286465644836
subj07,lateral,4,O3,A:R,simple,0.6204569035482466,0.019306977288832496,3,0.9143205251442587,0.7629054724085613,0.0788581952625137,1.4674232397217304
subj07,lateral,4,O3,B:T,naturalistic,0.7124922214232775,0.019306977288832496,3,0.9689184306690564,0.8308264464428234,-0.22721750480361935,1.6427322441091292
subj07,lateral,4,O4,A:R,simple,0.7300334083516458,0.02811768697974228,1,0.5526464987440546,0.8120373795699254,0.5006998171190584,1.2725275707165509
subj07,lateral,4,O4,B:T,naturalistic,0.894503427252092,0.02811768697974228,1,0.17107661520591969,0.9298215632619617,0.7200174189363098,1.118619999457766
subj07,lateral,5,O0,A:V,simple,0.8171148896217346,0.0,1,0.23726938664913177,0.918867826461792,0.6649109721183777,0.633232593536377
subj07,lateral,5,O0,B:W,naturalistic,0.8029725551605225,0.0,1,0.327273964881897,0.8594664931297302,0.547272801399231,0.6026463508605957
subj07,lateral,5,O1,A:V,simple,0.8158342242240906,0.0,1,0.24116599559783936,0.9175159335136414,0.6627973318099976,0.6294162273406982
subj07,lateral,5,O1,B:W,naturalistic,0.7913843989372253,0.0,1,0.3279667794704437,0.8503856658935547,0.5394600033760071,0.6242824196815491
subj07,lateral,5,O2,A:V,simple,0.8171204328536987,10000.0,1,0.23728248476982117,0.9188662767410278,0.6649185419082642,0.6332131028175354
subj07,lateral,5,O2,B:W,naturalistic,0.8029093742370605,10000.0,1,0.3273187577724457,0.8594217896461487,0.5471949577331543,0.6026638746261597
subj07,lateral,5,O3,A:V,simple,0.7026598499098102,0.013257113655901081,4,0.25017603813744993,0.8746464539403257,0.4512665088639851,0.7514292130760337
subj07,lateral,5,O3,B:W,naturalistic,0.6016812908593729,0.013257113655901081,4,0.635043082362158,0.6261338324942196,0.26331015634338617,0.7907142373734958
subj07,lateral,5,O4,A:V,simple,0.8564920127766956,0.0001,1,0.2080665609015887,0.9435072369671881,0.7140877274763602,0.6300227885799458
subj07,lateral,5,O4,B:W,naturalistic,0.8630740999289307,0.0001,1,0.2685237863252584,0.9000867107900867,0.6344693918055175,0.6195872801545242
subj07,parietal,0,O0,A:E,simple,0.8008436560630798,0.0,1,0.45317763090133667,0.7396908402442932,0.6264746189117432,0.721799910068512
subj07,parietal,0,O0,B:B,naturalistic,0.8027134537696838,0.0,1,0.3659347891807556,0.7974423170089722,0.6439883708953857,0.8404437899589539
subj07,parietal,0,O1,A:E,simple,0.8082950115203857,0.0,1,0.4718587398529053,0.7297381162643433,0.6067185401916504,0.7958922386169434
subj07,parietal,0,O1,B:B,naturalistic,0.7352352142333984,0.0,1,0.4977096617221832,0.7173426151275635,0.5382197499275208,0.8282033205032349
subj07,parietal,0,O2,A:E,simple,0.8057366013526917,24.420530945486497,1,0.46914395689964294,0.7288341522216797,0.6249860525131226,0.7473545074462891
subj07,parietal,0,O2,B:B,naturalistic,0.8067289590835571,24.420530945486497,1,0.36540859937667847,0.7972224950790405,0.6507973670959473,0.8284058570861816
subj07,parietal,0,O3,A:E,simple,0.6379242053541548,0.0001,3,1.7327739850334904,0.17473280336456906,0.030259915650725278,1.048406396054481
subj07,parietal,0,O3,B:B,naturalistic,0.3803736677617313,0.0001,3,2.7331231455540497,0.3318319769258449,-0.6071541442343165,1.6894901152418955
subj07,parietal,0,O4,A:E,simple,0.729427569590517,11.513953993264458,2,1.001903788756738,0.4149756054233956,0.4164908442298241,0.8322387443837905
subj07,parietal,0,O4,B:B,naturalistic,0.8002659093096319,11.513953993264458,2,0.9159954055092526,0.6114029044262717,0.6404180372194435,1.1497419404657254
subj07,parietal,1,O0,A:H,simple,0.7594605684280396,0.0,1,0.45754334330558777,0.7619031071662903,0.476590633392334,0.9569404125213623
subj07,parietal,1,O0,B:C,naturalistic,0.7228177785873413,0.0,1,0.47015050053596497,0.7323575019836426,0.515536904335022,0.6517478823661804
subj07,parietal,1,O1,A:H,simple,0.7565914392471313,0.0,1,0.4562617540359497,0.7967078685760498,0.3934468626976013,1.0983784198760986
subj07,parietal,1,O1,B:C,naturalistic,0.8008610606193542,0.0,1,0.38105666637420654,0.807210385799408,0.6103084087371826,0.6265304684638977
subj07,parietal,1,O2,A:H,simple,0.761839747428894,35.564803062231285,1,0.43755823373794556,0.7849895358085632,0.45272552967071533,1.016865849494934
subj07,parietal,1,O2,B:C,naturalistic,0.7197434902191162,35.564803062231285,1,0.4784451127052307,0.7287750840187073,0.5069921612739563,0.631009042263031
subj07,parietal,1,O3,A:H,simple,0.6012423738236201,7.9060432109076855,6,2.1478276624894614,0.6962762559444204,-1.6707403812644022,1.9740196799813352
subj07,parietal,1,O3,B:C,naturalistic,0.6284493872833935,7.9060432109076855,6,0.748428376966998,0.6262976004669932,0.3245191636990662,1.0013669335735675
subj07,parietal,1,O4,A:H,simple,0.7350361731404654,24.420530945486497,2,0.5271666425842431,0.8100324567934506,0.3355467604552367,1.2381903685877123
subj07,parietal,1,O4,B:C,naturalistic,0.6901829983256665,24.420530945486497,2,0.5348155657108843,0.6825394694123903,0.47363397487997416,0.7085324857770022
subj07,parietal,2,O0,A:L,simple,0.6986027956008911,0.0,1,0.7441003322601318,0.5783726572990417,0.46746164560317993,0.8587567806243896
subj07,parietal,2,O0,B:D,naturalistic,0.8208266496658325,0.0,1,0.44488590955734253,0.7706718444824219,0.6631780862808228,0.9677019119262695
subj07,parietal,2,O1,A:L,simple,0.7086520195007324,0.0,1,0.5817025899887085,0.6737017631530762,0.47114062309265137,0.8623194098472595
subj07,parietal,2,O1,B:D,naturalistic,0.7701310515403748,0.0,1,0.7464430332183838,0.6762403249740601,0.5324944257736206,1.1276203393936157
subj07,parietal,2,O2,A:L,simple,0.7129908800125122,35.564803062231285,1,0.6841440200805664,0.6144759654998779,0.4868776202201843,0.8629207611083984
subj07,parietal,2,O2,B:D,naturalistic,0.8297396898269653,35.564803062231285,1,0.45786020159721375,0.7706864476203918,0.6754239797592163,0.9983212947845459
subj07,parietal,2,O3,A:L,simple,0.7657654643354428,5.428675439323859,4,0.5405762083299845,0.7440815610681404,0.487297382277488,1.0510565573236068
subj07,parietal,2,O3,B:D,naturalistic,0.7573073951984131,5.428675439323859,4,2.0791907243572605,0.6272951731244126,-0.09662831355662971,1.8408395003966203
subj07,parietal,2,O4,A:L,simple,0.8377051450543196,75.43120063354607,5,0.3450968840996705,0.8096481565552989,0.7013408490136159,0.8346901549771136
subj07,parietal,2,O4,B:D,naturalistic,0.8852653698821675,75.43120063354607,5,0.5504758710913223,0.7934724803155234,0.7310291598380068,1.2178242401124793
subj07,parietal,3,O0,A:P,simple,0.7348688244819641,0.0,1,0.5819458961486816,0.734821081161499,0.418453574180603,1.0839743614196777
subj07,parietal,3,O0,B:K,naturalistic,0.8560400009155273,0.0,1,0.44881221652030945,0.7542017698287964,0.7060563564300537,0.6214141845703125
subj07,parietal,3,O1,A:P,simple,0.7309519648551941,0.0,1,0.7282464504241943,0.6920599937438965,0.4042209982872009,1.1472450494766235
subj07,parietal,3,O1,B:K,naturalistic,0.8902078866958618,0.0,1,0.23364803194999695,0.887551486492157,0.7836736440658569,0.7412787079811096
subj07,parietal,3,O2,A:P,simple,0.7349743843078613,10000.0,1,0.5818614363670349,0.7349309921264648,0.4185205101966858,1.0841946601867676
subj07,parietal,3,O2,B:K,naturalistic,0.8561681509017944,10000.0,1,0.44831085205078125,0.7545654773712158,0.7063051462173462,0.6215996742248535
subj07,parietal,3,O3,A:P,simple,0.7377859782337632,5.428675439323859,4,1.464858933398305,0.636525266766238,0.1503113603690338,1.569275726271877
subj07,parietal,3,O3,B:K,naturalistic,0.7968751173798563,5.428675439323859,4,0.9009078260696614,0.8155499656382728,0.45564420662184724,1.5678993515812476
subj07,parietal,3,O4,A:P,simple,0.8556217493310772,159.98587196060572,1,0.504205289051905,0.821868001460893,0.6128244182685647,1.2457457156568454
subj07,parietal,3,O4,B:K,naturalistic,0.7314204263910611,159.98587196060572,1,0.43522858555283117,0.7521521354416976,0.5332331400382093,0.7211452659867039
subj07,parietal,4,O0,A:R,simple,0.71109938621521,0.0,1,0.8057451844215393,0.4511941075325012,0.48702895641326904,0.5477405786514282
subj07,parietal,4,O0,B:T,naturalistic,0.8266874551773071,0.0,1,0.2836788594722748,0.8479829430580139,0.6834115982055664,0.7955050468444824
subj07,parietal,4,O1,A:R,simple,0.7447665929794312,0.0,1,0.6988828182220459,0.5490922331809998,0.538352370262146,0.5687158107757568
subj07,parietal,4,O1,B:T,naturalistic,0.7975053191184998,0.0,1,0.3002345561981201,0.8370789289474487,0.6355472803115845,0.8064916729927063
subj07,parietal,4,O2,A:R,simple,0.737534761428833,35.564803062231285,1,0.767786979675293,0.4863503873348236,0.5201573371887207,0.5521047711372375
subj07,parietal,4,O2,B:T,naturalistic,0.828140139579773,35.564803062231285,1,0.27719852328300476,0.8526291847229004,0.6855001449584961,0.7880144715309143
subj07,parietal,4,O3,A:R,simple,0.8669859771153161,0.0001,2,1.0053558418149022,0.4722596159347897,0.7476528810368636,0.9501560287040122
subj07,parietal,4,O3,B:T,naturalistic,0.4832605036249736,0.0001,2,0.831307032028597,0.5870484466601774,-0.007115497666273063,1.0064920361084775
subj07,parietal,4,O4,A:R,simple,0.7756764398778442,5.428675439323859,1,1.0660967820013938,0.2708038735724692,0.5562638697256856,0.6442091674870675
subj07,parietal,4,O4,B:T,naturalistic,0.8234988970608558,5.428675439323859,1,0.2850810482323366,0.846994965955258,0.6781501772990294,0.7971801112943436
subj07,parietal,5,O0,A:V,simple,0.8239012360572815,0.0,1,0.5157991647720337,0.7295357584953308,0.6729462146759033,0.5103976726531982
subj07,parietal,5,O0,B:W,naturalistic,0.798777163028717,0.0,1,0.4104097783565521,0.7998475432395935,0.6154570579528809,0.5758702754974365
subj07,parietal,5,O1,A:V,simple,0.8006751537322998,0.0,1,0.4874404966831207,0.7524508237838745,0.6380795240402222,0.520885169506073
subj07,parietal,5,O1,B:W,naturalistic,0.7877205014228821,0.0,1,0.3166462481021881,0.84264075756073,0.6110899448394775,0.6792709231376648
subj07,parietal,5,O2,A:V,simple,0.816277265548706,11.513953993264458,1,0.47666797041893005,0.7598580718040466,0.6627142429351807,0.5273667573928833
subj07,parietal,5,O2,B:W,naturalistic,0.7820319533348083,11.513953993264458,1,0.37347665429115295,0.8163750171661377,0.5984501838684082,0.6165130138397217
subj07,parietal,5,O3,A:V,simple,0.6211855002832376,2.559547922699533,4,0.5822537608816628,0.6463956523346978,0.30242961409543834,0.6373938842739623
subj07,parietal,5,O3,B:W,naturalistic,0.7787694622115787,2.559547922699533,4,0.5266368842637454,0.6984944148596656,0.5742923675637326,0.8190404963535368
subj07,parietal,5,O4,A:V,simple,0.846383794827479,16.768329368110066,2,0.4053194648870893,0.8294871399365028,0.6999551256725153,0.5239248707393998
subj07,parietal,5,O4,B:W,naturalistic,0.8532324363956922,16.768329368110066,2,0.3314297538039186,0.8572609003597033,0.6928067016208205,0.599722516342035
subj08,V1,0,O0,A:E,simple,0.9276495575904846,0.0,1,0.1437298208475113,0.928731381893158,0.7007761001586914,0.8495368361473083
subj08,V1,0,O0,B:B,naturalistic,-0.2354830801486969,0.0,1,0.48316943645477295,0.7660971283912659,-1.4655060768127441,1.0308126211166382
subj08,V1,0,O1,A:E,simple,0.9173700213432312,0.0,1,0.15851154923439026,0.9294003248214722,0.6670773029327393,0.7800799012184143
subj08,V1,0,O1,B:B,naturalistic,-0.24366651475429535,0.0,1,0.5461359024047852,0.7709785103797913,-1.6859042644500732,1.1458702087402344
subj08,V1,0,O2,A:E,simple,0.9363884329795837,11.513953993264458,1,0.11507495492696762,0.949894905090332,0.7578659057617188,0.8180792331695557
subj08,V1,0,O2,B:B,naturalistic,-0.09143839031457901,11.513953993264458,1,0.4436204135417938,0.8023515343666077,-1.2125000953674316,1.0979667901992798
subj08,V1,0,O3,A:E,simple,0.685826388786057,0.0001,1,0.40562619650418597,0.8088581557273559,0.16761238673707335,1.0535574875061091
subj08,V1,0,O3,B:B,naturalistic,0.40945251332830007,0.0001,1,0.6870095297645885,0.9011652056458741,-0.6736815718250302,1.6076411792774667
subj08,V1,0,O4,A:E,simple,0.9126597855474254,3.727593720314938,2,0.09806104150844766,0.9574949944755917,0.8294256564663343,0.8356025163114028
subj08,V1,0,O4,B:B,naturalistic,0.4468965825682189,3.727593720314938,2,0.26743026905802325,0.9171939114776849,0.10780435080237694,1.2468528523962144
subj08,V1,1,O0,A:H,simple,0.8374012112617493,0.0,1,0.566745936870575,0.6860354542732239,0.4695742726325989,0.8794018030166626
subj08,V1,1,O0,B:C,naturalistic,-0.029019111767411232,0.0,1,0.3965757191181183,0.8133416771888733,-0.6861175298690796,1.0543814897537231
subj08,V1,1,O1,A:H,simple,0.8322688937187195,0.0,1,0.5307974815368652,0.6963068246841431,0.46190786361694336,0.8213692903518677
subj08,V1,1,O1,B:C,naturalistic,-0.09015063941478729,0.0,1,0.47752097249031067,0.8023683428764343,-0.9236533641815186,1.1506726741790771
subj08,V1,1,O2,A:H,simple,0.3324691355228424,0.0001,1,0.8288826942443848,0.5296991467475891,0.10274791717529297,0.8605523109436035
subj08,V1,1,O2,B:C,naturalistic,0.2982121706008911,0.0001,1,0.4042160212993622,0.8810073733329773,-0.1725074052810669,1.3057305812835693
subj08,V1,1,O3,A:H,simple,0.21217574454840002,2.559547922699533,4,1.0665790653425884,0.47891140981732494,-0.09231706706519005,1.022910675913093
subj08,V1,1,O3,B:C,naturalistic,0.6376226484974485,2.559547922699533,4,0.3202169115165733,0.9293065940584448,0.272102592202051,1.3580578125259284
subj08,V1,1,O4,A:H,simple,0.867873064142344,3.727593720314938,2,0.50091994013184,0.7211002928525496,0.5263050870976596,0.8656878439832437
subj08,V1,1,O4,B:C,naturalistic,0.5404138002896617,3.727593720314938,2,0.2984585607705364,0.9154019992894511,0.2315630119362302,1.2847518728702108
subj08,V1,2,O0,A:L,simple,0.8235677480697632,0.0,1,0.42939940094947815,0.7911407351493835,0.589118480682373,1.0263068675994873
subj08,V1,2,O0,B:D,naturalistic,-0.07476355135440826,0.0,1,0.37071409821510315,0.7949524521827698,-0.7784891128540039,0.8465620875358582
subj08,V1,2,O1,A:L,simple,0.8319663405418396,0.0,1,0.414988249540329,0.7916984558105469,0.5838708877563477,0.9960873126983643
subj08,V1,2,O1,B:D,naturalistic,-0.05709099769592285,0.0,1,0.3664637804031372,0.7980059385299683,-0.766706109046936,0.8552532196044922
subj08,V1,2,O2,A:L,simple,0.8959181904792786,7.9060432109076855,1,0.29093286395072937,0.8600842952728271,0.741295576095581,1.03523588180542
subj08,V1,2,O2,B:D,naturalistic,-0.09746570140123367,7.9060432109076855,1,0.4249107837677002,0.7677662968635559,-1.0709254741668701,0.8876662254333496
subj08,V1,2,O3,A:L,simple,0.7625174139904056,0.0001,1,0.5620494680076716,0.7990510032563611,0.20157552398467327,1.246859014322321
subj08,V1,2,O3,B:D,naturalistic,-0.3294679529426295,0.0001,1,0.8404046822228655,0.807084126677931,-1.752148390801354,1.5083611948999407
subj08,V1,2,O4,A:L,simple,0.8953861874717979,232.99518105153672,5,0.26261873953539844,0.8734244676771253,0.7592717726480012,1.0330774863547665
subj08,V1,2,O4,B:D,naturalistic,-0.008774518704648267,232.99518105153672,5,0.31527247709300277,0.8278697545862345,-0.5295046033321453,0.8531856229752525
subj08,V1,3,O0,A:P,simple,0.7225661277770996,0.0,1,0.24520906805992126,0.8701199889183044,0.5119544863700867,0.9182637929916382
subj08,V1,3,O0,B:K,naturalistic,0.4543658196926117,0.0,1,0.22903357446193695,0.8990599513053894,-0.0009477138519287109,0.7058182954788208
subj08,V1,3,O1,A:P,simple,0.7290345430374146,0.0,1,0.24104340374469757,0.8715915083885193,0.515272855758667,0.8983334302902222
subj08,V1,3,O1,B:K,naturalistic,0.43830177187919617,0.0,1,0.2240421026945114,0.9018529057502747,-0.0031489133834838867,0.708512008190155
subj08,V1,3,O2,A:P,simple,0.8058109879493713,7.9060432109076855,1,0.17501938343048096,0.908298134803772,0.6429666876792908,0.9132851362228394
subj08,V1,3,O2,B:K,naturalistic,0.26088088750839233,7.9060432109076855,1,0.32803425192832947,0.8231177926063538,-0.7241647243499756,0.74857097864151
subj08,V1,3,O3,A:P,simple,0.8348072438796758,2.559547922699533,4,0.43709109378090133,0.8278019727763345,0.20438398408186453,1.1775835915384483
subj08,V1,3,O3,B:K,naturalistic,0.5136051869326594,2.559547922699533,4,0.44129894882677645,0.7550033979606509,-0.4067831180835475,0.6485654123582335
subj08,V1,3,O4,A:P,simple,0.8832808097946447,2.559547922699533,2,0.23674805937311882,0.8977426977765408,0.5559114598180217,1.1043582378310652
subj08,V1,3,O4,B:K,naturalistic,0.5010949800334089,2.559547922699533,2,0.3199068584787701,0.8445463830910865,-0.13226370453768554,0.6624326481641405
subj08,V1,4,O0,A:R,simple,0.9306527972221375,0.0,1,0.17209243774414062,0.9516829252243042,0.6418246626853943,0.6727690696716309
subj08,V1,4,O0,B:T,naturalistic,0.27575257420539856,0.0,1,0.3124028146266937,0.8850650191307068,-0.10204207897186279,0.5756415724754333
subj08,V1,4,O1,A:R,simple,0.9319971799850464,0.0,1,0.16911490261554718,0.951961100101471,0.6456661820411682,0.6774709224700928
subj08,V1,4,O1,B:T,naturalistic,0.2739427387714386,0.0,1,0.3247118890285492,0.8833649158477783,-0.09327936172485352,0.5592578053474426
subj08,V1,4,O2,A:R,simple,0.9442172646522522,5.428675439323859,1,0.15301255881786346,0.9693114161491394,0.7182907462120056,0.6650462746620178
subj08,V1,4,O2,B:T,naturalistic,0.7567282319068909,5.428675439323859,1,0.20658470690250397,0.960284411907196,0.5711393356323242,0.6014935374259949
subj08,V1,4,O3,A:R,simple,0.8795878357370231,2.559547922699533,7,0.17988676699183362,0.9170790345276667,0.768173333081066,0.7724387952382247
subj08,V1,4,O3,B:T,naturalistic,0.32354403445656765,2.559547922699533,7,0.515152443823125,0.7322970078472828,-2.4900214103214493,0.9590377399524043
subj08,V1,4,O4,A:R,simple,0.9402053132941729,7.9060432109076855,2,0.12581621416395192,0.9629979151683143,0.8749721186154832,0.7323872511808425
subj08,V1,4,O4,B:T,naturalistic,0.2907458848019953,7.9060432109076855,2,0.41091871126466956,0.7804510546946788,-1.8168438694813527,0.9219521762627163
subj08,V1,5,O0,A:V,simple,0.7844756841659546,0.0,1,0.6334772109985352,0.6430923342704773,0.44056403636932373,0.8599910736083984
subj08,V1,5,O0,B:W,naturalistic,-0.06581844389438629,0.0,1,0.297619104385376,0.8390023112297058,-0.7690294981002808,0.7997081875801086
subj08,V1,5,O1,A:V,simple,0.7832571864128113,0.0,1,0.6176490187644958,0.6397314071655273,0.41505128145217896,0.8037601709365845
subj08,V1,5,O1,B:W,naturalistic,-0.11042819172143936,0.0,1,0.323393315076828,0.8232975006103516,-0.8971354961395264,0.7884829640388489
subj08,V1,5,O2,A:V,simple,0.785860002040863,5.428675439323859,1,0.565863311290741,0.674367368221283,0.4678887724876404,0.8180148005485535
subj08,V1,5,O2,B:W,naturalistic,-0.006828376092016697,5.428675439323859,1,0.27373695373535156,0.8550661206245422,-0.5895061492919922,0.7852455973625183
subj08,V1,5,O3,A:V,simple,0.9142313279358477,1.2067926406393288,5,0.2528343494848589,0.9040229278823991,0.8282552742576619,1.1687714814045929
subj08,V1,5,O3,B:W,naturalistic,-0.04481118032369304,1.2067926406393288,5,0.6138669367428756,0.7056344394408214,-3.045548842049773,1.0399798924035666
subj08,V1,5,O4,A:V,simple,0.970917033015385,2.559547922699533,2,0.10920925053192274,0.9440781730370151,0.921361828948117,0.9662782482348653
subj08,V1,5,O4,B:W,naturalistic,-0.30916395059618756,2.559547922699533,2,0.6054266325739055,0.6508865704191912,-2.5585233613722616,0.8214149921831044
subj08,V2,0,O0,A:E,simple,0.7382198572158813,0.0,1,0.2992088794708252,0.8375095129013062,0.5440037846565247,0.8123873472213745
subj08,V2,0,O0,B:B,naturalistic,0.4218907952308655,0.0,1,0.5142867565155029,0.712983250617981,-0.0177762508392334,0.8634219765663147
subj08,V2,0,O1,A:E,simple,0.7404778003692627,0.0,1,0.3035632371902466,0.8387299180030823,0.544479489326477,0.7548784017562866
subj08,V2,0,O1,B:B,naturalistic,0.421456903219223,0.0,1,0.5420956611633301,0.7194980978965759,-0.09285032749176025,0.9639836549758911
subj08,V2,0,O2,A:E,simple,0.738235592842102,10000.0,1,0.29919862747192383,0.8375186920166016,0.5440218448638916,0.8122951984405518
subj08,V2,0,O2,B:B,naturalistic,0.4219474196434021,10000.0,1,0.514225959777832,0.7130410075187683,-0.017714262008666992,0.8635514378547668
subj08,V2,0,O3,A:E,simple,0.6545570862506758,0.8286427728546842,3,0.428348998181462,0.7630063937662214,0.36850982897948603,0.8656113806779717
subj08,V2,0,O3,B:B,naturalistic,0.5428061798375414,0.8286427728546842,3,0.49982479497894705,0.7649646439145399,-0.007424089172023418,1.0565048307548877
subj08,V2,0,O4,A:E,simple,0.7542600056567778,232.99518105153672,1,0.2878030943394998,0.8467307627716841,0.5632987417183983,0.7777662014241943
subj08,V2,0,O4,B:B,naturalistic,0.5069262110673598,232.99518105153672,1,0.46143693062495,0.7543744776708156,0.07529036669039635,0.9290678107581346
subj08,V2,1,O0,A:H,simple,0.13847190141677856,0.0,1,0.6829947829246521,0.6618347764015198,-1.523879051208496,1.0097142457962036
subj08,V2,1,O0,B:C,naturalistic,0.7695388197898865,0.0,1,0.28836554288864136,0.8642193078994751,0.5643762350082397,1.051944375038147
subj08,V2,1,O1,A:H,simple,0.1789989173412323,0.0,1,0.6219107508659363,0.654126763343811,-1.1106505393981934,0.8772692680358887
subj08,V2,1,O1,B:C,naturalistic,0.7230551242828369,0.0,1,0.464437872171402,0.8385637998580933,0.3733252286911011,1.2479870319366455
subj08,V2,1,O2,A:H,simple,0.13853618502616882,10000.0,1,0.6828882694244385,0.6618126630783081,-1.5232493877410889,1.009496808052063
subj08,V2,1,O2,B:C,naturalistic,0.7693577408790588,10000.0,1,0.2886802852153778,0.8641192317008972,0.5639930963516235,1.0522215366363525
subj08,V2,1,O3,A:H,simple,0.41792797728879344,0.5689866029018293,4,0.5720903826086785,0.7190903290110005,-1.0236590401860228,1.0177226907639672
subj08,V2,1,O3,B:C,naturalistic,0.4962766895428294,0.5689866029018293,4,0.8462685332801688,0.6951877607858613,-0.2995729658651134,1.2692562306645498
subj08,V2,1,O4,A:H,simple,0.1861870774635014,0.18420699693267145,1,0.7234634515270343,0.6280197592692657,-1.5491484479652264,0.9713450858970184
subj08,V2,1,O4,B:C,naturalistic,0.5259320722329672,0.18420699693267145,1,0.7012725214041353,0.7367988439184211,0.029470184978660052,1.230909272800367
subj08,V2,2,O0,A:L,simple,0.5441802144050598,0.0,1,0.7882257699966431,0.5961338877677917,0.2824944257736206,0.9750816226005554
subj08,V2,2,O0,B:D,naturalistic,0.5044841766357422,0.0,1,0.398943692445755,0.778095006942749,0.2335945963859558,0.7119471430778503
subj08,V2,2,O1,A:L,simple,0.5580209493637085,0.0,1,0.6885062456130981,0.612234890460968,0.30765920877456665,0.8639050722122192
subj08,V2,2,O1,B:D,naturalistic,0.46743011474609375,0.0,1,0.44448286294937134,0.7453420162200928,0.148240864276886,0.7411473393440247
subj08,V2,2,O2,A:L,simple,0.5170011520385742,35.564803062231285,1,0.8015751838684082,0.5789790749549866,0.25269538164138794,0.948833167552948
subj08,V2,2,O2,B:D,naturalistic,0.42225730419158936,35.564803062231285,1,0.4486660361289978,0.7429256439208984,0.12595242261886597,0.7183376550674438
subj08,V2,2,O3,A:L,simple,0.1196426705890776,2.559547922699533,4,1.5673522239271702,0.33863502825190206,-0.48555580049640357,1.1644835736402532
subj08,V2,2,O3,B:D,naturalistic,0.24992473470550286,2.559547922699533,4,0.7051826996757189,0.6269039990974478,-0.4502524715202556,0.9402589449951462
subj08,V2,2,O4,A:L,simple,0.489773303497806,5.428675439323859,3,0.8012124294835741,0.5608378431739085,0.2289914622625745,0.9010605573120275
subj08,V2,2,O4,B:D,naturalistic,0.26481703158214476,5.428675439323859,3,0.5411890489775331,0.6783083791343272,-0.06747565016768875,0.7142432054215825
subj08,V2,3,O0,A:P,simple,0.5132433772087097,0.0,1,0.597122073173523,0.6958136558532715,-0.02064692974090576,0.9809078574180603
subj08,V2,3,O0,B:K,naturalistic,0.7904217839241028,0.0,1,0.27448099851608276,0.8669446706771851,0.6230572462081909,0.7054696083068848
subj08,V2,3,O1,A:P,simple,0.5415741205215454,0.0,1,0.5578792095184326,0.7069475054740906,0.05897027254104614,0.947059690952301
subj08,V2,3,O1,B:K,naturalistic,0.7595045566558838,0.0,1,0.288526713848114,0.8637323975563049,0.5653772354125977,0.6778282523155212
subj08,V2,3,O2,A:P,simple,0.5131571292877197,10000.0,1,0.597260594367981,0.6957326531410217,-0.020861268043518066,0.9808721542358398
subj08,V2,3,O2,B:K,naturalistic,0.790592610836029,10000.0,1,0.27436020970344543,0.867028534412384,0.6233197450637817,0.7054778337478638
subj08,V2,3,O3,A:P,simple,0.10924528336471583,0.08685113737513521,1,1.4859110524975017,0.3990260206853631,-1.5615047467696161,1.2022276331677488
subj08,V2,3,O3,B:K,naturalistic,0.7174158001656712,0.08685113737513521,1,1.9190955234798945,0.6007521324899959,-1.8567605629230512,1.7321223808243325
subj08,V2,3,O4,A:P,simple,0.48864252050432366,109.85411419875572,1,0.6265317513335108,0.6740391035566898,-0.06220904770461999,0.9583988367892292
subj08,V2,3,O4,B:K,naturalistic,0.7738128333704649,109.85411419875572,1,0.3014849762573829,0.8519187410361718,0.5977861294304081,0.6868412522107596
subj08,V2,4,O0,A:R,simple,0.8594197034835815,0.0,1,0.24616298079490662,0.8696302175521851,0.7030975818634033,0.8204406499862671
subj08,V2,4,O0,B:T,naturalistic,0.7882241010665894,0.0,1,0.4528525769710541,0.7940057516098022,0.4695127606391907,0.5053923726081848
subj08,V2,4,O1,A:R,simple,0.8731181621551514,0.0,1,0.25276684761047363,0.8684266209602356,0.6951055526733398,0.7851701378822327
subj08,V2,4,O1,B:T,naturalistic,0.8335980772972107,0.0,1,0.40627914667129517,0.8068273067474365,0.5233911275863647,0.5675588250160217
subj08,V2,4,O2,A:R,simple,0.8593840003013611,10000.0,1,0.24622252583503723,0.8695985078811646,0.7030149698257446,0.820362389087677
subj08,V2,4,O2,B:T,naturalistic,0.7883054614067078,10000.0,1,0.4527795910835266,0.7940325140953064,0.46958911418914795,0.50547194480896
subj08,V2,4,O3,A:R,simple,0.7681916622198622,16.768329368110066,2,0.8407310415940044,0.719803471391998,0.08736361009837057,1.318842788546376
subj08,V2,4,O3,B:T,naturalistic,0.7343639241143985,16.768329368110066,2,0.40130144287430375,0.7776797136695626,0.5368310623670991,0.6996595429844841
subj08,V2,4,O4,A:R,simple,0.8763414717991964,159.98587196060572,1,0.216475446379651,0.8898010447589051,0.7310951371033443,0.7991291349098122
subj08,V2,4,O4,B:T,naturalistic,0.793002980999675,159.98587196060572,1,0.43777342189641666,0.7760985072204657,0.487480066720156,0.575842967045086
subj08,V2,5,O0,A:V,simple,0.9378105401992798,0.0,1,0.6584621667861938,0.6408819556236267,0.7688921093940735,0.9039254188537598
subj08,V2,5,O0,B:W,naturalistic,0.38936883211135864,0.0,1,0.5026519894599915,0.7142329812049866,0.11631900072097778,0.6011808514595032
subj08,V2,5,O1,A:V,simple,0.9517317414283752,0.0,1,0.5920891761779785,0.6578251719474792,0.7464935779571533,0.8153786063194275
subj08,V2,5,O1,B:W,naturalistic,0.3892667889595032,0.0,1,0.5114061236381531,0.7037157416343689,0.09782975912094116,0.6223402619361877
subj08,V2,5,O2,A:V,simple,0.9378266930580139,10000.0,1,0.658306896686554,0.6409377455711365,0.7688948512077332,0.9038218259811401
subj08,V2,5,O2,B:W,naturalistic,0.3893924653530121,10000.0,1,0.5026485323905945,0.7142301797866821,0.11632323265075684,0.6012112498283386
subj08,V2,5,O3,A:V,simple,0.8052230256337096,11.513953993264458,2,0.6853126915725094,0.6944452087785302,0.6303532190544077,1.103794456801139
subj08,V2,5,O3,B:W,naturalistic,0.18450450429585963,11.513953993264458,2,0.5797488031310615,0.6484705768463932,-0.09869350161595936,0.6322568332028726
subj08,V2,5,O4,A:V,simple,0.9528963031696699,75.43120063354607,1,0.6552995466159597,0.6267896504891366,0.741462218429495,0.8462544086852661
subj08,V2,5,O4,B:W,naturalistic,0.41600619513886083,75.43120063354607,1,0.488883437171482,0.7235334998710035,0.14087222674129474,0.6122493842303598
subj08,V3,0,O0,A:E,simple,0.94337397813797,0.0,1,0.27114808559417725,0.8608241081237793,0.7942831516265869,0.7505232691764832
subj08,V3,0,O0,B:B,naturalistic,0.8692493438720703,0.0,1,0.19620057940483093,0.9099968671798706,0.6757559776306152,1.0658655166625977
subj08,V3,0,O1,A:E,simple,0.9410103559494019,0.0,1,0.2574675381183624,0.8804095983505249,0.7781475186347961,0.6998867988586426
subj08,V3,0,O1,B:B,naturalistic,0.8729802370071411,0.0,1,0.2277376502752304,0.9201954007148743,0.6295047998428345,1.1931368112564087
subj08,V3,0,O2,A:E,simple,0.937446653842926,24.420530945486497,1,0.2610609829425812,0.8690579533576965,0.7906109690666199,0.7412975430488586
subj08,V3,0,O2,B:B,naturalistic,0.8853558301925659,24.420530945486497,1,0.1847580075263977,0.9244334101676941,0.6911003589630127,1.122763991355896
subj08,V3,0,O3,A:E,simple,0.9171153053131285,16.768329368110066,4,0.22816076646296088,0.8942676687804274,0.7843972307552561,0.7273083365372685
subj08,V3,0,O3,B:B,naturalistic,0.8597533256809713,16.768329368110066,4,0.2542159262309386,0.8944524694037678,0.5813754366682627,1.1273925980005133
subj08,V3,0,O4,A:E,simple,0.951502637583272,159.98587196060572,1,0.22584869760616344,0.8973217294501699,0.8086551498813018,0.7211542739422512
subj08,V3,0,O4,B:B,naturalistic,0.8769199372754917,159.98587196060572,1,0.18444761940853022,0.9241716769315471,0.6956384947986604,1.120489950900932
subj08,V3,1,O0,A:H,simple,0.9598997235298157,0.0,1,0.32704389095306396,0.821135938167572,0.8209118843078613,0.7849695086479187
subj08,V3,1,O0,B:C,naturalistic,0.9416298270225525,0.0,1,0.1255834996700287,0.9373759627342224,0.884659469127655,1.0026220083236694
subj08,V3,1,O1,A:H,simple,0.9529328942298889,0.0,1,0.2997998595237732,0.8418842554092407,0.8082879185676575,0.7493160367012024
subj08,V3,1,O1,B:C,naturalistic,0.9276201128959656,0.0,1,0.211781844496727,0.9219738841056824,0.8509730100631714,1.1706054210662842
subj08,V3,1,O2,A:H,simple,0.9622952342033386,75.43120063354607,1,0.3135901391506195,0.8300864696502686,0.8247835636138916,0.7787675857543945
subj08,V3,1,O2,B:C,naturalistic,0.9407837390899658,75.43120063354607,1,0.13525815308094025,0.9344084858894348,0.8840431571006775,1.0259363651275635
subj08,V3,1,O3,A:H,simple,0.657731539295581,11.513953993264458,7,0.829222782712413,0.5588712984098329,0.42591597036264117,0.9351157120534976
subj08,V3,1,O3,B:C,naturalistic,0.8951915541384367,11.513953993264458,7,0.34971345584899327,0.8579851594904339,0.8005934224918173,1.150990113580853
subj08,V3,1,O4,A:H,simple,0.9660124965614791,75.43120063354607,1,0.28902757097812243,0.846240626167523,0.8347956960646948,0.7744722791744759
subj08,V3,1,O4,B:C,naturalistic,0.9286805710288021,75.43120063354607,1,0.2776482690442076,0.8814082850443931,0.8556854171372478,1.1149221853402451
subj08,V3,2,O0,A:L,simple,0.9166020750999451,0.0,1,0.24655941128730774,0.8972519040107727,0.8290606737136841,1.124453067779541
subj08,V3,2,O0,B:D,naturalistic,0.6042903661727905,0.0,1,0.6363498568534851,0.6869412064552307,-0.6413184404373169,1.0159367322921753
subj08,V3,2,O1,A:L,simple,0.9108192920684814,0.0,1,0.20023125410079956,0.8953003883361816,0.8268950581550598,0.9376571774482727
subj08,V3,2,O1,B:D,naturalistic,0.5715435147285461,0.0,1,0.7892087697982788,0.6420470476150513,-1.1049292087554932,1.0908602476119995
subj08,V3,2,O2,A:L,simple,0.9214223027229309,109.85411419875572,1,0.23059940338134766,0.9008751511573792,0.8421820402145386,1.1062415838241577
subj08,V3,2,O2,B:D,naturalistic,0.6025065183639526,109.85411419875572,1,0.6532583832740784,0.6820310950279236,-0.6920686960220337,1.0261600017547607
subj08,V3,2,O3,A:L,simple,0.9605007464420482,11.513953993264458,7,0.19644735222213427,0.9615252795987866,0.8151945296801861,1.309344477933074
subj08,V3,2,O3,B:D,naturalistic,0.6746861673372712,11.513953993264458,7,0.3769700332498748,0.8118376849830832,-0.07486866739739728,1.00170721905282
subj08,V3,2,O4,A:L,simple,0.9263947294151818,232.99518105153672,1,0.19579905418575774,0.9198528282109174,0.8397868478295734,1.1246167384034504
subj08,V3,2,O4,B:D,naturalistic,0.6089653654148974,232.99518105153672,1,0.607576999496735,0.701602772250182,-0.5936328873291055,1.0175512517066172
subj08,V3,3,O0,A:P,simple,0.963325560092926,0.0,1,0.07625006884336472,0.9664819836616516,0.9189093112945557,1.068155288696289
subj08,V3,3,O0,B:K,naturalistic,0.6450181603431702,0.0,1,0.7654405236244202,0.5564730763435364,-0.9324827194213867,0.830521821975708
subj08,V3,3,O1,A:P,simple,0.9658686518669128,0.0,1,0.07096318900585175,0.9688000082969666,0.9245234727859497,1.0664554834365845
subj08,V3,3,O1,B:K,naturalistic,0.6483603119850159,0.0,1,0.6996605396270752,0.5901846289634705,-0.7547345161437988,0.8092244863510132
subj08,V3,3,O2,A:P,simple,0.9555068016052246,16.768329368110066,1,0.08700406551361084,0.9593801498413086,0.906623899936676,1.0454868078231812
subj08,V3,3,O2,B:K,naturalistic,0.651229977607727,16.768329368110066,1,0.7342366576194763,0.569966197013855,-0.8039627075195312,0.8130672574043274
subj08,V3,3,O3,A:P,simple,0.823874825218992,24.420530945486497,2,0.40881206788141156,0.8316780202907708,0.5548916379372792,1.1486960011234226
subj08,V3,3,O3,B:K,naturalistic,0.5625562607969573,24.420530945486497,2,1.5841656060820384,0.3659068207434884,-4.520669210155922,1.2132871449623053
subj08,V3,3,O4,A:P,simple,0.9642285318432242,109.85411419875572,1,0.07447391094689897,0.9674356989135489,0.9193081656513727,1.069444217719975
subj08,V3,3,O4,B:K,naturalistic,0.6482629441566695,109.85411419875572,1,0.735930727363859,0.5740435347015153,-0.8861486433294317,0.8298885165741493
subj08,V3,4,O0,A:R,simple,0.9561753869056702,0.0,1,0.09389259666204453,0.9566697478294373,0.8924230933189392,0.8612257838249207
subj08,V3,4,O0,B:T,naturalistic,0.9411992430686951,0.0,1,0.1361609399318695,0.9551934599876404,0.8559139370918274,0.734840452671051
subj08,V3,4,O1,A:R,simple,0.9540389776229858,0.0,1,0.11843080073595047,0.9553021192550659,0.86119145154953,0.7791404724121094
subj08,V3,4,O1,B:T,naturalistic,0.9440187215805054,0.0,1,0.08808790147304535,0.9618161916732788,0.877419114112854,0.8470193147659302
subj08,V3,4,O2,A:R,simple,0.9519319534301758,24.420530945486497,1,0.10604903101921082,0.9531697630882263,0.8769195079803467,0.8324159979820251
subj08,V3,4,O2,B:T,naturalistic,0.9421666264533997,24.420530945486497,1,0.11423591524362564,0.958620548248291,0.8659828305244446,0.7764411568641663
subj08,V3,4,O3,A:R,simple,0.8825470637979473,7.9060432109076855,4,0.24646586655175165,0.8827945533706719,0.7327212167048257,1.0433936724539825
subj08,V3,4,O3,B:T,naturalistic,0.8629760550982093,7.9060432109076855,4,0.22076681315660787,0.8938156427510591,0.7411776090487361,0.7535542471372377
subj08,V3,4,O4,A:R,simple,0.9466701844345868,2.559547922699533,1,0.11581496601212428,0.9419875451734064,0.8958819410842156,0.8858137872204938
subj08,V3,4,O4,B:T,naturalistic,0.932114506204262,2.559547922699533,1,0.13146580254072138,0.9504896996978134,0.8143175285819308,0.7636836052109124
subj08,V3,5,O0,A:V,simple,0.9409369826316833,0.0,1,0.30297529697418213,0.8807580471038818,0.8834911584854126,1.1613109111785889
subj08,V3,5,O0,B:W,naturalistic,0.9193535447120667,0.0,1,0.14631520211696625,0.9437796473503113,0.8331584930419922,0.7513341307640076
subj08,V3,5,O1,A:V,simple,0.9450697898864746,0.0,1,0.2337963879108429,0.8938960433006287,0.8929047584533691,1.075132131576538
subj08,V3,5,O1,B:W,naturalistic,0.9278312921524048,0.0,1,0.14031992852687836,0.9438033699989319,0.8543119430541992,0.767494797706604
subj08,V3,5,O2,A:V,simple,0.9415875673294067,109.85411419875572,1,0.2927713394165039,0.8841161727905273,0.8846094012260437,1.1569401025772095
subj08,V3,5,O2,B:W,naturalistic,0.9222919940948486,109.85411419875572,1,0.14238350093364716,0.9461851716041565,0.8376027345657349,0.7521492838859558
subj08,V3,5,O3,A:V,simple,0.9006346861307859,16.768329368110066,6,0.4029697407850276,0.9002561209221734,0.6415425170119137,1.362241809934354
subj08,V3,5,O3,B:W,naturalistic,0.6507185125273539,16.768329368110066,6,0.34446969461429905,0.8103624642288102,0.4168053646321397,0.8443782144009628
subj08,V3,5,O4,A:V,simple,0.95209648912022,1.7575106248547894,2,0.17783629227537937,0.9529281165349092,0.8315422145040953,1.2460291991490267
subj08,V3,5,O4,B:W,naturalistic,0.7247145807667167,1.7575106248547894,2,0.2894130909443988,0.8456861128275514,0.510235346293391,0.7778764597007575
subj08,hV4,0,O0,A:E,simple,0.9242129921913147,0.0,1,0.4865703284740448,0.7166849374771118,0.664948582649231,0.7310939431190491
subj08,hV4,0,O0,B:B,naturalistic,0.4709332287311554,0.0,1,0.3540957272052765,0.8049454092979431,-1.9374701976776123,0.7598588466644287
subj08,hV4,0,O1,A:E,simple,0.9186499118804932,0.0,1,0.4650159180164337,0.7326453328132629,0.6512531042098999,0.6903944611549377
subj08,hV4,0,O1,B:B,naturalistic,0.456805557012558,0.0,1,0.289706289768219,0.8433508276939392,-1.826655387878418,0.8125784397125244
subj08,hV4,0,O2,A:E,simple,0.9145715832710266,5.428675439323859,1,0.498372882604599,0.7095369100570679,0.6164571046829224,0.666928768157959
subj08,hV4,0,O2,B:B,naturalistic,0.44485896825790405,5.428675439323859,1,0.44620341062545776,0.7540654540061951,-3.7453408241271973,0.8757951855659485
subj08,hV4,0,O3,A:E,simple,0.8874809905431682,1.7575106248547894,3,0.4306697587320296,0.7558371444907438,0.665888500594933,0.7115703350401162
subj08,hV4,0,O3,B:B,naturalistic,0.3556132308650464,1.7575106248547894,3,0.40540679069476737,0.787397523276781,-4.081541202534912,0.9467764960754903
subj08,hV4,0,O4,A:E,simple,0.9290663631141652,232.99518105153672,5,0.45371888907606817,0.7394687757406853,0.6769461408744709,0.7163827977248519
subj08,hV4,0,O4,B:B,naturalistic,0.48957370503587166,232.99518105153672,5,0.3126691197796057,0.8303413466963863,-1.7636134025250159,0.7841258008656687
subj08,hV4,1,O0,A:H,simple,0.9509204030036926,0.0,1,0.25296878814697266,0.8649590015411377,0.7471954822540283,0.8314506411552429
subj08,hV4,1,O0,B:C,naturalistic,0.8965086936950684,0.0,1,0.0827341228723526,0.9619736075401306,0.7806513905525208,0.8718209266662598
subj08,hV4,1,O1,A:H,simple,0.931908369064331,0.0,1,0.29210779070854187,0.8885908722877502,0.6365066766738892,0.6027562618255615
subj08,hV4,1,O1,B:C,naturalistic,0.8726302981376648,0.0,1,0.08896665275096893,0.9632313251495361,0.648330807685852,1.0927741527557373
subj08,hV4,1,O2,A:H,simple,0.9647316932678223,24.420530945486497,1,0.2180580198764801,0.8969643115997314,0.7486224174499512,0.7466216087341309
subj08,hV4,1,O2,B:C,naturalistic,0.8804967403411865,24.420530945486497,1,0.07427230477333069,0.9621512293815613,0.7257436513900757,0.959441065788269
subj08,hV4,1,O3,A:H,simple,0.947769310272366,0.08685113737513521,5,0.27369120806925434,0.8903651122976044,0.8378761996860496,0.63260324274965
subj08,hV4,1,O3,B:C,naturalistic,0.21314762399916085,0.08685113737513521,5,0.967871876704128,0.8644503502483654,-0.45058107963191807,1.7101135923111297
subj08,hV4,1,O4,A:H,simple,0.880538000968554,0.00014563484775012445,2,2.572913543552676,0.1356653382870852,0.7693246551960797,1.3971401501621872
subj08,hV4,1,O4,B:C,naturalistic,0.5544922773549028,0.00014563484775012445,2,0.40379725429155,0.9092391483286781,0.2825235337112253,1.389356974345953
subj08,hV4,2,O0,A:L,simple,0.9669187068939209,0.0,1,0.8395031690597534,0.7228148579597473,0.9095819592475891,1.3244497776031494
subj08,hV4,2,O0,B:D,naturalistic,0.6893049478530884,0.0,1,0.19281376898288727,0.901127815246582,0.29684245586395264,0.831521213054657
subj08,hV4,2,O1,A:L,simple,0.9523305892944336,0.0,1,0.6358560919761658,0.7468812465667725,0.8752716779708862,1.186980962753296
subj08,hV4,2,O1,B:D,naturalistic,0.6799665689468384,0.0,1,0.23388344049453735,0.8764851689338684,0.021836519241333008,0.922417402267456
subj08,hV4,2,O2,A:L,simple,0.967136025428772,159.98587196060572,1,0.819515585899353,0.7256003618240356,0.9092759490013123,1.3138278722763062
subj08,hV4,2,O2,B:D,naturalistic,0.6893517971038818,159.98587196060572,1,0.18446682393550873,0.9060297012329102,0.31699490547180176,0.8328406810760498
subj08,hV4,2,O3,A:L,simple,0.7444808456233198,3.727593720314938,1,1.1318191140365574,0.6972268316348852,0.3477317533154629,1.4833212457188902
subj08,hV4,2,O3,B:D,naturalistic,-0.04354307251484598,3.727593720314938,1,0.30557757669472757,0.853793793207587,-0.47093225689849993,1.03964705543706
subj08,hV4,2,O4,A:L,simple,0.9717594641754843,339.3221771895323,5,0.7136816696968515,0.759558722879797,0.9290100769079324,1.2986424007668735
subj08,hV4,2,O4,B:D,naturalistic,0.6897233680072454,339.3221771895323,5,0.17230757565668428,0.9121818699755422,0.3323085132295619,0.8459748835071483
subj08,hV4,3,O0,A:P,simple,0.8923580050468445,0.0,1,0.754357635974884,0.8355464339256287,0.7746689319610596,1.508224368095398
subj08,hV4,3,O0,B:K,naturalistic,0.9480500221252441,0.0,1,0.12260264903306961,0.9702810645103455,0.898139238357544,0.7172042727470398
subj08,hV4,3,O1,A:P,simple,0.8703697919845581,0.0,1,0.5235651731491089,0.8421955704689026,0.7459547519683838,1.3247495889663696
subj08,hV4,3,O1,B:K,naturalistic,0.9469561576843262,0.0,1,0.13789956271648407,0.9715873003005981,0.8910437822341919,0.6854379773139954
subj08,hV4,3,O2,A:P,simple,0.8710246086120605,11.513953993264458,1,0.591522753238678,0.8311007022857666,0.7498888373374939,1.3623738288879395
subj08,hV4,3,O2,B:K,naturalistic,0.9385848045349121,11.513953993264458,1,0.15069928765296936,0.9518900513648987,0.8777318596839905,0.7135753631591797
subj08,hV4,3,O3,A:P,simple,0.9579889012543547,11.513953993264458,3,0.5182391763931892,0.914411081298697,0.8670028780590728,1.5097150256793714
subj08,hV4,3,O3,B:K,naturalistic,0.8657197774123478,11.513953993264458,3,0.25839446733487337,0.8685752817772184,0.6181852828912053,0.7553612789412918
subj08,hV4,3,O4,A:P,simple,0.8848197694119447,159.98587196060572,1,0.6003265587788436,0.8631462991543191,0.7278802683156724,1.4508095298048684
subj08,hV4,3,O4,B:K,naturalistic,0.943394451712137,159.98587196060572,1,0.1414198047001645,0.9611716626240768,0.8899576297832628,0.7056903730386738
subj08,hV4,4,O0,A:R,simple,0.8777707815170288,0.0,1,0.1730688065290451,0.9165468811988831,0.7696555256843567,1.0311192274093628
subj08,hV4,4,O0,B:T,naturalistic,0.9614405632019043,0.0,1,0.13706065714359283,0.9697138667106628,0.9092722535133362,0.6914951801300049
subj08,hV4,4,O1,A:R,simple,0.895387589931488,0.0,1,0.17088313400745392,0.9167165160179138,0.7447456121444702,0.8106397390365601
subj08,hV4,4,O1,B:T,naturalistic,0.9606236219406128,0.0,1,0.027533715590834618,0.9863970279693604,0.9221950173377991,1.0090408325195312
subj08,hV4,4,O2,A:R,simple,0.8779266476631165,10000.0,1,0.1727854460477829,0.916667103767395,0.7699283361434937,1.0309650897979736
subj08,hV4,4,O2,B:T,naturalistic,0.9615197777748108,10000.0,1,0.13667096197605133,0.9697924852371216,0.9095060229301453,0.6920005083084106
subj08,hV4,4,O3,A:R,simple,0.8596495066575731,5.428675439323859,7,0.4579031421968491,0.8288090482931808,0.41384112878591617,1.2093711704643304
subj08,hV4,4,O3,B:T,naturalistic,0.5491724983874526,5.428675439323859,7,0.27637834097421937,0.8677404712766398,0.2608262524703283,1.039064297744093
subj08,hV4,4,O4,A:R,simple,0.8992575950931163,35.564803062231285,1,0.17267588067392908,0.9129790647551849,0.771419885365189,0.991760921043406
subj08,hV4,4,O4,B:T,naturalistic,0.6081011276334412,35.564803062231285,1,0.2674834599882647,0.8798403722695949,0.36978069223486276,1.083807348702022
subj08,hV4,5,O0,A:V,simple,0.9817251563072205,0.0,1,0.30932655930519104,0.863783061504364,0.9304037094116211,1.099256992340088
subj08,hV4,5,O0,B:W,naturalistic,-0.26471999287605286,0.0,1,0.5922729969024658,0.6385630369186401,-3.3660407066345215,0.6445462703704834
subj08,hV4,5,O1,A:V,simple,0.9630202054977417,0.0,1,0.23077955842018127,0.8785187602043152,0.8675060868263245,0.9292603731155396
subj08,hV4,5,O1,B:W,naturalistic,-0.3198716342449188,0.0,1,0.7418131232261658,0.5527324676513672,-5.673288345336914,0.7702785730361938
subj08,hV4,5,O2,A:V,simple,0.9813970327377319,159.98587196060572,1,0.30120542645454407,0.865180253982544,0.9279526472091675,1.088209867477417
subj08,hV4,5,O2,B:W,naturalistic,-0.26159095764160156,159.98587196060572,1,0.5869207978248596,0.6427441239356995,-3.3673806190490723,0.649133563041687
subj08,hV4,5,O3,A:V,simple,0.9492026043236136,0.5689866029018293,3,0.6166031375453302,0.846337485446962,0.6302278076382649,1.4233039137379677
subj08,hV4,5,O3,B:W,naturalistic,-0.15363655561959866,0.5689866029018293,3,0.9733048790457092,0.29757082402242774,-3.850897905000312,0.5462740837390337
subj08,hV4,5,O4,A:V,simple,0.9613973136094314,0.18420699693267145,1,0.8692598098349775,0.852738067709535,0.4157249880969335,1.6250216959393706
subj08,hV4,5,O4,B:W,naturalistic,-0.3810451956561453,0.18420699693267145,1,1.2562595795562614,0.15391622233103905,-7.235369965572623,0.6830190868761308
subj08,ventral,0,O0,A:E,simple,0.4736771881580353,0.0,1,0.8448675274848938,0.4065565764904022,0.22436964511871338,0.5073322653770447
subj08,ventral,0,O0,B:B,naturalistic,0.3560790419578552,0.0,1,0.7588335275650024,0.49115505814552307,0.06534898281097412,0.49933114647865295
subj08,ventral,0,O1,A:E,simple,0.4356112778186798,0.0,1,0.8441767692565918,0.4021160304546356,0.18874871730804443,0.4787590503692627
subj08,ventral,0,O1,B:B,naturalistic,0.2961058020591736,0.0,1,0.7560786008834839,0.4939562976360321,0.005660414695739746,0.5024044513702393
subj08,ventral,0,O2,A:E,simple,0.48964574933052063,51.79474679231202,1,0.8192318677902222,0.43253353238105774,0.23973506689071655,0.5120140314102173
subj08,ventral,0,O2,B:B,naturalistic,0.3614969551563263,51.79474679231202,1,0.7396247386932373,0.5103485584259033,0.07451796531677246,0.5013814568519592
subj08,ventral,0,O3,A:E,simple,0.5722768839346579,75.43120063354607,4,0.6927143994331929,0.5672970589067787,0.31361366761999365,0.6878805007927141
subj08,ventral,0,O3,B:B,naturalistic,0.447501297008656,75.43120063354607,4,0.8578229462869111,0.4928417878961298,-0.1291612315065087,0.8101995706991385
subj08,ventral,0,O4,A:E,simple,0.6115636806142374,339.3221771895323,1,0.639193789222397,0.6032853453338078,0.3700072780363912,0.5471871235069425
subj08,ventral,0,O4,B:B,naturalistic,0.4364887133393892,339.3221771895323,1,0.6446271818875533,0.6015084569694893,0.1652685296613804,0.5212613813334038
subj08,ventral,1,O0,A:H,simple,0.46916666626930237,0.0,1,0.9627330899238586,0.3282849192619324,0.21512264013290405,0.5938108563423157
subj08,ventral,1,O0,B:C,naturalistic,0.5361081957817078,0.0,1,0.6124884486198425,0.6248123645782471,0.26949119567871094,0.6784670948982239
subj08,ventral,1,O1,A:H,simple,0.5083909034729004,0.0,1,0.8499851226806641,0.4076521396636963,0.25844520330429077,0.5347954630851746
subj08,ventral,1,O1,B:C,naturalistic,0.46664533019065857,0.0,1,0.7419911026954651,0.5920079946517944,0.10549420118331909,0.8960878252983093
subj08,ventral,1,O2,A:H,simple,0.44006380438804626,24.420530945486497,1,0.9662883877754211,0.33350491523742676,0.17437070608139038,0.6119183301925659
subj08,ventral,1,O2,B:C,naturalistic,0.5626765489578247,24.420530945486497,1,0.5786356329917908,0.6561660766601562,0.2945430874824524,0.7520280480384827
subj08,ventral,1,O3,A:H,simple,0.41841943851095437,16.768329368110066,2,1.1725276711909431,0.4244378658283177,-0.20282605352810745,1.018302512729543
subj08,ventral,1,O3,B:C,naturalistic,0.46924938371326563,16.768329368110066,2,1.6072740851688176,0.5738171850493958,-0.8620159110299701,1.5415672492277586
subj08,ventral,1,O4,A:H,simple,0.6576817287196138,339.3221771895323,2,0.5814211439002935,0.6469984411414965,0.43250704987823274,0.6523076139749626
subj08,ventral,1,O4,B:C,naturalistic,0.6853147946512506,339.3221771895323,2,0.6857253887040312,0.7402163697639027,0.3944386694612241,1.2235854350572932
subj08,ventral,2,O0,A:L,simple,0.5378121137619019,0.0,1,0.8432466983795166,0.41475430130958557,0.2874944806098938,0.5383173227310181
subj08,ventral,2,O0,B:D,naturalistic,0.36136138439178467,0.0,1,0.7310566306114197,0.5194308757781982,0.0819624662399292,0.49001675844192505
subj08,ventral,2,O1,A:L,simple,0.5230308175086975,0.0,1,0.8133200407028198,0.4359886050224304,0.27117693424224854,0.49435076117515564
subj08,ventral,2,O1,B:D,naturalistic,0.29981639981269836,0.0,1,0.7677656412124634,0.4827709496021271,-0.0026073455810546875,0.5116408467292786
subj08,ventral,2,O2,A:L,simple,0.5158647298812866,16.768329368110066,1,0.8401786684989929,0.4200062155723572,0.2660894989967346,0.5487848520278931
subj08,ventral,2,O2,B:D,naturalistic,0.31654447317123413,16.768329368110066,1,0.7730121612548828,0.4774969816207886,0.013631582260131836,0.5093657374382019
subj08,ventral,2,O3,A:L,simple,0.4867551702317463,109.85411419875572,7,0.8633405906624049,0.458052592351442,0.1761438779928748,0.7285203290305806
subj08,ventral,2,O3,B:D,naturalistic,0.40049657817963474,109.85411419875572,7,0.7395575059183528,0.5490118477034686,-0.07936826718977574,0.7514262730935461
subj08,ventral,2,O4,A:L,simple,0.556928671790547,339.3221771895323,2,0.7298967260164887,0.5225142321321099,0.30968492739850007,0.5765316071911845
subj08,ventral,2,O4,B:D,naturalistic,0.45133740997177363,339.3221771895323,2,0.6415328311218755,0.6091098516388124,0.18921078321602747,0.4970931884962654
subj08,ventral,3,O0,A:P,simple,0.5887017250061035,0.0,1,0.8190464377403259,0.4433804452419281,0.345245897769928,0.5684107542037964
subj08,ventral,3,O0,B:K,naturalistic,0.3669690191745758,0.0,1,0.7628836035728455,0.4879821240901947,0.03830397129058838,0.5197662711143494
subj08,ventral,3,O1,A:P,simple,0.5784333944320679,0.0,1,0.7985119223594666,0.4597227871417999,0.3340025544166565,0.5590047240257263
subj08,ventral,3,O1,B:K,naturalistic,0.39852964878082275,0.0,1,0.6709538102149963,0.5738860964775085,0.07586115598678589,0.5565913319587708
subj08,ventral,3,O2,A:P,simple,0.5897931456565857,719.6856730011514,1,0.8164659738540649,0.44569405913352966,0.3465114235877991,0.5686136484146118
subj08,ventral,3,O2,B:K,naturalistic,0.3706979751586914,719.6856730011514,1,0.7585952281951904,0.492140531539917,0.04331707954406738,0.5203807353973389
subj08,ventral,3,O3,A:P,simple,0.522991034006841,51.79474679231202,2,0.7815896428676916,0.5185170037722305,0.21327192155648877,0.7431266641908634
subj08,ventral,3,O3,B:K,naturalistic,0.34788674862722374,51.79474679231202,2,0.9176256075842087,0.4824152754847256,-0.48833773377405554,0.8701653607069103
subj08,ventral,3,O4,A:P,simple,0.6129683663262679,339.3221771895323,2,0.6802951452082511,0.5677019065340351,0.37509184651833904,0.6185012029946148
subj08,ventral,3,O4,B:K,naturalistic,0.5672468253243127,339.3221771895323,2,0.4921025535694349,0.7182061349225008,0.2932990687259045,0.629197042689366
subj08,ventral,4,O0,A:R,simple,0.6050955653190613,0.0,1,0.7231155037879944,0.5327516794204712,0.3649543523788452,0.6160576939582825
subj08,ventral,4,O0,B:T,naturalistic,0.5217042565345764,0.0,1,0.6608794927597046,0.5829561948776245,0.2662128210067749,0.6097381114959717
subj08,ventral,4,O1,A:R,simple,0.5877843499183655,0.0,1,0.7239010334014893,0.5300639271736145,0.3450224995613098,0.5998415946960449
subj08,ventral,4,O1,B:T,naturalistic,0.5656055808067322,0.0,1,0.6091474294662476,0.6307507157325745,0.31442171335220337,0.7143803238868713
subj08,ventral,4,O2,A:R,simple,0.6089029908180237,35.564803062231285,1,0.7016575932502747,0.552720844745636,0.3707367777824402,0.6373261213302612
subj08,ventral,4,O2,B:T,naturalistic,0.582631528377533,35.564803062231285,1,0.5864222049713135,0.6431427001953125,0.3392982482910156,0.6357430219650269
subj08,ventral,4,O3,A:R,simple,0.6658394643233656,35.564803062231285,2,0.649974025679954,0.662806954168545,0.36791960548483493,0.9616165482068231
subj08,ventral,4,O3,B:T,naturalistic,0.18359129622626563,35.564803062231285,2,1.9322110732234143,0.3416423032716803,-0.9187237255519294,1.3658153862609397
subj08,ventral,4,O4,A:R,simple,0.7378862394076894,109.85411419875572,2,0.45463709142965447,0.7391071321154755,0.5436557764285486,0.769381522883739
subj08,ventral,4,O4,B:T,naturalistic,0.3156771072194212,109.85411419875572,2,1.5025667762229036,0.4496092319251604,-0.31786187879211636,1.2890824064224289
subj08,ventral,5,O0,A:V,simple,0.541993260383606,0.0,1,0.8746552467346191,0.42745834589004517,0.2894231081008911,0.6669908761978149
subj08,ventral,5,O0,B:W,naturalistic,0.24040691554546356,0.0,1,0.8168878555297852,0.4306875169277191,-0.031916022300720215,0.4794690012931824
subj08,ventral,5,O1,A:V,simple,0.525211751461029,0.0,1,0.8045709729194641,0.4659554064273834,0.27077358961105347,0.6132152080535889
subj08,ventral,5,O1,B:W,naturalistic,0.18514111638069153,0.0,1,0.9376329779624939,0.30813804268836975,-0.12599313259124756,0.488643079996109
subj08,ventral,5,O2,A:V,simple,0.5305832028388977,24.420530945486497,1,0.8546448349952698,0.4459626376628876,0.2694305181503296,0.677322506904602
subj08,ventral,5,O2,B:W,naturalistic,0.2713634967803955,24.420530945486497,1,0.8270773887634277,0.4227365553379059,-0.020424365997314453,0.4987872540950775
subj08,ventral,5,O3,A:V,simple,0.5307138844322761,0.0001,1,0.9614362156798317,0.5310398355763829,0.029491986509134538,1.024435763685133
subj08,ventral,5,O3,B:W,naturalistic,0.20648182343151028,0.0001,1,1.016979259264103,0.35008962833486346,-0.37632198696539354,0.7236429293713087
subj08,ventral,5,O4,A:V,simple,0.6115671856666207,0.013257113655901081,1,0.6806239684394817,0.6196285653458913,0.30693864000452853,0.8737221526479688
subj08,ventral,5,O4,B:W,naturalistic,0.09410355901489584,0.013257113655901081,1,1.156961454473519,0.10823050973640384,-0.29585377285664216,0.5189315679355903
subj08,lateral,0,O0,A:E,simple,0.733561098575592,0.0,1,0.6166710257530212,0.6632958054542542,0.4190124273300171,0.4253200888633728
subj08,lateral,0,O0,B:B,naturalistic,0.26521405577659607,0.0,1,0.7879395484924316,0.4613676071166992,-0.07286727428436279,0.48964568972587585
subj08,lateral,0,O1,A:E,simple,0.7400083541870117,0.0,1,0.6038973331451416,0.689131498336792,0.4204953908920288,0.4084186255931854
subj08,lateral,0,O1,B:B,naturalistic,0.21042001247406006,0.0,1,0.8134658932685852,0.4372231960296631,-0.15673744678497314,0.5052677392959595
subj08,lateral,0,O2,A:E,simple,0.7460342645645142,24.420530945486497,1,0.5806272625923157,0.6938492655754089,0.4483366012573242,0.44474270939826965
subj08,lateral,0,O2,B:B,naturalistic,0.32773178815841675,24.420530945486497,1,0.71317058801651,0.5369386076927185,0.013143181800842285,0.49854958057403564
subj08,lateral,0,O3,A:E,simple,0.6759639771643674,0.040949150623804234,7,0.5479676883170417,0.6742405154230253,0.4548455276162596,0.7249161643418478
subj08,lateral,0,O3,B:B,naturalistic,0.564664114048397,0.040949150623804234,7,0.4016770617899908,0.7826016083851787,0.18489403520430736,0.9015231644594977
subj08,lateral,0,O4,A:E,simple,0.8095321823951523,3.727593720314938,3,0.36440699216978717,0.8088667938695132,0.6361560538914888,0.6722192141177589
subj08,lateral,0,O4,B:B,naturalistic,0.5524738731551412,3.727593720314938,3,0.37531287803180025,0.7912331582128201,0.27475716453479626,0.7543172041029781
subj08,lateral,1,O0,A:H,simple,0.7329111695289612,0.0,1,0.6960384249687195,0.5567076206207275,0.4431925415992737,0.47949525713920593
subj08,lateral,1,O0,B:C,naturalistic,0.35484063625335693,0.0,1,0.9381837844848633,0.4506893754005432,-0.04409515857696533,0.8265944719314575
subj08,lateral,1,O1,A:H,simple,0.7462507486343384,0.0,1,0.6656124591827393,0.5934418439865112,0.4506217837333679,0.4600784480571747
subj08,lateral,1,O1,B:C,naturalistic,0.3489619493484497,0.0,1,0.9565688371658325,0.44931262731552124,-0.058632850646972656,0.8473712205886841
subj08,lateral,1,O2,A:H,simple,0.7200445532798767,11.513953993264458,1,0.6471425294876099,0.6047952771186829,0.45316529273986816,0.4911295771598816
subj08,lateral,1,O2,B:C,naturalistic,0.3985949456691742,11.513953993264458,1,0.8875676393508911,0.49032557010650635,0.019616425037384033,0.8480778932571411
subj08,lateral,1,O3,A:H,simple,0.7407295772989729,0.0062505519252739694,2,0.5563748190325226,0.7276335144362052,0.46260953767459523,1.020593239734467
subj08,lateral,1,O3,B:C,naturalistic,0.5614986188768941,0.0062505519252739694,2,0.7545800145950979,0.6228111023285706,0.20604443390724259,1.000267885431618
subj08,lateral,1,O4,A:H,simple,0.7759710186750445,0.0001,2,0.4252104854040841,0.7732393136111662,0.5764077125527447,0.9252576519065173
subj08,lateral,1,O4,B:C,naturalistic,0.6892527608934209,0.0001,2,0.55141401374024,0.697143731860578,0.4750389913089046,0.8905948732056054
subj08,lateral,2,O0,A:L,simple,0.7651218771934509,0.0,1,0.6605851054191589,0.582746148109436,0.5306470394134521,0.5693965554237366
subj08,lateral,2,O0,B:D,naturalistic,0.21625766158103943,0.0,1,0.8213616013526917,0.4336577355861664,-0.16759169101715088,0.5307179093360901
subj08,lateral,2,O1,A:L,simple,0.72957444190979,0.0,1,0.6870542764663696,0.559433102607727,0.48898738622665405,0.5550066232681274
subj08,lateral,2,O1,B:D,naturalistic,0.14384832978248596,0.0,1,0.938236653804779,0.3062102794647217,-0.2381744384765625,0.485099732875824
subj08,lateral,2,O2,A:L,simple,0.7451355457305908,11.513953993264458,1,0.658103346824646,0.5847685933113098,0.5162652730941772,0.5771794319152832
subj08,lateral,2,O2,B:D,naturalistic,0.16196081042289734,11.513953993264458,1,0.9812965393066406,0.31986185908317566,-0.40520405769348145,0.6090124845504761
subj08,lateral,2,O3,A:L,simple,0.8425619609043177,16.768329368110066,2,0.30968483696580307,0.8319818829075991,0.708741310083788,0.7886383081962339
subj08,lateral,2,O3,B:D,naturalistic,0.44553543357998937,16.768329368110066,2,0.8916271099247114,0.5028405047865226,-0.3598782412967185,0.8829401307895794
subj08,lateral,2,O4,A:L,simple,0.881391281730071,16.768329368110066,2,0.28124573970758143,0.8668236190009552,0.7453408384191247,0.6861889050405676
subj08,lateral,2,O4,B:D,naturalistic,0.32145165386725116,16.768329368110066,2,0.7976373154259097,0.4527888268213073,-0.01717667872207196,0.5043162955872077
subj08,lateral,3,O0,A:P,simple,0.6388093829154968,0.0,1,0.6910028457641602,0.5560824275016785,0.3976038098335266,0.5712652802467346
subj08,lateral,3,O0,B:K,naturalistic,0.18876907229423523,0.0,1,0.9234092831611633,0.3590899109840393,-0.22290802001953125,0.5879018306732178
subj08,lateral,3,O1,A:P,simple,0.6435917019844055,0.0,1,0.6779332160949707,0.5675135850906372,0.40334445238113403,0.5697118639945984
subj08,lateral,3,O1,B:K,naturalistic,0.18818189203739166,0.0,1,0.9047495126724243,0.38066256046295166,-0.23001110553741455,0.6034930944442749
subj08,lateral,3,O2,A:P,simple,0.6260381937026978,16.768329368110066,1,0.680229663848877,0.5657859444618225,0.3878718614578247,0.5843172073364258
subj08,lateral,3,O2,B:K,naturalistic,0.31000763177871704,16.768329368110066,1,0.7913858890533447,0.47485148906707764,-0.056572675704956055,0.604735791683197
subj08,lateral,3,O3,A:P,simple,0.643583752481209,7.9060432109076855,4,0.6298543568359165,0.6484664390701516,0.36385198275131936,0.8728835693680652
subj08,lateral,3,O3,B:K,naturalistic,0.6838483351019331,7.9060432109076855,4,0.3767231649522627,0.7895416870151639,0.44780070919708914,0.7795805711534497
subj08,lateral,3,O4,A:P,simple,0.7310028252557953,0.013257113655901081,2,0.4790276329607765,0.7339348786609671,0.5183532196851262,0.866931108077888
subj08,lateral,3,O4,B:K,naturalistic,0.7170984804449355,0.013257113655901081,2,0.3046947811337384,0.834591421120723,0.5141377886040938,0.7994118612715664
subj08,lateral,4,O0,A:R,simple,0.7198912501335144,0.0,1,0.5826974511146545,0.6469770073890686,0.49976760149002075,0.6112465262413025
subj08,lateral,4,O0,B:T,naturalistic,0.3105514943599701,0.0,1,0.8730663657188416,0.4187926650047302,-0.07951390743255615,0.6389146447181702
subj08,lateral,4,O1,A:R,simple,0.6977019906044006,0.0,1,0.6074652671813965,0.6266602873802185,0.47446346282958984,0.6136844158172607
subj08,lateral,4,O1,B:T,naturalistic,0.3372560143470764,0.0,1,0.7998672127723694,0.4846157133579254,-0.04456639289855957,0.6709476113319397
subj08,lateral,4,O2,A:R,simple,0.7814773321151733,16.768329368110066,1,0.4635591506958008,0.7375310063362122,0.5906793475151062,0.6508644819259644
subj08,lateral,4,O2,B:T,naturalistic,0.41714978218078613,16.768329368110066,1,0.7539219856262207,0.529753565788269,0.02893245220184326,0.7156589031219482
subj08,lateral,4,O3,A:R,simple,0.8060347816438667,0.02811768697974228,3,0.5056066830245988,0.7875402271986026,0.5771744923729458,1.142260191313907
subj08,lateral,4,O3,B:T,naturalistic,0.4710794314599241,0.02811768697974228,3,0.8309447255026953,0.6044481677706266,-0.19483674513926075,1.0475083047807061
subj08,lateral,4,O4,A:R,simple,0.8068623327744106,24.420530945486497,4,0.4440683871630985,0.7889773844803959,0.6185914651682588,1.0469573444396068
subj08,lateral,4,O4,B:T,naturalistic,0.6019046114836605,24.420530945486497,4,0.5688262642507489,0.7429202175989391,0.21718016444423593,1.090420851998873
subj08,lateral,5,O0,A:V,simple,0.6682683229446411,0.0,1,0.802435040473938,0.4704323410987854,0.44250452518463135,0.6245155334472656
subj08,lateral,5,O0,B:W,naturalistic,0.24246422946453094,0.0,1,0.8213152289390564,0.4350810945034027,-0.17675459384918213,0.5380896925926208
subj08,lateral,5,O1,A:V,simple,0.662116527557373,0.0,1,0.78460693359375,0.48107975721359253,0.43396902084350586,0.6077477335929871
subj08,lateral,5,O1,B:W,naturalistic,0.2270229160785675,0.0,1,0.816358208656311,0.440184086561203,-0.1952221393585205,0.540783166885376
subj08,lateral,5,O2,A:V,simple,0.6839969158172607,24.420530945486497,1,0.7632333040237427,0.5018059015274048,0.4627402424812317,0.6244537830352783
subj08,lateral,5,O2,B:W,naturalistic,0.27025550603866577,24.420530945486497,1,0.7861037254333496,0.47082871198654175,-0.1533820629119873,0.5590527057647705
subj08,lateral,5,O3,A:V,simple,0.7077844451205466,0.08685113737513521,5,0.7177371222797148,0.6774619323859985,0.30376484559025396,1.0978092459038036
subj08,lateral,5,O3,B:W,naturalistic,0.5532773530165512,0.08685113737513521,5,0.5248380708354087,0.7484520510723598,-0.11150842926440063,1.0400314033566436
subj08,lateral,5,O4,A:V,simple,0.7455506950159854,11.513953993264458,3,0.5022826792168459,0.7338883664323902,0.501546963123996,0.9360637261105107
subj08,lateral,5,O4,B:W,naturalistic,0.6993609258009774,11.513953993264458,3,0.29413237024366207,0.8489201013943628,0.48332633024791505,0.7272744319642077
subj08,parietal,0,O0,A:E,simple,0.8337477445602417,0.0,1,0.5581010580062866,0.7495421171188354,0.49894750118255615,0.4032556414604187
subj08,parietal,0,O0,B:B,naturalistic,0.20378269255161285,0.0,1,1.0755375623703003,0.3417384624481201,-0.7915135622024536,0.7802848815917969
subj08,parietal,0,O1,A:E,simple,0.8269948959350586,0.0,1,0.530983567237854,0.7764360904693604,0.5080958008766174,0.4105991721153259
subj08,parietal,0,O1,B:B,naturalistic,0.18574000895023346,0.0,1,1.0197077989578247,0.3711230754852295,-0.7592892646789551,0.7679104804992676
subj08,parietal,0,O2,A:E,simple,0.8338294625282288,10000.0,1,0.5580217242240906,0.7496702671051025,0.49899524450302124,0.4032207429409027
subj08,parietal,0,O2,B:B,naturalistic,0.20390349626541138,10000.0,1,1.0754170417785645,0.34184980392456055,-0.7913717031478882,0.7803453207015991
subj08,parietal,0,O3,A:E,simple,0.8494013203548438,11.513953993264458,1,0.43339623699810886,0.8457716876202279,0.5734563500355528,0.4601216342304021
subj08,parietal,0,O3,B:B,naturalistic,0.2763255380921608,11.513953993264458,1,1.4236263434277183,0.3575590346686172,-1.6599896699191983,1.1001725647715386
subj08,parietal,0,O4,A:E,simple,0.9074876608830256,24.420530945486497,1,0.3544515948123473,0.9005114773074853,0.6567327484845191,0.493851308875817
subj08,parietal,0,O4,B:B,naturalistic,0.19850602178358537,24.420530945486497,1,1.0978021584292665,0.32977280348043264,-0.8213918309090378,0.7842530455279111
subj08,parietal,1,O0,A:H,simple,0.8658414483070374,0.0,1,0.6570050716400146,0.586431086063385,0.63032066822052,0.556323230266571
subj08,parietal,1,O0,B:C,naturalistic,0.3387666642665863,0.0,1,0.9729269742965698,0.515706479549408,-0.48380839824676514,1.004460334777832
subj08,parietal,1,O1,A:H,simple,0.8743607997894287,0.0,1,0.5231819152832031,0.7672708034515381,0.5839828252792358,0.43277662992477417
subj08,parietal,1,O1,B:C,naturalistic,0.27332937717437744,0.0,1,1.5192915201187134,0.517589271068573,-1.3033218383789062,1.4048265218734741
subj08,parietal,1,O2,A:H,simple,0.8697278499603271,109.85411419875572,1,0.6378670334815979,0.6059383749961853,0.6246656179428101,0.5350277423858643
subj08,parietal,1,O2,B:C,naturalistic,0.32428374886512756,109.85411419875572,1,1.0105462074279785,0.5173472166061401,-0.5583820343017578,1.0447885990142822
subj08,parietal,1,O3,A:H,simple,0.804083138425477,0.0062505519252739694,2,0.3617062815843384,0.8071048749809855,0.6237420576211041,0.9216674305105632
subj08,parietal,1,O3,B:C,naturalistic,0.39347656110690815,0.0062505519252739694,2,4.677256062993314,0.6750167386318332,-1.5317719250863777,2.707971110982716
subj08,parietal,1,O4,A:H,simple,0.9273211176185127,339.3221771895323,1,0.23591730508281605,0.8992828417543958,0.8181580049231127,0.6880319245282226
subj08,parietal,1,O4,B:C,naturalistic,0.5504031939004943,339.3221771895323,1,1.0053233133776238,0.7371557348779512,0.17635977803303882,1.4779133358921974
subj08,parietal,2,O0,A:L,simple,0.8981651663780212,0.0,1,0.5585538148880005,0.6876038312911987,0.6551965475082397,0.5105366110801697
subj08,parietal,2,O0,B:D,naturalistic,-0.05039465054869652,0.0,1,1.0840463638305664,0.20813056826591492,-0.6562522649765015,0.565012514591217
subj08,parietal,2,O1,A:L,simple,0.8683807253837585,0.0,1,0.5524311065673828,0.7175626754760742,0.5961523652076721,0.4580877721309662
subj08,parietal,2,O1,B:D,naturalistic,-0.08649778366088867,0.0,1,1.1821614503860474,0.17107588052749634,-0.880243182182312,0.6308894157409668
subj08,parietal,2,O2,A:L,simple,0.8981664776802063,10000.0,1,0.5585042834281921,0.6876721978187561,0.6551694869995117,0.5104793906211853
subj08,parietal,2,O2,B:D,naturalistic,-0.05045046657323837,10000.0,1,1.0840171575546265,0.20816200971603394,-0.6563125848770142,0.5650214552879333
subj08,parietal,2,O3,A:L,simple,0.9270096008880181,109.85411419875572,2,0.2615820733432912,0.8678752974584746,0.8405793257297165,0.7462627878464051
subj08,parietal,2,O3,B:D,naturalistic,0.2906061627764008,109.85411419875572,2,0.6418032578920946,0.599929715173005,-0.03102318339167054,0.5584684198601461
subj08,parietal,2,O4,A:L,simple,0.9227458296826783,339.3221771895323,1,0.34103739381560805,0.8500991419707208,0.7667852815479455,0.59769878128002
subj08,parietal,2,O4,B:D,naturalistic,0.06617860048894432,339.3221771895323,1,0.8417163188974485,0.4172122928652239,-0.3478150232377548,0.5428408326545044
subj08,parietal,3,O0,A:P,simple,0.7298451662063599,0.0,1,0.5354816317558289,0.6841104030609131,0.5195040702819824,0.625045120716095
subj08,parietal,3,O0,B:K,naturalistic,0.11249420791864395,0.0,1,1.1095250844955444,0.2379150688648224,-1.3189611434936523,0.6455039381980896
subj08,parietal,3,O1,A:P,simple,0.7328826785087585,0.0,1,0.5280368328094482,0.6917776465415955,0.5202740430831909,0.6105806231498718
subj08,parietal,3,O1,B:K,naturalistic,0.13455548882484436,0.0,1,1.0471104383468628,0.3054477274417877,-1.3669085502624512,0.6801592707633972
subj08,parietal,3,O2,A:P,simple,0.7307288646697998,494.1713361323828,1,0.533508837223053,0.685649037361145,0.5207622647285461,0.6254550218582153
subj08,parietal,3,O2,B:K,naturalistic,0.11362859606742859,494.1713361323828,1,1.1046909093856812,0.24150042235851288,-1.3126294612884521,0.6452494859695435
subj08,parietal,3,O3,A:P,simple,0.73474449271326,1.7575106248547894,5,0.5417248889647218,0.7382461298661276,0.4591036149839185,1.0327494082531177
subj08,parietal,3,O3,B:K,naturalistic,0.08882960037000452,1.7575106248547894,5,0.9581028090290209,0.34999674865728636,-1.202588461646267,0.6338989960572553
subj08,parietal,3,O4,A:P,simple,0.7876114415983145,0.0001,1,0.4316512416474754,0.7879363833848604,0.5767614805452459,1.0170541085786036
subj08,parietal,3,O4,B:K,naturalistic,0.20441984241930367,0.0001,1,0.8269714704242882,0.4427130999712421,-0.7453340261963977,0.5942595220056492
subj08,parietal,4,O0,A:R,simple,0.9502535462379456,0.0,1,0.23138104379177094,0.9367240071296692,0.7853334546089172,0.6068256497383118
subj08,parietal,4,O0,B:T,naturalistic,0.7631730437278748,0.0,1,0.5517504215240479,0.6717277765274048,0.56913161277771,0.7262123823165894
subj08,parietal,4,O1,A:R,simple,0.9359819889068604,0.0,1,0.30283617973327637,0.9196352362632751,0.714279055595398,0.5341934561729431
subj08,parietal,4,O1,B:T,naturalistic,0.774604856967926,0.0,1,0.37213778495788574,0.7955861687660217,0.5975848436355591,0.7242058515548706
subj08,parietal,4,O2,A:R,simple,0.952337384223938,109.85411419875572,1,0.22327977418899536,0.9405584335327148,0.7917776107788086,0.6120314598083496
subj08,parietal,4,O2,B:T,naturalistic,0.7663748860359192,109.85411419875572,1,0.5277288556098938,0.6885618567466736,0.5738188028335571,0.7315294146537781
subj08,parietal,4,O3,A:R,simple,0.9512551160933115,16.768329368110066,1,0.2644471283865952,0.9275830661024698,0.8317792512388078,1.2809349339844613
subj08,parietal,4,O3,B:T,naturalistic,0.5181463976641879,16.768329368110066,1,0.6200752878310924,0.6414333124623272,0.1376605680400056,0.8189495042669561
subj08,parietal,4,O4,A:R,simple,0.9549325458558386,51.79474679231202,1,0.11326940085633068,0.9428987875988122,0.9118260386932397,0.9911439890809791
subj08,parietal,4,O4,B:T,naturalistic,0.49552516901570587,51.79474679231202,1,0.513750350505024,0.6980550601082383,0.24371769191135895,0.7301678689313901
subj08,parietal,5,O0,A:V,simple,0.8223453760147095,0.0,1,0.7186517715454102,0.5341102480888367,0.631229817867279,0.596764326095581
subj08,parietal,5,O0,B:W,naturalistic,0.24433408677577972,0.0,1,0.9246606230735779,0.4368865489959717,-1.026289939880371,0.7767843008041382
subj08,parietal,5,O1,A:V,simple,0.8151131272315979,0.0,1,0.6288759708404541,0.6145203709602356,0.6047466993331909,0.5338283777236938
subj08,parietal,5,O1,B:W,naturalistic,0.24493160843849182,0.0,1,1.066131830215454,0.3732965886592865,-1.3014106750488281,0.8265979886054993
subj08,parietal,5,O2,A:V,simple,0.8257949352264404,339.3221771895323,1,0.7097722291946411,0.5414296984672546,0.6355546116828918,0.5954519510269165
subj08,parietal,5,O2,B:W,naturalistic,0.24042142927646637,339.3221771895323,1,0.9229466319084167,0.4370656907558441,-1.0256881713867188,0.774664580821991
subj08,parietal,5,O3,A:V,simple,0.8444127960428353,75.43120063354607,3,0.4183527684352801,0.7913708884905378,0.6461009974266554,1.0026068581309524
subj08,parietal,5,O3,B:W,naturalistic,0.15884859094908557,75.43120063354607,3,0.7981080732284814,0.5941765232290238,-1.4110724470855125,0.9829615863470316
subj08,parietal,5,O4,A:V,simple,0.8882991815095193,232.99518105153672,3,0.3190536168212336,0.8252673010558376,0.7890040048467443,0.8143258252831697
subj08,parietal,5,O4,B:W,naturalistic,0.23501828367197983,232.99518105153672,3,0.7322797722031781,0.5474474634185991,-0.6988188827247193,0.7262728261919656
