row_index,nsd_id,compact_top1_index,compact_top1_nsd_id,legacy_top1_index,legacy_top1_nsd_id,rerank_top1_index,rerank_top1_nsd_id,fused_top1_index,fused_top1_nsd_id,fused_top5_indices,fused_top5_nsd_ids,compact_gt_rank,legacy_gt_rank,rerank_gt_rank,fused_gt_rank,fused_fixed_case,fused_fixed_to_top1
0,2950,789,56948,325,25371,195,16466,195,16466,"[195, 325, 0, 762, 143]","[16466, 25371, 2950, 55669, 11932]",3,6,2,3,False,False
1,2990,1,2990,789,56948,561,42238,1,2990,"[1, 789, 861, 561, 218]","[2990, 56948, 62479, 42238, 17934]",1,2,4,1,False,False
2,3049,2,3049,2,3049,2,3049,2,3049,"[2, 905, 626, 113, 9]","[3049, 65821, 46036, 9847, 3386]",1,1,1,1,False,False
3,3077,3,3077,496,37927,496,37927,3,3077,"[3, 496, 83, 412, 419]","[3077, 37927, 7948, 30856, 31064]",1,2,3,1,False,False
4,3146,494,37736,620,45843,620,45843,494,37736,"[494, 620, 4, 873, 398]","[37736, 45843, 3146, 63825, 29886]",7,2,5,3,False,False
5,3157,5,3157,5,3157,261,21508,5,3157,"[5, 73, 310, 114, 778]","[3157, 7336, 24649, 9865, 56471]",1,1,4,1,False,False
6,3164,6,3164,6,3164,6,3164,6,3164,"[6, 26, 65, 929, 37]","[3164, 4156, 6558, 67237, 4869]",1,1,1,1,False,False
7,3171,7,3171,884,64687,7,3171,7,3171,"[7, 38, 885, 492, 884]","[3171, 4892, 64771, 37494, 64687]",1,3,1,1,False,False
8,3181,8,3181,8,3181,8,3181,8,3181,"[8, 638, 408, 311, 652]","[3181, 46523, 30632, 24739, 47598]",1,1,1,1,False,False
9,3386,11,3449,9,3386,9,3386,9,3386,"[9, 2, 328, 11, 217]","[3386, 3049, 25578, 3449, 17794]",4,1,1,1,False,False
10,3434,900,65639,10,3434,10,3434,10,3434,"[10, 175, 555, 367, 982]","[3434, 14610, 42007, 28024, 71229]",5,1,1,1,False,False
11,3449,11,3449,11,3449,11,3449,11,3449,"[11, 2, 9, 460, 384]","[3449, 3049, 3386, 34603, 28751]",1,1,1,1,False,False
12,3489,271,22263,12,3489,12,3489,12,3489,"[12, 672, 271, 589, 516]","[3489, 48839, 22263, 43746, 39095]",9,1,1,1,False,False
13,3626,13,3626,416,30954,31,4612,416,30954,"[416, 13, 313, 300, 31]","[30954, 3626, 24787, 24202, 4612]",1,3,2,2,False,False
14,3682,39,4930,14,3682,14,3682,14,3682,"[14, 685, 412, 478, 491]","[3682, 49969, 30856, 36576, 37436]",11,1,1,1,False,False
15,3687,635,46460,15,3687,15,3687,15,3687,"[15, 545, 635, 421, 571]","[3687, 41482, 46460, 31233, 42946]",2,1,1,1,False,False
16,3729,16,3729,16,3729,16,3729,16,3729,"[16, 849, 366, 507, 465]","[3729, 61797, 27972, 38494, 34874]",1,1,1,1,False,False
17,3809,17,3809,17,3809,17,3809,17,3809,"[17, 952, 314, 723, 850]","[3809, 69214, 24846, 52892, 61801]",1,1,1,1,False,False
18,3842,960,69831,877,64004,162,13613,877,64004,"[877, 162, 296, 668, 916]","[64004, 13613, 23871, 48679, 66464]",25,3,10,6,False,False
19,3847,757,55163,970,70360,386,28788,970,70360,"[970, 386, 19, 757, 572]","[70360, 28788, 3847, 55163, 42980]",4,3,2,3,False,False
20,3856,20,3856,20,3856,20,3856,20,3856,"[20, 529, 542, 678, 781]","[3856, 40548, 41116, 49480, 56695]",1,1,1,1,False,False
21,3913,21,3913,21,3913,21,3913,21,3913,"[21, 822, 967, 986, 930]","[3913, 59699, 70193, 71450, 67252]",1,1,1,1,False,False
22,3951,94,8415,283,22809,283,22809,283,22809,"[283, 94, 22, 867, 745]","[22809, 8415, 3951, 63081, 54361]",3,3,3,3,False,False
23,4051,23,4051,23,4051,23,4051,23,4051,"[23, 425, 118, 111, 706]","[4051, 31747, 10046, 9722, 51843]",1,1,1,1,False,False
24,4058,301,24214,147,12075,147,12075,147,12075,"[147, 24, 581, 224, 301]","[12075, 4058, 43428, 18535, 24214]",5,2,2,2,False,False
25,4129,25,4129,25,4129,25,4129,25,4129,"[25, 292, 941, 738, 806]","[4129, 23241, 68418, 53773, 58187]",1,1,1,1,False,False
26,4156,26,4156,6,3164,152,12634,26,4156,"[26, 152, 6, 655, 139]","[4156, 12634, 3164, 47656, 11796]",1,2,3,1,False,False
27,4249,215,17595,215,17595,367,28024,215,17595,"[215, 27, 367, 150, 115]","[17595, 4249, 28024, 12487, 9917]",2,5,12,2,False,False
28,4325,28,4325,28,4325,28,4325,28,4325,"[28, 674, 695, 467, 433]","[4325, 49152, 50882, 35094, 32303]",1,1,1,1,False,False
29,4423,29,4423,29,4423,29,4423,29,4423,"[29, 161, 781, 20, 542]","[4423, 13314, 56695, 3856, 41116]",1,1,1,1,False,False
30,4436,30,4436,30,4436,30,4436,30,4436,"[30, 764, 406, 717, 944]","[4436, 55680, 30563, 52394, 68814]",1,1,1,1,False,False
31,4612,31,4612,31,4612,31,4612,31,4612,"[31, 660, 100, 635, 396]","[4612, 48379, 8807, 46460, 29711]",1,1,1,1,False,False
32,4667,32,4667,32,4667,32,4667,32,4667,"[32, 255, 571, 940, 836]","[4667, 21194, 42946, 68339, 60845]",1,1,1,1,False,False
33,4690,33,4690,696,51051,722,52652,696,51051,"[696, 363, 33, 673, 126]","[51051, 27580, 4690, 49076, 10586]",1,4,10,3,False,False
34,4768,261,21508,273,22495,261,21508,273,22495,"[273, 261, 423, 219, 851]","[22495, 21508, 31446, 17942, 61809]",30,16,40,18,False,False
35,4786,35,4786,35,4786,35,4786,35,4786,"[35, 307, 720, 206, 488]","[4786, 24560, 52596, 17048, 37059]",1,1,1,1,False,False
36,4835,36,4835,36,4835,873,63825,36,4835,"[36, 873, 502, 808, 605]","[4835, 63825, 38297, 58668, 44705]",1,1,2,1,False,False
37,4869,853,61972,37,4869,536,40920,37,4869,"[37, 866, 853, 536, 152]","[4869, 62960, 61972, 40920, 12634]",2,1,3,1,False,False
38,4892,296,23871,38,4892,38,4892,296,23871,"[296, 38, 492, 885, 49]","[23871, 4892, 37494, 64771, 5542]",18,1,1,2,False,False
39,4930,39,4930,39,4930,39,4930,39,4930,"[39, 642, 518, 83, 653]","[4930, 46835, 39298, 7948, 47600]",1,1,1,1,False,False
40,5034,711,51988,583,43445,583,43445,583,43445,"[583, 296, 877, 492, 816]","[43445, 23871, 64004, 37494, 59284]",4,53,6,16,False,False
41,5106,301,24214,444,33171,693,50755,41,5106,"[41, 444, 581, 693, 533]","[5106, 33171, 43428, 50755, 40840]",2,2,12,1,True,True
42,5204,42,5204,42,5204,42,5204,42,5204,"[42, 518, 84, 241, 398]","[5204, 39298, 7954, 20080, 29886]",1,1,1,1,False,False
43,5285,912,66278,43,5285,43,5285,43,5285,"[43, 496, 761, 204, 642]","[5285, 37927, 55649, 16868, 46835]",4,1,1,1,False,False
44,5301,44,5301,44,5301,44,5301,44,5301,"[44, 319, 896, 376, 269]","[5301, 25250, 65267, 28341, 22143]",1,1,1,1,False,False
45,5338,45,5338,45,5338,711,51988,45,5338,"[45, 239, 711, 76, 558]","[5338, 20054, 51988, 7418, 42171]",1,1,2,1,False,False
46,5427,219,17942,536,40920,219,17942,219,17942,"[219, 46, 853, 261, 645]","[17942, 5427, 61972, 21508, 47070]",8,3,11,2,True,False
47,5459,753,54913,47,5459,47,5459,47,5459,"[47, 753, 115, 120, 367]","[5459, 54913, 9917, 10105, 28024]",6,1,1,1,False,False
48,5502,407,30601,407,30601,991,72080,407,30601,"[407, 48, 92, 991, 488]","[30601, 5502, 8387, 72080, 37059]",4,3,4,2,True,False
49,5542,817,59419,49,5542,7,3171,885,64771,"[885, 817, 49, 7, 336]","[64771, 59419, 5542, 3171, 25746]",10,1,2,3,False,False
50,5574,106,9147,50,5574,50,5574,50,5574,"[50, 349, 346, 541, 28]","[5574, 26458, 26351, 41097, 4325]",13,1,1,1,False,False
51,5583,316,25091,51,5583,621,45945,51,5583,"[51, 612, 316, 785, 897]","[5583, 45129, 25091, 56784, 65376]",2,1,3,1,False,False
52,5602,52,5602,52,5602,978,70764,52,5602,"[52, 943, 978, 441, 478]","[5602, 68741, 70764, 32891, 36576]",1,1,2,1,False,False
53,5714,385,28755,53,5714,53,5714,53,5714,"[53, 148, 912, 385, 552]","[5714, 12214, 66278, 28755, 41814]",2,1,1,1,False,False
54,5878,992,72170,137,11689,54,5878,992,72170,"[992, 642, 39, 54, 256]","[72170, 46835, 4930, 5878, 21197]",8,2,1,4,False,False
55,5890,867,63081,55,5890,867,63081,867,63081,"[867, 55, 449, 793, 22]","[63081, 5890, 33543, 57443, 3951]",13,1,2,2,False,False
56,6132,612,45129,56,6132,621,45945,56,6132,"[56, 612, 621, 864, 897]","[6132, 45129, 45945, 62683, 65376]",13,1,2,1,False,False
57,6199,620,45843,57,6199,873,63825,57,6199,"[57, 873, 511, 510, 230]","[6199, 63825, 38829, 38817, 19199]",26,1,3,1,False,False
58,6222,58,6222,58,6222,58,6222,58,6222,"[58, 37, 520, 929, 866]","[6222, 4869, 39402, 67237, 62960]",1,1,1,1,False,False
59,6431,59,6431,59,6431,59,6431,59,6431,"[59, 594, 514, 776, 751]","[6431, 43984, 39047, 56418, 54812]",1,1,1,1,False,False
60,6444,60,6444,60,6444,60,6444,60,6444,"[60, 330, 307, 92, 206]","[6444, 25588, 24560, 8387, 17048]",1,1,1,1,False,False
61,6489,660,48379,421,31233,918,66489,660,48379,"[660, 918, 15, 421, 888]","[48379, 66489, 3687, 31233, 64893]",12,15,16,11,True,False
62,6514,62,6514,62,6514,62,6514,62,6514,"[62, 829, 960, 124, 668]","[6514, 60305, 69831, 10471, 48679]",1,1,1,1,False,False
63,6521,63,6521,310,24649,310,24649,310,24649,"[310, 63, 73, 114, 780]","[24649, 6521, 7336, 9865, 56681]",1,3,8,2,False,False
64,6524,130,11159,191,16063,130,11159,191,16063,"[191, 130, 252, 64, 111]","[16063, 11159, 20820, 6524, 9722]",11,2,3,4,False,False
65,6558,560,42224,866,62960,560,42224,560,42224,"[560, 65, 656, 866, 667]","[42224, 6558, 47687, 62960, 48622]",3,2,6,2,False,False
66,6640,66,6640,818,59420,66,6640,66,6640,"[66, 818, 862, 151, 794]","[6640, 59420, 62544, 12495, 57478]",1,2,1,1,False,False
67,6713,67,6713,67,6713,67,6713,67,6713,"[67, 424, 748, 39, 302]","[6713, 31659, 54683, 4930, 24264]",1,1,1,1,False,False
68,6801,68,6801,68,6801,68,6801,68,6801,"[68, 930, 806, 434, 941]","[6801, 67252, 58187, 32307, 68418]",1,1,1,1,False,False
69,7007,69,7007,69,7007,69,7007,69,7007,"[69, 458, 909, 911, 562]","[7007, 34238, 66004, 66216, 42299]",1,1,1,1,False,False
70,7039,682,49944,70,7039,864,62683,70,7039,"[70, 682, 864, 897, 356]","[7039, 49944, 62683, 65376, 26990]",6,1,4,1,False,False
71,7120,466,34975,466,34975,466,34975,466,34975,"[466, 71, 106, 618, 2]","[34975, 7120, 9147, 45750, 3049]",2,2,13,2,False,False
72,7207,607,44729,358,27275,358,27275,358,27275,"[358, 607, 72, 228, 438]","[27275, 44729, 7207, 19074, 32771]",3,2,3,3,False,False
73,7336,73,7336,73,7336,73,7336,73,7336,"[73, 310, 715, 114, 5]","[7336, 24649, 52328, 9865, 3157]",1,1,1,1,False,False
74,7366,978,70764,74,7366,74,7366,74,7366,"[74, 978, 943, 685, 496]","[7366, 70764, 68741, 49969, 37927]",2,1,1,1,False,False
75,7409,199,16702,36,4835,592,43852,75,7409,"[75, 36, 234, 330, 592]","[7409, 4835, 19573, 25588, 43852]",2,2,10,1,True,True
76,7418,76,7418,76,7418,711,51988,76,7418,"[76, 711, 45, 239, 558]","[7418, 51988, 5338, 20054, 42171]",1,1,2,1,False,False
77,7480,77,7480,77,7480,77,7480,77,7480,"[77, 292, 223, 570, 561]","[7480, 23241, 18505, 42912, 42238]",1,1,1,1,False,False
78,7654,160,13312,827,60186,421,31233,827,60186,"[827, 160, 569, 928, 846]","[60186, 13312, 42851, 67204, 61738]",14,95,106,37,False,False
79,7659,79,7659,965,70075,79,7659,79,7659,"[79, 965, 223, 461, 548]","[7659, 70075, 18505, 34751, 41623]",1,2,1,1,False,False
80,7840,80,7840,80,7840,80,7840,80,7840,"[80, 184, 765, 44, 744]","[7840, 15128, 55857, 5301, 54257]",1,1,1,1,False,False
81,7859,57,6199,81,7859,81,7859,81,7859,"[81, 447, 57, 564, 511]","[7859, 33289, 6199, 42563, 38829]",4,1,1,1,False,False
82,7944,573,43107,82,7944,82,7944,82,7944,"[82, 573, 444, 24, 504]","[7944, 43107, 33171, 4058, 38358]",5,1,1,1,False,False
83,7948,478,36576,83,7948,83,7948,83,7948,"[83, 137, 856, 814, 206]","[7948, 11689, 62209, 59091, 17048]",2,1,1,1,False,False
84,7954,84,7954,84,7954,978,70764,84,7954,"[84, 241, 544, 75, 282]","[7954, 20080, 41162, 7409, 22794]",1,1,3,1,False,False
85,8006,217,17794,85,8006,85,8006,85,8006,"[85, 905, 217, 509, 787]","[8006, 65821, 17794, 38794, 56867]",2,1,1,1,False,False
86,8109,664,48530,86,8109,86,8109,86,8109,"[86, 916, 248, 771, 734]","[8109, 66464, 20650, 56126, 53511]",12,1,1,1,False,False
87,8204,87,8204,87,8204,87,8204,87,8204,"[87, 839, 652, 898, 461]","[8204, 61122, 47598, 65414, 34751]",1,1,1,1,False,False
88,8225,88,8225,86,8109,88,8225,88,8225,"[88, 86, 133, 574, 734]","[8225, 8109, 11521, 43156, 53511]",1,3,1,1,False,False
89,8262,253,21108,264,21601,264,21601,89,8262,"[89, 104, 264, 462, 253]","[8262, 9027, 21601, 34829, 21108]",6,2,3,1,True,True
90,8274,90,8274,90,8274,90,8274,90,8274,"[90, 532, 680, 566, 497]","[8274, 40770, 49731, 42648, 38022]",1,1,1,1,False,False
91,8318,91,8318,303,24317,977,70758,91,8318,"[91, 571, 372, 977, 648]","[8318, 42946, 28286, 70758, 47290]",1,4,14,1,False,False
92,8387,92,8387,92,8387,92,8387,92,8387,"[92, 856, 621, 67, 60]","[8387, 62209, 45945, 6713, 6444]",1,1,1,1,False,False
93,8394,93,8394,93,8394,93,8394,93,8394,"[93, 506, 146, 750, 338]","[8394, 38486, 12065, 54743, 25906]",1,1,1,1,False,False
94,8415,94,8415,94,8415,94,8415,94,8415,"[94, 867, 22, 283, 540]","[8415, 63081, 3951, 22809, 41056]",1,1,1,1,False,False
95,8435,95,8435,95,8435,536,40920,95,8435,"[95, 37, 536, 6, 866]","[8435, 4869, 40920, 3164, 62960]",1,1,2,1,False,False
96,8465,2,3049,96,8465,96,8465,217,17794,"[217, 96, 2, 787, 85]","[17794, 8465, 3049, 56867, 8006]",8,1,1,2,False,False
97,8509,335,25741,598,44138,335,25741,335,25741,"[335, 598, 515, 703, 97]","[25741, 44138, 39058, 51521, 8509]",6,3,5,5,False,False
98,8631,98,8631,98,8631,98,8631,98,8631,"[98, 744, 652, 408, 898]","[8631, 54257, 47598, 30632, 65414]",1,1,1,1,False,False
99,8646,99,8646,99,8646,435,32625,99,8646,"[99, 435, 888, 984, 779]","[8646, 32625, 64893, 71241, 56670]",1,1,2,1,False,False
100,8807,100,8807,100,8807,100,8807,100,8807,"[100, 416, 434, 220, 340]","[8807, 30954, 32307, 18268, 26119]",1,1,1,1,False,False
101,8843,622,45981,101,8843,101,8843,101,8843,"[101, 727, 167, 382, 35]","[8843, 53070, 14110, 28689, 4786]",8,1,1,1,False,False
102,8925,56,6132,102,8925,102,8925,102,8925,"[102, 612, 56, 621, 60]","[8925, 45129, 6132, 45945, 6444]",8,1,1,1,False,False
103,8933,103,8933,103,8933,103,8933,103,8933,"[103, 118, 524, 785, 583]","[8933, 10046, 39841, 56784, 43445]",1,1,1,1,False,False
104,9027,104,9027,104,9027,264,21601,104,9027,"[104, 264, 54, 404, 145]","[9027, 21601, 5878, 30407, 11952]",1,1,2,1,False,False
105,9048,446,33245,298,23883,105,9048,213,17485,"[213, 752, 798, 33, 446]","[17485, 54824, 57650, 4690, 33245]",25,2,1,7,False,False
106,9147,106,9147,106,9147,106,9147,106,9147,"[106, 740, 541, 992, 467]","[9147, 53881, 41097, 72170, 35094]",1,1,1,1,False,False
107,9230,107,9230,215,17595,175,14610,215,17595,"[215, 107, 901, 755, 27]","[17595, 9230, 65654, 55005, 4249]",1,10,5,2,False,False
108,9434,108,9434,618,45750,108,9434,108,9434,"[108, 618, 471, 11, 636]","[9434, 45750, 35790, 3449, 46462]",1,2,1,1,False,False
109,9462,109,9462,109,9462,109,9462,109,9462,"[109, 231, 57, 987, 812]","[9462, 19200, 6199, 71753, 59046]",1,1,1,1,False,False
110,9680,622,45981,110,9680,110,9680,110,9680,"[110, 622, 101, 382, 185]","[9680, 45981, 8843, 28689, 15364]",2,1,1,1,False,False
111,9722,111,9722,252,20820,252,20820,252,20820,"[252, 111, 130, 731, 64]","[20820, 9722, 11159, 53270, 6524]",1,2,4,2,False,False
112,9804,112,9804,129,10907,112,9804,112,9804,"[112, 123, 752, 129, 164]","[9804, 10393, 54824, 10907, 13662]",1,10,1,1,False,False
113,9847,113,9847,113,9847,113,9847,113,9847,"[113, 647, 626, 318, 905]","[9847, 47200, 46036, 25205, 65821]",1,1,1,1,False,False
114,9865,114,9865,114,9865,114,9865,114,9865,"[114, 73, 310, 780, 261]","[9865, 7336, 24649, 56681, 21508]",1,1,1,1,False,False
115,9917,901,65654,115,9917,367,28024,115,9917,"[115, 367, 120, 47, 549]","[9917, 28024, 10105, 5459, 41653]",3,1,3,1,False,False
116,9978,492,37494,838,60978,931,67295,687,50026,"[687, 331, 156, 124, 529]","[50026, 25602, 12922, 10471, 40548]",5,18,4,6,False,False
117,10006,387,28898,117,10006,683,49955,117,10006,"[117, 683, 326, 387, 884]","[10006, 49955, 25454, 28898, 64687]",7,1,3,1,False,False
118,10046,584,43465,118,10046,118,10046,118,10046,"[118, 584, 577, 524, 136]","[10046, 43465, 43164, 39841, 11635]",3,1,1,1,False,False
119,10064,717,52394,119,10064,778,56471,119,10064,"[119, 778, 579, 247, 140]","[10064, 56471, 43250, 20633, 11827]",3,1,2,1,False,False
120,10105,120,10105,120,10105,120,10105,120,10105,"[120, 367, 175, 10, 47]","[10105, 28024, 14610, 3434, 5459]",1,1,1,1,False,False
121,10107,121,10107,121,10107,121,10107,121,10107,"[121, 730, 741, 653, 256]","[10107, 53157, 53891, 47600, 21197]",1,1,1,1,False,False
122,10244,790,57046,122,10244,722,52652,122,10244,"[122, 970, 742, 123, 883]","[10244, 70360, 54078, 10393, 64621]",10,1,20,1,False,False
123,10393,728,53152,457,34186,386,28788,457,34186,"[457, 386, 657, 363, 123]","[34186, 28788, 48157, 27580, 10393]",10,6,2,5,True,False
124,10471,931,67295,124,10471,124,10471,124,10471,"[124, 931, 829, 290, 62]","[10471, 67295, 60305, 22993, 6514]",18,1,1,1,False,False
125,10507,125,10507,73,7336,73,7336,125,10507,"[125, 73, 310, 114, 327]","[10507, 7336, 24649, 9865, 25570]",1,2,6,1,False,False
126,10586,123,10393,673,49076,129,10907,673,49076,"[673, 129, 446, 123, 768]","[49076, 10907, 33245, 10393, 55969]",20,18,25,17,True,False
127,10600,888,64893,127,10600,393,29660,127,10600,"[127, 888, 902, 393, 489]","[10600, 64893, 65686, 29660, 37221]",9,1,3,1,False,False
128,10610,634,46380,708,51928,88,8225,708,51928,"[708, 128, 785, 417, 845]","[51928, 10610, 56784, 31028, 61677]",4,3,4,2,True,False
129,10907,129,10907,129,10907,129,10907,129,10907,"[129, 127, 902, 728, 112]","[10907, 10600, 65686, 53152, 9804]",1,1,1,1,False,False
130,11159,347,26372,347,26372,455,34089,347,26372,"[347, 130, 455, 121, 921]","[26372, 11159, 34089, 10107, 66773]",3,2,3,2,False,False
131,11333,108,9434,131,11333,131,11333,131,11333,"[131, 907, 318, 108, 649]","[11333, 65920, 25205, 9434, 47293]",2,1,1,1,False,False
132,11487,132,11487,132,11487,132,11487,132,11487,"[132, 121, 730, 143, 160]","[11487, 10107, 53157, 11932, 13312]",1,1,1,1,False,False
133,11521,774,56290,86,8109,355,26971,355,26971,"[355, 264, 86, 734, 89]","[26971, 21601, 8109, 53511, 8262]",132,2,19,7,False,False
134,11566,521,39509,69,7007,134,11566,521,39509,"[521, 134, 69, 746, 458]","[39509, 11566, 7007, 54389, 34238]",3,3,1,2,True,False
135,11617,135,11617,135,11617,847,61748,135,11617,"[135, 415, 254, 847, 177]","[11617, 30935, 21192, 61748, 14793]",1,1,5,1,False,False
136,11635,136,11635,136,11635,136,11635,136,11635,"[136, 103, 166, 23, 634]","[11635, 8933, 13846, 4051, 46380]",1,1,1,1,False,False
137,11689,83,7948,137,11689,137,11689,137,11689,"[137, 83, 282, 854, 662]","[11689, 7948, 22794, 62006, 48422]",2,1,1,1,False,False
138,11725,138,11725,138,11725,138,11725,138,11725,"[138, 444, 320, 969, 769]","[11725, 33171, 25268, 70335, 56042]",1,1,1,1,False,False
139,11796,139,11796,139,11796,139,11796,139,11796,"[139, 322, 44, 319, 788]","[11796, 25287, 5301, 25250, 56911]",1,1,1,1,False,False
140,11827,517,39289,140,11827,229,19181,140,11827,"[140, 439, 114, 5, 536]","[11827, 32772, 9865, 3157, 40920]",2,1,8,1,False,False
141,11837,141,11837,141,11837,141,11837,141,11837,"[141, 670, 985, 227, 485]","[11837, 48802, 71410, 18796, 36945]",1,1,1,1,False,False
142,11844,142,11844,142,11844,142,11844,142,11844,"[142, 702, 255, 643, 825]","[11844, 51185, 21194, 46861, 60094]",1,1,1,1,False,False
143,11932,143,11932,143,11932,143,11932,143,11932,"[143, 325, 293, 434, 443]","[11932, 25371, 23492, 32307, 33131]",1,1,1,1,False,False
144,11942,728,53152,752,54824,386,28788,970,70360,"[970, 309, 568, 752, 728]","[70360, 24640, 42781, 54824, 53152]",9,13,49,11,False,False
145,11952,145,11952,145,11952,881,64498,145,11952,"[145, 881, 153, 612, 159]","[11952, 64498, 12685, 45129, 13230]",1,1,3,1,False,False
146,12065,788,56911,146,12065,139,11796,146,12065,"[146, 418, 667, 788, 6]","[12065, 31049, 48622, 56911, 3164]",30,1,4,1,False,False
147,12075,301,24214,147,12075,147,12075,147,12075,"[147, 69, 521, 301, 975]","[12075, 7007, 39509, 24214, 70589]",2,1,1,1,False,False
148,12214,912,66278,148,12214,148,12214,148,12214,"[148, 912, 106, 53, 215]","[12214, 66278, 9147, 5714, 17595]",2,1,1,1,False,False
149,12308,587,43675,149,12308,149,12308,149,12308,"[149, 607, 358, 587, 82]","[12308, 44729, 27275, 43675, 7944]",2,1,1,1,False,False
150,12487,900,65639,150,12487,982,71229,150,12487,"[150, 900, 982, 175, 10]","[12487, 65639, 71229, 14610, 3434]",6,1,2,1,False,False
151,12495,862,62544,151,12495,151,12495,151,12495,"[151, 862, 787, 818, 217]","[12495, 62544, 56867, 59420, 17794]",3,1,1,1,False,False
152,12634,152,12634,152,12634,152,12634,152,12634,"[152, 866, 536, 799, 418]","[12634, 62960, 40920, 57681, 31049]",1,1,1,1,False,False
153,12685,153,12685,153,12685,881,64498,153,12685,"[153, 881, 897, 225, 145]","[12685, 64498, 65376, 18543, 11952]",1,1,2,1,False,False
154,12796,154,12796,154,12796,154,12796,154,12796,"[154, 870, 243, 749, 390]","[12796, 63449, 20223, 54698, 29021]",1,1,1,1,False,False
155,12798,898,65414,155,12798,155,12798,155,12798,"[155, 898, 24, 909, 320]","[12798, 65414, 4058, 66004, 25268]",6,1,1,1,False,False
156,12922,156,12922,156,12922,156,12922,156,12922,"[156, 885, 179, 7, 619]","[12922, 64771, 14820, 3171, 45837]",1,1,1,1,False,False
157,12937,783,56751,783,56751,676,49234,783,56751,"[783, 157, 782, 868, 819]","[56751, 12937, 56723, 63182, 59585]",2,2,4,2,False,False
158,13138,973,70505,158,13138,973,70505,973,70505,"[973, 158, 254, 287, 415]","[70505, 13138, 21192, 22886, 30935]",11,1,2,2,False,False
159,13230,159,13230,159,13230,516,39095,159,13230,"[159, 516, 271, 777, 589]","[13230, 39095, 22263, 56454, 43746]",1,1,2,1,False,False
160,13312,160,13312,160,13312,842,61216,160,13312,"[160, 842, 15, 954, 545]","[13312, 61216, 3687, 69442, 41482]",1,1,4,1,False,False
161,13314,161,13314,161,13314,161,13314,161,13314,"[161, 13, 300, 29, 461]","[13314, 3626, 24202, 4423, 34751]",1,1,1,1,False,False
162,13613,498,38025,162,13613,162,13613,162,13613,"[162, 492, 877, 797, 296]","[13613, 37494, 64004, 57648, 23871]",6,1,1,1,False,False
163,13653,524,39841,588,43689,588,43689,588,43689,"[588, 163, 103, 118, 524]","[43689, 13653, 8933, 10046, 39841]",2,2,2,2,False,False
164,13662,470,35752,164,13662,470,35752,164,13662,"[164, 470, 696, 422, 402]","[13662, 35752, 51051, 31349, 30373]",6,1,24,1,False,False
165,13720,165,13720,165,13720,987,71753,165,13720,"[165, 987, 512, 502, 808]","[13720, 71753, 38853, 38297, 58668]",1,1,3,1,False,False
166,13846,166,13846,166,13846,945,68842,166,13846,"[166, 945, 512, 234, 315]","[13846, 68842, 38853, 19573, 25059]",1,1,4,1,False,False
167,14110,727,53070,450,33752,720,52596,918,66489,"[918, 613, 122, 660, 635]","[66489, 45213, 10244, 48379, 46460]",4,44,37,14,False,False
168,14121,200,16723,168,14121,168,14121,168,14121,"[168, 45, 200, 239, 496]","[14121, 5338, 16723, 20054, 37927]",4,1,1,1,False,False
169,14165,169,14165,719,52554,852,61873,169,14165,"[169, 719, 464, 543, 208]","[14165, 52554, 34850, 41137, 17238]",1,2,3,1,False,False
170,14179,170,14179,170,14179,619,45837,170,14179,"[170, 59, 619, 829, 492]","[14179, 6431, 45837, 60305, 37494]",1,1,3,1,False,False
171,14443,171,14443,171,14443,578,43224,171,14443,"[171, 463, 347, 307, 578]","[14443, 34845, 26372, 24560, 43224]",1,1,3,1,False,False
172,14528,172,14528,172,14528,172,14528,172,14528,"[172, 93, 569, 918, 614]","[14528, 8394, 42851, 66489, 45356]",1,1,1,1,False,False
173,14567,9,3386,173,14567,173,14567,173,14567,"[173, 647, 843, 9, 11]","[14567, 47200, 61510, 3386, 3449]",4,1,1,1,False,False
174,14594,433,32303,28,4325,28,4325,28,4325,"[28, 433, 392, 174, 590]","[4325, 32303, 29568, 14594, 43818]",5,4,20,4,False,False
175,14610,367,28024,175,14610,120,10105,175,14610,"[175, 10, 120, 367, 901]","[14610, 3434, 10105, 28024, 65654]",2,1,2,1,False,False
176,14644,418,31049,176,14644,778,56471,369,28096,"[369, 176, 853, 778, 63]","[28096, 14644, 61972, 56471, 6521]",5,1,2,2,False,False
177,14793,415,30935,177,14793,415,30935,415,30935,"[415, 177, 254, 606, 158]","[30935, 14793, 21192, 44720, 13138]",5,1,3,2,False,False
178,14808,178,14808,178,14808,178,14808,178,14808,"[178, 362, 490, 388, 699]","[14808, 27568, 37224, 28963, 51077]",1,1,1,1,False,False
179,14820,170,14179,179,14820,179,14820,179,14820,"[179, 170, 88, 956, 7]","[14820, 14179, 8225, 69614, 3171]",2,1,1,1,False,False
180,14898,180,14898,180,14898,180,14898,180,14898,"[180, 106, 632, 674, 308]","[14898, 9147, 46321, 49152, 24638]",1,1,1,1,False,False
181,14931,211,17450,181,14931,211,17450,181,14931,"[181, 812, 211, 230, 511]","[14931, 59046, 17450, 19199, 38829]",3,1,2,1,False,False
182,15003,182,15003,182,15003,182,15003,182,15003,"[182, 699, 19, 696, 429]","[15003, 51077, 3847, 51051, 31936]",1,1,1,1,False,False
183,15025,183,15025,183,15025,183,15025,183,15025,"[183, 526, 869, 934, 710]","[15025, 40153, 63345, 67802, 51983]",1,1,1,1,False,False
184,15128,184,15128,184,15128,357,27242,184,15128,"[184, 357, 240, 80, 306]","[15128, 27242, 20064, 7840, 24530]",1,1,4,1,False,False
185,15364,315,25059,185,15364,185,15364,185,15364,"[185, 315, 644, 169, 622]","[15364, 25059, 47033, 14165, 45981]",15,1,1,1,False,False
186,15492,856,62209,186,15492,186,15492,186,15492,"[186, 952, 212, 856, 374]","[15492, 69214, 17463, 62209, 28319]",13,1,1,1,False,False
187,15506,187,15506,821,59631,821,59631,187,15506,"[187, 958, 821, 469, 672]","[15506, 69785, 59631, 35743, 48839]",1,6,2,1,False,False
188,15793,188,15793,188,15793,188,15793,188,15793,"[188, 765, 597, 917, 408]","[15793, 55857, 44107, 66479, 30632]",1,1,1,1,False,False
189,15819,535,40909,942,68471,368,28068,368,28068,"[368, 535, 189, 500, 237]","[28068, 40909, 15819, 38246, 19690]",4,7,7,3,True,False
190,15939,190,15939,190,15939,190,15939,190,15939,"[190, 827, 410, 864, 399]","[15939, 60186, 30674, 62683, 29919]",1,1,1,1,False,False
191,16063,486,36974,191,16063,455,34089,191,16063,"[191, 893, 486, 347, 84]","[16063, 65187, 36974, 26372, 7954]",19,1,11,1,False,False
192,16252,192,16252,192,16252,192,16252,192,16252,"[192, 354, 195, 299, 0]","[16252, 26909, 16466, 23993, 2950]",1,1,1,1,False,False
193,16344,193,16344,193,16344,193,16344,193,16344,"[193, 168, 611, 441, 84]","[16344, 14121, 44980, 32891, 7954]",1,1,1,1,False,False
194,16421,311,24739,839,61122,311,24739,311,24739,"[311, 839, 312, 250, 652]","[24739, 61122, 24740, 20738, 47598]",45,3,8,10,False,False
195,16466,915,66421,195,16466,340,26119,195,16466,"[195, 340, 762, 915, 443]","[16466, 26119, 55669, 66421, 33131]",9,1,2,1,False,False
196,16616,196,16616,196,16616,196,16616,196,16616,"[196, 303, 635, 442, 836]","[16616, 24317, 46460, 32910, 60845]",1,1,1,1,False,False
197,16635,808,58668,60,6444,60,6444,720,52596,"[720, 60, 197, 488, 808]","[52596, 6444, 16635, 37059, 58668]",4,4,8,3,True,False
198,16655,198,16655,198,16655,910,66214,198,16655,"[198, 472, 222, 911, 663]","[16655, 35798, 18483, 66216, 48508]",1,1,2,1,False,False
199,16702,14,3682,828,60251,828,60251,199,16702,"[199, 828, 510, 14, 692]","[16702, 60251, 38817, 3682, 50734]",2,4,3,1,True,True
200,16723,74,7366,200,16723,315,25059,200,16723,"[200, 74, 315, 168, 166]","[16723, 7366, 25059, 14121, 13846]",3,1,4,1,False,False
201,16823,168,14121,201,16823,236,19672,201,16823,"[201, 236, 528, 646, 242]","[16823, 19672, 40423, 47099, 20206]",9,1,2,1,False,False
202,16841,168,14121,202,16841,873,63825,202,16841,"[202, 860, 692, 873, 936]","[16841, 62365, 50734, 63825, 68023]",7,1,9,1,False,False
203,16865,501,38278,203,16865,964,70038,203,16865,"[203, 501, 964, 452, 731]","[16865, 38278, 70038, 33906, 53270]",5,1,2,1,False,False
204,16868,204,16868,761,55649,204,16868,204,16868,"[204, 761, 43, 642, 632]","[16868, 55649, 5285, 46835, 46321]",1,2,1,1,False,False
205,16917,205,16917,152,12634,152,12634,152,12634,"[152, 205, 247, 536, 418]","[12634, 16917, 20633, 40920, 31049]",1,2,2,2,False,False
206,17048,315,25059,945,68842,315,25059,315,25059,"[315, 398, 620, 395, 873]","[25059, 29886, 45843, 29680, 63825]",36,5,8,11,False,False
207,17230,207,17230,793,57443,791,57060,207,17230,"[207, 791, 793, 283, 4]","[17230, 57060, 57443, 22809, 3146]",1,4,5,1,False,False
208,17238,208,17238,208,17238,94,8415,208,17238,"[208, 772, 871, 852, 540]","[17238, 56154, 63746, 61873, 41056]",1,1,4,1,False,False
209,17369,325,25371,656,47687,340,26119,340,26119,"[340, 656, 354, 325, 762]","[26119, 47687, 26909, 25371, 55669]",34,4,6,10,False,False
210,17374,210,17374,210,17374,210,17374,210,17374,"[210, 405, 833, 226, 272]","[17374, 30430, 60553, 18690, 22387]",1,1,1,1,False,False
211,17450,753,54913,211,17450,753,54913,211,17450,"[211, 753, 367, 900, 666]","[17450, 54913, 28024, 65639, 48618]",5,1,4,1,False,False
212,17463,212,17463,692,50734,692,50734,212,17463,"[212, 692, 230, 996, 211]","[17463, 50734, 19199, 72510, 17450]",1,2,2,1,False,False
213,17485,386,28788,728,53152,386,28788,213,17485,"[213, 386, 739, 728, 742]","[17485, 28788, 53858, 53152, 54078]",3,2,9,1,True,True
214,17549,568,42781,214,17549,855,62015,214,17549,"[214, 953, 904, 129, 289]","[17549, 69240, 65799, 10907, 22967]",2,1,4,1,False,False
215,17595,215,17595,175,14610,175,14610,215,17595,"[215, 175, 10, 982, 150]","[17595, 14610, 3434, 71229, 12487]",1,3,3,1,False,False
216,17776,216,17776,216,17776,216,17776,216,17776,"[216, 48, 347, 199, 121]","[17776, 5502, 26372, 16702, 10107]",1,1,1,1,False,False
217,17794,217,17794,151,12495,96,8465,217,17794,"[217, 151, 85, 509, 787]","[17794, 12495, 8006, 38794, 56867]",1,2,2,1,False,False
218,17934,762,55669,218,17934,762,55669,218,17934,"[218, 762, 561, 340, 325]","[17934, 55669, 42238, 26119, 25371]",4,1,3,1,False,False
219,17942,780,56681,830,60456,229,19181,830,60456,"[830, 310, 73, 261, 219]","[60456, 24649, 7336, 21508, 17942]",19,2,13,5,False,False
220,18268,220,18268,220,18268,220,18268,220,18268,"[220, 820, 218, 816, 416]","[18268, 59595, 17934, 59284, 30954]",1,1,1,1,False,False
221,18434,221,18434,221,18434,791,57060,221,18434,"[221, 791, 852, 207, 110]","[18434, 57060, 61873, 17230, 9680]",1,1,2,1,False,False
222,18483,222,18483,222,18483,222,18483,222,18483,"[222, 663, 565, 910, 505]","[18483, 48508, 42642, 66214, 38483]",1,1,1,1,False,False
223,18505,223,18505,223,18505,223,18505,223,18505,"[223, 993, 973, 756, 287]","[18505, 72209, 70505, 55107, 22886]",1,1,1,1,False,False
224,18535,516,39095,224,18535,589,43746,224,18535,"[224, 589, 893, 625, 988]","[18535, 43746, 65187, 46002, 71894]",2,1,2,1,False,False
225,18543,225,18543,225,18543,627,46101,225,18543,"[225, 627, 743, 54, 827]","[18543, 46101, 54147, 5878, 60186]",1,1,2,1,False,False
226,18690,226,18690,912,66278,226,18690,226,18690,"[226, 912, 809, 611, 628]","[18690, 66278, 58681, 44980, 46136]",1,2,1,1,False,False
227,18796,227,18796,227,18796,227,18796,227,18796,"[227, 670, 141, 712, 971]","[18796, 48802, 11837, 52070, 70368]",1,1,1,1,False,False
228,19074,228,19074,228,19074,228,19074,228,19074,"[228, 358, 533, 149, 291]","[19074, 27275, 40840, 12308, 23036]",1,1,1,1,False,False
229,19181,780,56681,73,7336,229,19181,73,7336,"[73, 229, 63, 114, 780]","[7336, 19181, 6521, 9865, 56681]",9,3,1,2,True,False
230,19199,447,33289,510,38817,510,38817,510,38817,"[510, 230, 447, 400, 304]","[38817, 19199, 33289, 29980, 24480]",9,2,4,2,False,False
231,19200,231,19200,231,19200,892,65148,231,19200,"[231, 692, 892, 828, 109]","[19200, 50734, 65148, 60251, 9462]",1,1,2,1,False,False
232,19292,232,19292,232,19292,232,19292,232,19292,"[232, 429, 446, 428, 752]","[19292, 31936, 33245, 31837, 54824]",1,1,1,1,False,False
233,19436,613,45213,233,19436,621,45945,233,19436,"[233, 621, 613, 474, 92]","[19436, 45945, 45213, 36067, 8387]",6,1,5,1,False,False
234,19573,234,19573,234,19573,234,19573,234,19573,"[234, 512, 604, 767, 812]","[19573, 38853, 44412, 55968, 59046]",1,1,1,1,False,False
235,19642,20,3856,781,56695,781,56695,781,56695,"[781, 529, 20, 820, 678]","[56695, 40548, 3856, 59595, 49480]",3,7,12,6,False,False
236,19672,995,72312,236,19672,236,19672,236,19672,"[236, 201, 528, 168, 193]","[19672, 16823, 40423, 14121, 16344]",9,1,1,1,False,False
237,19690,237,19690,237,19690,237,19690,237,19690,"[237, 835, 475, 535, 559]","[19690, 60834, 36258, 40909, 42214]",1,1,1,1,False,False
238,19933,238,19933,238,19933,707,51907,238,19933,"[238, 3, 707, 347, 621]","[19933, 3077, 51907, 26372, 45945]",1,1,3,1,False,False
239,20054,40,5034,239,20054,711,51988,45,5338,"[45, 711, 239, 76, 40]","[5338, 51988, 20054, 7418, 5034]",12,1,3,3,False,False
240,20064,311,24739,898,65414,240,20064,240,20064,"[240, 898, 8, 556, 306]","[20064, 65414, 3181, 42126, 24530]",3,2,1,1,True,True
241,20080,241,20080,241,20080,978,70764,241,20080,"[241, 544, 978, 943, 84]","[20080, 41162, 70764, 68741, 7954]",1,1,3,1,False,False
242,20206,107,9230,412,30856,412,30856,242,20206,"[242, 107, 412, 642, 685]","[20206, 9230, 30856, 46835, 49969]",2,2,2,1,True,True
243,20223,243,20223,243,20223,243,20223,243,20223,"[243, 870, 154, 329, 456]","[20223, 63449, 12796, 25581, 34126]",1,1,1,1,False,False
244,20265,634,46380,244,20265,244,20265,244,20265,"[244, 634, 483, 653, 296]","[20265, 46380, 36759, 47600, 23871]",8,1,1,1,False,False
245,20307,385,28755,245,20307,45,5338,245,20307,"[245, 385, 277, 45, 978]","[20307, 28755, 22530, 5338, 70764]",26,1,2,1,False,False
246,20442,512,38853,246,20442,246,20442,246,20442,"[246, 512, 987, 502, 234]","[20442, 38853, 71753, 38297, 19573]",4,1,1,1,False,False
247,20633,205,16917,247,20633,247,20633,247,20633,"[247, 804, 205, 229, 140]","[20633, 58144, 16917, 19181, 11827]",4,1,1,1,False,False
248,20650,248,20650,792,57435,162,13613,792,57435,"[792, 248, 162, 49, 668]","[57435, 20650, 13613, 5542, 48679]",1,3,3,2,False,False
249,20702,249,20702,249,20702,249,20702,249,20702,"[249, 302, 290, 67, 92]","[20702, 24264, 22993, 6713, 8387]",1,1,1,1,False,False
250,20738,801,57838,680,49731,90,8274,90,8274,"[90, 680, 250, 591, 409]","[8274, 49731, 20738, 43820, 30672]",8,2,3,3,False,False
251,20777,182,15003,251,20777,711,51988,251,20777,"[251, 833, 938, 139, 226]","[20777, 60553, 68278, 11796, 18690]",3,1,2,1,False,False
252,20820,252,20820,252,20820,731,53270,252,20820,"[252, 731, 64, 681, 191]","[20820, 53270, 6524, 49923, 16063]",1,1,2,1,False,False
253,21108,279,22587,279,22587,279,22587,279,22587,"[279, 253, 689, 629, 989]","[22587, 21108, 50170, 46150, 71928]",4,2,2,2,False,False
254,21192,254,21192,254,21192,254,21192,254,21192,"[254, 973, 408, 287, 158]","[21192, 70505, 30632, 22886, 13138]",1,1,1,1,False,False
255,21194,142,11844,255,21194,255,21194,255,21194,"[255, 142, 275, 32, 940]","[21194, 11844, 22515, 4667, 68339]",2,1,1,1,False,False
256,21197,256,21197,256,21197,256,21197,256,21197,"[256, 54, 831, 486, 334]","[21197, 5878, 60505, 36974, 25711]",1,1,1,1,False,False
257,21218,721,52598,257,21218,434,32307,257,21218,"[257, 100, 806, 968, 941]","[21218, 8807, 58187, 70232, 68418]",2,1,5,1,False,False
258,21253,168,14121,258,21253,258,21253,258,21253,"[258, 602, 482, 315, 491]","[21253, 44339, 36731, 25059, 37436]",5,1,1,1,False,False
259,21279,771,56126,829,60305,259,21279,259,21279,"[259, 339, 829, 296, 664]","[21279, 25959, 60305, 23871, 48530]",5,3,1,1,True,True
260,21318,260,21318,260,21318,8,3181,260,21318,"[260, 8, 274, 321, 898]","[21318, 3181, 22505, 25284, 65414]",1,1,6,1,False,False
261,21508,261,21508,219,17942,858,62275,261,21508,"[261, 219, 858, 273, 830]","[21508, 17942, 62275, 22495, 60456]",1,3,3,1,False,False
262,21526,262,21526,262,21526,262,21526,262,21526,"[262, 539, 671, 243, 329]","[21526, 40979, 48832, 20223, 25581]",1,1,1,1,False,False
263,21553,211,17450,996,72510,892,65148,996,72510,"[996, 263, 211, 605, 398]","[72510, 21553, 17450, 44705, 29886]",6,2,10,2,False,False
264,21601,264,21601,264,21601,264,21601,264,21601,"[264, 104, 89, 54, 404]","[21601, 9027, 8262, 5878, 30407]",1,1,1,1,False,False
265,21703,265,21703,265,21703,265,21703,265,21703,"[265, 626, 905, 113, 651]","[21703, 46036, 65821, 9847, 47408]",1,1,1,1,False,False
266,21950,266,21950,266,21950,266,21950,266,21950,"[266, 136, 612, 477, 377]","[21950, 11635, 45129, 36569, 28349]",1,1,1,1,False,False
267,21989,267,21989,267,21989,267,21989,267,21989,"[267, 989, 786, 844, 259]","[21989, 71928, 56850, 61513, 21279]",1,1,1,1,False,False
268,22138,268,22138,997,72605,769,56042,997,72605,"[997, 268, 769, 444, 411]","[72605, 22138, 56042, 33171, 30847]",1,3,3,2,False,False
269,22143,269,22143,269,22143,269,22143,269,22143,"[269, 319, 44, 896, 376]","[22143, 25250, 5301, 65267, 28341]",1,1,1,1,False,False
270,22155,252,20820,964,70038,964,70038,964,70038,"[964, 270, 483, 731, 203]","[70038, 22155, 36759, 53270, 16865]",4,2,3,2,False,False
271,22263,271,22263,271,22263,271,22263,271,22263,"[271, 616, 12, 777, 323]","[22263, 45632, 3489, 56454, 25318]",1,1,1,1,False,False
272,22387,272,22387,272,22387,185,15364,272,22387,"[272, 185, 697, 210, 719]","[22387, 15364, 51052, 17374, 52554]",1,1,2,1,False,False
273,22495,219,17942,219,17942,219,17942,219,17942,"[219, 273, 261, 858, 830]","[17942, 22495, 21508, 62275, 60456]",4,2,4,2,False,False
274,22505,278,22585,98,8631,240,20064,278,22585,"[278, 357, 98, 274, 240]","[22585, 27242, 8631, 22505, 20064]",13,3,4,4,False,False
275,22515,643,46861,643,46861,275,22515,643,46861,"[643, 974, 275, 341, 344]","[46861, 70585, 22515, 26127, 26292]",3,5,1,3,False,False
276,22523,276,22523,276,22523,143,11932,276,22523,"[276, 143, 220, 287, 223]","[22523, 11932, 18268, 22886, 18505]",1,1,2,1,False,False
277,22530,267,21989,277,22530,136,11635,136,11635,"[136, 277, 445, 527, 166]","[11635, 22530, 33189, 40235, 13846]",7,1,29,2,False,False
278,22585,306,24530,278,22585,278,22585,278,22585,"[278, 240, 306, 985, 712]","[22585, 20064, 24530, 71410, 52070]",2,1,1,1,False,False
279,22587,844,61513,279,22587,279,22587,279,22587,"[279, 329, 253, 456, 390]","[22587, 25581, 21108, 34126, 29021]",5,1,1,1,False,False
280,22772,714,52302,23,4051,589,43746,280,22772,"[280, 23, 578, 893, 118]","[22772, 4051, 43224, 65187, 10046]",5,3,16,1,True,True
281,22782,449,33543,281,22782,441,32891,281,22782,"[281, 478, 441, 793, 206]","[22782, 36576, 32891, 57443, 17048]",8,1,3,1,False,False
282,22794,518,39298,282,22794,282,22794,282,22794,"[282, 518, 137, 828, 39]","[22794, 39298, 11689, 60251, 4930]",4,1,1,1,False,False
283,22809,22,3951,283,22809,283,22809,283,22809,"[283, 22, 94, 540, 867]","[22809, 3951, 8415, 41056, 63081]",2,1,1,1,False,False
284,22845,533,40840,533,40840,533,40840,533,40840,"[533, 284, 693, 82, 320]","[40840, 22845, 50755, 7944, 25268]",3,4,12,2,True,False
285,22873,285,22873,373,28303,88,8225,285,22873,"[285, 23, 921, 121, 145]","[22873, 4051, 66773, 10107, 11952]",1,2,2,1,False,False
286,22879,286,22879,425,31747,60,6444,286,22879,"[286, 60, 48, 991, 968]","[22879, 6444, 5502, 72080, 70232]",1,4,6,1,False,False
287,22886,287,22886,254,21192,254,21192,254,21192,"[254, 287, 756, 973, 849]","[21192, 22886, 55107, 70505, 61797]",1,3,2,2,False,False
288,22957,288,22957,288,22957,725,52990,288,22957,"[288, 725, 564, 510, 996]","[22957, 52990, 42563, 38817, 72510]",1,1,2,1,False,False
289,22967,836,60845,545,41482,648,47290,545,41482,"[545, 648, 91, 303, 442]","[41482, 47290, 8318, 24317, 32910]",9,13,13,8,True,False
290,22993,290,22993,290,22993,326,25454,290,22993,"[290, 326, 776, 117, 931]","[22993, 25454, 56418, 10006, 67295]",1,1,3,1,False,False
291,23036,291,23036,291,23036,291,23036,291,23036,"[291, 581, 228, 910, 411]","[23036, 43428, 19074, 66214, 30847]",1,1,1,1,False,False
292,23241,220,18268,292,23241,561,42238,292,23241,"[292, 220, 561, 218, 340]","[23241, 18268, 42238, 17934, 26119]",2,1,2,1,False,False
293,23492,293,23492,293,23492,340,26119,293,23492,"[293, 218, 340, 416, 220]","[23492, 17934, 26119, 30954, 18268]",1,1,2,1,False,False
294,23715,721,52598,294,23715,294,23715,294,23715,"[294, 721, 481, 51, 366]","[23715, 52598, 36682, 5583, 27972]",2,1,1,1,False,False
295,23729,18,3842,295,23729,355,26971,295,23729,"[295, 355, 734, 133, 574]","[23729, 26971, 53511, 11521, 43156]",4,1,2,1,False,False
296,23871,296,23871,296,23871,296,23871,296,23871,"[296, 877, 829, 668, 498]","[23871, 64004, 60305, 48679, 38025]",1,1,1,1,False,False
297,23876,297,23876,297,23876,94,8415,297,23876,"[297, 44, 269, 938, 487]","[23876, 5301, 22143, 68278, 36978]",1,1,18,1,False,False
298,23883,338,25906,127,10600,298,23883,127,10600,"[127, 338, 112, 902, 129]","[10600, 25906, 9804, 65686, 10907]",2,13,1,9,False,False
299,23993,299,23993,299,23993,299,23993,299,23993,"[299, 930, 968, 195, 0]","[23993, 67252, 70232, 16466, 2950]",1,1,1,1,False,False
300,24202,300,24202,300,24202,300,24202,300,24202,"[300, 194, 630, 161, 311]","[24202, 16421, 46160, 13314, 24739]",1,1,1,1,False,False
301,24214,301,24214,301,24214,589,43746,301,24214,"[301, 589, 224, 24, 899]","[24214, 43746, 18535, 4058, 65445]",1,1,2,1,False,False
302,24264,501,38278,302,24264,302,24264,302,24264,"[302, 249, 290, 501, 983]","[24264, 20702, 22993, 38278, 71232]",3,1,1,1,False,False
303,24317,303,24317,303,24317,275,22515,303,24317,"[303, 275, 127, 999, 91]","[24317, 22515, 10600, 72948, 8318]",1,1,6,1,False,False
304,24480,805,58164,864,62683,197,16635,447,33289,"[447, 36, 908, 92, 864]","[33289, 4835, 65943, 8387, 62683]",46,6,7,7,False,False
305,24517,305,24517,968,70232,305,24517,305,24517,"[305, 968, 233, 399, 813]","[24517, 70232, 19436, 29919, 59079]",1,2,1,1,False,False
306,24530,306,24530,652,47598,652,47598,652,47598,"[652, 306, 357, 553, 399]","[47598, 24530, 27242, 41927, 29919]",1,2,2,2,False,False
307,24560,307,24560,307,24560,491,37436,307,24560,"[307, 491, 620, 398, 895]","[24560, 37436, 45843, 29886, 65253]",1,1,2,1,False,False
308,24638,308,24638,308,24638,308,24638,308,24638,"[308, 641, 553, 744, 616]","[24638, 46806, 41927, 54257, 45632]",1,1,1,1,False,False
309,24640,363,27580,457,34186,309,24640,298,23883,"[298, 309, 798, 446, 457]","[23883, 24640, 57650, 33245, 34186]",11,3,1,2,True,False
310,24649,114,9865,310,24649,73,7336,310,24649,"[310, 73, 114, 125, 780]","[24649, 7336, 9865, 10507, 56681]",2,1,2,1,False,False
311,24739,311,24739,311,24739,311,24739,311,24739,"[311, 556, 8, 898, 859]","[24739, 42126, 3181, 65414, 62302]",1,1,1,1,False,False
312,24740,312,24740,312,24740,312,24740,312,24740,"[312, 835, 980, 815, 383]","[24740, 60834, 71025, 59194, 28745]",1,1,1,1,False,False
313,24787,313,24787,313,24787,313,24787,313,24787,"[313, 220, 820, 100, 941]","[24787, 18268, 59595, 8807, 68418]",1,1,1,1,False,False
314,24846,314,24846,314,24846,314,24846,314,24846,"[314, 17, 241, 952, 850]","[24846, 3809, 20080, 69214, 61801]",1,1,1,1,False,False
315,25059,315,25059,315,25059,315,25059,315,25059,"[315, 398, 401, 491, 206]","[25059, 29886, 30081, 37436, 17048]",1,1,1,1,False,False
316,25091,417,31028,316,25091,396,29711,13,3626,"[13, 364, 316, 477, 29]","[3626, 27830, 25091, 36569, 4423]",13,1,10,3,False,False
317,25111,801,57838,994,72257,994,72257,994,72257,"[994, 927, 637, 375, 317]","[72257, 67168, 46480, 28325, 25111]",3,15,10,5,False,False
318,25205,865,62748,318,25205,905,65821,318,25205,"[318, 905, 2, 903, 865]","[25205, 65821, 3049, 65769, 62748]",3,1,2,1,False,False
319,25250,319,25250,319,25250,319,25250,319,25250,"[319, 376, 44, 559, 896]","[25250, 28341, 5301, 42214, 65267]",1,1,1,1,False,False
320,25268,815,59194,320,25268,969,70335,320,25268,"[320, 301, 82, 623, 504]","[25268, 24214, 7944, 45982, 38358]",8,1,2,1,False,False
321,25284,321,25284,321,25284,8,3181,321,25284,"[321, 8, 744, 898, 408]","[25284, 3181, 54257, 65414, 30632]",1,1,2,1,False,False
322,25287,322,25287,322,25287,757,55163,322,25287,"[322, 757, 742, 617, 19]","[25287, 55163, 54078, 45746, 3847]",1,1,2,1,False,False
323,25318,323,25318,323,25318,323,25318,323,25318,"[323, 616, 271, 823, 12]","[25318, 45632, 22263, 59817, 3489]",1,1,1,1,False,False
324,25319,324,25319,324,25319,8,3181,324,25319,"[324, 194, 556, 8, 240]","[25319, 16421, 42126, 3181, 20064]",1,1,4,1,False,False
325,25371,325,25371,325,25371,325,25371,325,25371,"[325, 434, 443, 340, 762]","[25371, 32307, 33131, 26119, 55669]",1,1,1,1,False,False
326,25454,326,25454,326,25454,326,25454,326,25454,"[326, 117, 776, 683, 387]","[25454, 10006, 56418, 49955, 28898]",1,1,1,1,False,False
327,25570,125,10507,327,25570,125,10507,327,25570,"[327, 125, 737, 490, 703]","[25570, 10507, 53728, 37224, 51521]",2,1,3,1,False,False
328,25578,787,56867,318,25205,2,3049,328,25578,"[328, 318, 2, 905, 378]","[25578, 25205, 3049, 65821, 28418]",2,2,2,1,True,True
329,25581,870,63449,329,25581,329,25581,329,25581,"[329, 243, 390, 870, 771]","[25581, 20223, 29021, 63449, 56126]",3,1,1,1,False,False
330,25588,491,37436,212,17463,330,25588,330,25588,"[330, 212, 491, 282, 186]","[25588, 17463, 37436, 22794, 15492]",3,2,1,1,True,True
331,25602,331,25602,331,25602,331,25602,331,25602,"[331, 771, 163, 375, 588]","[25602, 56126, 13653, 28325, 43689]",1,1,1,1,False,False
332,25693,332,25693,332,25693,801,57838,332,25693,"[332, 445, 524, 588, 801]","[25693, 33189, 39841, 43689, 57838]",1,1,2,1,False,False
333,25702,575,43157,333,25702,711,51988,333,25702,"[333, 76, 239, 193, 168]","[25702, 7418, 20054, 16344, 14121]",3,1,5,1,False,False
334,25711,640,46661,39,4930,256,21197,39,4930,"[39, 256, 334, 831, 54]","[4930, 21197, 25711, 60505, 5878]",4,3,4,3,False,False
335,25741,335,25741,335,25741,335,25741,335,25741,"[335, 598, 515, 703, 724]","[25741, 44138, 39058, 51521, 52931]",1,1,1,1,False,False
336,25746,916,66464,336,25746,336,25746,336,25746,"[336, 249, 296, 302, 629]","[25746, 20702, 23871, 24264, 46150]",6,1,1,1,False,False
337,25881,677,49466,222,18483,222,18483,337,25881,"[337, 222, 910, 663, 942]","[25881, 18483, 66214, 48508, 68471]",6,2,3,1,True,True
338,25906,338,25906,123,10393,902,65686,123,10393,"[123, 338, 112, 739, 446]","[10393, 25906, 9804, 53858, 33245]",1,7,4,2,False,False
339,25959,339,25959,339,25959,339,25959,339,25959,"[339, 244, 524, 713, 786]","[25959, 20265, 39841, 52216, 56850]",1,1,1,1,False,False
340,26119,325,25371,340,26119,340,26119,325,25371,"[325, 340, 443, 218, 434]","[25371, 26119, 33131, 17934, 32307]",2,1,1,2,False,False
341,26127,341,26127,341,26127,341,26127,341,26127,"[341, 676, 974, 448, 863]","[26127, 49234, 70585, 33521, 62561]",1,1,1,1,False,False
342,26163,979,70947,342,26163,979,70947,342,26163,"[342, 979, 983, 501, 995]","[26163, 70947, 71232, 38278, 72312]",8,1,3,1,False,False
343,26243,829,60305,829,60305,960,69831,829,60305,"[829, 343, 38, 514, 557]","[60305, 26243, 4892, 39047, 42166]",5,2,2,2,False,False
344,26292,836,60845,742,54078,344,26292,344,26292,"[344, 742, 617, 883, 739]","[26292, 54078, 45746, 64621, 53858]",9,2,1,1,True,True
345,26307,345,26307,509,38794,85,8006,345,26307,"[345, 865, 903, 509, 217]","[26307, 62748, 65769, 38794, 17794]",1,5,8,1,False,False
346,26351,349,26458,346,26351,346,26351,346,26351,"[346, 50, 674, 349, 541]","[26351, 5574, 49152, 26458, 41097]",3,1,1,1,False,False
347,26372,347,26372,578,43224,578,43224,347,26372,"[347, 578, 486, 216, 895]","[26372, 43224, 36974, 17776, 65253]",1,2,2,1,False,False
348,26435,40,5034,348,26435,711,51988,348,26435,"[348, 45, 76, 40, 558]","[26435, 5338, 7418, 5034, 42171]",8,1,5,1,False,False
349,26458,349,26458,349,26458,349,26458,349,26458,"[349, 50, 346, 704, 541]","[26458, 5574, 26351, 51745, 41097]",1,1,1,1,False,False
350,26598,314,24846,350,26598,314,24846,350,26598,"[350, 314, 705, 224, 482]","[26598, 24846, 51788, 18535, 36731]",3,1,2,1,False,False
351,26720,129,10907,127,10600,129,10907,129,10907,"[129, 836, 127, 275, 902]","[10907, 60845, 10600, 22515, 65686]",22,68,56,57,False,False
352,26780,727,53070,908,65943,720,52596,908,65943,"[908, 382, 727, 101, 402]","[65943, 28689, 53070, 8843, 30373]",11,8,6,7,True,False
353,26895,834,60725,353,26895,901,65654,353,26895,"[353, 537, 834, 760, 774]","[26895, 40924, 60725, 55526, 56290]",4,1,2,1,False,False
354,26909,354,26909,354,26909,192,16252,354,26909,"[354, 192, 195, 299, 0]","[26909, 16252, 16466, 23993, 2950]",1,1,2,1,False,False
355,26971,355,26971,355,26971,355,26971,355,26971,"[355, 583, 295, 734, 574]","[26971, 43445, 23729, 53511, 43156]",1,1,1,1,False,False
356,26990,347,26372,578,43224,578,43224,347,26372,"[347, 881, 578, 531, 468]","[26372, 64498, 43224, 40721, 35129]",108,3,41,15,False,False
357,27242,542,41116,357,27242,357,27242,357,27242,"[357, 542, 397, 698, 306]","[27242, 41116, 29837, 51062, 24530]",2,1,1,1,False,False
358,27275,587,43675,358,27275,587,43675,587,43675,"[587, 358, 607, 72, 559]","[43675, 27275, 44729, 7207, 42214]",4,1,2,2,False,False
359,27287,359,27287,359,27287,720,52596,359,27287,"[359, 720, 352, 35, 167]","[27287, 52596, 26780, 4786, 14110]",1,1,4,1,False,False
360,27326,360,27326,360,27326,360,27326,360,27326,"[360, 136, 266, 293, 373]","[27326, 11635, 21950, 23492, 28303]",1,1,1,1,False,False
361,27435,642,46835,361,27435,175,14610,361,27435,"[361, 642, 107, 685, 943]","[27435, 46835, 9230, 49969, 68741]",2,1,16,1,False,False
362,27568,362,27568,717,52394,362,27568,362,27568,"[362, 598, 764, 944, 717]","[27568, 44138, 55680, 68814, 52394]",1,2,1,1,False,False
363,27580,742,54078,446,33245,798,57650,446,33245,"[446, 363, 123, 883, 798]","[33245, 27580, 10393, 64621, 57650]",19,2,20,2,False,False
364,27830,364,27830,364,27830,364,27830,364,27830,"[364, 847, 366, 570, 477]","[27830, 61748, 27972, 42912, 36569]",1,1,1,1,False,False
365,27878,365,27878,586,43619,500,38246,365,27878,"[365, 586, 500, 317, 535]","[27878, 43619, 38246, 25111, 40909]",1,4,4,1,False,False
366,27972,366,27972,366,27972,366,27972,366,27972,"[366, 16, 507, 756, 135]","[27972, 3729, 38494, 55107, 11617]",1,1,1,1,False,False
367,28024,120,10105,120,10105,120,10105,120,10105,"[120, 367, 10, 47, 175]","[10105, 28024, 3434, 5459, 14610]",3,3,2,2,True,False
368,28068,535,40909,368,28068,368,28068,368,28068,"[368, 337, 535, 371, 280]","[28068, 25881, 40909, 28189, 22772]",2,1,1,1,False,False
369,28096,63,6521,176,14644,778,56471,140,11827,"[140, 778, 176, 73, 715]","[11827, 56471, 14644, 7336, 52328]",6,9,5,9,False,False
370,28159,370,28159,370,28159,370,28159,370,28159,"[370, 715, 205, 229, 140]","[28159, 52328, 16917, 19181, 11827]",1,1,1,1,False,False
371,28189,308,24638,371,28189,371,28189,371,28189,"[371, 308, 641, 280, 237]","[28189, 24638, 46806, 22772, 19690]",2,1,1,1,False,False
372,28286,372,28286,846,61738,372,28286,372,28286,"[372, 172, 691, 643, 729]","[28286, 14528, 50653, 46861, 53155]",1,2,1,1,False,False
373,28303,921,66773,404,30407,88,8225,921,66773,"[921, 404, 121, 968, 360]","[66773, 30407, 10107, 70232, 27326]",100,4,7,10,False,False
374,28319,374,28319,374,28319,374,28319,374,28319,"[374, 483, 735, 671, 539]","[28319, 36759, 53570, 48832, 40979]",1,1,1,1,False,False
375,28325,375,28325,375,28325,375,28325,375,28325,"[375, 588, 331, 163, 882]","[28325, 43689, 25602, 13653, 64615]",1,1,1,1,False,False
376,28341,376,28341,376,28341,376,28341,376,28341,"[376, 319, 44, 269, 896]","[28341, 25250, 5301, 22143, 65267]",1,1,1,1,False,False
377,28349,634,46380,377,28349,377,28349,377,28349,"[377, 527, 168, 524, 743]","[28349, 40235, 14121, 39841, 54147]",33,1,1,1,False,False
378,28418,378,28418,378,28418,378,28418,378,28418,"[378, 452, 843, 905, 526]","[28418, 33906, 61510, 65821, 40153]",1,1,1,1,False,False
379,28487,379,28487,908,65943,908,65943,908,65943,"[908, 379, 605, 812, 212]","[65943, 28487, 44705, 59046, 17463]",1,3,3,2,False,False
380,28524,518,39298,186,15492,186,15492,186,15492,"[186, 952, 137, 856, 380]","[15492, 69214, 11689, 62209, 28524]",36,5,48,5,False,False
381,28595,40,5034,381,28595,381,28595,381,28595,"[381, 989, 749, 659, 664]","[28595, 71928, 54698, 48374, 48530]",4,1,1,1,False,False
382,28689,382,28689,382,28689,720,52596,382,28689,"[382, 622, 720, 35, 398]","[28689, 45981, 52596, 4786, 29886]",1,1,2,1,False,False
383,28745,835,60834,535,40909,535,40909,535,40909,"[535, 383, 695, 500, 365]","[40909, 28745, 50882, 38246, 27878]",4,2,3,2,False,False
384,28751,66,6640,460,34603,384,28751,66,6640,"[66, 460, 384, 862, 636]","[6640, 34603, 28751, 62544, 46462]",2,3,1,3,False,False
385,28755,385,28755,385,28755,385,28755,385,28755,"[385, 53, 912, 552, 148]","[28755, 5714, 66278, 41814, 12214]",1,1,1,1,False,False
386,28788,970,70360,386,28788,386,28788,386,28788,"[386, 970, 742, 428, 33]","[28788, 70360, 54078, 31837, 4690]",2,1,1,1,False,False
387,28898,884,64687,387,28898,387,28898,387,28898,"[387, 884, 754, 683, 619]","[28898, 64687, 54959, 49955, 45837]",2,1,1,1,False,False
388,28963,388,28963,388,28963,388,28963,388,28963,"[388, 79, 361, 357, 691]","[28963, 7659, 27435, 27242, 50653]",1,1,1,1,False,False
389,29010,129,10907,389,29010,129,10907,389,29010,"[389, 112, 888, 127, 123]","[29010, 9804, 64893, 10600, 10393]",3,1,3,1,False,False
390,29021,390,29021,390,29021,390,29021,390,29021,"[390, 646, 456, 243, 154]","[29021, 47099, 34126, 20223, 12796]",1,1,1,1,False,False
391,29381,391,29381,391,29381,850,61801,391,29381,"[391, 994, 69, 637, 521]","[29381, 72257, 7007, 46480, 39509]",1,1,2,1,False,False
392,29568,392,29568,392,29568,770,56066,392,29568,"[392, 770, 180, 43, 810]","[29568, 56066, 14898, 5285, 59023]",1,1,2,1,False,False
393,29660,888,64893,389,29010,393,29660,389,29010,"[389, 888, 393, 999, 545]","[29010, 64893, 29660, 72948, 41482]",2,4,1,3,False,False
394,29663,394,29663,394,29663,394,29663,394,29663,"[394, 241, 957, 913, 551]","[29663, 20080, 69616, 66330, 41778]",1,1,1,1,False,False
395,29680,226,18690,395,29680,395,29680,395,29680,"[395, 315, 401, 185, 622]","[29680, 25059, 30081, 15364, 45981]",2,1,1,1,False,False
396,29711,300,24202,396,29711,300,24202,300,24202,"[300, 396, 630, 848, 32]","[24202, 29711, 46160, 61752, 4667]",3,1,2,2,False,False
397,29837,397,29837,448,33521,868,63182,397,29837,"[397, 508, 448, 868, 676]","[29837, 38641, 33521, 63182, 49234]",1,2,2,1,False,False
398,29886,395,29680,398,29886,398,29886,398,29886,"[398, 315, 620, 395, 206]","[29886, 25059, 45843, 29680, 17048]",2,1,1,1,False,False
399,29919,190,15939,12,3489,12,3489,399,29919,"[399, 403, 190, 616, 12]","[29919, 30395, 15939, 45632, 3489]",3,3,16,1,True,True
400,29980,400,29980,400,29980,400,29980,400,29980,"[400, 81, 447, 604, 109]","[29980, 7859, 33289, 44412, 9462]",1,1,1,1,False,False
401,30081,307,24560,401,30081,401,30081,401,30081,"[401, 315, 395, 206, 398]","[30081, 25059, 29680, 17048, 29886]",2,1,1,1,False,False
402,30373,402,30373,402,30373,402,30373,402,30373,"[402, 309, 344, 977, 144]","[30373, 24640, 26292, 70758, 11942]",1,1,1,1,False,False
403,30395,403,30395,403,30395,821,59631,403,30395,"[403, 250, 821, 652, 638]","[30395, 20738, 59631, 47598, 46523]",1,1,7,1,False,False
404,30407,404,30407,404,30407,179,14820,404,30407,"[404, 179, 557, 104, 88]","[30407, 14820, 42166, 9027, 8225]",1,1,2,1,False,False
405,30430,405,30430,405,30430,94,8415,405,30430,"[405, 44, 22, 540, 94]","[30430, 5301, 3951, 41056, 8415]",1,1,2,1,False,False
406,30563,406,30563,406,30563,247,20633,406,30563,"[406, 247, 804, 560, 205]","[30563, 20633, 58144, 42224, 16917]",1,1,2,1,False,False
407,30601,60,6444,407,30601,873,63825,407,30601,"[407, 60, 307, 873, 330]","[30601, 6444, 24560, 63825, 25588]",2,1,2,1,False,False
408,30632,408,30632,587,43675,408,30632,587,43675,"[587, 408, 638, 744, 80]","[43675, 30632, 46523, 54257, 7840]",1,2,1,2,False,False
409,30672,409,30672,409,30672,409,30672,409,30672,"[409, 680, 566, 90, 591]","[30672, 49731, 42648, 8274, 43820]",1,1,1,1,False,False
410,30674,68,6801,608,44736,608,44736,410,30674,"[410, 608, 481, 485, 569]","[30674, 44736, 36682, 36945, 42851]",5,2,10,1,True,True
411,30847,581,43428,444,33171,444,33171,444,33171,"[444, 581, 769, 411, 41]","[33171, 43428, 56042, 30847, 5106]",12,3,5,4,False,False
412,30856,241,20080,495,37801,412,30856,412,30856,"[412, 242, 241, 943, 705]","[30856, 20206, 20080, 68741, 51788]",2,4,1,1,True,True
413,30887,413,30887,413,30887,769,56042,413,30887,"[413, 525, 801, 631, 532]","[30887, 39997, 57838, 46274, 40770]",1,1,11,1,False,False
414,30922,414,30922,414,30922,192,16252,414,30922,"[414, 192, 195, 701, 451]","[30922, 16252, 16466, 51171, 33813]",1,1,2,1,False,False
415,30935,16,3729,415,30935,415,30935,415,30935,"[415, 465, 16, 158, 847]","[30935, 34874, 3729, 13138, 61748]",2,1,1,1,False,False
416,30954,416,30954,416,30954,220,18268,416,30954,"[416, 220, 507, 561, 967]","[30954, 18268, 38494, 42238, 70193]",1,1,2,1,False,False
417,31028,612,45129,227,18796,417,31028,570,42912,"[570, 417, 128, 227, 399]","[42912, 31028, 10610, 18796, 29919]",2,3,1,2,False,False
418,31049,418,31049,152,12634,152,12634,418,31049,"[418, 152, 778, 369, 146]","[31049, 12634, 56471, 28096, 12065]",1,2,3,1,False,False
419,31064,419,31064,419,31064,419,31064,419,31064,"[419, 496, 732, 45, 200]","[31064, 37927, 53370, 5338, 16723]",1,1,1,1,False,False
420,31123,513,38978,420,31123,420,31123,420,31123,"[420, 513, 99, 338, 33]","[31123, 38978, 8646, 25906, 4690]",2,1,1,1,False,False
421,31233,61,6489,61,6489,888,64893,61,6489,"[61, 635, 571, 421, 15]","[6489, 46460, 42946, 31233, 3687]",4,5,7,4,False,False
422,31349,422,31349,422,31349,422,31349,422,31349,"[422, 951, 182, 783, 548]","[31349, 69130, 15003, 56751, 41623]",1,1,1,1,False,False
423,31446,261,21508,114,9865,261,21508,114,9865,"[114, 261, 140, 423, 579]","[9865, 21508, 11827, 31446, 43250]",3,7,6,4,False,False
424,31659,244,20265,424,31659,424,31659,424,31659,"[424, 459, 891, 244, 681]","[31659, 34418, 65069, 20265, 49923]",2,1,1,1,False,False
425,31747,991,72080,968,70232,60,6444,968,70232,"[968, 425, 991, 60, 488]","[70232, 31747, 72080, 6444, 37059]",2,2,2,2,False,False
426,31782,426,31782,426,31782,426,31782,426,31782,"[426, 907, 466, 948, 151]","[31782, 65920, 34975, 69007, 12495]",1,1,1,1,False,False
427,31801,427,31801,664,48530,427,31801,427,31801,"[427, 664, 989, 339, 786]","[31801, 48530, 71928, 25959, 56850]",1,2,1,1,False,False
428,31837,428,31837,428,31837,386,28788,428,31837,"[428, 386, 429, 970, 742]","[31837, 28788, 31936, 70360, 54078]",1,1,4,1,False,False
429,31936,429,31936,457,34186,457,34186,457,34186,"[457, 429, 446, 696, 422]","[34186, 31936, 33245, 51051, 31349]",1,2,3,2,False,False
430,31964,690,50500,430,31964,430,31964,920,66643,"[920, 430, 142, 863, 396]","[66643, 31964, 11844, 62561, 29711]",25,1,1,2,False,False
431,32053,469,35743,431,32053,431,32053,431,32053,"[431, 523, 773, 811, 623]","[32053, 39553, 56269, 59039, 45982]",2,1,1,1,False,False
432,32232,432,32232,432,32232,323,25318,432,32232,"[432, 614, 308, 311, 823]","[32232, 45356, 24638, 24739, 59817]",1,1,3,1,False,False
433,32303,433,32303,433,32303,433,32303,433,32303,"[433, 226, 552, 53, 40]","[32303, 18690, 41814, 5714, 5034]",1,1,1,1,False,False
434,32307,434,32307,434,32307,434,32307,434,32307,"[434, 443, 325, 340, 209]","[32307, 33131, 25371, 26119, 17369]",1,1,1,1,False,False
435,32625,888,64893,127,10600,888,64893,888,64893,"[888, 953, 393, 127, 435]","[64893, 69240, 29660, 10600, 32625]",4,8,6,5,False,False
436,32643,436,32643,565,42642,436,32643,436,32643,"[436, 595, 565, 591, 980]","[32643, 44052, 42642, 43820, 71025]",1,3,1,1,False,False
437,32716,335,25741,715,52328,370,28159,370,28159,"[370, 437, 830, 418, 146]","[28159, 32716, 60456, 31049, 12065]",19,7,46,2,True,False
438,32771,438,32771,438,32771,358,27275,438,32771,"[438, 358, 505, 677, 942]","[32771, 27275, 38483, 49466, 68471]",1,1,2,1,False,False
439,32772,439,32772,229,19181,439,32772,439,32772,"[439, 229, 310, 579, 114]","[32772, 19181, 24649, 43250, 9865]",1,2,1,1,False,False
440,32857,574,43156,686,49979,162,13613,686,49979,"[686, 162, 59, 792, 877]","[49979, 13613, 6431, 57435, 64004]",41,5,9,6,False,False
441,32891,281,22782,441,32891,441,32891,441,32891,"[441, 478, 206, 281, 491]","[32891, 36576, 17048, 22782, 37436]",2,1,1,1,False,False
442,32910,702,51185,722,52652,722,52652,722,52652,"[722, 768, 571, 129, 429]","[52652, 55969, 42946, 10907, 31936]",38,25,64,25,False,False
443,33131,434,32307,443,33131,443,33131,443,33131,"[443, 434, 340, 915, 325]","[33131, 32307, 26119, 66421, 25371]",2,1,1,1,False,False
444,33171,411,30847,444,33171,444,33171,444,33171,"[444, 677, 581, 769, 411]","[33171, 49466, 43428, 56042, 30847]",2,1,1,1,False,False
445,33189,445,33189,445,33189,445,33189,445,33189,"[445, 202, 813, 373, 141]","[33189, 16841, 59079, 28303, 11837]",1,1,1,1,False,False
446,33245,446,33245,446,33245,446,33245,446,33245,"[446, 696, 657, 429, 232]","[33245, 51051, 48157, 31936, 19292]",1,1,1,1,False,False
447,33289,987,71753,447,33289,987,71753,447,33289,"[447, 304, 81, 987, 400]","[33289, 24480, 7859, 71753, 29980]",2,1,2,1,False,False
448,33521,676,49234,448,33521,448,33521,448,33521,"[448, 676, 807, 920, 669]","[33521, 49234, 58404, 66643, 48681]",7,1,1,1,False,False
449,33543,22,3951,449,33543,94,8415,449,33543,"[449, 867, 772, 94, 871]","[33543, 63081, 56154, 8415, 63746]",2,1,2,1,False,False
450,33752,545,41482,842,61216,999,72948,648,47290,"[648, 842, 545, 450, 999]","[47290, 61216, 41482, 33752, 72948]",6,4,7,4,False,False
451,33813,414,30922,335,25741,335,25741,724,52931,"[724, 451, 515, 703, 335]","[52931, 33813, 39058, 51521, 25741]",2,5,10,2,False,False
452,33906,64,6524,452,33906,964,70038,452,33906,"[452, 964, 203, 501, 270]","[33906, 70038, 16865, 38278, 22155]",2,1,2,1,False,False
453,34068,826,60119,330,25588,330,25588,826,60119,"[826, 186, 330, 453, 166]","[60119, 15492, 25588, 34068, 13846]",13,4,5,4,False,False
454,34080,454,34080,549,41653,666,48618,454,34080,"[454, 549, 923, 901, 666]","[34080, 41653, 66946, 65654, 48618]",1,2,6,1,False,False
455,34089,455,34089,455,34089,455,34089,455,34089,"[455, 625, 589, 468, 224]","[34089, 46002, 43746, 35129, 18535]",1,1,1,1,False,False
456,34126,390,29021,456,34126,456,34126,456,34126,"[456, 390, 735, 154, 870]","[34126, 29021, 53570, 12796, 63449]",3,1,1,1,False,False
457,34186,970,70360,457,34186,798,57650,457,34186,"[457, 798, 970, 752, 363]","[34186, 57650, 70360, 54824, 27580]",4,1,2,1,False,False
458,34238,69,7007,458,34238,910,66214,458,34238,"[458, 909, 910, 69, 663]","[34238, 66004, 66214, 7007, 48508]",6,1,3,1,False,False
459,34418,459,34418,459,34418,459,34418,459,34418,"[459, 822, 21, 986, 891]","[34418, 59699, 3913, 71450, 65069]",1,1,1,1,False,False
460,34603,636,46462,935,67829,460,34603,935,67829,"[935, 384, 460, 526, 905]","[67829, 28751, 34603, 40153, 65821]",19,2,1,3,False,False
461,34751,461,34751,461,34751,461,34751,461,34751,"[461, 678, 765, 781, 965]","[34751, 49480, 55857, 56695, 70075]",1,1,1,1,False,False
462,34829,462,34829,462,34829,462,34829,462,34829,"[462, 104, 279, 424, 629]","[34829, 9027, 22587, 31659, 46150]",1,1,1,1,False,False
463,34845,463,34845,714,52302,625,46002,463,34845,"[463, 625, 714, 958, 706]","[34845, 46002, 52302, 69785, 51843]",1,3,2,1,False,False
464,34850,494,37736,382,28689,382,28689,494,37736,"[494, 216, 382, 48, 35]","[37736, 17776, 28689, 5502, 4786]",3,25,13,8,False,False
465,34874,465,34874,465,34874,465,34874,465,34874,"[465, 849, 415, 16, 967]","[34874, 61797, 30935, 3729, 70193]",1,1,1,1,False,False
466,34975,466,34975,466,34975,466,34975,466,34975,"[466, 948, 496, 108, 649]","[34975, 69007, 37927, 9434, 47293]",1,1,1,1,False,False
467,35094,475,36258,576,43159,677,49466,467,35094,"[467, 475, 576, 677, 949]","[35094, 36258, 43159, 49466, 69025]",2,2,17,1,True,True
468,35129,468,35129,468,35129,468,35129,468,35129,"[468, 551, 531, 455, 893]","[35129, 41778, 40721, 34089, 65187]",1,1,1,1,False,False
469,35743,831,60505,469,35743,39,4930,39,4930,"[39, 147, 469, 850, 314]","[4930, 12075, 35743, 61801, 24846]",24,1,2,3,False,False
470,35752,673,49076,213,17485,309,24640,673,49076,"[673, 309, 213, 470, 298]","[49076, 24640, 17485, 35752, 23883]",3,4,11,4,False,False
471,35790,794,57478,471,35790,471,35790,471,35790,"[471, 794, 9, 636, 843]","[35790, 57478, 3386, 46462, 61510]",2,1,1,1,False,False
472,35798,472,35798,458,34238,663,48508,472,35798,"[472, 663, 458, 880, 910]","[35798, 48508, 34238, 64483, 66214]",1,3,3,1,False,False
473,35986,473,35986,473,35986,473,35986,473,35986,"[473, 87, 98, 614, 694]","[35986, 8204, 8631, 45356, 50811]",1,1,1,1,False,False
474,36067,360,27326,474,36067,474,36067,474,36067,"[474, 100, 941, 806, 785]","[36067, 8807, 68418, 58187, 56784]",3,1,1,1,False,False
475,36258,475,36258,835,60834,596,44097,835,60834,"[835, 475, 237, 596, 505]","[60834, 36258, 19690, 44097, 38483]",1,3,3,2,False,False
476,36476,274,22505,729,53155,621,45945,274,22505,"[274, 729, 51, 874, 101]","[22505, 53155, 5583, 63922, 8843]",35,8,57,9,False,False
477,36569,477,36569,700,51148,477,36569,477,36569,"[477, 700, 847, 849, 366]","[36569, 51148, 61748, 61797, 27972]",1,2,1,1,False,False
478,36576,793,57443,478,36576,441,32891,478,36576,"[478, 441, 206, 793, 491]","[36576, 32891, 17048, 57443, 37436]",2,1,2,1,False,False
479,36623,707,51907,526,40153,964,70038,707,51907,"[707, 479, 526, 378, 452]","[51907, 36623, 40153, 28418, 33906]",2,2,17,2,False,False
480,36629,480,36629,480,36629,480,36629,480,36629,"[480, 827, 160, 954, 190]","[36629, 60186, 13312, 69442, 15939]",1,1,1,1,False,False
481,36682,859,62302,859,62302,859,62302,859,62302,"[859, 8, 481, 324, 194]","[62302, 3181, 36682, 25319, 16421]",5,3,3,3,False,False
482,36731,482,36731,482,36731,482,36731,482,36731,"[482, 705, 268, 997, 631]","[36731, 51788, 22138, 72605, 46274]",1,1,1,1,False,False
483,36759,483,36759,483,36759,483,36759,483,36759,"[483, 539, 493, 374, 964]","[36759, 40979, 37608, 28319, 70038]",1,1,1,1,False,False
484,36910,312,24740,899,65445,899,65445,371,28189,"[371, 835, 899, 815, 280]","[28189, 60834, 65445, 59194, 22772]",13,19,34,12,True,False
485,36945,485,36945,485,36945,485,36945,485,36945,"[485, 985, 670, 699, 712]","[36945, 71410, 48802, 51077, 52070]",1,1,1,1,False,False
486,36974,486,36974,486,36974,455,34089,486,36974,"[486, 881, 347, 954, 167]","[36974, 64498, 26372, 69442, 14110]",1,1,2,1,False,False
487,36978,487,36978,34,4768,487,36978,487,36978,"[487, 34, 80, 139, 322]","[36978, 4768, 7840, 11796, 25287]",1,2,1,1,False,False
488,37059,488,37059,488,37059,488,37059,488,37059,"[488, 720, 991, 48, 395]","[37059, 52596, 72080, 5502, 29680]",1,1,1,1,False,False
489,37221,984,71241,489,37221,489,37221,489,37221,"[489, 904, 984, 888, 123]","[37221, 65799, 71241, 64893, 10393]",2,1,1,1,False,False
490,37224,490,37224,830,60456,261,21508,830,60456,"[830, 261, 490, 853, 645]","[60456, 21508, 37224, 61972, 47070]",1,6,7,3,False,False
491,37436,841,61177,491,37436,491,37436,491,37436,"[491, 84, 221, 193, 14]","[37436, 7954, 18434, 16344, 3682]",7,1,1,1,False,False
492,37494,492,37494,492,37494,492,37494,492,37494,"[492, 296, 816, 829, 170]","[37494, 23871, 59284, 60305, 14179]",1,1,1,1,False,False
493,37608,252,20820,252,20820,252,20820,252,20820,"[252, 64, 493, 130, 191]","[20820, 6524, 37608, 11159, 16063]",8,3,9,3,False,False
494,37736,494,37736,494,37736,491,37436,494,37736,"[494, 491, 828, 84, 4]","[37736, 37436, 60251, 7954, 3146]",1,1,3,1,False,False
495,37801,497,38022,495,37801,497,38022,495,37801,"[495, 497, 532, 625, 241]","[37801, 38022, 40770, 46002, 20080]",7,1,3,1,False,False
496,37927,496,37927,496,37927,496,37927,496,37927,"[496, 419, 558, 74, 45]","[37927, 31064, 42171, 7366, 5338]",1,1,1,1,False,False
497,38022,497,38022,532,40770,532,40770,497,38022,"[497, 532, 90, 17, 566]","[38022, 40770, 8274, 3809, 42648]",1,2,2,1,False,False
498,38025,650,47321,498,38025,877,64004,498,38025,"[498, 877, 668, 887, 583]","[38025, 64004, 48679, 64880, 43445]",8,1,5,1,False,False
499,38060,695,50882,499,38060,500,38246,499,38060,"[499, 500, 695, 596, 317]","[38060, 38246, 50882, 44097, 25111]",3,1,3,1,False,False
500,38246,596,44097,641,46806,596,44097,596,44097,"[596, 641, 500, 371, 237]","[44097, 46806, 38246, 28189, 19690]",3,3,2,3,False,False
501,38278,501,38278,501,38278,501,38278,501,38278,"[501, 983, 869, 681, 979]","[38278, 71232, 63345, 49923, 70947]",1,1,1,1,False,False
502,38297,502,38297,502,38297,502,38297,502,38297,"[502, 976, 512, 564, 400]","[38297, 70671, 38853, 42563, 29980]",1,1,1,1,False,False
503,38310,503,38310,383,28745,383,28745,503,38310,"[503, 383, 835, 475, 535]","[38310, 28745, 60834, 36258, 40909]",1,2,2,1,False,False
504,38358,746,54389,769,56042,769,56042,769,56042,"[769, 504, 444, 997, 899]","[56042, 38358, 33171, 72605, 65445]",2,2,3,2,False,False
505,38483,505,38483,505,38483,505,38483,505,38483,"[505, 975, 565, 802, 155]","[38483, 70589, 42642, 57906, 12798]",1,1,1,1,False,False
506,38486,506,38486,506,38486,344,26292,506,38486,"[506, 974, 344, 547, 572]","[38486, 70585, 26292, 41574, 42980]",1,1,4,1,False,False
507,38494,570,42912,507,38494,507,38494,507,38494,"[507, 223, 366, 158, 993]","[38494, 18505, 27972, 13138, 72209]",2,1,1,1,False,False
508,38641,508,38641,508,38641,508,38641,508,38641,"[508, 863, 920, 894, 690]","[38641, 62561, 66643, 65232, 50500]",1,1,1,1,False,False
509,38794,509,38794,509,38794,626,46036,509,38794,"[509, 85, 217, 626, 151]","[38794, 8006, 17794, 46036, 12495]",1,1,2,1,False,False
510,38817,81,7859,510,38817,510,38817,510,38817,"[510, 828, 892, 57, 400]","[38817, 60251, 65148, 6199, 29980]",3,1,1,1,False,False
511,38829,511,38829,892,65148,828,60251,511,38829,"[511, 510, 892, 181, 828]","[38829, 38817, 65148, 14931, 60251]",1,4,5,1,False,False
512,38853,512,38853,512,38853,512,38853,512,38853,"[512, 502, 246, 987, 234]","[38853, 38297, 20442, 71753, 19573]",1,1,1,1,False,False
513,38978,513,38978,127,10600,127,10600,513,38978,"[513, 127, 902, 888, 338]","[38978, 10600, 65686, 64893, 25906]",1,2,2,1,False,False
514,39047,38,4892,514,39047,514,39047,514,39047,"[514, 972, 38, 885, 683]","[39047, 70427, 4892, 64771, 49955]",4,1,1,1,False,False
515,39058,335,25741,335,25741,335,25741,335,25741,"[335, 515, 598, 703, 889]","[25741, 39058, 44138, 51521, 64979]",2,2,2,2,False,False
516,39095,957,69616,516,39095,516,39095,516,39095,"[516, 589, 913, 957, 271]","[39095, 43746, 66330, 69616, 22263]",6,1,1,1,False,False
517,39289,579,43250,229,19181,579,43250,579,43250,"[579, 229, 536, 439, 517]","[43250, 19181, 40920, 32772, 39289]",5,7,19,5,False,False
518,39298,518,39298,518,39298,518,39298,518,39298,"[518, 642, 412, 107, 814]","[39298, 46835, 30856, 9230, 59091]",1,1,1,1,False,False
519,39369,79,7659,519,39369,519,39369,519,39369,"[519, 633, 79, 940, 630]","[39369, 46372, 7659, 68339, 46160]",2,1,1,1,False,False
520,39402,520,39402,520,39402,520,39402,520,39402,"[520, 58, 517, 37, 152]","[39402, 6222, 39289, 4869, 12634]",1,1,1,1,False,False
521,39509,521,39509,521,39509,850,61801,521,39509,"[521, 850, 458, 222, 69]","[39509, 61801, 34238, 18483, 7007]",1,1,2,1,False,False
522,39547,492,37494,801,57838,820,59595,522,39547,"[522, 492, 801, 577, 765]","[39547, 37494, 57838, 43164, 55857]",8,2,10,1,True,True
523,39553,730,53157,48,5502,730,53157,523,39553,"[523, 463, 730, 23, 48]","[39553, 34845, 53157, 4051, 5502]",2,2,3,1,True,True
524,39841,462,34829,339,25959,339,25959,339,25959,"[339, 786, 621, 524, 713]","[25959, 56850, 45945, 39841, 52216]",18,3,3,4,False,False
525,39997,525,39997,525,39997,525,39997,525,39997,"[525, 317, 586, 911, 695]","[39997, 25111, 43619, 66216, 50882]",1,1,1,1,False,False
526,40153,526,40153,526,40153,526,40153,526,40153,"[526, 749, 452, 664, 935]","[40153, 54698, 33906, 48530, 67829]",1,1,1,1,False,False
527,40235,527,40235,527,40235,527,40235,527,40235,"[527, 650, 765, 158, 287]","[40235, 47321, 55857, 13138, 22886]",1,1,1,1,False,False
528,40423,528,40423,528,40423,528,40423,528,40423,"[528, 201, 735, 646, 453]","[40423, 16823, 53570, 47099, 34068]",1,1,1,1,False,False
529,40548,678,49480,529,40548,708,51928,529,40548,"[529, 678, 416, 530, 820]","[40548, 49480, 30954, 40575, 59595]",7,1,2,1,False,False
530,40575,530,40575,530,40575,530,40575,530,40575,"[530, 934, 822, 390, 646]","[40575, 67802, 59699, 29021, 47099]",1,1,1,1,False,False
531,40721,531,40721,168,14121,168,14121,531,40721,"[531, 168, 193, 551, 394]","[40721, 14121, 16344, 41778, 29663]",1,4,11,1,False,False
532,40770,409,30672,532,40770,532,40770,532,40770,"[532, 90, 566, 409, 680]","[40770, 8274, 42648, 30672, 49731]",2,1,1,1,False,False
533,40840,320,25268,533,40840,533,40840,533,40840,"[533, 623, 693, 320, 631]","[40840, 45982, 50755, 25268, 46274]",11,1,1,1,False,False
534,40846,534,40846,534,40846,534,40846,534,40846,"[534, 874, 729, 488, 285]","[40846, 63922, 53155, 37059, 22873]",1,1,1,1,False,False
535,40909,535,40909,535,40909,535,40909,535,40909,"[535, 500, 383, 695, 475]","[40909, 38246, 28745, 50882, 36258]",1,1,1,1,False,False
536,40920,439,32772,536,40920,536,40920,536,40920,"[536, 579, 517, 205, 229]","[40920, 43250, 39289, 16917, 19181]",2,1,1,1,False,False
537,40924,767,55968,537,40924,857,62228,537,40924,"[537, 767, 234, 857, 923]","[40924, 55968, 19573, 62228, 66946]",2,1,2,1,False,False
538,40935,508,38641,508,38641,508,38641,508,38641,"[508, 863, 868, 351, 920]","[38641, 62561, 63182, 26720, 66643]",8,6,22,7,False,False
539,40979,262,21526,539,40979,539,40979,539,40979,"[539, 869, 501, 452, 710]","[40979, 63345, 38278, 33906, 51983]",2,1,1,1,False,False
540,41056,540,41056,540,41056,94,8415,540,41056,"[540, 867, 94, 22, 852]","[41056, 63081, 8415, 3951, 61873]",1,1,3,1,False,False
541,41097,541,41097,349,26458,349,26458,541,41097,"[541, 349, 346, 50, 174]","[41097, 26458, 26351, 5574, 14594]",1,2,4,1,False,False
542,41116,542,41116,542,41116,542,41116,542,41116,"[542, 529, 708, 965, 597]","[41116, 40548, 51928, 70075, 44107]",1,1,1,1,False,False
543,41137,449,33543,449,33543,867,63081,449,33543,"[449, 867, 110, 22, 543]","[33543, 63081, 9680, 3951, 41137]",8,6,12,5,True,False
544,41162,544,41162,544,41162,544,41162,544,41162,"[544, 75, 241, 84, 872]","[41162, 7409, 20080, 7954, 63781]",1,1,1,1,False,False
545,41482,545,41482,842,61216,842,61216,545,41482,"[545, 999, 842, 888, 303]","[41482, 72948, 61216, 64893, 24317]",1,3,6,1,False,False
546,41566,546,41566,303,24317,546,41566,303,24317,"[303, 546, 836, 635, 999]","[24317, 41566, 60845, 46460, 72948]",1,2,1,2,False,False
547,41574,547,41574,547,41574,974,70585,547,41574,"[547, 974, 796, 506, 341]","[41574, 70585, 57553, 38486, 26127]",1,1,2,1,False,False
548,41623,548,41623,548,41623,548,41623,548,41623,"[548, 782, 819, 633, 783]","[41623, 56723, 59585, 46372, 56751]",1,1,1,1,False,False
549,41653,901,65654,549,41653,666,48618,549,41653,"[549, 367, 666, 901, 115]","[41653, 28024, 48618, 65654, 9917]",2,1,5,1,False,False
550,41710,1,2990,416,30954,416,30954,550,41710,"[550, 416, 325, 293, 220]","[41710, 30954, 25371, 23492, 18268]",2,3,4,1,True,True
551,41778,468,35129,551,41778,551,41778,468,35129,"[468, 551, 625, 893, 531]","[35129, 41778, 46002, 65187, 40721]",4,1,1,2,False,False
552,41814,552,41814,552,41814,552,41814,552,41814,"[552, 912, 53, 385, 433]","[41814, 66278, 5714, 28755, 32303]",1,1,1,1,False,False
553,41927,553,41927,898,65414,8,3181,898,65414,"[898, 553, 652, 357, 8]","[65414, 41927, 47598, 27242, 3181]",1,3,3,2,False,False
554,41934,856,62209,275,22515,860,62365,275,22515,"[275, 554, 206, 15, 977]","[22515, 41934, 17048, 3687, 70758]",4,4,8,2,True,False
555,42007,982,71229,555,42007,982,71229,982,71229,"[982, 555, 150, 148, 760]","[71229, 42007, 12487, 12214, 55526]",4,1,3,2,False,False
556,42126,556,42126,556,42126,556,42126,556,42126,"[556, 8, 98, 898, 306]","[42126, 3181, 8631, 65414, 24530]",1,1,1,1,False,False
557,42166,594,43984,557,42166,557,42166,557,42166,"[557, 594, 795, 776, 884]","[42166, 43984, 57542, 56418, 64687]",2,1,1,1,False,False
558,42171,558,42171,558,42171,558,42171,558,42171,"[558, 419, 45, 348, 40]","[42171, 31064, 5338, 26435, 5034]",1,1,1,1,False,False
559,42214,678,49480,559,42214,756,55107,559,42214,"[559, 678, 765, 661, 965]","[42214, 49480, 55857, 48393, 70075]",3,1,8,1,False,False
560,42224,560,42224,889,64979,889,64979,560,42224,"[560, 889, 0, 703, 192]","[42224, 64979, 2950, 51521, 16252]",1,2,3,1,False,False
561,42238,561,42238,561,42238,561,42238,561,42238,"[561, 762, 218, 276, 325]","[42238, 55669, 17934, 22523, 25371]",1,1,1,1,False,False
562,42299,589,43746,562,42299,589,43746,562,42299,"[562, 589, 224, 988, 314]","[42299, 43746, 18535, 71894, 24846]",2,1,4,1,False,False
563,42473,139,11796,563,42473,563,42473,563,42473,"[563, 896, 362, 582, 139]","[42473, 65267, 27568, 43429, 11796]",3,1,1,1,False,False
564,42563,502,38297,510,38817,510,38817,510,38817,"[510, 892, 57, 400, 502]","[38817, 65148, 6199, 29980, 38297]",27,2,17,6,False,False
565,42642,565,42642,565,42642,565,42642,565,42642,"[565, 663, 880, 910, 222]","[42642, 48508, 64483, 66214, 18483]",1,1,1,1,False,False
566,42648,17,3809,314,24846,566,42648,17,3809,"[17, 314, 566, 532, 601]","[3809, 24846, 42648, 40770, 44324]",4,2,1,3,False,False
567,42697,567,42697,567,42697,134,11566,567,42697,"[567, 523, 134, 975, 469]","[42697, 39553, 11566, 70589, 35743]",1,1,9,1,False,False
568,42781,442,32910,568,42781,722,52652,568,42781,"[568, 457, 105, 673, 798]","[42781, 34186, 9048, 49076, 57650]",20,1,6,1,False,False
569,42851,569,42851,299,23993,352,26780,569,42851,"[569, 654, 610, 846, 299]","[42851, 47614, 44971, 61738, 23993]",1,4,47,1,False,False
570,42912,364,27830,661,48393,661,48393,570,42912,"[570, 364, 477, 661, 31]","[42912, 27830, 36569, 48393, 4612]",2,2,2,1,True,True
571,42946,571,42946,571,42946,571,42946,571,42946,"[571, 15, 303, 442, 396]","[42946, 3687, 24317, 32910, 29711]",1,1,1,1,False,False
572,42980,757,55163,386,28788,386,28788,572,42980,"[572, 757, 386, 970, 742]","[42980, 55163, 28788, 70360, 54078]",2,2,9,1,True,True
573,43107,573,43107,704,51745,704,51745,573,43107,"[573, 704, 893, 504, 268]","[43107, 51745, 65187, 38358, 22138]",1,3,2,1,False,False
574,43156,583,43445,574,43156,574,43156,574,43156,"[574, 583, 295, 758, 162]","[43156, 43445, 23729, 55405, 13613]",9,1,1,1,False,False
575,43157,587,43675,575,43157,148,12214,575,43157,"[575, 587, 694, 148, 927]","[43157, 43675, 50811, 12214, 67168]",7,1,27,1,False,False
576,43159,576,43159,576,43159,576,43159,576,43159,"[576, 591, 588, 375, 801]","[43159, 43820, 43689, 28325, 57838]",1,1,1,1,False,False
577,43164,876,63944,577,43164,577,43164,577,43164,"[577, 391, 624, 103, 23]","[43164, 29381, 45999, 8933, 4051]",14,1,1,1,False,False
578,43224,578,43224,3,3077,578,43224,578,43224,"[578, 921, 347, 3, 121]","[43224, 66773, 26372, 3077, 10107]",1,2,1,1,False,False
579,43250,579,43250,579,43250,229,19181,579,43250,"[579, 114, 229, 73, 780]","[43250, 9865, 19181, 7336, 56681]",1,1,2,1,False,False
580,43288,580,43288,580,43288,580,43288,580,43288,"[580, 633, 30, 139, 944]","[43288, 46372, 4436, 11796, 68814]",1,1,1,1,False,False
581,43428,41,5106,581,43428,581,43428,581,43428,"[581, 41, 444, 677, 411]","[43428, 5106, 33171, 49466, 30847]",4,1,1,1,False,False
582,43429,582,43429,724,52931,724,52931,582,43429,"[582, 724, 853, 490, 944]","[43429, 52931, 61972, 37224, 68814]",1,2,2,1,False,False
583,43445,583,43445,583,43445,583,43445,583,43445,"[583, 708, 847, 678, 686]","[43445, 51928, 61748, 49480, 49979]",1,1,1,1,False,False
584,43465,650,47321,584,43465,816,59284,584,43465,"[584, 524, 967, 650, 588]","[43465, 39841, 70193, 47321, 43689]",2,1,2,1,False,False
585,43500,959,69813,585,43500,585,43500,585,43500,"[585, 458, 535, 69, 959]","[43500, 34238, 40909, 7007, 69813]",2,1,1,1,False,False
586,43619,499,38060,586,43619,317,25111,586,43619,"[586, 317, 695, 499, 365]","[43619, 25111, 50882, 38060, 27878]",2,1,2,1,False,False
587,43675,587,43675,587,43675,587,43675,587,43675,"[587, 744, 408, 80, 652]","[43675, 54257, 30632, 7840, 47598]",1,1,1,1,False,False
588,43689,103,8933,588,43689,588,43689,588,43689,"[588, 103, 163, 375, 576]","[43689, 8933, 13653, 28325, 43159]",2,1,1,1,False,False
589,43746,589,43746,589,43746,589,43746,589,43746,"[589, 224, 503, 271, 988]","[43746, 18535, 38310, 22263, 71894]",1,1,1,1,False,False
590,43818,809,58681,590,43818,711,51988,590,43818,"[590, 558, 611, 809, 45]","[43818, 42171, 44980, 58681, 5338]",2,1,2,1,False,False
591,43820,595,44052,591,43820,535,40909,595,44052,"[595, 522, 591, 801, 475]","[44052, 39547, 43820, 57838, 36258]",25,1,3,3,False,False
592,43852,991,72080,592,43852,625,46002,592,43852,"[592, 991, 625, 330, 407]","[43852, 72080, 46002, 25588, 30601]",2,1,2,1,False,False
593,43950,593,43950,593,43950,651,47408,593,43950,"[593, 156, 723, 651, 986]","[43950, 12922, 52892, 47408, 71450]",1,1,3,1,False,False
594,43984,387,28898,594,43984,594,43984,594,43984,"[594, 776, 387, 754, 763]","[43984, 56418, 28898, 54959, 55678]",6,1,1,1,False,False
595,44052,595,44052,595,44052,595,44052,595,44052,"[595, 80, 559, 587, 184]","[44052, 7840, 42214, 43675, 15128]",1,1,1,1,False,False
596,44097,596,44097,596,44097,596,44097,596,44097,"[596, 237, 802, 500, 975]","[44097, 19690, 57906, 38246, 70589]",1,1,1,1,False,False
597,44107,292,23241,597,44107,477,36569,597,44107,"[597, 542, 838, 100, 364]","[44107, 41116, 60978, 8807, 27830]",6,1,4,1,False,False
598,44138,703,51521,598,44138,889,64979,598,44138,"[598, 335, 703, 944, 764]","[44138, 25741, 51521, 68814, 55680]",4,1,3,1,False,False
599,44144,247,20633,536,40920,536,40920,247,20633,"[247, 229, 599, 804, 536]","[20633, 19181, 44144, 58144, 40920]",6,2,30,3,False,False
600,44184,481,36682,600,44184,878,64096,600,44184,"[600, 481, 992, 70, 612]","[44184, 36682, 72170, 7039, 45129]",6,1,2,1,False,False
601,44324,601,44324,601,44324,601,44324,601,44324,"[601, 680, 250, 90, 840]","[44324, 49731, 20738, 8274, 61133]",1,1,1,1,False,False
602,44339,478,36576,602,44339,602,44339,478,36576,"[478, 245, 14, 491, 206]","[36576, 20307, 3682, 37436, 17048]",73,1,1,7,False,False
603,44369,934,67802,934,67802,183,15025,934,67802,"[934, 710, 183, 603, 452]","[67802, 51983, 15025, 44369, 33906]",14,2,10,4,False,False
604,44412,604,44412,604,44412,604,44412,604,44412,"[604, 234, 976, 670, 488]","[44412, 19573, 70671, 48802, 37059]",1,1,1,1,False,False
605,44705,605,44705,605,44705,945,68842,605,44705,"[605, 212, 379, 996, 263]","[44705, 17463, 28487, 72510, 21553]",1,1,5,1,False,False
606,44720,287,22886,606,44720,606,44720,606,44720,"[606, 287, 721, 79, 542]","[44720, 22886, 52598, 7659, 41116]",3,1,1,1,False,False
607,44729,607,44729,641,46806,358,27275,607,44729,"[607, 358, 641, 72, 228]","[44729, 27275, 46806, 7207, 19074]",1,3,2,1,False,False
608,44736,608,44736,608,44736,608,44736,608,44736,"[608, 480, 316, 627, 827]","[44736, 36629, 25091, 46101, 60186]",1,1,1,1,False,False
609,44844,368,28068,462,34829,609,44844,399,29919,"[399, 609, 729, 104, 145]","[29919, 44844, 53155, 9027, 11952]",13,2,1,2,False,False
610,44971,315,25059,36,4835,873,63825,36,4835,"[36, 610, 48, 945, 398]","[4835, 44971, 5502, 68842, 29886]",5,2,11,2,False,False
611,44980,611,44980,611,44980,711,51988,611,44980,"[611, 45, 239, 809, 912]","[44980, 5338, 20054, 58681, 66278]",1,1,2,1,False,False
612,45129,121,10107,347,26372,347,26372,347,26372,"[347, 266, 612, 360, 293]","[26372, 21950, 45129, 27326, 23492]",6,4,6,3,True,False
613,45213,968,70232,613,45213,806,58187,806,58187,"[806, 968, 613, 930, 233]","[58187, 70232, 45213, 67252, 19436]",3,1,2,3,False,False
614,45356,614,45356,614,45356,614,45356,614,45356,"[614, 8, 556, 311, 839]","[45356, 3181, 42126, 24739, 61122]",1,1,1,1,False,False
615,45595,615,45595,615,45595,195,16466,615,45595,"[615, 667, 762, 560, 195]","[45595, 48622, 55669, 42224, 16466]",1,1,8,1,False,False
616,45632,616,45632,616,45632,616,45632,616,45632,"[616, 12, 271, 323, 777]","[45632, 3489, 22263, 25318, 56454]",1,1,1,1,False,False
617,45746,696,51051,617,45746,446,33245,798,57650,"[798, 429, 617, 446, 696]","[57650, 31936, 45746, 33245, 51051]",21,1,14,3,False,False
618,45750,496,37927,618,45750,626,46036,618,45750,"[618, 626, 108, 509, 723]","[45750, 46036, 9434, 38794, 52892]",4,1,5,1,False,False
619,45837,619,45837,619,45837,619,45837,619,45837,"[619, 687, 683, 156, 179]","[45837, 50026, 49955, 12922, 14820]",1,1,1,1,False,False
620,45843,407,30601,620,45843,441,32891,620,45843,"[620, 307, 398, 36, 622]","[45843, 24560, 29886, 4835, 45981]",2,1,4,1,False,False
621,45945,621,45945,621,45945,621,45945,621,45945,"[621, 270, 339, 964, 290]","[45945, 22155, 25959, 70038, 22993]",1,1,1,1,False,False
622,45981,622,45981,622,45981,622,45981,622,45981,"[622, 382, 398, 307, 407]","[45981, 28689, 29886, 24560, 30601]",1,1,1,1,False,False
623,45982,573,43107,623,45982,623,45982,623,45982,"[623, 811, 431, 631, 969]","[45982, 59039, 32053, 46274, 70335]",2,1,1,1,False,False
624,45999,271,22263,624,45999,271,22263,624,45999,"[624, 271, 913, 458, 927]","[45999, 22263, 66330, 34238, 67168]",4,1,5,1,False,False
625,46002,468,35129,625,46002,455,34089,625,46002,"[625, 455, 314, 468, 957]","[46002, 34089, 24846, 35129, 69616]",3,1,2,1,False,False
626,46036,865,62748,626,46036,626,46036,626,46036,"[626, 865, 113, 2, 903]","[46036, 62748, 9847, 3049, 65769]",2,1,1,1,False,False
627,46101,627,46101,627,46101,933,67742,627,46101,"[627, 941, 743, 593, 723]","[46101, 68418, 54147, 43950, 52892]",1,1,4,1,False,False
628,46136,809,58681,628,46136,745,54361,628,46136,"[628, 611, 833, 852, 226]","[46136, 44980, 60553, 61873, 18690]",2,1,2,1,False,False
629,46150,844,61513,629,46150,462,34829,629,46150,"[629, 279, 462, 834, 111]","[46150, 22587, 34829, 60725, 9722]",18,1,3,1,False,False
630,46160,630,46160,142,11844,630,46160,630,46160,"[630, 142, 300, 940, 29]","[46160, 11844, 24202, 68339, 4423]",1,5,1,1,False,False
631,46274,741,53891,631,46274,631,46274,206,17048,"[206, 478, 74, 631, 741]","[17048, 36576, 7366, 46274, 53891]",40,1,1,4,False,False
632,46321,632,46321,632,46321,632,46321,632,46321,"[632, 922, 467, 107, 28]","[46321, 66836, 35094, 9230, 4325]",1,1,1,1,False,False
633,46372,633,46372,37,4869,205,16917,633,46372,"[633, 800, 580, 548, 914]","[46372, 57822, 43288, 41623, 66342]",1,35,2,1,False,False
634,46380,934,67802,964,70038,964,70038,964,70038,"[964, 452, 203, 934, 891]","[70038, 33906, 16865, 67802, 65069]",56,2,23,12,False,False
635,46460,196,16616,196,16616,546,41566,196,16616,"[196, 836, 546, 635, 289]","[16616, 60845, 41566, 46460, 22967]",9,4,5,4,False,False
636,46462,794,57478,471,35790,471,35790,636,46462,"[636, 471, 794, 66, 460]","[46462, 35790, 57478, 6640, 34603]",2,2,2,1,True,True
637,46480,637,46480,637,46480,637,46480,637,46480,"[637, 803, 994, 714, 672]","[46480, 58096, 72257, 52302, 48839]",1,1,1,1,False,False
638,46523,638,46523,638,46523,638,46523,638,46523,"[638, 744, 587, 408, 652]","[46523, 54257, 43675, 30632, 47598]",1,1,1,1,False,False
639,46642,639,46642,639,46642,219,17942,639,46642,"[639, 645, 655, 853, 77]","[46642, 47070, 47656, 61972, 7480]",1,1,11,1,False,False
640,46661,640,46661,282,22794,601,44324,640,46661,"[640, 282, 0, 485, 990]","[46661, 22794, 2950, 36945, 72015]",1,2,2,1,False,False
641,46806,641,46806,641,46806,596,44097,641,46806,"[641, 596, 189, 237, 371]","[46806, 44097, 15819, 19690, 28189]",1,1,2,1,False,False
642,46835,642,46835,412,30856,412,30856,642,46835,"[642, 412, 685, 242, 52]","[46835, 30856, 49969, 20206, 5602]",1,2,5,1,False,False
643,46861,572,42980,757,55163,757,55163,757,55163,"[757, 643, 572, 402, 363]","[55163, 46861, 42980, 30373, 27580]",2,3,7,2,False,False
644,47033,449,33543,644,47033,644,47033,644,47033,"[644, 478, 867, 793, 281]","[47033, 36576, 63081, 57443, 22782]",14,1,1,1,False,False
645,47070,645,47070,645,47070,645,47070,645,47070,"[645, 219, 273, 830, 77]","[47070, 17942, 22495, 60456, 7480]",1,1,1,1,False,False
646,47099,646,47099,646,47099,646,47099,646,47099,"[646, 390, 374, 329, 822]","[47099, 29021, 28319, 25581, 59699]",1,1,1,1,False,False
647,47200,626,46036,113,9847,113,9847,626,46036,"[626, 113, 647, 905, 865]","[46036, 9847, 47200, 65821, 62748]",6,3,2,3,False,False
648,47290,91,8318,545,41482,648,47290,545,41482,"[545, 648, 91, 372, 999]","[41482, 47290, 8318, 28286, 72948]",2,2,1,2,False,False
649,47293,649,47293,649,47293,649,47293,649,47293,"[649, 426, 466, 108, 879]","[47293, 31782, 34975, 9434, 64295]",1,1,1,1,False,False
650,47321,287,22886,650,47321,650,47321,650,47321,"[650, 765, 287, 993, 235]","[47321, 55857, 22886, 72209, 19642]",3,1,1,1,False,False
651,47408,651,47408,651,47408,651,47408,651,47408,"[651, 723, 933, 653, 113]","[47408, 52892, 67742, 47600, 9847]",1,1,1,1,False,False
652,47598,652,47598,652,47598,652,47598,652,47598,"[652, 306, 898, 553, 744]","[47598, 24530, 65414, 41927, 54257]",1,1,1,1,False,False
653,47600,653,47600,653,47600,653,47600,653,47600,"[653, 593, 743, 933, 986]","[47600, 43950, 54147, 67742, 71450]",1,1,1,1,False,False
654,47614,101,8843,101,8843,101,8843,101,8843,"[101, 654, 874, 272, 796]","[8843, 47614, 63922, 22387, 57553]",3,2,2,2,False,False
655,47656,853,61972,866,62960,655,47656,853,61972,"[853, 866, 37, 655, 273]","[61972, 62960, 4869, 47656, 22495]",3,5,1,4,False,False
656,47687,656,47687,656,47687,656,47687,656,47687,"[656, 762, 914, 560, 77]","[47687, 55669, 66342, 42224, 7480]",1,1,1,1,False,False
657,48157,757,55163,657,48157,657,48157,657,48157,"[657, 386, 970, 428, 757]","[48157, 28788, 70360, 31837, 55163]",5,1,1,1,False,False
658,48260,996,72510,767,55968,945,68842,996,72510,"[996, 212, 814, 767, 662]","[72510, 17463, 59091, 55968, 48422]",63,7,26,15,False,False
659,48374,659,48374,659,48374,659,48374,659,48374,"[659, 449, 852, 867, 55]","[48374, 33543, 61873, 63081, 5890]",1,1,1,1,False,False
660,48379,660,48379,660,48379,888,64893,660,48379,"[660, 888, 421, 393, 635]","[48379, 64893, 31233, 29660, 46460]",1,1,4,1,False,False
661,48393,661,48393,661,48393,661,48393,661,48393,"[661, 965, 708, 678, 919]","[48393, 70075, 51928, 49480, 66580]",1,1,1,1,False,False
662,48422,109,9462,400,29980,400,29980,400,29980,"[400, 109, 286, 564, 57]","[29980, 9462, 22879, 42563, 6199]",22,10,41,8,True,False
663,48508,222,18483,663,48508,663,48508,663,48508,"[663, 222, 565, 198, 910]","[48508, 18483, 42642, 16655, 66214]",3,1,1,1,False,False
664,48530,664,48530,664,48530,664,48530,664,48530,"[664, 603, 259, 427, 689]","[48530, 44369, 21279, 31801, 50170]",1,1,1,1,False,False
665,48617,665,48617,211,17450,665,48617,665,48617,"[665, 729, 622, 755, 211]","[48617, 53155, 45981, 55005, 17450]",1,2,1,1,False,False
666,48618,537,40924,666,48618,666,48618,666,48618,"[666, 549, 665, 537, 115]","[48618, 41653, 48617, 40924, 9917]",2,1,1,1,False,False
667,48622,667,48622,667,48622,667,48622,667,48622,"[667, 297, 269, 784, 167]","[48622, 23876, 22143, 56782, 14110]",1,1,1,1,False,False
668,48679,877,64004,668,48679,162,13613,668,48679,"[668, 877, 829, 960, 162]","[48679, 64004, 60305, 69831, 13613]",10,1,3,1,False,False
669,48681,508,38641,508,38641,508,38641,508,38641,"[508, 430, 920, 863, 676]","[38641, 31964, 66643, 62561, 49234]",13,3,26,7,False,False
670,48802,604,44412,670,48802,670,48802,670,48802,"[670, 767, 604, 712, 46]","[48802, 55968, 44412, 52070, 5427]",2,1,1,1,False,False
671,48832,528,40423,671,48832,262,21526,262,21526,"[262, 671, 539, 528, 979]","[21526, 48832, 40979, 40423, 70947]",4,1,3,2,False,False
672,48839,913,66330,672,48839,516,39095,672,48839,"[672, 516, 913, 957, 455]","[48839, 39095, 66330, 69616, 34089]",2,1,2,1,False,False
673,49076,722,52652,673,49076,722,52652,673,49076,"[673, 722, 768, 164, 429]","[49076, 52652, 55969, 13662, 31936]",2,1,2,1,False,False
674,49152,674,49152,674,49152,674,49152,674,49152,"[674, 740, 638, 180, 346]","[49152, 53881, 46523, 14898, 26351]",1,1,1,1,False,False
675,49156,943,68741,675,49156,675,49156,675,49156,"[675, 943, 412, 419, 168]","[49156, 68741, 30856, 31064, 14121]",8,1,1,1,False,False
676,49234,951,69130,676,49234,676,49234,676,49234,"[676, 157, 951, 974, 807]","[49234, 12937, 69130, 70585, 58404]",2,1,1,1,False,False
677,49466,677,49466,677,49466,677,49466,677,49466,"[677, 505, 358, 438, 910]","[49466, 38483, 27275, 32771, 66214]",1,1,1,1,False,False
678,49480,678,49480,20,3856,20,3856,678,49480,"[678, 20, 708, 965, 529]","[49480, 3856, 51928, 70075, 40548]",1,2,2,1,False,False
679,49622,679,49622,679,49622,679,49622,679,49622,"[679, 285, 404, 417, 874]","[49622, 22873, 30407, 31028, 63922]",1,1,1,1,False,False
680,49731,680,49731,680,49731,532,40770,680,49731,"[680, 532, 801, 90, 250]","[49731, 40770, 57838, 8274, 20738]",1,1,2,1,False,False
681,49923,501,38278,681,49923,681,49923,681,49923,"[681, 501, 731, 710, 869]","[49923, 38278, 53270, 51983, 63345]",2,1,1,1,False,False
682,49944,922,66836,682,49944,482,36731,682,49944,"[682, 482, 350, 377, 412]","[49944, 36731, 26598, 28349, 30856]",17,1,5,1,False,False
683,49955,514,39047,683,49955,683,49955,683,49955,"[683, 884, 514, 38, 885]","[49955, 64687, 39047, 4892, 64771]",3,1,1,1,False,False
684,49957,355,26971,684,49957,684,49957,684,49957,"[684, 763, 795, 594, 686]","[49957, 55678, 57542, 43984, 49979]",17,1,1,1,False,False
685,49969,685,49969,685,49969,412,30856,685,49969,"[685, 412, 642, 814, 922]","[49969, 30856, 46835, 59091, 66836]",1,1,2,1,False,False
686,49979,686,49979,686,49979,686,49979,686,49979,"[686, 162, 583, 296, 668]","[49979, 13613, 43445, 23871, 48679]",1,1,1,1,False,False
687,50026,100,8807,915,66421,915,66421,915,66421,"[915, 687, 443, 417, 100]","[66421, 50026, 33131, 31028, 8807]",35,2,5,2,False,False
688,50114,688,50114,505,38483,693,50755,688,50114,"[688, 228, 693, 533, 134]","[50114, 19074, 50755, 40840, 11566]",1,2,2,1,False,False
689,50170,381,28595,689,50170,689,50170,689,50170,"[689, 381, 749, 989, 946]","[50170, 28595, 54698, 71928, 68858]",2,1,1,1,False,False
690,50500,669,48681,920,66643,676,49234,920,66643,"[920, 669, 690, 894, 351]","[66643, 48681, 50500, 65232, 26720]",3,2,2,3,False,False
691,50653,54,5878,691,50653,264,21601,691,50653,"[691, 79, 362, 44, 827]","[50653, 7659, 27568, 5301, 60186]",13,1,6,1,False,False
692,50734,81,7859,692,50734,692,50734,692,50734,"[692, 181, 230, 860, 510]","[50734, 14931, 19199, 62365, 38817]",4,1,1,1,False,False
693,50755,533,40840,444,33171,533,40840,693,50755,"[693, 533, 623, 444, 688]","[50755, 40840, 45982, 33171, 50114]",2,2,2,1,True,True
694,50811,694,50811,694,50811,694,50811,694,50811,"[694, 614, 992, 93, 473]","[50811, 45356, 72170, 8394, 35986]",1,1,1,1,False,False
695,50882,586,43619,228,19074,695,50882,695,50882,"[695, 228, 291, 403, 801]","[50882, 19074, 23036, 30395, 57838]",3,2,1,1,True,True
696,51051,105,9048,798,57650,798,57650,798,57650,"[798, 429, 446, 428, 970]","[57650, 31936, 33245, 31837, 70360]",8,19,10,13,False,False
697,51052,398,29886,185,15364,719,52554,185,15364,"[185, 697, 719, 272, 864]","[15364, 51052, 52554, 22387, 62683]",3,2,8,2,False,False
698,51062,698,51062,698,51062,508,38641,698,51062,"[698, 508, 807, 351, 397]","[51062, 38641, 58404, 26720, 29837]",1,1,2,1,False,False
699,51077,699,51077,699,51077,699,51077,699,51077,"[699, 178, 819, 548, 756]","[51077, 14808, 59585, 41623, 55107]",1,1,1,1,False,False
700,51148,700,51148,700,51148,700,51148,700,51148,"[700, 847, 177, 919, 967]","[51148, 61748, 14793, 66580, 70193]",1,1,1,1,False,False
701,51171,701,51171,701,51171,701,51171,701,51171,"[701, 125, 327, 455, 737]","[51171, 10507, 25570, 34089, 53728]",1,1,1,1,False,False
702,51185,142,11844,702,51185,702,51185,702,51185,"[702, 825, 142, 940, 779]","[51185, 60094, 11844, 68339, 56670]",4,1,1,1,False,False
703,51521,560,42224,140,11827,229,19181,439,32772,"[439, 780, 889, 229, 560]","[32772, 56681, 64979, 19181, 42224]",4,24,8,13,False,False
704,51745,704,51745,769,56042,769,56042,704,51745,"[704, 802, 573, 969, 769]","[51745, 57906, 43107, 70335, 56042]",1,2,5,1,False,False
705,51788,705,51788,705,51788,705,51788,705,51788,"[705, 333, 168, 917, 482]","[51788, 25702, 14121, 66479, 36731]",1,1,1,1,False,False
706,51843,706,51843,706,51843,706,51843,706,51843,"[706, 187, 391, 551, 436]","[51843, 15506, 29381, 41778, 32643]",1,1,1,1,False,False
707,51907,707,51907,203,16865,964,70038,203,16865,"[203, 707, 964, 270, 501]","[16865, 51907, 70038, 22155, 38278]",1,2,6,2,False,False
708,51928,708,51928,708,51928,708,51928,708,51928,"[708, 161, 678, 542, 965]","[51928, 13314, 49480, 41116, 70075]",1,1,1,1,False,False
709,51965,709,51965,709,51965,252,20820,709,51965,"[709, 252, 731, 493, 681]","[51965, 20820, 53270, 37608, 49923]",1,1,4,1,False,False
710,51983,710,51983,710,51983,710,51983,710,51983,"[710, 526, 501, 934, 995]","[51983, 40153, 38278, 67802, 72312]",1,1,1,1,False,False
711,51988,711,51988,711,51988,711,51988,711,51988,"[711, 76, 239, 558, 45]","[51988, 7418, 20054, 42171, 5338]",1,1,1,1,False,False
712,52070,712,52070,712,52070,712,52070,712,52070,"[712, 670, 985, 80, 998]","[52070, 48802, 71410, 7840, 72719]",1,1,1,1,False,False
713,52216,713,52216,713,52216,713,52216,713,52216,"[713, 279, 629, 844, 786]","[52216, 22587, 46150, 61513, 56850]",1,1,1,1,False,False
714,52302,350,26598,301,24214,455,34089,350,26598,"[350, 714, 301, 815, 893]","[26598, 52302, 24214, 59194, 65187]",3,7,21,2,True,False
715,52328,73,7336,715,52328,778,56471,715,52328,"[715, 5, 176, 778, 73]","[52328, 3157, 14644, 56471, 7336]",2,1,2,1,False,False
716,52375,716,52375,716,52375,716,52375,716,52375,"[716, 765, 597, 781, 699]","[52375, 55857, 44107, 56695, 51077]",1,1,1,1,False,False
717,52394,655,47656,655,47656,205,16917,655,47656,"[655, 717, 944, 119, 247]","[47656, 52394, 68814, 10064, 20633]",2,6,2,2,False,False
718,52527,837,60867,837,60867,718,52527,837,60867,"[837, 718, 481, 8, 388]","[60867, 52527, 36682, 3181, 28963]",2,2,1,2,False,False
719,52554,540,41056,719,52554,852,61873,719,52554,"[719, 628, 169, 852, 540]","[52554, 46136, 14165, 61873, 41056]",14,1,8,1,False,False
720,52596,720,52596,720,52596,720,52596,720,52596,"[720, 395, 488, 48, 35]","[52596, 29680, 37059, 5502, 4786]",1,1,1,1,False,False
721,52598,427,31801,721,52598,279,22587,721,52598,"[721, 253, 329, 279, 603]","[52598, 21108, 25581, 22587, 44369]",2,1,5,1,False,False
722,52652,421,31233,660,48379,450,33752,421,31233,"[421, 660, 442, 648, 450]","[31233, 48379, 32910, 47290, 33752]",4,55,5,29,False,False
723,52892,723,52892,723,52892,186,15492,723,52892,"[723, 17, 186, 592, 374]","[52892, 3809, 15492, 43852, 28319]",1,1,2,1,False,False
724,52931,724,52931,724,52931,724,52931,724,52931,"[724, 192, 515, 414, 800]","[52931, 16252, 39058, 30922, 57822]",1,1,1,1,False,False
725,52990,510,38817,510,38817,510,38817,510,38817,"[510, 725, 892, 564, 57]","[38817, 52990, 65148, 42563, 6199]",2,2,3,2,False,False
726,53052,726,53052,726,53052,726,53052,726,53052,"[726, 871, 192, 800, 659]","[53052, 63746, 16252, 57822, 48374]",1,1,1,1,False,False
727,53070,727,53070,185,15364,185,15364,185,15364,"[185, 727, 101, 729, 441]","[15364, 53070, 8843, 53155, 32891]",1,10,4,2,False,False
728,53152,728,53152,728,53152,728,53152,728,53152,"[728, 322, 19, 470, 752]","[53152, 25287, 3847, 35752, 54824]",1,1,1,1,False,False
729,53155,729,53155,729,53155,729,53155,729,53155,"[729, 878, 352, 727, 874]","[53155, 64096, 26780, 53070, 63922]",1,1,1,1,False,False
730,53157,876,63944,730,53157,730,53157,730,53157,"[730, 399, 915, 876, 417]","[53157, 29919, 66421, 63944, 31028]",2,1,1,1,False,False
731,53270,252,20820,731,53270,731,53270,731,53270,"[731, 681, 252, 183, 935]","[53270, 49923, 20820, 15025, 67829]",4,1,1,1,False,False
732,53370,732,53370,732,53370,732,53370,732,53370,"[732, 76, 583, 708, 711]","[53370, 7418, 43445, 51928, 51988]",1,1,1,1,False,False
733,53489,140,11827,733,53489,733,53489,733,53489,"[733, 95, 261, 639, 645]","[53489, 8435, 21508, 46642, 47070]",6,1,1,1,False,False
734,53511,296,23871,734,53511,734,53511,734,53511,"[734, 133, 355, 86, 574]","[53511, 11521, 26971, 8109, 43156]",4,1,1,1,False,False
735,53570,735,53570,735,53570,735,53570,735,53570,"[735, 528, 995, 243, 262]","[53570, 40423, 72312, 20223, 21526]",1,1,1,1,False,False
736,53727,564,42563,736,53727,828,60251,736,53727,"[736, 230, 828, 510, 564]","[53727, 19199, 60251, 38817, 42563]",4,1,3,1,False,False
737,53728,737,53728,335,25741,703,51521,335,25741,"[335, 703, 515, 97, 889]","[25741, 51521, 39058, 8509, 64979]",1,12,8,8,False,False
738,53773,888,64893,888,64893,888,64893,888,64893,"[888, 918, 571, 635, 421]","[64893, 66489, 42946, 46460, 31233]",6,16,24,11,False,False
739,53858,126,10586,739,53858,739,53858,739,53858,"[739, 457, 123, 298, 970]","[53858, 34186, 10393, 23883, 70360]",4,1,1,1,False,False
740,53881,349,26458,271,22263,271,22263,271,22263,"[271, 740, 624, 616, 777]","[22263, 53881, 45999, 45632, 56454]",5,3,5,2,True,False
741,53891,92,8387,741,53891,92,8387,741,53891,"[741, 92, 621, 991, 407]","[53891, 8387, 45945, 72080, 30601]",2,1,2,1,False,False
742,54078,144,11942,19,3847,386,28788,19,3847,"[19, 757, 386, 742, 429]","[3847, 55163, 28788, 54078, 31936]",3,9,15,4,False,False
743,54147,743,54147,743,54147,743,54147,743,54147,"[743, 849, 366, 756, 293]","[54147, 61797, 27972, 55107, 23492]",1,1,1,1,False,False
744,54257,744,54257,744,54257,744,54257,744,54257,"[744, 587, 408, 638, 98]","[54257, 43675, 30632, 46523, 8631]",1,1,1,1,False,False
745,54361,658,48260,745,54361,745,54361,745,54361,"[745, 22, 94, 793, 658]","[54361, 3951, 8415, 57443, 48260]",2,1,1,1,False,False
746,54389,773,56269,746,54389,988,71894,746,54389,"[746, 773, 969, 623, 24]","[54389, 56269, 70335, 45982, 4058]",2,1,12,1,False,False
747,54643,747,54643,747,54643,512,38853,747,54643,"[747, 512, 808, 234, 246]","[54643, 38853, 58668, 19573, 20442]",1,1,2,1,False,False
748,54683,748,54683,748,54683,748,54683,748,54683,"[748, 279, 646, 844, 113]","[54683, 22587, 47099, 61513, 9847]",1,1,1,1,False,False
749,54698,749,54698,749,54698,749,54698,749,54698,"[749, 381, 526, 689, 154]","[54698, 28595, 40153, 50170, 12796]",1,1,1,1,False,False
750,54743,205,16917,750,54743,229,19181,750,54743,"[750, 598, 560, 717, 866]","[54743, 44138, 42224, 52394, 62960]",3,1,17,1,False,False
751,54812,751,54812,751,54812,751,54812,751,54812,"[751, 686, 59, 700, 816]","[54812, 49979, 6431, 51148, 59284]",1,1,1,1,False,False
752,54824,757,55163,752,54824,752,54824,752,54824,"[752, 970, 757, 457, 298]","[54824, 70360, 55163, 34186, 23883]",2,1,1,1,False,False
753,54913,760,55526,367,28024,367,28024,760,55526,"[760, 982, 367, 753, 900]","[55526, 71229, 28024, 54913, 65639]",12,2,3,4,False,False
754,54959,619,45837,884,64687,884,64687,884,64687,"[884, 619, 387, 754, 683]","[64687, 45837, 28898, 54959, 49955]",12,3,4,4,False,False
755,55005,510,38817,812,59046,892,65148,755,55005,"[755, 812, 692, 892, 231]","[55005, 59046, 50734, 65148, 19200]",3,2,4,1,True,True
756,55107,135,11617,507,38494,973,70505,507,38494,"[507, 973, 254, 415, 993]","[38494, 70505, 21192, 30935, 72209]",19,2,4,7,False,False
757,55163,757,55163,757,55163,757,55163,757,55163,"[757, 970, 752, 19, 386]","[55163, 70360, 54824, 3847, 28788]",1,1,1,1,False,False
758,55405,795,57542,758,55405,758,55405,758,55405,"[758, 295, 950, 763, 594]","[55405, 23729, 69030, 55678, 43984]",3,1,1,1,False,False
759,55408,759,55408,759,55408,759,55408,759,55408,"[759, 407, 382, 622, 398]","[55408, 30601, 28689, 45981, 29886]",1,1,1,1,False,False
760,55526,537,40924,760,55526,367,28024,760,55526,"[760, 537, 814, 857, 923]","[55526, 40924, 59091, 62228, 66946]",2,1,3,1,False,False
761,55649,957,69616,495,37801,761,55649,761,55649,"[761, 927, 957, 495, 43]","[55649, 67168, 69616, 37801, 5285]",4,3,1,1,True,True
762,55669,340,26119,762,55669,762,55669,762,55669,"[762, 340, 560, 915, 209]","[55669, 26119, 42224, 66421, 17369]",2,1,1,1,False,False
763,55678,763,55678,763,55678,686,49979,763,55678,"[763, 686, 795, 594, 776]","[55678, 49979, 57542, 43984, 56418]",1,1,2,1,False,False
764,55680,655,47656,152,12634,205,16917,764,55680,"[764, 655, 205, 152, 536]","[55680, 47656, 16917, 12634, 40920]",3,3,9,1,True,True
765,55857,765,55857,765,55857,461,34751,765,55857,"[765, 678, 781, 184, 461]","[55857, 49480, 56695, 15128, 34751]",1,1,3,1,False,False
766,55933,281,22782,766,55933,766,55933,766,55933,"[766, 793, 543, 281, 110]","[55933, 57443, 41137, 22782, 9680]",7,1,1,1,False,False
767,55968,767,55968,767,55968,767,55968,767,55968,"[767, 936, 873, 945, 814]","[55968, 68023, 63825, 68842, 59091]",1,1,1,1,False,False
768,55969,702,51185,768,55969,673,49076,673,49076,"[673, 768, 298, 446, 752]","[49076, 55969, 23883, 33245, 54824]",11,1,3,2,False,False
769,56042,969,70335,769,56042,769,56042,769,56042,"[769, 444, 997, 268, 677]","[56042, 33171, 72605, 22138, 49466]",15,1,1,1,False,False
770,56066,624,45999,770,56066,271,22263,770,56066,"[770, 271, 391, 616, 12]","[56066, 22263, 29381, 45632, 3489]",2,1,5,1,False,False
771,56126,771,56126,771,56126,771,56126,771,56126,"[771, 462, 440, 870, 104]","[56126, 34829, 32857, 63449, 9027]",1,1,1,1,False,False
772,56154,772,56154,772,56154,772,56154,772,56154,"[772, 871, 543, 208, 726]","[56154, 63746, 41137, 17238, 53052]",1,1,1,1,False,False
773,56269,773,56269,773,56269,988,71894,773,56269,"[773, 988, 746, 521, 469]","[56269, 71894, 54389, 39509, 35743]",1,1,7,1,False,False
774,56290,774,56290,355,26971,711,51988,916,66464,"[916, 774, 355, 248, 603]","[66464, 56290, 26971, 20650, 44369]",1,3,18,2,False,False
775,56314,188,15793,775,56314,775,56314,775,56314,"[775, 716, 607, 535, 291]","[56314, 52375, 44729, 40909, 23036]",2,1,1,1,False,False
776,56418,387,28898,776,56418,776,56418,776,56418,"[776, 594, 754, 326, 59]","[56418, 43984, 54959, 25454, 6431]",4,1,1,1,False,False
777,56454,777,56454,777,56454,777,56454,777,56454,"[777, 271, 616, 403, 12]","[56454, 22263, 45632, 30395, 3489]",1,1,1,1,False,False
778,56471,114,9865,778,56471,778,56471,778,56471,"[778, 715, 140, 176, 119]","[56471, 52328, 11827, 14644, 10064]",7,1,1,1,False,False
779,56670,779,56670,779,56670,779,56670,779,56670,"[779, 941, 699, 563, 604]","[56670, 68418, 51077, 42473, 44412]",1,1,1,1,False,False
780,56681,5,3157,73,7336,778,56471,778,56471,"[778, 5, 780, 73, 114]","[56471, 3157, 56681, 7336, 9865]",4,4,3,3,True,False
781,56695,781,56695,781,56695,781,56695,781,56695,"[781, 220, 820, 993, 678]","[56695, 18268, 59595, 72209, 49480]",1,1,1,1,False,False
782,56723,782,56723,782,56723,782,56723,782,56723,"[782, 139, 251, 182, 322]","[56723, 11796, 20777, 15003, 25287]",1,1,1,1,False,False
783,56751,782,56723,783,56751,783,56751,783,56751,"[783, 669, 157, 807, 676]","[56751, 48681, 12937, 58404, 49234]",7,1,1,1,False,False
784,56782,784,56782,784,56782,784,56782,784,56782,"[784, 297, 896, 178, 269]","[56782, 23876, 65267, 14808, 22143]",1,1,1,1,False,False
785,56784,785,56784,785,56784,339,25959,785,56784,"[785, 781, 529, 360, 339]","[56784, 56695, 40548, 27326, 25959]",1,1,3,1,False,False
786,56850,786,56850,786,56850,786,56850,786,56850,"[786, 339, 713, 844, 989]","[56850, 25959, 52216, 61513, 71928]",1,1,1,1,False,False
787,56867,2,3049,96,8465,85,8006,217,17794,"[217, 96, 787, 85, 862]","[17794, 8465, 56867, 8006, 62544]",3,3,8,3,False,False
788,56911,78,7654,78,7654,435,32625,78,7654,"[78, 788, 422, 846, 667]","[7654, 56911, 31349, 61738, 48622]",3,3,2,2,True,False
789,56948,1,2990,789,56948,789,56948,789,56948,"[789, 416, 716, 364, 218]","[56948, 30954, 52375, 27830, 17934]",6,1,1,1,False,False
790,57046,925,67045,393,29660,450,33752,728,53152,"[728, 442, 513, 450, 112]","[53152, 32910, 38978, 33752, 9804]",9,12,15,8,True,False
791,57060,94,8415,791,57060,791,57060,791,57060,"[791, 283, 793, 94, 22]","[57060, 22809, 57443, 8415, 3951]",12,1,1,1,False,False
792,57435,931,67295,792,57435,792,57435,792,57435,"[792, 59, 686, 960, 162]","[57435, 6431, 49979, 69831, 13613]",2,1,1,1,False,False
793,57443,791,57060,791,57060,791,57060,791,57060,"[791, 867, 283, 207, 793]","[57060, 63081, 22809, 17230, 57443]",22,2,6,5,False,False
794,57478,89,8262,794,57478,471,35790,794,57478,"[794, 471, 89, 173, 466]","[57478, 35790, 8262, 14567, 34975]",9,1,2,1,False,False
795,57542,758,55405,795,57542,795,57542,795,57542,"[795, 686, 763, 972, 758]","[57542, 49979, 55678, 70427, 55405]",3,1,1,1,False,False
796,57553,547,41574,129,10907,635,46460,547,41574,"[547, 635, 126, 112, 888]","[41574, 46460, 10586, 9804, 64893]",53,27,87,32,False,False
797,57648,931,67295,797,57648,124,10471,931,67295,"[931, 797, 133, 734, 124]","[67295, 57648, 11521, 53511, 10471]",8,1,4,2,False,False
798,57650,298,23883,798,57650,457,34186,457,34186,"[457, 798, 105, 298, 568]","[34186, 57650, 9048, 23883, 42781]",4,1,2,2,False,False
799,57681,560,42224,656,47687,866,62960,560,42224,"[560, 656, 914, 146, 866]","[42224, 47687, 66342, 12065, 62960]",18,5,35,8,False,False
800,57822,800,57822,423,31446,914,66342,800,57822,"[800, 914, 423, 645, 804]","[57822, 66342, 31446, 47070, 58144]",1,2,2,1,False,False
801,57838,801,57838,801,57838,801,57838,801,57838,"[801, 90, 413, 595, 532]","[57838, 8274, 30887, 44052, 40770]",1,1,1,1,False,False
802,57906,802,57906,802,57906,565,42642,802,57906,"[802, 472, 198, 138, 688]","[57906, 35798, 16655, 11725, 50114]",1,1,4,1,False,False
803,58096,803,58096,803,58096,803,58096,803,58096,"[803, 637, 624, 566, 409]","[58096, 46480, 45999, 42648, 30672]",1,1,1,1,False,False
804,58144,914,66342,914,66342,914,66342,914,66342,"[914, 423, 804, 205, 152]","[66342, 31446, 58144, 16917, 12634]",6,4,2,3,True,False
805,58164,805,58164,805,58164,48,5502,805,58164,"[805, 407, 60, 48, 741]","[58164, 30601, 6444, 5502, 53891]",1,1,4,1,False,False
806,58187,806,58187,816,59284,816,59284,806,58187,"[806, 687, 933, 816, 38]","[58187, 50026, 67742, 59284, 4892]",1,2,3,1,False,False
807,58404,920,66643,920,66643,676,49234,920,66643,"[920, 676, 783, 351, 894]","[66643, 49234, 56751, 26720, 65232]",12,3,13,6,False,False
808,58668,808,58668,808,58668,808,58668,808,58668,"[808, 165, 197, 36, 502]","[58668, 13720, 16635, 4835, 38297]",1,1,1,1,False,False
809,58681,590,43818,809,58681,711,51988,226,18690,"[226, 809, 590, 833, 912]","[18690, 58681, 43818, 60553, 66278]",3,1,14,2,False,False
810,59023,810,59023,909,66004,909,66004,312,24740,"[312, 810, 436, 909, 714]","[24740, 59023, 32643, 66004, 52302]",1,7,53,2,False,False
811,59039,811,59039,811,59039,811,59039,811,59039,"[811, 631, 24, 773, 284]","[59039, 46274, 4058, 56269, 22845]",1,1,1,1,False,False
812,59046,109,9462,109,9462,231,19200,109,9462,"[109, 231, 812, 564, 42]","[9462, 19200, 59046, 42563, 5204]",10,3,2,3,False,False
813,59079,813,59079,813,59079,156,12922,813,59079,"[813, 915, 156, 820, 305]","[59079, 66421, 12922, 59595, 24517]",1,1,9,1,False,False
814,59091,814,59091,814,59091,814,59091,814,59091,"[814, 767, 760, 27, 83]","[59091, 55968, 55526, 4249, 7948]",1,1,1,1,False,False
815,59194,503,38310,815,59194,589,43746,815,59194,"[815, 589, 503, 777, 835]","[59194, 43746, 38310, 56454, 60834]",4,1,4,1,False,False
816,59284,220,18268,816,59284,340,26119,816,59284,"[816, 220, 21, 179, 416]","[59284, 18268, 3913, 14820, 30954]",5,1,2,1,False,False
817,59419,336,25746,817,59419,817,59419,817,59419,"[817, 336, 931, 248, 249]","[59419, 25746, 67295, 20650, 20702]",2,1,1,1,False,False
818,59420,664,48530,818,59420,818,59420,818,59420,"[818, 66, 151, 636, 862]","[59420, 6640, 12495, 46462, 62544]",2,1,1,1,False,False
819,59585,819,59585,819,59585,819,59585,819,59585,"[819, 783, 397, 868, 676]","[59585, 56751, 29837, 63182, 49234]",1,1,1,1,False,False
820,59595,700,51148,820,59595,820,59595,820,59595,"[820, 20, 416, 529, 781]","[59595, 3856, 30954, 40548, 56695]",4,1,1,1,False,False
821,59631,821,59631,821,59631,821,59631,821,59631,"[821, 134, 975, 337, 994]","[59631, 11566, 70589, 25881, 72257]",1,1,1,1,False,False
822,59699,822,59699,822,59699,822,59699,822,59699,"[822, 21, 986, 459, 453]","[59699, 3913, 71450, 34418, 34068]",1,1,1,1,False,False
823,59817,312,24740,624,45999,624,45999,624,45999,"[624, 589, 271, 823, 455]","[45999, 43746, 22263, 59817, 34089]",8,4,18,4,False,False
824,59994,192,16252,192,16252,192,16252,192,16252,"[192, 0, 195, 824, 354]","[16252, 2950, 16466, 59994, 26909]",4,5,7,4,False,False
825,60094,825,60094,825,60094,129,10907,825,60094,"[825, 129, 977, 657, 842]","[60094, 10907, 70758, 48157, 61216]",1,1,4,1,False,False
826,60119,826,60119,826,60119,315,25059,826,60119,"[826, 527, 377, 723, 166]","[60119, 40235, 28349, 52892, 13846]",1,1,6,1,False,False
827,60186,480,36629,827,60186,827,60186,827,60186,"[827, 480, 160, 954, 470]","[60186, 36629, 13312, 69442, 35752]",2,1,1,1,False,False
828,60251,828,60251,828,60251,212,17463,828,60251,"[828, 518, 212, 873, 42]","[60251, 39298, 17463, 63825, 5204]",1,1,2,1,False,False
829,60305,829,60305,829,60305,829,60305,829,60305,"[829, 343, 844, 296, 339]","[60305, 26243, 61513, 23871, 25959]",1,1,1,1,False,False
830,60456,219,17942,830,60456,273,22495,830,60456,"[830, 273, 219, 261, 5]","[60456, 22495, 17942, 21508, 3157]",2,1,2,1,False,False
831,60505,191,16063,831,60505,681,49923,995,72312,"[995, 539, 831, 681, 501]","[72312, 40979, 60505, 49923, 38278]",25,1,23,3,False,False
832,60519,832,60519,832,60519,186,15492,832,60519,"[832, 936, 186, 166, 723]","[60519, 68023, 15492, 13846, 52892]",1,1,2,1,False,False
833,60553,833,60553,745,54361,833,60553,833,60553,"[833, 745, 405, 210, 22]","[60553, 54361, 30430, 17374, 3951]",1,2,1,1,False,False
834,60725,856,62209,834,60725,620,45843,834,60725,"[834, 856, 315, 494, 890]","[60725, 62209, 25059, 37736, 65010]",8,1,9,1,False,False
835,60834,835,60834,835,60834,475,36258,835,60834,"[835, 475, 237, 535, 383]","[60834, 36258, 19690, 40909, 28745]",1,1,2,1,False,False
836,60845,421,31233,836,60845,836,60845,836,60845,"[836, 122, 660, 571, 303]","[60845, 10244, 48379, 42946, 24317]",2,1,1,1,False,False
837,60867,837,60867,837,60867,837,60867,837,60867,"[837, 408, 718, 744, 321]","[60867, 30632, 52527, 54257, 25284]",1,1,1,1,False,False
838,60978,417,31028,838,60978,838,60978,838,60978,"[838, 417, 404, 597, 316]","[60978, 31028, 30407, 44107, 25091]",25,1,1,1,False,False
839,61122,680,49731,680,49731,839,61122,680,49731,"[680, 839, 312, 876, 638]","[49731, 61122, 24740, 63944, 46523]",4,3,1,2,True,False
840,61133,840,61133,840,61133,566,42648,840,61133,"[840, 566, 957, 409, 680]","[61133, 42648, 69616, 30672, 49731]",1,1,2,1,False,False
841,61177,347,26372,486,36974,455,34089,486,36974,"[486, 347, 881, 216, 199]","[36974, 26372, 64498, 17776, 16702]",101,5,33,24,False,False
842,61216,421,31233,886,64867,450,33752,886,64867,"[886, 842, 129, 546, 722]","[64867, 61216, 10907, 41566, 52652]",3,4,2,2,True,False
843,61510,384,28751,843,61510,460,34603,843,61510,"[843, 460, 384, 905, 173]","[61510, 34603, 28751, 65821, 14567]",2,1,3,1,False,False
844,61513,844,61513,844,61513,748,54683,844,61513,"[844, 748, 279, 67, 629]","[61513, 54683, 22587, 6713, 46150]",1,1,2,1,False,False
845,61677,583,43445,88,8225,88,8225,88,8225,"[88, 583, 845, 956, 686]","[8225, 43445, 61677, 69614, 49979]",5,3,4,3,False,False
846,61738,846,61738,846,61738,846,61738,846,61738,"[846, 648, 560, 738, 297]","[61738, 47290, 42224, 53773, 23876]",1,1,1,1,False,False
847,61748,847,61748,847,61748,847,61748,847,61748,"[847, 415, 177, 254, 700]","[61748, 30935, 14793, 21192, 51148]",1,1,1,1,False,False
848,61752,848,61752,260,21318,863,62561,848,61752,"[848, 260, 630, 397, 278]","[61752, 21318, 46160, 29837, 22585]",1,3,6,1,False,False
849,61797,254,21192,849,61797,849,61797,849,61797,"[849, 254, 973, 415, 135]","[61797, 21192, 70505, 30935, 11617]",2,1,1,1,False,False
850,61801,394,29663,850,61801,850,61801,850,61801,"[850, 521, 525, 927, 17]","[61801, 39509, 39997, 67168, 3809]",5,1,1,1,False,False
851,61809,851,61809,261,21508,261,21508,851,61809,"[851, 261, 858, 219, 423]","[61809, 21508, 62275, 17942, 31446]",1,3,3,1,False,False
852,61873,540,41056,852,61873,94,8415,852,61873,"[852, 540, 94, 449, 283]","[61873, 41056, 8415, 33543, 22809]",3,1,3,1,False,False
853,61972,853,61972,853,61972,853,61972,853,61972,"[853, 46, 63, 830, 219]","[61972, 5427, 6521, 60456, 17942]",1,1,1,1,False,False
854,62006,854,62006,854,62006,315,25059,854,62006,"[854, 494, 662, 206, 379]","[62006, 37736, 48422, 17048, 28487]",1,1,3,1,False,False
855,62015,855,62015,289,22967,196,16616,289,22967,"[289, 886, 977, 855, 196]","[22967, 64867, 70758, 62015, 16616]",1,9,3,4,False,False
856,62209,620,45843,856,62209,92,8387,856,62209,"[856, 92, 398, 206, 199]","[62209, 8387, 29886, 17048, 16702]",2,1,4,1,False,False
857,62228,857,62228,857,62228,857,62228,857,62228,"[857, 537, 666, 286, 923]","[62228, 40924, 48618, 22879, 66946]",1,1,1,1,False,False
858,62275,858,62275,219,17942,858,62275,858,62275,"[858, 261, 219, 273, 423]","[62275, 21508, 17942, 22495, 31446]",1,3,1,1,False,False
859,62302,859,62302,98,8631,859,62302,859,62302,"[859, 8, 98, 898, 357]","[62302, 3181, 8631, 65414, 27242]",1,2,1,1,False,False
860,62365,826,60119,952,69214,186,15492,952,69214,"[952, 828, 873, 518, 212]","[69214, 60251, 63825, 39298, 17463]",37,3,3,7,False,False
861,62479,861,62479,861,62479,861,62479,861,62479,"[861, 354, 143, 918, 352]","[62479, 26909, 11932, 66489, 26780]",1,1,1,1,False,False
862,62544,66,6640,862,62544,96,8465,862,62544,"[862, 66, 96, 384, 9]","[62544, 6640, 8465, 28751, 3386]",6,1,2,1,False,False
863,62561,863,62561,863,62561,863,62561,863,62561,"[863, 920, 430, 508, 442]","[62561, 66643, 31964, 38641, 32910]",1,1,1,1,False,False
864,62683,864,62683,864,62683,864,62683,864,62683,"[864, 44, 405, 319, 712]","[62683, 5301, 30430, 25250, 52070]",1,1,1,1,False,False
865,62748,865,62748,865,62748,626,46036,865,62748,"[865, 626, 2, 647, 642]","[62748, 46036, 3049, 47200, 46835]",1,1,7,1,False,False
866,62960,866,62960,866,62960,273,22495,866,62960,"[866, 77, 423, 645, 273]","[62960, 7480, 31446, 47070, 22495]",1,1,2,1,False,False
867,63081,540,41056,94,8415,867,63081,94,8415,"[94, 867, 22, 540, 449]","[8415, 63081, 3951, 41056, 33543]",7,2,1,2,False,False
868,63182,782,56723,868,63182,868,63182,868,63182,"[868, 676, 863, 508, 397]","[63182, 49234, 62561, 38641, 29837]",2,1,1,1,False,False
869,63345,869,63345,869,63345,869,63345,869,63345,"[869, 501, 203, 526, 183]","[63345, 38278, 16865, 40153, 15025]",1,1,1,1,False,False
870,63449,870,63449,154,12796,870,63449,870,63449,"[870, 154, 259, 603, 243]","[63449, 12796, 21279, 44369, 20223]",1,2,1,1,False,False
871,63746,871,63746,44,5301,871,63746,871,63746,"[871, 772, 44, 319, 269]","[63746, 56154, 5301, 25250, 22143]",1,3,1,1,False,False
872,63781,84,7954,893,65187,84,7954,84,7954,"[84, 893, 486, 872, 347]","[7954, 65187, 36974, 63781, 26372]",3,7,15,4,False,False
873,63825,315,25059,873,63825,873,63825,873,63825,"[873, 945, 767, 398, 407]","[63825, 68842, 55968, 29886, 30601]",2,1,1,1,False,False
874,63922,874,63922,874,63922,874,63922,874,63922,"[874, 264, 938, 402, 294]","[63922, 21601, 68278, 30373, 23715]",1,1,1,1,False,False
875,63931,481,36682,875,63931,12,3489,875,63931,"[875, 770, 616, 260, 481]","[63931, 56066, 45632, 21318, 36682]",8,1,4,1,False,False
876,63944,876,63944,876,63944,876,63944,876,63944,"[876, 399, 121, 233, 672]","[63944, 29919, 10107, 19436, 48839]",1,1,1,1,False,False
877,64004,877,64004,877,64004,877,64004,877,64004,"[877, 668, 162, 574, 498]","[64004, 48679, 13613, 43156, 38025]",1,1,1,1,False,False
878,64096,878,64096,878,64096,878,64096,878,64096,"[878, 729, 991, 352, 621]","[64096, 53155, 72080, 26780, 45945]",1,1,1,1,False,False
879,64295,879,64295,879,64295,879,64295,879,64295,"[879, 865, 649, 626, 131]","[64295, 62748, 47293, 46036, 11333]",1,1,1,1,False,False
880,64483,880,64483,880,64483,880,64483,880,64483,"[880, 663, 565, 910, 222]","[64483, 48508, 42642, 66214, 18483]",1,1,1,1,False,False
881,64498,881,64498,881,64498,881,64498,881,64498,"[881, 480, 486, 872, 701]","[64498, 36629, 36974, 63781, 51171]",1,1,1,1,False,False
882,64615,882,64615,882,64615,882,64615,882,64615,"[882, 524, 445, 375, 23]","[64615, 39841, 33189, 28325, 4051]",1,1,1,1,False,False
883,64621,470,35752,883,64621,883,64621,883,64621,"[883, 122, 123, 338, 635]","[64621, 10244, 10393, 25906, 46460]",3,1,1,1,False,False
884,64687,884,64687,884,64687,884,64687,884,64687,"[884, 594, 387, 776, 754]","[64687, 43984, 28898, 56418, 54959]",1,1,1,1,False,False
885,64771,885,64771,885,64771,885,64771,885,64771,"[885, 514, 38, 170, 156]","[64771, 39047, 4892, 14179, 12922]",1,1,1,1,False,False
886,64867,836,60845,886,64867,842,61216,886,64867,"[886, 842, 648, 836, 999]","[64867, 61216, 47290, 60845, 72948]",12,1,10,1,False,False
887,64880,366,27972,366,27972,845,61677,366,27972,"[366, 847, 845, 887, 606]","[27972, 61748, 61677, 64880, 44720]",5,5,29,4,True,False
888,64893,513,38978,129,10907,123,10393,123,10393,"[123, 728, 129, 883, 904]","[10393, 53152, 10907, 64621, 65799]",8,26,3,17,False,False
889,64979,229,19181,5,3157,229,19181,229,19181,"[229, 5, 715, 370, 140]","[19181, 3157, 52328, 28159, 11827]",13,6,7,7,False,False
890,65010,890,65010,890,65010,283,22809,890,65010,"[890, 473, 597, 874, 679]","[65010, 35986, 44107, 63922, 49622]",1,1,2,1,False,False
891,65069,891,65069,891,65069,891,65069,891,65069,"[891, 459, 822, 986, 424]","[65069, 34418, 59699, 71450, 31659]",1,1,1,1,False,False
892,65148,400,29980,892,65148,892,65148,892,65148,"[892, 400, 828, 263, 692]","[65148, 29980, 60251, 21553, 50734]",5,1,1,1,False,False
893,65187,872,63781,84,7954,84,7954,84,7954,"[84, 241, 872, 468, 75]","[7954, 20080, 63781, 35129, 7409]",6,7,7,7,False,False
894,65232,690,50500,894,65232,676,49234,508,38641,"[508, 894, 669, 676, 351]","[38641, 65232, 48681, 49234, 26720]",12,1,10,2,False,False
895,65253,895,65253,895,65253,486,36974,895,65253,"[895, 486, 841, 544, 307]","[65253, 36974, 61177, 41162, 24560]",1,1,4,1,False,False
896,65267,896,65267,896,65267,896,65267,896,65267,"[896, 125, 319, 784, 327]","[65267, 10507, 25250, 56782, 25570]",1,1,1,1,False,False
897,65376,897,65376,897,65376,897,65376,897,65376,"[897, 153, 70, 864, 831]","[65376, 12685, 7039, 62683, 60505]",1,1,1,1,False,False
898,65414,240,20064,898,65414,240,20064,898,65414,"[898, 240, 556, 98, 8]","[65414, 20064, 42126, 8631, 3181]",6,1,2,1,False,False
899,65445,899,65445,997,72605,997,72605,899,65445,"[899, 997, 268, 832, 769]","[65445, 72605, 22138, 60519, 56042]",1,2,2,1,False,False
900,65639,900,65639,982,71229,982,71229,982,71229,"[982, 900, 150, 10, 555]","[71229, 65639, 12487, 3434, 42007]",1,3,4,2,False,False
901,65654,923,66946,901,65654,901,65654,901,65654,"[901, 74, 242, 685, 943]","[65654, 7366, 20206, 49969, 68741]",8,1,1,1,False,False
902,65686,728,53152,902,65686,728,53152,902,65686,"[902, 728, 420, 127, 338]","[65686, 53152, 31123, 10600, 25906]",9,1,2,1,False,False
903,65769,879,64295,903,65769,905,65821,879,64295,"[879, 903, 318, 865, 649]","[64295, 65769, 25205, 62748, 47293]",3,1,7,2,False,False
904,65799,904,65799,393,29660,855,62015,855,62015,"[855, 214, 393, 904, 635]","[62015, 17549, 29660, 65799, 46460]",1,5,2,4,False,False
905,65821,905,65821,905,65821,905,65821,905,65821,"[905, 2, 318, 384, 96]","[65821, 3049, 25205, 28751, 8465]",1,1,1,1,False,False
906,65872,906,65872,152,12634,152,12634,906,65872,"[906, 152, 645, 58, 37]","[65872, 12634, 47070, 6222, 4869]",1,4,6,1,False,False
907,65920,907,65920,959,69813,907,65920,907,65920,"[907, 959, 770, 323, 392]","[65920, 69813, 56066, 25318, 29568]",1,3,1,1,False,False
908,65943,605,44705,206,17048,720,52596,488,37059,"[488, 206, 720, 968, 395]","[37059, 17048, 52596, 70232, 29680]",24,6,6,13,False,False
909,66004,909,66004,909,66004,910,66214,909,66004,"[909, 910, 565, 458, 663]","[66004, 66214, 42642, 34238, 48508]",1,1,2,1,False,False
910,66214,910,66214,565,42642,565,42642,565,42642,"[565, 910, 663, 222, 472]","[42642, 66214, 48508, 18483, 35798]",1,3,3,2,False,False
911,66216,911,66216,911,66216,911,66216,911,66216,"[911, 198, 472, 586, 317]","[66216, 16655, 35798, 43619, 25111]",1,1,1,1,False,False
912,66278,912,66278,912,66278,912,66278,912,66278,"[912, 809, 53, 148, 552]","[66278, 58681, 5714, 12214, 41814]",1,1,1,1,False,False
913,66330,394,29663,913,66330,913,66330,913,66330,"[913, 394, 957, 531, 774]","[66330, 29663, 69616, 40721, 56290]",3,1,1,1,False,False
914,66342,192,16252,914,66342,192,16252,192,16252,"[192, 914, 645, 335, 858]","[16252, 66342, 47070, 25741, 62275]",2,1,2,2,False,False
915,66421,915,66421,915,66421,340,26119,915,66421,"[915, 340, 100, 820, 156]","[66421, 26119, 8807, 59595, 12922]",1,1,2,1,False,False
916,66464,302,24264,916,66464,162,13613,916,66464,"[916, 162, 248, 49, 302]","[66464, 13613, 20650, 5542, 24264]",10,1,4,1,False,False
917,66479,917,66479,917,66479,917,66479,917,66479,"[917, 468, 675, 394, 168]","[66479, 35129, 49156, 29663, 14121]",1,1,1,1,False,False
918,66489,918,66489,393,29660,918,66489,918,66489,"[918, 393, 888, 435, 450]","[66489, 29660, 64893, 32625, 33752]",1,5,1,1,False,False
919,66580,919,66580,919,66580,177,14793,919,66580,"[919, 177, 847, 700, 415]","[66580, 14793, 61748, 51148, 30935]",1,1,7,1,False,False
920,66643,920,66643,920,66643,430,31964,920,66643,"[920, 430, 974, 547, 863]","[66643, 31964, 70585, 41574, 62561]",1,1,2,1,False,False
921,66773,921,66773,7,3171,7,3171,921,66773,"[921, 7, 956, 343, 817]","[66773, 3171, 69614, 26243, 59419]",1,2,3,1,False,False
922,66836,922,66836,922,66836,685,49969,922,66836,"[922, 685, 642, 412, 52]","[66836, 49969, 46835, 30856, 5602]",1,1,4,1,False,False
923,66946,334,25711,923,66946,814,59091,814,59091,"[814, 923, 454, 277, 682]","[59091, 66946, 34080, 22530, 49944]",12,1,2,2,False,False
924,66976,861,62479,827,60186,340,26119,827,60186,"[827, 160, 1, 796, 145]","[60186, 13312, 2990, 57553, 11952]",181,2,31,181,False,False
925,67045,925,67045,129,10907,925,67045,129,10907,"[129, 925, 790, 386, 728]","[10907, 67045, 57046, 28788, 53152]",1,2,1,2,False,False
926,67113,926,67113,926,67113,873,63825,926,67113,"[926, 945, 873, 620, 246]","[67113, 68842, 63825, 45843, 20442]",1,1,10,1,False,False
927,67168,927,67168,624,45999,927,67168,927,67168,"[927, 672, 171, 23, 468]","[67168, 48839, 14443, 4051, 35129]",1,2,1,1,False,False
928,67204,928,67204,928,67204,928,67204,928,67204,"[928, 836, 635, 571, 421]","[67204, 60845, 46460, 42946, 31233]",1,1,1,1,False,False
929,67237,247,20633,152,12634,152,12634,152,12634,"[152, 929, 520, 205, 58]","[12634, 67237, 39402, 16917, 6222]",3,3,2,2,True,False
930,67252,930,67252,930,67252,930,67252,930,67252,"[930, 0, 299, 612, 806]","[67252, 2950, 23993, 45129, 58187]",1,1,1,1,False,False
931,67295,296,23871,931,67295,931,67295,931,67295,"[931, 797, 86, 124, 62]","[67295, 57648, 8109, 10471, 6514]",14,1,1,1,False,False
932,67363,288,22957,512,38853,512,38853,512,38853,"[512, 165, 234, 502, 767]","[38853, 13720, 19573, 38297, 55968]",12,5,10,6,False,False
933,67742,933,67742,933,67742,933,67742,933,67742,"[933, 822, 21, 583, 966]","[67742, 59699, 3913, 43445, 70095]",1,1,1,1,False,False
934,67802,934,67802,934,67802,934,67802,934,67802,"[934, 183, 870, 154, 603]","[67802, 15025, 63449, 12796, 44369]",1,1,1,1,False,False
935,67829,935,67829,935,67829,935,67829,935,67829,"[935, 154, 710, 664, 384]","[67829, 12796, 51983, 48530, 28751]",1,1,1,1,False,False
936,68023,952,69214,952,69214,518,39298,952,69214,"[952, 642, 42, 922, 936]","[69214, 46835, 5204, 66836, 68023]",4,21,63,5,False,False
937,68168,531,40721,730,53157,730,53157,347,26372,"[347, 714, 301, 730, 937]","[26372, 52302, 24214, 53157, 68168]",15,13,23,5,True,False
938,68278,97,8509,172,14528,172,14528,172,14528,"[172, 297, 95, 938, 44]","[14528, 23876, 8435, 68278, 5301]",16,6,2,4,True,False
939,68311,961,69839,914,66342,914,66342,914,66342,"[914, 961, 68, 789, 800]","[66342, 69839, 6801, 56948, 57822]",6,9,67,8,False,False
940,68339,940,68339,940,68339,630,46160,940,68339,"[940, 630, 848, 300, 142]","[68339, 46160, 61752, 24202, 11844]",1,1,3,1,False,False
941,68418,474,36067,941,68418,340,26119,941,68418,"[941, 325, 474, 968, 293]","[68418, 25371, 36067, 70232, 23492]",4,1,2,1,False,False
942,68471,458,34238,942,68471,910,66214,942,68471,"[942, 222, 910, 565, 505]","[68471, 18483, 66214, 42642, 38483]",2,1,4,1,False,False
943,68741,943,68741,419,31064,419,31064,419,31064,"[419, 943, 496, 412, 74]","[31064, 68741, 37927, 30856, 7366]",1,2,2,2,False,False
944,68814,944,68814,944,68814,944,68814,944,68814,"[944, 655, 717, 119, 764]","[68814, 47656, 52394, 10064, 55680]",1,1,1,1,False,False
945,68842,502,38297,945,68842,945,68842,945,68842,"[945, 502, 873, 246, 987]","[68842, 38297, 63825, 20442, 71753]",3,1,1,1,False,False
946,68858,243,20223,749,54698,749,54698,749,54698,"[749, 154, 946, 456, 243]","[54698, 12796, 68858, 34126, 20223]",2,3,4,3,False,False
947,68897,675,49156,136,11635,947,68897,23,4051,"[23, 136, 947, 360, 813]","[4051, 11635, 68897, 27326, 59079]",12,2,1,3,False,False
948,69007,649,47293,471,35790,471,35790,948,69007,"[948, 471, 794, 426, 649]","[69007, 35790, 57478, 31782, 47293]",2,2,10,1,True,True
949,69025,433,32303,949,69025,949,69025,949,69025,"[949, 595, 467, 433, 641]","[69025, 44052, 35094, 32303, 46806]",4,1,1,1,False,False
950,69030,774,56290,950,69030,66,6640,89,8262,"[89, 818, 86, 66, 817]","[8262, 59420, 8109, 6640, 59419]",207,1,8,207,False,False
951,69130,951,69130,951,69130,951,69130,951,69130,"[951, 691, 422, 157, 548]","[69130, 50653, 31349, 12937, 41623]",1,1,1,1,False,False
952,69214,952,69214,952,69214,952,69214,952,69214,"[952, 39, 860, 199, 212]","[69214, 4930, 62365, 16702, 17463]",1,1,1,1,False,False
953,69240,953,69240,953,69240,953,69240,953,69240,"[953, 393, 214, 127, 888]","[69240, 29660, 17549, 10600, 64893]",1,1,1,1,False,False
954,69442,954,69442,954,69442,954,69442,954,69442,"[954, 153, 827, 856, 160]","[69442, 12685, 60186, 62209, 13312]",1,1,1,1,False,False
955,69502,527,40235,498,38025,989,71928,583,43445,"[583, 955, 743, 527, 498]","[43445, 69502, 54147, 40235, 38025]",5,5,4,2,True,False
956,69614,956,69614,956,69614,956,69614,956,69614,"[956, 916, 7, 88, 686]","[69614, 66464, 3171, 8225, 49979]",1,1,1,1,False,False
957,69616,957,69616,957,69616,957,69616,957,69616,"[957, 394, 241, 516, 314]","[69616, 29663, 20080, 39095, 24846]",1,1,1,1,False,False
958,69785,958,69785,958,69785,988,71894,958,69785,"[958, 523, 134, 469, 562]","[69785, 39553, 11566, 35743, 42299]",1,1,2,1,False,False
959,69813,761,55649,959,69813,496,37927,959,69813,"[959, 761, 43, 107, 705]","[69813, 55649, 5285, 9230, 51788]",4,1,6,1,False,False
960,69831,960,69831,960,69831,960,69831,960,69831,"[960, 343, 829, 668, 124]","[69831, 26243, 60305, 48679, 10471]",1,1,1,1,False,False
961,69839,99,8646,99,8646,99,8646,99,8646,"[99, 961, 779, 513, 914]","[8646, 69839, 56670, 38978, 66342]",2,2,4,2,False,False
962,69854,968,70232,962,69854,962,69854,962,69854,"[962, 968, 720, 216, 23]","[69854, 70232, 52596, 17776, 4051]",4,1,1,1,False,False
963,69918,13,3626,399,29919,635,46460,963,69918,"[963, 729, 813, 399, 417]","[69918, 53155, 59079, 29919, 31028]",3,4,44,1,True,True
964,70038,964,70038,964,70038,964,70038,964,70038,"[964, 270, 731, 452, 203]","[70038, 22155, 53270, 33906, 16865]",1,1,1,1,False,False
965,70075,965,70075,965,70075,965,70075,965,70075,"[965, 661, 708, 678, 993]","[70075, 48393, 51928, 49480, 72209]",1,1,1,1,False,False
966,70095,966,70095,966,70095,66,6640,966,70095,"[966, 89, 66, 88, 583]","[70095, 8262, 6640, 8225, 43445]",1,1,2,1,False,False
967,70193,967,70193,967,70193,967,70193,967,70193,"[967, 700, 849, 416, 507]","[70193, 51148, 61797, 30954, 38494]",1,1,1,1,False,False
968,70232,968,70232,968,70232,968,70232,968,70232,"[968, 425, 930, 257, 474]","[70232, 31747, 67252, 21218, 36067]",1,1,1,1,False,False
969,70335,969,70335,969,70335,969,70335,969,70335,"[969, 320, 623, 82, 284]","[70335, 25268, 45982, 7944, 22845]",1,1,1,1,False,False
970,70360,386,28788,970,70360,970,70360,970,70360,"[970, 298, 386, 457, 752]","[70360, 23883, 28788, 34186, 54824]",2,1,1,1,False,False
971,70368,971,70368,971,70368,175,14610,971,70368,"[971, 774, 479, 936, 231]","[70368, 56290, 36623, 68023, 19200]",1,1,27,1,False,False
972,70427,972,70427,972,70427,972,70427,972,70427,"[972, 336, 296, 124, 59]","[70427, 25746, 23871, 10471, 6431]",1,1,1,1,False,False
973,70505,254,21192,973,70505,973,70505,973,70505,"[973, 254, 993, 158, 287]","[70505, 21192, 72209, 13138, 22886]",7,1,1,1,False,False
974,70585,974,70585,974,70585,974,70585,974,70585,"[974, 341, 547, 920, 807]","[70585, 26127, 41574, 66643, 58404]",1,1,1,1,False,False
975,70589,975,70589,975,70589,975,70589,975,70589,"[975, 821, 134, 337, 942]","[70589, 59631, 11566, 25881, 68471]",1,1,1,1,False,False
976,70671,808,58668,976,70671,976,70671,976,70671,"[976, 502, 945, 808, 604]","[70671, 38297, 68842, 58668, 44412]",2,1,1,1,False,False
977,70758,494,37736,977,70758,977,70758,977,70758,"[977, 999, 648, 494, 464]","[70758, 72948, 47290, 37736, 34850]",3,1,1,1,False,False
978,70764,978,70764,978,70764,978,70764,978,70764,"[978, 74, 496, 419, 245]","[70764, 7366, 37927, 31064, 20307]",1,1,1,1,False,False
979,70947,201,16823,979,70947,979,70947,979,70947,"[979, 986, 983, 342, 671]","[70947, 71450, 71232, 26163, 48832]",2,1,1,1,False,False
980,71025,274,22505,980,71025,980,71025,980,71025,"[980, 187, 250, 312, 436]","[71025, 15506, 20738, 24740, 32643]",7,1,1,1,False,False
981,71186,981,71186,981,71186,981,71186,981,71186,"[981, 58, 750, 369, 46]","[71186, 6222, 54743, 28096, 5427]",1,1,1,1,False,False
982,71229,982,71229,982,71229,982,71229,982,71229,"[982, 150, 367, 900, 760]","[71229, 12487, 28024, 65639, 55526]",1,1,1,1,False,False
983,71232,983,71232,979,70947,979,70947,979,70947,"[979, 983, 986, 671, 539]","[70947, 71232, 71450, 48832, 40979]",1,2,3,2,False,False
984,71241,984,71241,984,71241,984,71241,984,71241,"[984, 338, 513, 99, 420]","[71241, 25906, 38978, 8646, 31123]",1,1,1,1,False,False
985,71410,985,71410,985,71410,985,71410,985,71410,"[985, 670, 699, 153, 712]","[71410, 48802, 51077, 12685, 52070]",1,1,1,1,False,False
986,71450,822,59699,986,71450,21,3913,986,71450,"[986, 21, 822, 933, 453]","[71450, 3913, 59699, 67742, 34068]",3,1,2,1,False,False
987,71753,987,71753,987,71753,987,71753,987,71753,"[987, 747, 165, 109, 512]","[71753, 54643, 13720, 9462, 38853]",1,1,1,1,False,False
988,71894,988,71894,988,71894,988,71894,988,71894,"[988, 314, 850, 521, 562]","[71894, 24846, 61801, 39509, 42299]",1,1,1,1,False,False
989,71928,989,71928,989,71928,989,71928,989,71928,"[989, 381, 664, 366, 608]","[71928, 28595, 48530, 27972, 44736]",1,1,1,1,False,False
990,72015,990,72015,990,72015,518,39298,990,72015,"[990, 107, 814, 412, 377]","[72015, 9230, 59091, 30856, 28349]",1,1,25,1,False,False
991,72080,991,72080,991,72080,991,72080,991,72080,"[991, 48, 621, 92, 968]","[72080, 5502, 45945, 8387, 70232]",1,1,1,1,False,False
992,72170,992,72170,992,72170,992,72170,992,72170,"[992, 879, 70, 131, 907]","[72170, 64295, 7039, 11333, 65920]",1,1,1,1,False,False
993,72209,993,72209,993,72209,993,72209,993,72209,"[993, 223, 973, 756, 507]","[72209, 18505, 70505, 55107, 38494]",1,1,1,1,False,False
994,72257,994,72257,994,72257,994,72257,994,72257,"[994, 499, 596, 637, 500]","[72257, 38060, 44097, 46480, 38246]",1,1,1,1,False,False
995,72312,995,72312,995,72312,995,72312,995,72312,"[995, 539, 983, 501, 979]","[72312, 40979, 71232, 38278, 70947]",1,1,1,1,False,False
996,72510,14,3682,491,37436,491,37436,491,37436,"[491, 14, 996, 692, 518]","[37436, 3682, 72510, 50734, 39298]",4,2,4,3,False,False
997,72605,997,72605,997,72605,997,72605,997,72605,"[997, 268, 769, 899, 482]","[72605, 22138, 56042, 65445, 36731]",1,1,1,1,False,False
998,72719,182,15003,19,3847,19,3847,19,3847,"[19, 182, 470, 752, 757]","[3847, 15003, 35752, 54824, 55163]",49,5,95,14,False,False
999,72948,999,72948,999,72948,999,72948,999,72948,"[999, 855, 842, 214, 127]","[72948, 62015, 61216, 17549, 10600]",1,1,1,1,False,False
