subject,roi,fold,pair,id1,id2,s1,s2,s2_over_s1,singular_gap,outside_leak,source_deltanat_sha256,ok
subj01,ventral,0,0,A:H,B:C,10.098123909109164,6.5394271365333925,0.64758832387018,0.3524116761298201,2.480654570646834e-16,a4858677fd0ea9a4e6e80d7cdb44d0c461f9d04ca9469d05f3253451ee6e6ecc,1
subj01,ventral,0,1,A:H,B:D,9.746910042619366,7.611813543000641,0.7809463214205532,0.21905367857944683,3.452099717193846e-16,a4858677fd0ea9a4e6e80d7cdb44d0c461f9d04ca9469d05f3253451ee6e6ecc,1
subj01,ventral,0,2,A:H,B:K,10.000268102585899,7.707894517410111,0.7707687872305125,0.2292312127694876,2.2101461286117008e-16,a4858677fd0ea9a4e6e80d7cdb44d0c461f9d04ca9469d05f3253451ee6e6ecc,1
subj01,ventral,0,3,A:H,B:T,9.697737970195046,6.823904267330918,0.7036593779192069,0.29634062208079315,2.957703526540456e-16,a4858677fd0ea9a4e6e80d7cdb44d0c461f9d04ca9469d05f3253451ee6e6ecc,1
subj01,ventral,0,4,A:H,B:W,9.88757048364111,6.593841696469888,0.6668818904886025,0.3331181095113976,3.0184188481996443e-16,a4858677fd0ea9a4e6e80d7cdb44d0c461f9d04ca9469d05f3253451ee6e6ecc,1
subj01,ventral,0,5,A:L,B:C,9.95219714750509,6.402994685599844,0.643374984508321,0.356625015491679,3.0292608699244994e-16,a4858677fd0ea9a4e6e80d7cdb44d0c461f9d04ca9469d05f3253451ee6e6ecc,1
subj01,ventral,0,6,A:L,B:D,9.416061511252492,7.719332980090215,0.8198048590554944,0.1801951409445056,4.0911691352382706e-16,a4858677fd0ea9a4e6e80d7cdb44d0c461f9d04ca9469d05f3253451ee6e6ecc,1
subj01,ventral,0,7,A:L,B:K,10.126673588398456,7.223284384407674,0.7132929013020597,0.2867070986979403,2.8102520310824275e-16,a4858677fd0ea9a4e6e80d7cdb44d0c461f9d04ca9469d05f3253451ee6e6ecc,1
subj01,ventral,0,8,A:L,B:T,9.38090061552439,6.922344261793893,0.7379189424881181,0.26208105751188193,3.9942008034365983e-16,a4858677fd0ea9a4e6e80d7cdb44d0c461f9d04ca9469d05f3253451ee6e6ecc,1
subj01,ventral,0,9,A:L,B:W,9.632550311062708,6.61552175877295,0.6867881864240265,0.3132118135759735,3.8359072862537147e-16,a4858677fd0ea9a4e6e80d7cdb44d0c461f9d04ca9469d05f3253451ee6e6ecc,1
subj01,ventral,0,10,A:P,B:C,9.94878669067207,6.630485446743089,0.666461715674314,0.333538284325686,2.992397996059992e-16,a4858677fd0ea9a4e6e80d7cdb44d0c461f9d04ca9469d05f3253451ee6e6ecc,1
subj01,ventral,0,11,A:P,B:D,9.573080739777135,7.7138554601602705,0.805786106880767,0.19421389311923298,3.894454203567932e-16,a4858677fd0ea9a4e6e80d7cdb44d0c461f9d04ca9469d05f3253451ee6e6ecc,1
subj01,ventral,0,12,A:P,B:K,10.107415671683544,7.447323584559611,0.7368177807729507,0.2631822192270493,2.957703526540456e-16,a4858677fd0ea9a4e6e80d7cdb44d0c461f9d04ca9469d05f3253451ee6e6ecc,1
subj01,ventral,0,13,A:P,B:T,9.533186550279202,6.923555842487999,0.7262582984159924,0.2737417015840075,3.720981855970251e-16,a4858677fd0ea9a4e6e80d7cdb44d0c461f9d04ca9469d05f3253451ee6e6ecc,1
subj01,ventral,0,14,A:P,B:W,9.561872550892105,6.929565053146267,0.7247079498565113,0.2752920501434887,3.8510861166685117e-16,a4858677fd0ea9a4e6e80d7cdb44d0c461f9d04ca9469d05f3253451ee6e6ecc,1
subj01,ventral,0,15,A:R,B:C,9.57684433411702,5.710119688676881,0.5962422995991352,0.4037577004008648,2.174909558005922e-16,a4858677fd0ea9a4e6e80d7cdb44d0c461f9d04ca9469d05f3253451ee6e6ecc,1
subj01,ventral,0,16,A:R,B:D,9.161022580624644,6.971572747291727,0.761003772879727,0.23899622712027302,2.6281060661048627e-16,a4858677fd0ea9a4e6e80d7cdb44d0c461f9d04ca9469d05f3253451ee6e6ecc,1
subj01,ventral,0,17,A:R,B:K,9.766064664116273,6.60501184651401,0.6763227639463613,0.32367723605363874,2.2985086056692694e-16,a4858677fd0ea9a4e6e80d7cdb44d0c461f9d04ca9469d05f3253451ee6e6ecc,1
subj01,ventral,0,18,A:R,B:T,8.881230937229166,6.428120155149289,0.7237870741772179,0.27621292582278206,2.5847379792054426e-16,a4858677fd0ea9a4e6e80d7cdb44d0c461f9d04ca9469d05f3253451ee6e6ecc,1
subj01,ventral,0,19,A:R,B:W,8.930647246792773,6.4087080321701,0.7176084616343607,0.28239153836563935,2.6020852139652106e-16,a4858677fd0ea9a4e6e80d7cdb44d0c461f9d04ca9469d05f3253451ee6e6ecc,1
subj01,ventral,0,20,A:V,B:C,9.923826198712177,6.212067014353798,0.6259749908921161,0.3740250091078839,2.732189474663471e-16,a4858677fd0ea9a4e6e80d7cdb44d0c461f9d04ca9469d05f3253451ee6e6ecc,1
subj01,ventral,0,21,A:V,B:D,9.404983360312183,7.538178695141845,0.8015089879852405,0.19849101201475947,2.7929047963226594e-16,a4858677fd0ea9a4e6e80d7cdb44d0c461f9d04ca9469d05f3253451ee6e6ecc,1
subj01,ventral,0,22,A:V,B:K,9.474592327886935,7.873054648024556,0.8309650036183075,0.16903499638169248,3.3480163086352377e-16,a4858677fd0ea9a4e6e80d7cdb44d0c461f9d04ca9469d05f3253451ee6e6ecc,1
subj01,ventral,0,23,A:V,B:T,9.295383971507794,6.822280943043394,0.7339428864859209,0.2660571135140791,3.4954678040932663e-16,a4858677fd0ea9a4e6e80d7cdb44d0c461f9d04ca9469d05f3253451ee6e6ecc,1
subj01,ventral,0,24,A:V,B:W,9.471928154886506,6.622783755420476,0.6992012235654285,0.3007987764345716,3.2959746043559335e-16,a4858677fd0ea9a4e6e80d7cdb44d0c461f9d04ca9469d05f3253451ee6e6ecc,1
subj01,ventral,1,0,A:E,B:B,8.88600290656116,6.693543745385247,0.7532682372231652,0.24673176277683484,1.973247953923618e-16,47ae657679c8cb2d57f5dad88cda5edc0c39a165dcfa7c3c3d132adcec56f22a,1
subj01,ventral,1,1,A:E,B:D,9.273015430144804,7.217999623671839,0.778387535106164,0.221612464893836,1.9892229953088342e-16,47ae657679c8cb2d57f5dad88cda5edc0c39a165dcfa7c3c3d132adcec56f22a,1
subj01,ventral,1,2,A:E,B:K,10.01311218817751,7.677021700870881,0.7666968627331617,0.2333031372668383,2.3678975447083417e-16,47ae657679c8cb2d57f5dad88cda5edc0c39a165dcfa7c3c3d132adcec56f22a,1
subj01,ventral,1,3,A:E,B:T,9.385906368894412,6.799143418410033,0.7243992376637057,0.27560076233629427,2.342960894741175e-16,47ae657679c8cb2d57f5dad88cda5edc0c39a165dcfa7c3c3d132adcec56f22a,1
subj01,ventral,1,4,A:E,B:W,9.147802114658273,6.5390968365419795,0.7148270977641558,0.2851729022358443,2.42861286636753e-16,47ae657679c8cb2d57f5dad88cda5edc0c39a165dcfa7c3c3d132adcec56f22a,1
subj01,ventral,1,5,A:L,B:B,9.460339123595205,6.6354558788341995,0.70139725353868,0.29860274646132,2.8059152223924855e-16,47ae657679c8cb2d57f5dad88cda5edc0c39a165dcfa7c3c3d132adcec56f22a,1
subj01,ventral,1,6,A:L,B:D,9.84340151751416,7.13852196372698,0.7252088570221946,0.2747911429778054,2.649790109554573e-16,47ae657679c8cb2d57f5dad88cda5edc0c39a165dcfa7c3c3d132adcec56f22a,1
subj01,ventral,1,7,A:L,B:K,10.891903991009723,7.094238568435661,0.6513313534797323,0.3486686465202677,1.8480226030015423e-16,47ae657679c8cb2d57f5dad88cda5edc0c39a165dcfa7c3c3d132adcec56f22a,1
subj01,ventral,1,8,A:L,B:T,9.796784239493421,6.936088500095465,0.7079964537888119,0.29200354621118807,2.972611306412132e-16,47ae657679c8cb2d57f5dad88cda5edc0c39a165dcfa7c3c3d132adcec56f22a,1
subj01,ventral,1,9,A:L,B:W,9.865004757928855,6.235901508141615,0.6321235175410939,0.3678764824589061,3.0726289568239196e-16,47ae657679c8cb2d57f5dad88cda5edc0c39a165dcfa7c3c3d132adcec56f22a,1
subj01,ventral,1,10,A:P,B:B,9.303844924665984,6.833230111941356,0.7344522793824054,0.26554772061759463,3.660266534311063e-16,47ae657679c8cb2d57f5dad88cda5edc0c39a165dcfa7c3c3d132adcec56f22a,1
subj01,ventral,1,11,A:P,B:D,9.683388803021664,7.335550670721377,0.7575396196455879,0.24246038035441206,3.5041414214731503e-16,47ae657679c8cb2d57f5dad88cda5edc0c39a165dcfa7c3c3d132adcec56f22a,1
subj01,ventral,1,12,A:P,B:K,10.6585864964808,7.421832684983161,0.6963242909773886,0.3036757090226114,1.8041124150158794e-16,47ae657679c8cb2d57f5dad88cda5edc0c39a165dcfa7c3c3d132adcec56f22a,1
subj01,ventral,1,13,A:P,B:T,9.734104547254306,7.004340573605765,0.7195670171409321,0.28043298285906787,3.2612801348363973e-16,47ae657679c8cb2d57f5dad88cda5edc0c39a165dcfa7c3c3d132adcec56f22a,1
subj01,ventral,1,14,A:P,B:W,9.56229826564104,6.670420636190329,0.6975750442922578,0.30242495570774214,3.703634621210483e-16,47ae657679c8cb2d57f5dad88cda5edc0c39a165dcfa7c3c3d132adcec56f22a,1
subj01,ventral,1,15,A:R,B:B,8.969991620667843,6.231755763834627,0.6947337330255672,0.3052662669744329,2.5326962749261384e-16,47ae657679c8cb2d57f5dad88cda5edc0c39a165dcfa7c3c3d132adcec56f22a,1
subj01,ventral,1,16,A:R,B:D,9.5824060266476,6.465043118466906,0.6746784785040776,0.32532152149592247,2.38524477946811e-16,47ae657679c8cb2d57f5dad88cda5edc0c39a165dcfa7c3c3d132adcec56f22a,1
subj01,ventral,1,17,A:R,B:K,10.516540680909394,6.643222414129106,0.6316927415293988,0.36830725847060114,2.1597307275911248e-16,47ae657679c8cb2d57f5dad88cda5edc0c39a165dcfa7c3c3d132adcec56f22a,1
subj01,ventral,1,18,A:R,B:T,9.349566849998014,6.514609992571884,0.6967820110910559,0.3032179889089442,2.181414771040835e-16,47ae657679c8cb2d57f5dad88cda5edc0c39a165dcfa7c3c3d132adcec56f22a,1
subj01,ventral,1,19,A:R,B:W,9.154355140199318,6.178252745061838,0.6748976471244176,0.32510235287558237,2.8275992658421956e-16,47ae657679c8cb2d57f5dad88cda5edc0c39a165dcfa7c3c3d132adcec56f22a,1
subj01,ventral,1,20,A:V,B:B,9.440879532471367,6.618034131601903,0.7009976251512957,0.2990023748487043,2.1597307275911248e-16,47ae657679c8cb2d57f5dad88cda5edc0c39a165dcfa7c3c3d132adcec56f22a,1
subj01,ventral,1,21,A:V,B:D,9.712927304864854,7.274021136367865,0.7489010169698862,0.2510989830301138,1.8735013540549517e-16,47ae657679c8cb2d57f5dad88cda5edc0c39a165dcfa7c3c3d132adcec56f22a,1
subj01,ventral,1,22,A:V,B:K,10.263650843773929,7.938548723328176,0.7734624690729623,0.2265375309270377,1.7520707107365752e-16,47ae657679c8cb2d57f5dad88cda5edc0c39a165dcfa7c3c3d132adcec56f22a,1
subj01,ventral,1,23,A:V,B:T,9.780099765544263,6.916447408362723,0.7071959973997077,0.2928040026002922,2.0903417885520525e-16,47ae657679c8cb2d57f5dad88cda5edc0c39a165dcfa7c3c3d132adcec56f22a,1
subj01,ventral,1,24,A:V,B:W,9.696253812754376,6.4489332103962065,0.6650953383577202,0.3349046616422798,2.0729945537922845e-16,47ae657679c8cb2d57f5dad88cda5edc0c39a165dcfa7c3c3d132adcec56f22a,1
subj01,ventral,2,0,A:E,B:B,8.549933049333072,6.910799304497191,0.808286949689771,0.19171305031022903,3.3219954564955856e-16,ea7578340b20099bd478df21223187886aa98f0f8b98282a0789a91701cb46bb,1
subj01,ventral,2,1,A:E,B:C,9.035472070292931,6.896642044558867,0.7632851931703527,0.23671480682964727,2.688821387764051e-16,ea7578340b20099bd478df21223187886aa98f0f8b98282a0789a91701cb46bb,1
subj01,ventral,2,2,A:E,B:K,9.157723468049872,7.726698461296273,0.8437357262701519,0.15626427372984805,3.443426099813962e-16,ea7578340b20099bd478df21223187886aa98f0f8b98282a0789a91701cb46bb,1
subj01,ventral,2,3,A:E,B:T,8.825688239110999,6.823970899168649,0.7731941933919954,0.22680580660800462,4.0505793164058446e-16,ea7578340b20099bd478df21223187886aa98f0f8b98282a0789a91701cb46bb,1
subj01,ventral,2,4,A:E,B:W,8.751767720367734,6.698403923504,0.7653772514911473,0.2346227485088527,4.0462425077159025e-16,ea7578340b20099bd478df21223187886aa98f0f8b98282a0789a91701cb46bb,1
subj01,ventral,2,5,A:H,B:B,9.329568666892888,6.937531613242503,0.7436068976973372,0.2563931023026627,3.0878077872387166e-16,ea7578340b20099bd478df21223187886aa98f0f8b98282a0789a91701cb46bb,1
subj01,ventral,2,6,A:H,B:C,10.069998597517198,6.489086953471518,0.6443979997247895,0.3556020002752105,2.498001805406602e-16,ea7578340b20099bd478df21223187886aa98f0f8b98282a0789a91701cb46bb,1
subj01,ventral,2,7,A:H,B:K,9.95813078843927,7.662316467576847,0.7694532870036502,0.2305467129963498,2.264356237235976e-16,ea7578340b20099bd478df21223187886aa98f0f8b98282a0789a91701cb46bb,1
subj01,ventral,2,8,A:H,B:T,9.626031694452568,6.790328398830894,0.7054130522699323,0.29458694773006766,3.426078865054194e-16,ea7578340b20099bd478df21223187886aa98f0f8b98282a0789a91701cb46bb,1
subj01,ventral,2,9,A:H,B:W,9.842323975411253,6.2370190264758065,0.6336937335183785,0.36630626648162146,3.41740524767431e-16,ea7578340b20099bd478df21223187886aa98f0f8b98282a0789a91701cb46bb,1
subj01,ventral,2,10,A:P,B:B,9.108118660317613,7.030765148054365,0.7719228756522581,0.22807712434774186,4.163336342344337e-16,ea7578340b20099bd478df21223187886aa98f0f8b98282a0789a91701cb46bb,1
subj01,ventral,2,11,A:P,B:C,9.83445679162055,6.634445610597337,0.6746123096753261,0.32538769032467385,3.677613769070831e-16,ea7578340b20099bd478df21223187886aa98f0f8b98282a0789a91701cb46bb,1
subj01,ventral,2,12,A:P,B:K,9.985315013833308,7.442327204980294,0.7453272325079332,0.2546727674920668,3.0097452308197603e-16,ea7578340b20099bd478df21223187886aa98f0f8b98282a0789a91701cb46bb,1
subj01,ventral,2,13,A:P,B:T,9.382862375725386,6.924610262482995,0.7380061632788956,0.2619938367211045,4.44956571588051e-16,ea7578340b20099bd478df21223187886aa98f0f8b98282a0789a91701cb46bb,1
subj01,ventral,2,14,A:P,B:W,9.356187352825335,6.741868694577251,0.7205786331909413,0.27942136680905877,4.761815941556335e-16,ea7578340b20099bd478df21223187886aa98f0f8b98282a0789a91701cb46bb,1
subj01,ventral,2,15,A:R,B:B,8.788369105008073,6.3631134105769505,0.7240380250928372,0.2759619749071628,2.7972416050126014e-16,ea7578340b20099bd478df21223187886aa98f0f8b98282a0789a91701cb46bb,1
subj01,ventral,2,16,A:R,B:C,9.75770936289905,5.554698609251521,0.5692625597531838,0.4307374402468162,1.9353008778866254e-16,ea7578340b20099bd478df21223187886aa98f0f8b98282a0789a91701cb46bb,1
subj01,ventral,2,17,A:R,B:K,9.932454187619859,6.463456015670729,0.6507410850912351,0.34925891490876493,2.680147770384167e-16,ea7578340b20099bd478df21223187886aa98f0f8b98282a0789a91701cb46bb,1
subj01,ventral,2,18,A:R,B:T,9.022769947814202,6.317682788975047,0.7001932694189468,0.29980673058105317,2.5825695748604716e-16,ea7578340b20099bd478df21223187886aa98f0f8b98282a0789a91701cb46bb,1
subj01,ventral,2,19,A:R,B:W,9.109716328443668,5.944683624515195,0.6525651743901012,0.34743482560989875,2.7929047963226594e-16,ea7578340b20099bd478df21223187886aa98f0f8b98282a0789a91701cb46bb,1
subj01,ventral,2,20,A:V,B:B,9.442894122247585,6.714922897003497,0.711108565877388,0.28889143412261203,3.0184188481996443e-16,ea7578340b20099bd478df21223187886aa98f0f8b98282a0789a91701cb46bb,1
subj01,ventral,2,21,A:V,B:C,10.20822470795723,6.196249839801116,0.6069860349930569,0.3930139650069431,2.654126918244515e-16,ea7578340b20099bd478df21223187886aa98f0f8b98282a0789a91701cb46bb,1
subj01,ventral,2,22,A:V,B:K,9.725984739564266,7.897399940258543,0.811989752372607,0.18801024762739302,2.714842239903703e-16,ea7578340b20099bd478df21223187886aa98f0f8b98282a0789a91701cb46bb,1
subj01,ventral,2,23,A:V,B:T,9.557207557151795,6.820342526425373,0.713633400304424,0.28636659969557604,3.226585665316861e-16,ea7578340b20099bd478df21223187886aa98f0f8b98282a0789a91701cb46bb,1
subj01,ventral,2,24,A:V,B:W,9.684066913016084,6.409277503703103,0.6618373831234656,0.33816261687653437,3.7296554733501353e-16,ea7578340b20099bd478df21223187886aa98f0f8b98282a0789a91701cb46bb,1
subj01,ventral,3,0,A:E,B:B,8.848973158487372,6.839512259882689,0.7729159233941922,0.22708407660580776,3.207070026212122e-16,29a9e6358060b86b1c73255a7a1ddffe06415d20caf3daf2457bcfd5abb90477,1
subj01,ventral,3,1,A:E,B:C,9.278849878457958,7.207160700162889,0.7767299605628105,0.2232700394371895,2.7056265214375763e-16,29a9e6358060b86b1c73255a7a1ddffe06415d20caf3daf2457bcfd5abb90477,1
subj01,ventral,3,2,A:E,B:D,9.361595488611822,7.191327710183567,0.7681733011142877,0.23182669888571225,2.793582422680463e-16,29a9e6358060b86b1c73255a7a1ddffe06415d20caf3daf2457bcfd5abb90477,1
subj01,ventral,3,3,A:E,B:T,9.324406445425257,6.775157764516115,0.7266047232250525,0.2733952767749474,3.3952468657741375e-16,29a9e6358060b86b1c73255a7a1ddffe06415d20caf3daf2457bcfd5abb90477,1
subj01,ventral,3,4,A:E,B:W,9.14130297838629,6.549300298605933,0.7164515074154207,0.28354849258457926,3.0032400177848473e-16,29a9e6358060b86b1c73255a7a1ddffe06415d20caf3daf2457bcfd5abb90477,1
subj01,ventral,3,5,A:H,B:B,9.691871464824871,6.845132698513606,0.706275637616217,0.2937243623837829,2.2985086056692694e-16,29a9e6358060b86b1c73255a7a1ddffe06415d20caf3daf2457bcfd5abb90477,1
subj01,ventral,3,6,A:H,B:C,10.409900952259964,6.7364042951191685,0.6471151191555489,0.3528848808444511,2.0469737016526324e-16,29a9e6358060b86b1c73255a7a1ddffe06415d20caf3daf2457bcfd5abb90477,1
subj01,ventral,3,7,A:H,B:D,10.236765500649563,7.0900110472828874,0.6926026631002731,0.3073973368997269,2.172741153660951e-16,29a9e6358060b86b1c73255a7a1ddffe06415d20caf3daf2457bcfd5abb90477,1
subj01,ventral,3,8,A:H,B:T,10.120733100841603,6.7913945573299905,0.6710378081964481,0.32896219180355196,2.242130092700023e-16,29a9e6358060b86b1c73255a7a1ddffe06415d20caf3daf2457bcfd5abb90477,1
subj01,ventral,3,9,A:H,B:W,10.224817736382038,6.1330919640889405,0.5998240870608498,0.4001759129391502,2.42861286636753e-16,29a9e6358060b86b1c73255a7a1ddffe06415d20caf3daf2457bcfd5abb90477,1
subj01,ventral,3,10,A:L,B:B,9.209587289988834,6.800651444946667,0.7384317267223506,0.2615682732776495,3.380542373809803e-16,29a9e6358060b86b1c73255a7a1ddffe06415d20caf3daf2457bcfd5abb90477,1
subj01,ventral,3,11,A:L,B:C,10.061745188619337,6.540918008895298,0.6500778827408207,0.3499221172591793,2.6194324487249787e-16,29a9e6358060b86b1c73255a7a1ddffe06415d20caf3daf2457bcfd5abb90477,1
subj01,ventral,3,12,A:L,B:D,9.701249426216853,7.156991554615806,0.7377391550488959,0.2622608449511042,2.949029909160572e-16,29a9e6358060b86b1c73255a7a1ddffe06415d20caf3daf2457bcfd5abb90477,1
subj01,ventral,3,13,A:L,B:T,9.600216010270174,6.831198655037553,0.7115671822102372,0.2884328177897628,3.397889608569571e-16,29a9e6358060b86b1c73255a7a1ddffe06415d20caf3daf2457bcfd5abb90477,1
subj01,ventral,3,14,A:L,B:W,9.77215626815222,6.0781428602535055,0.6219858436016188,0.37801415639838115,3.3458479042902667e-16,29a9e6358060b86b1c73255a7a1ddffe06415d20caf3daf2457bcfd5abb90477,1
subj01,ventral,3,15,A:R,B:B,8.743867862597192,6.3361755988076265,0.7246421947787294,0.2753578052212706,2.8059152223924855e-16,29a9e6358060b86b1c73255a7a1ddffe06415d20caf3daf2457bcfd5abb90477,1
subj01,ventral,3,16,A:R,B:C,9.90032534888234,5.616304026312952,0.5672847940241664,0.4327152059758336,2.089257586379567e-16,29a9e6358060b86b1c73255a7a1ddffe06415d20caf3daf2457bcfd5abb90477,1
subj01,ventral,3,17,A:R,B:D,9.460949344787833,6.431500161531487,0.6797943765627166,0.3202056234372835,1.9905951886833861e-16,29a9e6358060b86b1c73255a7a1ddffe06415d20caf3daf2457bcfd5abb90477,1
subj01,ventral,3,18,A:R,B:T,9.114017076391743,6.426593462292475,0.7051329187147821,0.29486708128521794,2.6733715068061326e-16,29a9e6358060b86b1c73255a7a1ddffe06415d20caf3daf2457bcfd5abb90477,1
subj01,ventral,3,19,A:R,B:W,9.09980501627853,5.930379053185008,0.6517039697637724,0.3482960302362276,2.3028454143592114e-16,29a9e6358060b86b1c73255a7a1ddffe06415d20caf3daf2457bcfd5abb90477,1
subj01,ventral,3,20,A:V,B:B,9.333976502741844,6.681324185222333,0.7158068357317701,0.28419316426823,2.706168622523819e-16,29a9e6358060b86b1c73255a7a1ddffe06415d20caf3daf2457bcfd5abb90477,1
subj01,ventral,3,21,A:V,B:C,10.247604851949822,6.30133093340481,0.6149076808134195,0.38509231918658043,2.1423834928313568e-16,29a9e6358060b86b1c73255a7a1ddffe06415d20caf3daf2457bcfd5abb90477,1
subj01,ventral,3,22,A:V,B:D,9.673101866941735,7.243322504795556,0.7488107335610658,0.25118926643893424,2.3592239273284576e-16,29a9e6358060b86b1c73255a7a1ddffe06415d20caf3daf2457bcfd5abb90477,1
subj01,ventral,3,23,A:V,B:T,9.589315346208826,6.897267994908794,0.7192659481821772,0.28073405181782285,2.7582103268031233e-16,29a9e6358060b86b1c73255a7a1ddffe06415d20caf3daf2457bcfd5abb90477,1
subj01,ventral,3,24,A:V,B:W,9.646793455443259,6.330567658673994,0.6562354307588014,0.3437645692411985,2.5673907444456745e-16,29a9e6358060b86b1c73255a7a1ddffe06415d20caf3daf2457bcfd5abb90477,1
subj01,ventral,4,0,A:E,B:B,8.71184643659965,6.70429706871355,0.7695609785484611,0.230439021451539,3.872770160118222e-16,1a07a6781afba4f6732ff9d4af3708d79d1bb6f6873a88fc17c412f2e8d1d4fa,1
subj01,ventral,4,1,A:E,B:C,9.229623341959666,6.936410210336383,0.7515377338100149,0.24846226618998513,2.4708967510944646e-16,1a07a6781afba4f6732ff9d4af3708d79d1bb6f6873a88fc17c412f2e8d1d4fa,1
subj01,ventral,4,2,A:E,B:D,9.014558573358075,7.248345793756751,0.8040710740045277,0.19592892599547226,2.766274080460984e-16,1a07a6781afba4f6732ff9d4af3708d79d1bb6f6873a88fc17c412f2e8d1d4fa,1
subj01,ventral,4,3,A:E,B:K,9.228977008732022,7.673592203840741,0.8314672575931602,0.16853274240683982,3.5822039778921066e-16,1a07a6781afba4f6732ff9d4af3708d79d1bb6f6873a88fc17c412f2e8d1d4fa,1
subj01,ventral,4,4,A:E,B:W,8.963384473529098,6.825301824010928,0.7614648065323527,0.23853519346764734,3.178880769727499e-16,1a07a6781afba4f6732ff9d4af3708d79d1bb6f6873a88fc17c412f2e8d1d4fa,1
subj01,ventral,4,5,A:H,B:B,9.48760067592923,6.762378039749549,0.7127595554170214,0.2872404445829786,2.8189256484623115e-16,1a07a6781afba4f6732ff9d4af3708d79d1bb6f6873a88fc17c412f2e8d1d4fa,1
subj01,ventral,4,6,A:H,B:C,10.269794115323794,6.536934930630018,0.6365205433744877,0.3634794566255123,2.454633718507182e-16,1a07a6781afba4f6732ff9d4af3708d79d1bb6f6873a88fc17c412f2e8d1d4fa,1
subj01,ventral,4,7,A:H,B:D,9.856522316357328,7.179847259061249,0.7284361591862862,0.27156384081371376,2.896988204881268e-16,1a07a6781afba4f6732ff9d4af3708d79d1bb6f6873a88fc17c412f2e8d1d4fa,1
subj01,ventral,4,8,A:H,B:K,10.074122517517443,7.580933007125329,0.7525154666268136,0.24748453337318643,2.411265631607762e-16,1a07a6781afba4f6732ff9d4af3708d79d1bb6f6873a88fc17c412f2e8d1d4fa,1
subj01,ventral,4,9,A:H,B:W,10.064981305291033,6.365816000421001,0.6324717162737871,0.367528283726213,3.0444397003392965e-16,1a07a6781afba4f6732ff9d4af3708d79d1bb6f6873a88fc17c412f2e8d1d4fa,1
subj01,ventral,4,10,A:L,B:B,9.149651230558497,6.701405418514984,0.7324219524492114,0.2675780475507886,3.434752482434078e-16,1a07a6781afba4f6732ff9d4af3708d79d1bb6f6873a88fc17c412f2e8d1d4fa,1
subj01,ventral,4,11,A:L,B:C,10.057429998288876,6.3189334680570886,0.6282851055520309,0.3717148944479691,2.756584023544395e-16,1a07a6781afba4f6732ff9d4af3708d79d1bb6f6873a88fc17c412f2e8d1d4fa,1
subj01,ventral,4,12,A:L,B:D,9.447938505780245,7.233140791736129,0.7655787331078516,0.23442126689214837,3.7947076036992655e-16,1a07a6781afba4f6732ff9d4af3708d79d1bb6f6873a88fc17c412f2e8d1d4fa,1
subj01,ventral,4,13,A:L,B:K,10.128629359514658,7.017833422063736,0.6928709870769736,0.30712901292302636,2.5717275531356165e-16,1a07a6781afba4f6732ff9d4af3708d79d1bb6f6873a88fc17c412f2e8d1d4fa,1
subj01,ventral,4,14,A:L,B:W,9.737504935643097,6.315780913013308,0.6486036160962616,0.3513963839037384,3.619066851756614e-16,1a07a6781afba4f6732ff9d4af3708d79d1bb6f6873a88fc17c412f2e8d1d4fa,1
subj01,ventral,4,15,A:P,B:B,9.130094525391263,6.893563936694536,0.7550375209723382,0.2449624790276618,3.86843335142828e-16,1a07a6781afba4f6732ff9d4af3708d79d1bb6f6873a88fc17c412f2e8d1d4fa,1
subj01,ventral,4,16,A:P,B:C,9.844695311669824,6.813052923052306,0.6920532030052943,0.30794679699470573,3.2526065174565133e-16,1a07a6781afba4f6732ff9d4af3708d79d1bb6f6873a88fc17c412f2e8d1d4fa,1
subj01,ventral,4,17,A:P,B:D,9.380818222693868,7.472416929117998,0.7965634501946633,0.20343654980533665,3.9118014383277e-16,1a07a6781afba4f6732ff9d4af3708d79d1bb6f6873a88fc17c412f2e8d1d4fa,1
subj01,ventral,4,18,A:P,B:K,9.978465258361219,7.384053581715645,0.7399989267416001,0.2600010732583999,3.7296554733501353e-16,1a07a6781afba4f6732ff9d4af3708d79d1bb6f6873a88fc17c412f2e8d1d4fa,1
subj01,ventral,4,19,A:P,B:W,9.381223510466686,6.996830277149529,0.7458334479871548,0.25416655201284516,4.0939474033052647e-16,1a07a6781afba4f6732ff9d4af3708d79d1bb6f6873a88fc17c412f2e8d1d4fa,1
subj01,ventral,4,20,A:V,B:B,9.250550368476436,6.655638638217184,0.7194856925375962,0.28051430746240386,3.217912047936977e-16,1a07a6781afba4f6732ff9d4af3708d79d1bb6f6873a88fc17c412f2e8d1d4fa,1
subj01,ventral,4,21,A:V,B:C,10.126123467764799,6.307748999277191,0.6229184365919586,0.3770815634080414,2.411265631607762e-16,1a07a6781afba4f6732ff9d4af3708d79d1bb6f6873a88fc17c412f2e8d1d4fa,1
subj01,ventral,4,22,A:V,B:D,9.444711502184864,7.322878391770925,0.7753416703175009,0.22465832968249913,2.697495005143935e-16,1a07a6781afba4f6732ff9d4af3708d79d1bb6f6873a88fc17c412f2e8d1d4fa,1
subj01,ventral,4,23,A:V,B:K,9.574029904240069,7.837239667960934,0.8185936064906211,0.18140639350937887,3.174543961037557e-16,1a07a6781afba4f6732ff9d4af3708d79d1bb6f6873a88fc17c412f2e8d1d4fa,1
subj01,ventral,4,24,A:V,B:W,9.610596282875298,6.60225609761745,0.6869767393498489,0.3130232606501511,3.0010716134398763e-16,1a07a6781afba4f6732ff9d4af3708d79d1bb6f6873a88fc17c412f2e8d1d4fa,1
subj01,ventral,5,0,A:E,B:B,8.690308606129332,6.556941616459673,0.7545119412485558,0.24548805875144422,3.836720437883079e-16,2a4c09abbb2fcd8606a6d739d68c7506ea48a2f7e340894279376ae2688d0147,1
subj01,ventral,5,1,A:E,B:C,9.242326592185067,6.8789535717453205,0.7442880862446347,0.2557119137553653,3.608224830031759e-16,2a4c09abbb2fcd8606a6d739d68c7506ea48a2f7e340894279376ae2688d0147,1
subj01,ventral,5,2,A:E,B:D,9.149228338338219,7.135487819462323,0.7799005069708805,0.22009949302911952,3.642919299551295e-16,2a4c09abbb2fcd8606a6d739d68c7506ea48a2f7e340894279376ae2688d0147,1
subj01,ventral,5,3,A:E,B:K,9.397126580051166,7.662602163320567,0.8154197028256743,0.18458029717432567,3.9898639947466563e-16,2a4c09abbb2fcd8606a6d739d68c7506ea48a2f7e340894279376ae2688d0147,1
subj01,ventral,5,4,A:E,B:T,9.096642218686725,6.821895439188344,0.7499355559103451,0.2500644440896549,3.7773603689394974e-16,2a4c09abbb2fcd8606a6d739d68c7506ea48a2f7e340894279376ae2688d0147,1
subj01,ventral,5,5,A:H,B:B,9.644955826499094,6.600977713054746,0.6843968839047296,0.31560311609527036,2.636779683484747e-16,2a4c09abbb2fcd8606a6d739d68c7506ea48a2f7e340894279376ae2688d0147,1
subj01,ventral,5,6,A:H,B:C,10.438386955025859,6.4702251497086944,0.6198491373797386,0.38015086262026143,2.476859863043135e-16,2a4c09abbb2fcd8606a6d739d68c7506ea48a2f7e340894279376ae2688d0147,1
subj01,ventral,5,7,A:H,B:D,10.147313456709858,7.052568883177199,0.6950183330065284,0.3049816669934716,2.696139752428328e-16,2a4c09abbb2fcd8606a6d739d68c7506ea48a2f7e340894279376ae2688d0147,1
subj01,ventral,5,8,A:H,B:K,10.393031218044156,7.55575903583,0.7270024382022306,0.27299756179776935,2.912167035296065e-16,2a4c09abbb2fcd8606a6d739d68c7506ea48a2f7e340894279376ae2688d0147,1
subj01,ventral,5,9,A:H,B:T,10.089874957647664,6.750163924601018,0.6690037243211524,0.33099627567884754,2.6150956400350367e-16,2a4c09abbb2fcd8606a6d739d68c7506ea48a2f7e340894279376ae2688d0147,1
subj01,ventral,5,10,A:L,B:B,9.420582709826578,6.53005603807757,0.6931690150404487,0.3068309849595513,3.1322600763106223e-16,2a4c09abbb2fcd8606a6d739d68c7506ea48a2f7e340894279376ae2688d0147,1
subj01,ventral,5,11,A:L,B:C,10.266171622444634,6.341954487304518,0.6177526268350401,0.38224737316495994,2.5370330836160804e-16,2a4c09abbb2fcd8606a6d739d68c7506ea48a2f7e340894279376ae2688d0147,1
subj01,ventral,5,12,A:L,B:D,9.839787790101234,7.118722165965704,0.7234629768262986,0.27653702317370144,3.174543961037557e-16,2a4c09abbb2fcd8606a6d739d68c7506ea48a2f7e340894279376ae2688d0147,1
subj01,ventral,5,13,A:L,B:K,10.493659767828532,7.055397081212117,0.6723485644963025,0.32765143550369746,2.3073516296386043e-16,2a4c09abbb2fcd8606a6d739d68c7506ea48a2f7e340894279376ae2688d0147,1
subj01,ventral,5,14,A:L,B:T,9.781737228579436,6.817538943836409,0.6969660689634467,0.30303393103655335,3.0270924655795284e-16,2a4c09abbb2fcd8606a6d739d68c7506ea48a2f7e340894279376ae2688d0147,1
subj01,ventral,5,15,A:P,B:B,9.63967323150763,6.69560097032231,0.6945879605584026,0.30541203944159745,3.3610267347050637e-16,2a4c09abbb2fcd8606a6d739d68c7506ea48a2f7e340894279376ae2688d0147,1
subj01,ventral,5,16,A:P,B:C,10.33412564520543,6.722044001681771,0.6504705122102417,0.34952948778975834,3.235259282696745e-16,2a4c09abbb2fcd8606a6d739d68c7506ea48a2f7e340894279376ae2688d0147,1
subj01,ventral,5,17,A:P,B:D,10.046772809602256,7.274980897128361,0.7241112180993343,0.2758887819006657,3.2629064380951256e-16,2a4c09abbb2fcd8606a6d739d68c7506ea48a2f7e340894279376ae2688d0147,1
subj01,ventral,5,18,A:P,B:K,10.542328102135947,7.424298175204392,0.7042370625611793,0.2957629374388207,3.681950577760773e-16,2a4c09abbb2fcd8606a6d739d68c7506ea48a2f7e340894279376ae2688d0147,1
subj01,ventral,5,19,A:P,B:T,10.050107591549414,6.893614419801328,0.6859244398137381,0.3140755601862619,3.399244861285178e-16,2a4c09abbb2fcd8606a6d739d68c7506ea48a2f7e340894279376ae2688d0147,1
subj01,ventral,5,20,A:R,B:B,9.145309319113741,6.216563745348742,0.6797543449247904,0.32024565507520963,3.9511037670802995e-16,2a4c09abbb2fcd8606a6d739d68c7506ea48a2f7e340894279376ae2688d0147,1
subj01,ventral,5,21,A:R,B:C,10.212610600938202,5.6754372609756025,0.5557283522054799,0.4442716477945201,3.215743643592006e-16,2a4c09abbb2fcd8606a6d739d68c7506ea48a2f7e340894279376ae2688d0147,1
subj01,ventral,5,22,A:R,B:D,9.816241837053536,6.483237009091432,0.6604601961434006,0.3395398038565995,3.222248856626919e-16,2a4c09abbb2fcd8606a6d739d68c7506ea48a2f7e340894279376ae2688d0147,1
subj01,ventral,5,23,A:R,B:K,10.392549980212785,6.540929986969369,0.6293864354199088,0.37061356458009115,3.475952164988527e-16,2a4c09abbb2fcd8606a6d739d68c7506ea48a2f7e340894279376ae2688d0147,1
subj01,ventral,5,24,A:R,B:T,9.651576020399938,6.316774309034643,0.6544811226356472,0.3455188773643529,3.5518463170625125e-16,2a4c09abbb2fcd8606a6d739d68c7506ea48a2f7e340894279376ae2688d0147,1
subj02,ventral,0,0,A:H,B:C,11.728116762360852,7.510201907591754,0.6403587259375104,0.35964127406248964,6.279698983036042e-16,76d4d7977a8111f67fb036cf1b51db8b73312c53b9f64407715f4accd3faaa18,1
subj02,ventral,0,1,A:H,B:D,9.873606644967344,6.855405349453789,0.6943162307309502,0.3056837692690499,4.614364446098307e-16,76d4d7977a8111f67fb036cf1b51db8b73312c53b9f64407715f4accd3faaa18,1
subj02,ventral,0,2,A:H,B:K,9.743698074781365,7.201345931994373,0.7390772863367855,0.26092271366321446,7.494005416219807e-16,76d4d7977a8111f67fb036cf1b51db8b73312c53b9f64407715f4accd3faaa18,1
subj02,ventral,0,3,A:H,B:T,9.146333244576708,6.330727009383724,0.6921601083294784,0.3078398916705216,8.222589276130066e-16,76d4d7977a8111f67fb036cf1b51db8b73312c53b9f64407715f4accd3faaa18,1
subj02,ventral,0,4,A:H,B:W,10.693130608009705,5.992429505909258,0.5603999170664408,0.43960008293355923,6.765421556309548e-16,76d4d7977a8111f67fb036cf1b51db8b73312c53b9f64407715f4accd3faaa18,1
subj02,ventral,0,5,A:L,B:C,11.595367311583011,7.054462330399016,0.6083862753836241,0.39161372461637584,6.38378239159465e-16,76d4d7977a8111f67fb036cf1b51db8b73312c53b9f64407715f4accd3faaa18,1
subj02,ventral,0,6,A:L,B:D,9.541588389838893,6.611271289316196,0.6928900115159784,0.3071099884840216,4.85722573273506e-16,76d4d7977a8111f67fb036cf1b51db8b73312c53b9f64407715f4accd3faaa18,1
subj02,ventral,0,7,A:L,B:K,9.7987609902123,6.406984067299195,0.6538565512210113,0.3461434487789888,7.37257477290143e-16,76d4d7977a8111f67fb036cf1b51db8b73312c53b9f64407715f4accd3faaa18,1
subj02,ventral,0,8,A:L,B:T,8.973147724783535,5.786385968338425,0.6448557569554572,0.35514424304454284,8.483881999699072e-16,76d4d7977a8111f67fb036cf1b51db8b73312c53b9f64407715f4accd3faaa18,1
subj02,ventral,0,9,A:L,B:W,10.596911886029446,5.312611263790701,0.5013357967800638,0.4986642032199362,6.678685382510707e-16,76d4d7977a8111f67fb036cf1b51db8b73312c53b9f64407715f4accd3faaa18,1
subj02,ventral,0,10,A:P,B:C,11.589102945435384,7.805112158882002,0.6734871711495334,0.3265128288504666,6.557254739192331e-16,76d4d7977a8111f67fb036cf1b51db8b73312c53b9f64407715f4accd3faaa18,1
subj02,ventral,0,11,A:P,B:D,9.71783044778649,7.164055379545795,0.7372072828434263,0.2627927171565737,5.828670879282072e-16,76d4d7977a8111f67fb036cf1b51db8b73312c53b9f64407715f4accd3faaa18,1
subj02,ventral,0,12,A:P,B:K,10.458746962407368,6.2200381662291235,0.5947211638818931,0.40527883611810694,8.326672684688674e-16,76d4d7977a8111f67fb036cf1b51db8b73312c53b9f64407715f4accd3faaa18,1
subj02,ventral,0,13,A:P,B:T,9.673118610288437,5.6070955090620185,0.5796574750048292,0.4203425249951708,8.179221189230645e-16,76d4d7977a8111f67fb036cf1b51db8b73312c53b9f64407715f4accd3faaa18,1
subj02,ventral,0,14,A:P,B:W,10.767638488304764,5.9653534997254045,0.5540075947204816,0.4459924052795184,6.617970060851519e-16,76d4d7977a8111f67fb036cf1b51db8b73312c53b9f64407715f4accd3faaa18,1
subj02,ventral,0,15,A:R,B:C,11.706380047922535,6.015594224055676,0.5138731357968538,0.4861268642031462,6.245004513516506e-16,76d4d7977a8111f67fb036cf1b51db8b73312c53b9f64407715f4accd3faaa18,1
subj02,ventral,0,16,A:R,B:D,9.488344527972274,5.80782756406283,0.6121012519034238,0.38789874809657615,4.198030811863873e-16,76d4d7977a8111f67fb036cf1b51db8b73312c53b9f64407715f4accd3faaa18,1
subj02,ventral,0,17,A:R,B:K,9.82783255756976,5.430248137576061,0.552537714268797,0.4474622857312029,7.181755190543981e-16,76d4d7977a8111f67fb036cf1b51db8b73312c53b9f64407715f4accd3faaa18,1
subj02,ventral,0,18,A:R,B:T,8.675696270082717,5.266940547223688,0.6070913945415785,0.39290860545842154,7.511352650979575e-16,76d4d7977a8111f67fb036cf1b51db8b73312c53b9f64407715f4accd3faaa18,1
subj02,ventral,0,19,A:R,B:W,10.070708201999956,5.3016923811122,0.5264468272508709,0.4735531727491291,6.366435156834882e-16,76d4d7977a8111f67fb036cf1b51db8b73312c53b9f64407715f4accd3faaa18,1
subj02,ventral,0,20,A:V,B:C,11.700371722049692,7.59194801721136,0.6488638307878811,0.35113616921211893,6.314393452555578e-16,76d4d7977a8111f67fb036cf1b51db8b73312c53b9f64407715f4accd3faaa18,1
subj02,ventral,0,21,A:V,B:D,9.496385684812836,7.4086346418189555,0.7801530906297612,0.21984690937023876,4.718447854656915e-16,76d4d7977a8111f67fb036cf1b51db8b73312c53b9f64407715f4accd3faaa18,1
subj02,ventral,0,22,A:V,B:K,10.216982141627525,6.557196730938408,0.6417938917816168,0.35820610821838317,6.973588373426765e-16,76d4d7977a8111f67fb036cf1b51db8b73312c53b9f64407715f4accd3faaa18,1
subj02,ventral,0,23,A:V,B:T,9.726475773274814,5.451027698141228,0.5604319411475712,0.4395680588524287,7.354143335969177e-16,76d4d7977a8111f67fb036cf1b51db8b73312c53b9f64407715f4accd3faaa18,1
subj02,ventral,0,24,A:V,B:W,10.790611618461186,5.865106318609359,0.5435378944206466,0.45646210557935335,6.83481049534862e-16,76d4d7977a8111f67fb036cf1b51db8b73312c53b9f64407715f4accd3faaa18,1
subj02,ventral,1,0,A:E,B:B,10.710197047938172,5.304146566900975,0.4952426685671559,0.5047573314328441,8.309325449928906e-16,829b7443f55c5e8ecdf51bfbaf70ab5fadd38fdea3f54cc63da4f0db1175c70f,1
subj02,ventral,1,1,A:E,B:D,10.178505544655668,6.358077221717473,0.6246572440151441,0.3753427559848559,6.366435156834882e-16,829b7443f55c5e8ecdf51bfbaf70ab5fadd38fdea3f54cc63da4f0db1175c70f,1
subj02,ventral,1,2,A:E,B:K,10.432487511140442,6.170103008544882,0.5914316218405316,0.40856837815946845,6.83481049534862e-16,829b7443f55c5e8ecdf51bfbaf70ab5fadd38fdea3f54cc63da4f0db1175c70f,1
subj02,ventral,1,3,A:E,B:T,9.837924186145372,5.4262612918406825,0.5515656747469573,0.4484343252530427,6.990935608186533e-16,829b7443f55c5e8ecdf51bfbaf70ab5fadd38fdea3f54cc63da4f0db1175c70f,1
subj02,ventral,1,4,A:E,B:W,10.907719725851443,5.001889060669161,0.4585641349781491,0.5414358650218509,6.140921104957897e-16,829b7443f55c5e8ecdf51bfbaf70ab5fadd38fdea3f54cc63da4f0db1175c70f,1
subj02,ventral,1,5,A:L,B:B,10.008602349392259,6.551790046586354,0.65461588120585,0.34538411879415004,8.708311849403572e-16,829b7443f55c5e8ecdf51bfbaf70ab5fadd38fdea3f54cc63da4f0db1175c70f,1
subj02,ventral,1,6,A:L,B:D,9.80278465563536,6.941780482637436,0.7081437292052306,0.2918562707947694,6.435824095873954e-16,829b7443f55c5e8ecdf51bfbaf70ab5fadd38fdea3f54cc63da4f0db1175c70f,1
subj02,ventral,1,7,A:L,B:K,9.868352134448998,7.055379164201537,0.7149500816425292,0.2850499183574709,7.320533068622126e-16,829b7443f55c5e8ecdf51bfbaf70ab5fadd38fdea3f54cc63da4f0db1175c70f,1
subj02,ventral,1,8,A:L,B:T,9.505418887130096,6.010978112906456,0.6323738263702452,0.36762617362975486,7.337880303381894e-16,829b7443f55c5e8ecdf51bfbaf70ab5fadd38fdea3f54cc63da4f0db1175c70f,1
subj02,ventral,1,9,A:L,B:W,10.577400884091036,5.689606007816182,0.5379020867379288,0.4620979132620711,6.661338147750939e-16,829b7443f55c5e8ecdf51bfbaf70ab5fadd38fdea3f54cc63da4f0db1175c70f,1
subj02,ventral,1,10,A:P,B:B,10.476163634177103,6.362968710663011,0.6073758422314696,0.3926241577685305,9.835882108788496e-16,829b7443f55c5e8ecdf51bfbaf70ab5fadd38fdea3f54cc63da4f0db1175c70f,1
subj02,ventral,1,11,A:P,B:D,10.042293642124575,7.111578107519701,0.7081627326339719,0.2918372673660281,7.580741590018647e-16,829b7443f55c5e8ecdf51bfbaf70ab5fadd38fdea3f54cc63da4f0db1175c70f,1
subj02,ventral,1,12,A:P,B:K,10.596386932836966,6.48217821953842,0.6117347602182124,0.3882652397817877,8.36136715420821e-16,829b7443f55c5e8ecdf51bfbaf70ab5fadd38fdea3f54cc63da4f0db1175c70f,1
subj02,ventral,1,13,A:P,B:T,10.100880039617573,5.621064847431343,0.5564925853375604,0.44350741466243954,8.786374405822528e-16,829b7443f55c5e8ecdf51bfbaf70ab5fadd38fdea3f54cc63da4f0db1175c70f,1
subj02,ventral,1,14,A:P,B:W,10.829864369057589,5.840065516318097,0.5392556469131753,0.4607443530868247,7.771561172376096e-16,829b7443f55c5e8ecdf51bfbaf70ab5fadd38fdea3f54cc63da4f0db1175c70f,1
subj02,ventral,1,15,A:R,B:B,9.868137192886946,5.630875524503157,0.5706117998199244,0.4293882001800756,8.482797797526587e-16,829b7443f55c5e8ecdf51bfbaf70ab5fadd38fdea3f54cc63da4f0db1175c70f,1
subj02,ventral,1,16,A:R,B:D,9.747530033088788,5.937792397448507,0.6091586665844768,0.39084133341552324,6.071532165918825e-16,829b7443f55c5e8ecdf51bfbaf70ab5fadd38fdea3f54cc63da4f0db1175c70f,1
subj02,ventral,1,17,A:R,B:K,10.018810387172426,5.724945803524974,0.5714197177396333,0.4285802822603667,6.869504964868156e-16,829b7443f55c5e8ecdf51bfbaf70ab5fadd38fdea3f54cc63da4f0db1175c70f,1
subj02,ventral,1,18,A:R,B:T,9.231986553904536,5.2195868983526745,0.5653806867975913,0.4346193132024087,6.609296443471635e-16,829b7443f55c5e8ecdf51bfbaf70ab5fadd38fdea3f54cc63da4f0db1175c70f,1
subj02,ventral,1,19,A:R,B:W,10.168716657018408,5.180641327432665,0.50946854968734,0.49053145031266,6.106226635438361e-16,829b7443f55c5e8ecdf51bfbaf70ab5fadd38fdea3f54cc63da4f0db1175c70f,1
subj02,ventral,1,20,A:V,B:B,10.406358062332677,7.128958699000694,0.6850579863098305,0.31494201369016944,9.055256544598933e-16,829b7443f55c5e8ecdf51bfbaf70ab5fadd38fdea3f54cc63da4f0db1175c70f,1
subj02,ventral,1,21,A:V,B:D,9.940911841586157,7.840755160214091,0.7887360118629753,0.2112639881370247,7.424616477180734e-16,829b7443f55c5e8ecdf51bfbaf70ab5fadd38fdea3f54cc63da4f0db1175c70f,1
subj02,ventral,1,22,A:V,B:K,10.39077548488033,7.430397046838671,0.7150955246459401,0.28490447535406,8.049116928532385e-16,829b7443f55c5e8ecdf51bfbaf70ab5fadd38fdea3f54cc63da4f0db1175c70f,1
subj02,ventral,1,23,A:V,B:T,10.532404084770757,5.618681049808744,0.5334661492842864,0.4665338507157136,7.389922007661198e-16,829b7443f55c5e8ecdf51bfbaf70ab5fadd38fdea3f54cc63da4f0db1175c70f,1
subj02,ventral,1,24,A:V,B:W,11.118541596742753,6.053703428412609,0.5444691982072613,0.45553080179273875,6.869504964868156e-16,829b7443f55c5e8ecdf51bfbaf70ab5fadd38fdea3f54cc63da4f0db1175c70f,1
subj02,ventral,2,0,A:E,B:B,10.752069276323517,5.3292781882684235,0.495651399866229,0.504348600133771,5.39499001028787e-16,8f9477414d5c1726cd354914625ac484b918937766d65f4fc41148f3ef954518,1
subj02,ventral,2,1,A:E,B:C,12.42556845268421,6.911394977422305,0.5562236451185687,0.44377635488143125,3.608224830031759e-16,8f9477414d5c1726cd354914625ac484b918937766d65f4fc41148f3ef954518,1
subj02,ventral,2,2,A:E,B:K,10.916710203310055,5.705801238560274,0.5226667313042915,0.4773332686957085,4.961309141293668e-16,8f9477414d5c1726cd354914625ac484b918937766d65f4fc41148f3ef954518,1
subj02,ventral,2,3,A:E,B:T,9.379339732310479,5.744240025615325,0.6124354367746424,0.3875645632253576,5.39499001028787e-16,8f9477414d5c1726cd354914625ac484b918937766d65f4fc41148f3ef954518,1
subj02,ventral,2,4,A:E,B:W,10.566413075997902,5.201202774050381,0.49223920517220304,0.5077607948277969,3.712308238590367e-16,8f9477414d5c1726cd354914625ac484b918937766d65f4fc41148f3ef954518,1
subj02,ventral,2,5,A:H,B:B,10.135776715790106,6.633477632288245,0.6544616972426223,0.34553830275737774,5.447031714567174e-16,8f9477414d5c1726cd354914625ac484b918937766d65f4fc41148f3ef954518,1
subj02,ventral,2,6,A:H,B:C,12.276660574588263,7.360335076763638,0.5995388592887354,0.4004611407112646,3.642919299551295e-16,8f9477414d5c1726cd354914625ac484b918937766d65f4fc41148f3ef954518,1
subj02,ventral,2,7,A:H,B:K,10.228162729116525,7.060043344295348,0.6902552815470478,0.30974471845295215,5.377642775528102e-16,8f9477414d5c1726cd354914625ac484b918937766d65f4fc41148f3ef954518,1
subj02,ventral,2,8,A:H,B:T,9.205085454979592,6.2420753321399385,0.6781116115291704,0.32188838847082957,5.533767888366015e-16,8f9477414d5c1726cd354914625ac484b918937766d65f4fc41148f3ef954518,1
subj02,ventral,2,9,A:H,B:W,10.286809152736954,5.967574753966947,0.5801191278423968,0.41988087215760317,4.0245584642661925e-16,8f9477414d5c1726cd354914625ac484b918937766d65f4fc41148f3ef954518,1
subj02,ventral,2,10,A:P,B:B,10.423928042673905,6.237322890657933,0.5983658813763223,0.40163411862367776,5.880712583561376e-16,8f9477414d5c1726cd354914625ac484b918937766d65f4fc41148f3ef954518,1
subj02,ventral,2,11,A:P,B:C,12.196537911876792,7.5472423984384225,0.6188020283271566,0.38119797167284336,4.2674197509029455e-16,8f9477414d5c1726cd354914625ac484b918937766d65f4fc41148f3ef954518,1
subj02,ventral,2,12,A:P,B:K,10.920925926686223,6.001531412164534,0.5495441918069671,0.45045580819303294,5.551115123125783e-16,8f9477414d5c1726cd354914625ac484b918937766d65f4fc41148f3ef954518,1
subj02,ventral,2,13,A:P,B:T,9.569703004785714,5.739631054042551,0.5997710745226073,0.40022892547739275,6.132247487578013e-16,8f9477414d5c1726cd354914625ac484b918937766d65f4fc41148f3ef954518,1
subj02,ventral,2,14,A:P,B:W,10.375774565241171,5.882105975843885,0.5669076500128416,0.43309234998715845,5.707240235963695e-16,8f9477414d5c1726cd354914625ac484b918937766d65f4fc41148f3ef954518,1
subj02,ventral,2,15,A:R,B:B,9.971540146232895,5.6952572185503545,0.5711512098461481,0.4288487901538519,5.499073418846478e-16,8f9477414d5c1726cd354914625ac484b918937766d65f4fc41148f3ef954518,1
subj02,ventral,2,16,A:R,B:C,12.336390656101026,6.151013366016467,0.49860721320254653,0.5013927867974535,3.2612801348363973e-16,8f9477414d5c1726cd354914625ac484b918937766d65f4fc41148f3ef954518,1
subj02,ventral,2,17,A:R,B:K,10.483959365195872,5.447631908315951,0.5196158930566565,0.4803841069433435,5.030698080332741e-16,8f9477414d5c1726cd354914625ac484b918937766d65f4fc41148f3ef954518,1
subj02,ventral,2,18,A:R,B:T,8.851573570514129,5.520626826215074,0.6236887466659127,0.3763112533340874,5.568462357885551e-16,8f9477414d5c1726cd354914625ac484b918937766d65f4fc41148f3ef954518,1
subj02,ventral,2,19,A:R,B:W,9.885443905170725,5.370192019816643,0.5432423744782656,0.45675762552173443,3.9898639947466563e-16,8f9477414d5c1726cd354914625ac484b918937766d65f4fc41148f3ef954518,1
subj02,ventral,2,20,A:V,B:B,10.24522349987237,6.630775692180382,0.6472065438360602,0.3527934561639397,5.342948306008566e-16,8f9477414d5c1726cd354914625ac484b918937766d65f4fc41148f3ef954518,1
subj02,ventral,2,21,A:V,B:C,12.307374664388876,7.457496355223501,0.6059372172037313,0.3940627827962688,3.7470027081099033e-16,8f9477414d5c1726cd354914625ac484b918937766d65f4fc41148f3ef954518,1
subj02,ventral,2,22,A:V,B:K,10.731789046429629,6.440731667402114,0.6001545165989717,0.39984548340102827,4.909267437014364e-16,8f9477414d5c1726cd354914625ac484b918937766d65f4fc41148f3ef954518,1
subj02,ventral,2,23,A:V,B:T,9.711152751765315,5.620089912927879,0.5787253126984586,0.42127468730154133,5.169475958410885e-16,8f9477414d5c1726cd354914625ac484b918937766d65f4fc41148f3ef954518,1
subj02,ventral,2,24,A:V,B:W,10.428998538730244,5.904335371581192,0.5661459582772229,0.43385404172277703,4.3021142204224816e-16,8f9477414d5c1726cd354914625ac484b918937766d65f4fc41148f3ef954518,1
subj02,ventral,3,0,A:E,B:B,11.362796351593838,5.133676795501912,0.45179695531389336,0.5482030446861066,7.112366251504909e-16,791b025eca46d25c654873dde964a7ceb4b05cb4ee9f9c778e450581bf4e162a,1
subj02,ventral,3,1,A:E,B:C,12.461782147787046,6.981290175028003,0.5602160342907082,0.4397839657092918,7.008282842946301e-16,791b025eca46d25c654873dde964a7ceb4b05cb4ee9f9c778e450581bf4e162a,1
subj02,ventral,3,2,A:E,B:D,10.451695504617238,6.282017230296556,0.601052453883808,0.398947546116192,4.891920202254596e-16,791b025eca46d25c654873dde964a7ceb4b05cb4ee9f9c778e450581bf4e162a,1
subj02,ventral,3,3,A:E,B:T,10.248455814193294,5.448717529743306,0.531662294157259,0.468337705842741,5.533767888366015e-16,791b025eca46d25c654873dde964a7ceb4b05cb4ee9f9c778e450581bf4e162a,1
subj02,ventral,3,4,A:E,B:W,10.993158359117432,4.9807529795289405,0.45307752484053293,0.5469224751594671,5.863365348801608e-16,791b025eca46d25c654873dde964a7ceb4b05cb4ee9f9c778e450581bf4e162a,1
subj02,ventral,3,5,A:H,B:B,10.793246860134841,6.5645322356999944,0.6082073652874815,0.39179263471251846,7.91033905045424e-16,791b025eca46d25c654873dde964a7ceb4b05cb4ee9f9c778e450581bf4e162a,1
subj02,ventral,3,6,A:H,B:C,12.381361328001644,7.4064702363000094,0.598195145112966,0.40180485488703394,7.042977312465837e-16,791b025eca46d25c654873dde964a7ceb4b05cb4ee9f9c778e450581bf4e162a,1
subj02,ventral,3,7,A:H,B:D,10.369088041084474,6.730763365926925,0.6491181615257047,0.35088183847429527,4.475586568020162e-16,791b025eca46d25c654873dde964a7ceb4b05cb4ee9f9c778e450581bf4e162a,1
subj02,ventral,3,8,A:H,B:T,9.97455039109311,6.2727343861217815,0.6288738980879872,0.37112610191201284,5.342948306008566e-16,791b025eca46d25c654873dde964a7ceb4b05cb4ee9f9c778e450581bf4e162a,1
subj02,ventral,3,9,A:H,B:W,10.713429289466786,5.91602456893149,0.5522064326077177,0.4477935673922823,5.898059818321144e-16,791b025eca46d25c654873dde964a7ceb4b05cb4ee9f9c778e450581bf4e162a,1
subj02,ventral,3,10,A:L,B:B,10.708132498889416,5.897242661247936,0.5507255968171446,0.4492744031828554,8.36136715420821e-16,791b025eca46d25c654873dde964a7ceb4b05cb4ee9f9c778e450581bf4e162a,1
subj02,ventral,3,11,A:L,B:C,12.24182280401503,6.938731547832738,0.5668054226007092,0.4331945773992908,7.042977312465837e-16,791b025eca46d25c654873dde964a7ceb4b05cb4ee9f9c778e450581bf4e162a,1
subj02,ventral,3,12,A:L,B:D,10.052855258600529,6.451013471040958,0.6417095745531516,0.3582904254468484,5.134781488891349e-16,791b025eca46d25c654873dde964a7ceb4b05cb4ee9f9c778e450581bf4e162a,1
subj02,ventral,3,13,A:L,B:T,9.79214903500446,5.727737845049373,0.5849316451959786,0.4150683548040214,6.123573870198129e-16,791b025eca46d25c654873dde964a7ceb4b05cb4ee9f9c778e450581bf4e162a,1
subj02,ventral,3,14,A:L,B:W,10.540688449623433,5.340890582163267,0.5066927656280431,0.49330723437195695,6.557254739192331e-16,791b025eca46d25c654873dde964a7ceb4b05cb4ee9f9c778e450581bf4e162a,1
subj02,ventral,3,15,A:R,B:B,10.608179758023539,5.521904978657027,0.5205327496906821,0.47946725030931797,8.81239525796218e-16,791b025eca46d25c654873dde964a7ceb4b05cb4ee9f9c778e450581bf4e162a,1
subj02,ventral,3,16,A:R,B:C,12.38441522009919,6.1820563299286295,0.4991803181708176,0.5008196818291824,7.042977312465837e-16,791b025eca46d25c654873dde964a7ceb4b05cb4ee9f9c778e450581bf4e162a,1
subj02,ventral,3,17,A:R,B:D,10.07235334537212,5.899704356350294,0.5857324652992831,0.4142675347007168,5.655198531684391e-16,791b025eca46d25c654873dde964a7ceb4b05cb4ee9f9c778e450581bf4e162a,1
subj02,ventral,3,18,A:R,B:T,9.799364113664806,5.12337449984005,0.5228272406671487,0.47717275933285125,6.071532165918825e-16,791b025eca46d25c654873dde964a7ceb4b05cb4ee9f9c778e450581bf4e162a,1
subj02,ventral,3,19,A:R,B:W,10.3362957205243,5.135713751074872,0.496862114817122,0.5031378851828779,6.869504964868156e-16,791b025eca46d25c654873dde964a7ceb4b05cb4ee9f9c778e450581bf4e162a,1
subj02,ventral,3,20,A:V,B:B,11.254967244988316,6.6157707215180315,0.5878089715866516,0.4121910284133484,8.222589276130066e-16,791b025eca46d25c654873dde964a7ceb4b05cb4ee9f9c778e450581bf4e162a,1
subj02,ventral,3,21,A:V,B:C,12.534979008119072,7.866616784224763,0.6275731917165119,0.37242680828348806,7.528699885739343e-16,791b025eca46d25c654873dde964a7ceb4b05cb4ee9f9c778e450581bf4e162a,1
subj02,ventral,3,22,A:V,B:D,10.313733092451152,7.569908893615767,0.7339640095162391,0.2660359904837609,5.30825383648903e-16,791b025eca46d25c654873dde964a7ceb4b05cb4ee9f9c778e450581bf4e162a,1
subj02,ventral,3,23,A:V,B:T,10.966519734781256,5.424918963269745,0.4946800894420634,0.5053199105579367,5.967448757360216e-16,791b025eca46d25c654873dde964a7ceb4b05cb4ee9f9c778e450581bf4e162a,1
subj02,ventral,3,24,A:V,B:W,11.234767779851127,5.86620451753303,0.5221473761169956,0.47785262388300437,6.591949208711867e-16,791b025eca46d25c654873dde964a7ceb4b05cb4ee9f9c778e450581bf4e162a,1
subj02,ventral,4,0,A:E,B:B,10.777165465133365,5.232054243446445,0.4854759129729757,0.5145240870270242,4.440892098500626e-16,894a6a0b775009c0d8c41762eccb13389155157daf0cad1ca971edac97e06285,1
subj02,ventral,4,1,A:E,B:C,11.893270334384011,7.04112416389153,0.5920259075870246,0.40797409241297544,5.342948306008566e-16,894a6a0b775009c0d8c41762eccb13389155157daf0cad1ca971edac97e06285,1
subj02,ventral,4,2,A:E,B:D,9.886750126614587,6.390188166406221,0.6463385930230183,0.3536614069769816,3.41740524767431e-16,894a6a0b775009c0d8c41762eccb13389155157daf0cad1ca971edac97e06285,1
subj02,ventral,4,3,A:E,B:K,10.52206233884979,5.862138470215627,0.5571282778444784,0.4428717221555216,5.169475958410885e-16,894a6a0b775009c0d8c41762eccb13389155157daf0cad1ca971edac97e06285,1
subj02,ventral,4,4,A:E,B:W,10.595321193476309,5.004542613061027,0.4723351488525327,0.5276648511474673,3.679782173415802e-16,894a6a0b775009c0d8c41762eccb13389155157daf0cad1ca971edac97e06285,1
subj02,ventral,4,5,A:H,B:B,10.191199487620157,6.820880123436994,0.6692911989136032,0.3307088010863968,5.637851296924623e-16,894a6a0b775009c0d8c41762eccb13389155157daf0cad1ca971edac97e06285,1
subj02,ventral,4,6,A:H,B:C,11.826364836855678,7.617589452654791,0.6441192672253218,0.3558807327746783,5.412337245047638e-16,894a6a0b775009c0d8c41762eccb13389155157daf0cad1ca971edac97e06285,1
subj02,ventral,4,7,A:H,B:D,9.878915768669016,6.917558940064932,0.7002346312136776,0.29976536878632243,3.608224830031759e-16,894a6a0b775009c0d8c41762eccb13389155157daf0cad1ca971edac97e06285,1
subj02,ventral,4,8,A:H,B:K,9.971098780238345,7.246993722012628,0.726799912600946,0.273200087399054,5.828670879282072e-16,894a6a0b775009c0d8c41762eccb13389155157daf0cad1ca971edac97e06285,1
subj02,ventral,4,9,A:H,B:W,10.446366067564009,5.919711101638081,0.566676590055445,0.43332340994455504,4.44956571588051e-16,894a6a0b775009c0d8c41762eccb13389155157daf0cad1ca971edac97e06285,1
subj02,ventral,4,10,A:L,B:B,10.01277410209265,6.188660837609594,0.6180765464703909,0.3819234535296091,5.793976409762536e-16,894a6a0b775009c0d8c41762eccb13389155157daf0cad1ca971edac97e06285,1
subj02,ventral,4,11,A:L,B:C,11.718445291168905,6.981320062081951,0.5957548026736208,0.40424519732637926,5.30825383648903e-16,894a6a0b775009c0d8c41762eccb13389155157daf0cad1ca971edac97e06285,1
subj02,ventral,4,12,A:L,B:D,9.508642582971465,6.57278709610802,0.6912434702171774,0.30875652978282264,3.5041414214731503e-16,894a6a0b775009c0d8c41762eccb13389155157daf0cad1ca971edac97e06285,1
subj02,ventral,4,13,A:L,B:K,9.948963141101359,6.413273488391118,0.6446172729192725,0.35538272708072743,5.967448757360216e-16,894a6a0b775009c0d8c41762eccb13389155157daf0cad1ca971edac97e06285,1
subj02,ventral,4,14,A:L,B:W,10.1745349630053,5.3682955729659065,0.527620730823087,0.47237926917691303,4.475586568020162e-16,894a6a0b775009c0d8c41762eccb13389155157daf0cad1ca971edac97e06285,1
subj02,ventral,4,15,A:P,B:B,10.330583109190115,6.49554564500856,0.6287685386539414,0.3712314613460585,5.48172618408671e-16,894a6a0b775009c0d8c41762eccb13389155157daf0cad1ca971edac97e06285,1
subj02,ventral,4,16,A:P,B:C,11.720397406886429,7.684462694019046,0.6556486463081848,0.34435135369181524,5.689893001203927e-16,894a6a0b775009c0d8c41762eccb13389155157daf0cad1ca971edac97e06285,1
subj02,ventral,4,17,A:P,B:D,9.703845798020065,7.05755503906874,0.7272946402867135,0.27270535971328647,4.649058915617843e-16,894a6a0b775009c0d8c41762eccb13389155157daf0cad1ca971edac97e06285,1
subj02,ventral,4,18,A:P,B:K,10.591466236379357,6.187946331643788,0.5842388762369419,0.4157611237630581,6.314393452555578e-16,894a6a0b775009c0d8c41762eccb13389155157daf0cad1ca971edac97e06285,1
subj02,ventral,4,19,A:P,B:W,10.396885965166693,5.882381636653333,0.5657830292994871,0.43421697070051285,4.870236158804886e-16,894a6a0b775009c0d8c41762eccb13389155157daf0cad1ca971edac97e06285,1
subj02,ventral,4,20,A:V,B:B,10.293771034731463,6.641655759564617,0.6452111414908579,0.35478885850914216,5.273559366969494e-16,894a6a0b775009c0d8c41762eccb13389155157daf0cad1ca971edac97e06285,1
subj02,ventral,4,21,A:V,B:C,11.832765944534717,7.587132865235754,0.6411969019585041,0.35880309804149585,5.204170427930421e-16,894a6a0b775009c0d8c41762eccb13389155157daf0cad1ca971edac97e06285,1
subj02,ventral,4,22,A:V,B:D,9.49700544074312,7.41220930637366,0.7804785784974416,0.21952142150255835,4.0592529337857286e-16,894a6a0b775009c0d8c41762eccb13389155157daf0cad1ca971edac97e06285,1
subj02,ventral,4,23,A:V,B:K,10.4426582509367,6.525410196728778,0.6248801827966985,0.3751198172033014,5.898059818321144e-16,894a6a0b775009c0d8c41762eccb13389155157daf0cad1ca971edac97e06285,1
subj02,ventral,4,24,A:V,B:W,10.489418558866623,5.8163564652264474,0.5544975093314326,0.4455024906685674,4.40619762898109e-16,894a6a0b775009c0d8c41762eccb13389155157daf0cad1ca971edac97e06285,1
subj02,ventral,5,0,A:E,B:B,11.288942992078786,5.210661863146341,0.46157216550766117,0.5384278344923388,4.683753385137379e-16,07e6fde86e0099d8897aa48d75e5aefa3235cf56dd09503366524943df08a004,1
subj02,ventral,5,1,A:E,B:C,12.278967553093898,7.660285841672653,0.6238542294822265,0.37614577051777354,3.7816971776294395e-16,07e6fde86e0099d8897aa48d75e5aefa3235cf56dd09503366524943df08a004,1
subj02,ventral,5,2,A:E,B:D,10.193496540306052,6.828158766691072,0.6698544252888972,0.3301455747111029,3.191891195797325e-16,07e6fde86e0099d8897aa48d75e5aefa3235cf56dd09503366524943df08a004,1
subj02,ventral,5,3,A:E,B:K,10.73296494346058,6.398550976831148,0.5961587511500893,0.40384124884991074,4.3021142204224816e-16,07e6fde86e0099d8897aa48d75e5aefa3235cf56dd09503366524943df08a004,1
subj02,ventral,5,4,A:E,B:T,9.68090728632127,5.9306907879133535,0.612617248828855,0.38738275117114496,3.8163916471489756e-16,07e6fde86e0099d8897aa48d75e5aefa3235cf56dd09503366524943df08a004,1
subj02,ventral,5,5,A:H,B:B,10.709427713522338,6.613126194901954,0.6175050966123841,0.38249490338761594,5.793976409762536e-16,07e6fde86e0099d8897aa48d75e5aefa3235cf56dd09503366524943df08a004,1
subj02,ventral,5,6,A:H,B:C,12.285554362240578,7.8963425995140915,0.6427339269104008,0.35726607308959923,3.712308238590367e-16,07e6fde86e0099d8897aa48d75e5aefa3235cf56dd09503366524943df08a004,1
subj02,ventral,5,7,A:H,B:D,10.21323011582939,7.074963148447731,0.6927253247219322,0.30727467527806784,3.642919299551295e-16,07e6fde86e0099d8897aa48d75e5aefa3235cf56dd09503366524943df08a004,1
subj02,ventral,5,8,A:H,B:K,10.276776724844426,7.372916676510234,0.7174347437836203,0.2825652562163797,4.579669976578771e-16,07e6fde86e0099d8897aa48d75e5aefa3235cf56dd09503366524943df08a004,1
subj02,ventral,5,9,A:H,B:T,9.552995395247251,6.439517619898221,0.6740836097442244,0.32591639025577557,4.3368086899420177e-16,07e6fde86e0099d8897aa48d75e5aefa3235cf56dd09503366524943df08a004,1
subj02,ventral,5,10,A:L,B:B,10.495132880662878,5.93079310399251,0.5650993819163458,0.43490061808365416,6.036837696399289e-16,07e6fde86e0099d8897aa48d75e5aefa3235cf56dd09503366524943df08a004,1
subj02,ventral,5,11,A:L,B:C,12.204337825314749,7.158075976569302,0.5865189966899901,0.4134810033100099,3.885780586188048e-16,07e6fde86e0099d8897aa48d75e5aefa3235cf56dd09503366524943df08a004,1
subj02,ventral,5,12,A:L,B:D,9.82993403133409,6.680898958574004,0.6796484022454108,0.32035159775458927,4.198030811863873e-16,07e6fde86e0099d8897aa48d75e5aefa3235cf56dd09503366524943df08a004,1
subj02,ventral,5,13,A:L,B:K,10.248893731100747,6.467538825855484,0.6310475057643963,0.36895249423560367,4.85722573273506e-16,07e6fde86e0099d8897aa48d75e5aefa3235cf56dd09503366524943df08a004,1
subj02,ventral,5,14,A:L,B:T,9.160636359575511,5.975507567604234,0.6523026712394389,0.3476973287605612,4.874572967494828e-16,07e6fde86e0099d8897aa48d75e5aefa3235cf56dd09503366524943df08a004,1
subj02,ventral,5,15,A:P,B:B,10.753816332459325,6.1434515762291735,0.5712810583983824,0.4287189416016176,5.585809592645319e-16,07e6fde86e0099d8897aa48d75e5aefa3235cf56dd09503366524943df08a004,1
subj02,ventral,5,16,A:P,B:C,12.201909838029403,7.704657792657224,0.6314304805502087,0.3685695194497913,3.920475055707584e-16,07e6fde86e0099d8897aa48d75e5aefa3235cf56dd09503366524943df08a004,1
subj02,ventral,5,17,A:P,B:D,9.910942631897159,7.148403462235761,0.721263731184307,0.27873626881569297,4.3368086899420177e-16,07e6fde86e0099d8897aa48d75e5aefa3235cf56dd09503366524943df08a004,1
subj02,ventral,5,18,A:P,B:K,10.78635564932465,6.211912341480041,0.5759046468923893,0.4240953531076107,5.030698080332741e-16,07e6fde86e0099d8897aa48d75e5aefa3235cf56dd09503366524943df08a004,1
subj02,ventral,5,19,A:P,B:T,9.665863541260789,5.853159246185197,0.6055495425938661,0.39445045740613394,4.49293380277993e-16,07e6fde86e0099d8897aa48d75e5aefa3235cf56dd09503366524943df08a004,1
subj02,ventral,5,20,A:R,B:B,10.375035356189409,5.499189328347372,0.5300405386152958,0.4699594613847042,5.551115123125783e-16,07e6fde86e0099d8897aa48d75e5aefa3235cf56dd09503366524943df08a004,1
subj02,ventral,5,21,A:R,B:C,12.266761787433474,6.50159900156589,0.5300175477627983,0.4699824522372017,3.712308238590367e-16,07e6fde86e0099d8897aa48d75e5aefa3235cf56dd09503366524943df08a004,1
subj02,ventral,5,22,A:R,B:D,9.801795909177704,6.143869448152054,0.6268105870679649,0.37318941293203506,3.8510861166685117e-16,07e6fde86e0099d8897aa48d75e5aefa3235cf56dd09503366524943df08a004,1
subj02,ventral,5,23,A:R,B:K,10.279909297041076,5.80970454550027,0.5651513430349536,0.43484865696504643,4.198030811863873e-16,07e6fde86e0099d8897aa48d75e5aefa3235cf56dd09503366524943df08a004,1
subj02,ventral,5,24,A:R,B:T,9.070607631849672,5.468852464453263,0.6029201886376887,0.39707981136231135,4.163336342344337e-16,07e6fde86e0099d8897aa48d75e5aefa3235cf56dd09503366524943df08a004,1
subj03,ventral,0,0,A:H,B:C,10.96653873449268,6.672031101740149,0.6083989910831973,0.3916010089168028,2.5326962749261384e-16,d535382840660259871360a01d81e6283ba9a656a2f8c8ae9e36db7278026a32,1
subj03,ventral,0,1,A:H,B:D,10.553317937501351,8.106244287921658,0.7681228155854203,0.23187718441457972,3.036850285131898e-16,d535382840660259871360a01d81e6283ba9a656a2f8c8ae9e36db7278026a32,1
subj03,ventral,0,2,A:H,B:K,11.748279498011419,7.385796582630804,0.6286704860810441,0.37132951391895586,2.502338614096544e-16,d535382840660259871360a01d81e6283ba9a656a2f8c8ae9e36db7278026a32,1
subj03,ventral,0,3,A:H,B:T,11.716065646579064,7.352622066128508,0.6275675032834402,0.37243249671655976,3.0010716134398763e-16,d535382840660259871360a01d81e6283ba9a656a2f8c8ae9e36db7278026a32,1
subj03,ventral,0,4,A:H,B:W,11.05875697002637,7.903595648973745,0.7146911420872738,0.2853088579127262,1.927711462679227e-16,d535382840660259871360a01d81e6283ba9a656a2f8c8ae9e36db7278026a32,1
subj03,ventral,0,5,A:L,B:C,11.232917068938743,6.316707604904694,0.5623390225475492,0.4376609774524508,5.93275428784068e-16,d535382840660259871360a01d81e6283ba9a656a2f8c8ae9e36db7278026a32,1
subj03,ventral,0,6,A:L,B:D,10.200728886509072,8.621316380645688,0.8451667009842572,0.15483329901574283,5.84601811404184e-16,d535382840660259871360a01d81e6283ba9a656a2f8c8ae9e36db7278026a32,1
subj03,ventral,0,7,A:L,B:K,12.091915779351583,6.903324207529622,0.5709040927425155,0.42909590725748453,4.865899350114944e-16,d535382840660259871360a01d81e6283ba9a656a2f8c8ae9e36db7278026a32,1
subj03,ventral,0,8,A:L,B:T,11.984761626654732,6.999355987541576,0.5840212935044653,0.41597870649553476,3.469446951953614e-16,d535382840660259871360a01d81e6283ba9a656a2f8c8ae9e36db7278026a32,1
subj03,ventral,0,9,A:L,B:W,11.315629035851458,7.6169363548200195,0.6731341519492358,0.32686584805076424,3.642919299551295e-16,d535382840660259871360a01d81e6283ba9a656a2f8c8ae9e36db7278026a32,1
subj03,ventral,0,10,A:P,B:C,10.199934331679286,6.598168125734676,0.6468833926941934,0.35311660730580663,2.949029909160572e-16,d535382840660259871360a01d81e6283ba9a656a2f8c8ae9e36db7278026a32,1
subj03,ventral,0,11,A:P,B:D,10.049926684985024,7.673082934530996,0.7634964089832491,0.23650359101675084,5.082739784612045e-16,d535382840660259871360a01d81e6283ba9a656a2f8c8ae9e36db7278026a32,1
subj03,ventral,0,12,A:P,B:K,11.432724639922972,6.682692704247972,0.5845231923903834,0.4154768076096166,2.9371036852632315e-16,d535382840660259871360a01d81e6283ba9a656a2f8c8ae9e36db7278026a32,1
subj03,ventral,0,13,A:P,B:T,11.589054127457578,6.309879718460811,0.5444689142931013,0.45553108570689876,4.2934406030425976e-16,d535382840660259871360a01d81e6283ba9a656a2f8c8ae9e36db7278026a32,1
subj03,ventral,0,14,A:P,B:W,10.84529002318658,7.066549820518337,0.6515777637491,0.34842223625089996,3.165870343657673e-16,d535382840660259871360a01d81e6283ba9a656a2f8c8ae9e36db7278026a32,1
subj03,ventral,0,15,A:R,B:C,10.423513829830322,6.288963626348261,0.6033439134843682,0.3966560865156318,3.122502256758253e-16,d535382840660259871360a01d81e6283ba9a656a2f8c8ae9e36db7278026a32,1
subj03,ventral,0,16,A:R,B:D,10.57459446450181,6.977205821334005,0.6598083590586861,0.34019164094131393,4.380176776841438e-16,d535382840660259871360a01d81e6283ba9a656a2f8c8ae9e36db7278026a32,1
subj03,ventral,0,17,A:R,B:K,11.571825581221677,6.487268166004786,0.5606088789077568,0.43939112109224315,2.6281060661048627e-16,d535382840660259871360a01d81e6283ba9a656a2f8c8ae9e36db7278026a32,1
subj03,ventral,0,18,A:R,B:T,11.573514534187934,6.387545696563729,0.5519106298864571,0.44808937011354294,3.7296554733501353e-16,d535382840660259871360a01d81e6283ba9a656a2f8c8ae9e36db7278026a32,1
subj03,ventral,0,19,A:R,B:W,11.105180910184314,6.697583151640642,0.6031043713568356,0.3968956286431644,3.131175874138137e-16,d535382840660259871360a01d81e6283ba9a656a2f8c8ae9e36db7278026a32,1
subj03,ventral,0,20,A:V,B:C,10.314082222913674,6.275628782808245,0.6084524679148245,0.3915475320851754,5.377642775528102e-16,d535382840660259871360a01d81e6283ba9a656a2f8c8ae9e36db7278026a32,1
subj03,ventral,0,21,A:V,B:D,10.352555244432656,7.133803595511945,0.6890862619978121,0.3109137380021879,4.874572967494828e-16,d535382840660259871360a01d81e6283ba9a656a2f8c8ae9e36db7278026a32,1
subj03,ventral,0,22,A:V,B:K,11.286159081501474,6.795403843286804,0.6021006610144969,0.3978993389855031,4.2912721986976265e-16,d535382840660259871360a01d81e6283ba9a656a2f8c8ae9e36db7278026a32,1
subj03,ventral,0,23,A:V,B:T,11.4298841568278,6.455062472717504,0.5647530967198371,0.4352469032801629,4.2327252813834093e-16,d535382840660259871360a01d81e6283ba9a656a2f8c8ae9e36db7278026a32,1
subj03,ventral,0,24,A:V,B:W,10.954800434423504,6.7629960246518745,0.6173545620603336,0.3826454379396664,3.2439329000766293e-16,d535382840660259871360a01d81e6283ba9a656a2f8c8ae9e36db7278026a32,1
subj03,ventral,1,0,A:E,B:B,11.031771334115717,7.370469843001757,0.6681130001497224,0.33188699985027764,5.828670879282072e-16,5a8dacf8a15b75ed273522504145427c344c2a64b1c8b310fc92f96ae36a9327,1
subj03,ventral,1,1,A:E,B:D,9.717735335769309,8.252618785729393,0.8492327173547242,0.15076728264527584,4.145989107584569e-16,5a8dacf8a15b75ed273522504145427c344c2a64b1c8b310fc92f96ae36a9327,1
subj03,ventral,1,2,A:E,B:K,10.710081942209104,7.74901350297992,0.7235251368563831,0.2764748631436169,2.6237692574149207e-16,5a8dacf8a15b75ed273522504145427c344c2a64b1c8b310fc92f96ae36a9327,1
subj03,ventral,1,3,A:E,B:T,11.103968160829659,7.165328884076878,0.6452944371142274,0.35470556288577254,3.8163916471489756e-16,5a8dacf8a15b75ed273522504145427c344c2a64b1c8b310fc92f96ae36a9327,1
subj03,ventral,1,4,A:E,B:W,10.584554183819764,7.43276668920883,0.7022276574077196,0.29777234259228036,3.049860711201724e-16,5a8dacf8a15b75ed273522504145427c344c2a64b1c8b310fc92f96ae36a9327,1
subj03,ventral,1,5,A:L,B:B,11.44993901833284,7.7746608728588775,0.6790132995826995,0.32098670041730043,6.071532165918825e-16,5a8dacf8a15b75ed273522504145427c344c2a64b1c8b310fc92f96ae36a9327,1
subj03,ventral,1,6,A:L,B:D,10.036165815349968,8.794209648519969,0.8762519283080726,0.12374807169192739,4.787836793695988e-16,5a8dacf8a15b75ed273522504145427c344c2a64b1c8b310fc92f96ae36a9327,1
subj03,ventral,1,7,A:L,B:K,11.926134878506016,6.931307457801081,0.5811864051858991,0.4188135948141009,4.614364446098307e-16,5a8dacf8a15b75ed273522504145427c344c2a64b1c8b310fc92f96ae36a9327,1
subj03,ventral,1,8,A:L,B:T,11.842720280351775,7.064890234939109,0.596559748747967,0.4034402512520329,4.0766001685454967e-16,5a8dacf8a15b75ed273522504145427c344c2a64b1c8b310fc92f96ae36a9327,1
subj03,ventral,1,9,A:L,B:W,11.108113543788463,7.707870792989466,0.6938955712511261,0.3061044287488739,2.949029909160572e-16,5a8dacf8a15b75ed273522504145427c344c2a64b1c8b310fc92f96ae36a9327,1
subj03,ventral,1,10,A:P,B:B,11.185904394505952,6.5832583754660865,0.5885316147257175,0.4114683852742826,5.724587470723463e-16,5a8dacf8a15b75ed273522504145427c344c2a64b1c8b310fc92f96ae36a9327,1
subj03,ventral,1,11,A:P,B:D,9.757030174670314,7.731778743314009,0.7924315703548864,0.20756842964511357,4.458239333260394e-16,5a8dacf8a15b75ed273522504145427c344c2a64b1c8b310fc92f96ae36a9327,1
subj03,ventral,1,12,A:P,B:K,11.089696932027575,6.649182725744057,0.5995820053964594,0.40041799460354055,2.671474153004283e-16,5a8dacf8a15b75ed273522504145427c344c2a64b1c8b310fc92f96ae36a9327,1
subj03,ventral,1,13,A:P,B:T,11.285236035699194,6.302653253877919,0.5584866133008115,0.4415133866991885,3.7990444123892075e-16,5a8dacf8a15b75ed273522504145427c344c2a64b1c8b310fc92f96ae36a9327,1
subj03,ventral,1,14,A:P,B:W,10.469417517566448,7.078845121604083,0.67614507776833,0.32385492223167,2.983724378680108e-16,5a8dacf8a15b75ed273522504145427c344c2a64b1c8b310fc92f96ae36a9327,1
subj03,ventral,1,15,A:R,B:B,11.340640045624248,6.572170140218651,0.5795237406159014,0.4204762593840986,4.805184028455756e-16,5a8dacf8a15b75ed273522504145427c344c2a64b1c8b310fc92f96ae36a9327,1
subj03,ventral,1,16,A:R,B:D,10.401008104034249,7.080879876119164,0.6807878433795947,0.3192121566204052,3.365363543395006e-16,5a8dacf8a15b75ed273522504145427c344c2a64b1c8b310fc92f96ae36a9327,1
subj03,ventral,1,17,A:R,B:K,11.375831086359183,6.412742400440321,0.563716387115652,0.436283612884348,2.638948087829718e-16,5a8dacf8a15b75ed273522504145427c344c2a64b1c8b310fc92f96ae36a9327,1
subj03,ventral,1,18,A:R,B:T,11.347180732005253,6.454554120192686,0.5688244747867032,0.43117552521329683,4.163336342344337e-16,5a8dacf8a15b75ed273522504145427c344c2a64b1c8b310fc92f96ae36a9327,1
subj03,ventral,1,19,A:R,B:W,10.912106151250846,6.632079597821836,0.6077726431447522,0.39222735685524784,2.8709673527416157e-16,5a8dacf8a15b75ed273522504145427c344c2a64b1c8b310fc92f96ae36a9327,1
subj03,ventral,1,20,A:V,B:B,11.009947096848114,7.015100125932092,0.6371602028805704,0.36283979711942954,5.100087019371813e-16,5a8dacf8a15b75ed273522504145427c344c2a64b1c8b310fc92f96ae36a9327,1
subj03,ventral,1,21,A:V,B:D,10.234966823621997,7.224424639749597,0.7058571624361147,0.29414283756388526,4.0245584642661925e-16,5a8dacf8a15b75ed273522504145427c344c2a64b1c8b310fc92f96ae36a9327,1
subj03,ventral,1,22,A:V,B:K,11.008816397431096,6.925733707217012,0.6291079310608841,0.3708920689391159,3.191891195797325e-16,5a8dacf8a15b75ed273522504145427c344c2a64b1c8b310fc92f96ae36a9327,1
subj03,ventral,1,23,A:V,B:T,11.180691945892685,6.636183761936276,0.5935396301097563,0.40646036989024364,3.677613769070831e-16,5a8dacf8a15b75ed273522504145427c344c2a64b1c8b310fc92f96ae36a9327,1
subj03,ventral,1,24,A:V,B:W,10.767088871321388,6.764271249804145,0.6282358519228979,0.3717641480771021,2.47198095326695e-16,5a8dacf8a15b75ed273522504145427c344c2a64b1c8b310fc92f96ae36a9327,1
subj03,ventral,2,0,A:E,B:B,11.496743894915184,7.359152634680741,0.6401075558389684,0.35989244416103155,4.198030811863873e-16,c25ea8f96f72e33daf019578a5f043e5360502dd031096dcddeb603146566fb1,1
subj03,ventral,2,1,A:E,B:C,10.249771962524267,7.3388502656168635,0.7160013210488524,0.28399867895114767,1.6479873021779667e-16,c25ea8f96f72e33daf019578a5f043e5360502dd031096dcddeb603146566fb1,1
subj03,ventral,2,2,A:E,B:K,11.607854774109708,7.691748121761963,0.662633042146403,0.33736695785359705,3.0184188481996443e-16,c25ea8f96f72e33daf019578a5f043e5360502dd031096dcddeb603146566fb1,1
subj03,ventral,2,3,A:E,B:T,11.615937277394924,7.060598378336013,0.6078371645546174,0.39216283544538255,3.2959746043559335e-16,c25ea8f96f72e33daf019578a5f043e5360502dd031096dcddeb603146566fb1,1
subj03,ventral,2,4,A:E,B:W,10.95449366483024,7.4218179099612875,0.677513551702465,0.32248644829753503,2.3245294578089215e-16,c25ea8f96f72e33daf019578a5f043e5360502dd031096dcddeb603146566fb1,1
subj03,ventral,2,5,A:H,B:B,12.185835525374731,8.06569090787169,0.6618906755368881,0.33810932446311187,2.949029909160572e-16,c25ea8f96f72e33daf019578a5f043e5360502dd031096dcddeb603146566fb1,1
subj03,ventral,2,6,A:H,B:C,12.053477257787621,6.391239636244344,0.5302403198309461,0.46975968016905384,2.6150956400350367e-16,c25ea8f96f72e33daf019578a5f043e5360502dd031096dcddeb603146566fb1,1
subj03,ventral,2,7,A:H,B:K,13.02158129771692,7.180627529639035,0.5514405175121103,0.44855948248788974,2.2898349882893854e-16,c25ea8f96f72e33daf019578a5f043e5360502dd031096dcddeb603146566fb1,1
subj03,ventral,2,8,A:H,B:T,12.601562329603842,7.2938593853086005,0.5788059602874573,0.4211940397125426,3.400058012914542e-16,c25ea8f96f72e33daf019578a5f043e5360502dd031096dcddeb603146566fb1,1
subj03,ventral,2,9,A:H,B:W,11.787597533266354,7.959558186367619,0.675248553736634,0.3247514462633661,3.5041414214731503e-16,c25ea8f96f72e33daf019578a5f043e5360502dd031096dcddeb603146566fb1,1
subj03,ventral,2,10,A:P,B:B,11.988196248252288,6.949009331177168,0.5796542855385969,0.4203457144614031,4.163336342344337e-16,c25ea8f96f72e33daf019578a5f043e5360502dd031096dcddeb603146566fb1,1
subj03,ventral,2,11,A:P,B:C,11.310331679434858,6.05526862258522,0.5353749822912163,0.4646250177087837,1.8735013540549517e-16,c25ea8f96f72e33daf019578a5f043e5360502dd031096dcddeb603146566fb1,1
subj03,ventral,2,12,A:P,B:K,12.489194557699811,6.602926109761581,0.5286911080819667,0.47130889191803327,2.498001805406602e-16,c25ea8f96f72e33daf019578a5f043e5360502dd031096dcddeb603146566fb1,1
subj03,ventral,2,13,A:P,B:T,12.209231873190516,6.433508968269368,0.5269380608944207,0.4730619391055792,3.95516952522712e-16,c25ea8f96f72e33daf019578a5f043e5360502dd031096dcddeb603146566fb1,1
subj03,ventral,2,14,A:P,B:W,11.242578744803648,7.373063677598124,0.6558160583047706,0.34418394169522937,2.0469737016526324e-16,c25ea8f96f72e33daf019578a5f043e5360502dd031096dcddeb603146566fb1,1
subj03,ventral,2,15,A:R,B:B,12.068774673910141,7.16885630076934,0.5940003434041009,0.4059996565958991,3.712308238590367e-16,c25ea8f96f72e33daf019578a5f043e5360502dd031096dcddeb603146566fb1,1
subj03,ventral,2,16,A:R,B:C,11.599596159770801,5.922963155382679,0.5106180485769354,0.4893819514230647,2.2724877535296173e-16,c25ea8f96f72e33daf019578a5f043e5360502dd031096dcddeb603146566fb1,1
subj03,ventral,2,17,A:R,B:K,12.773624909281992,6.438583959794098,0.5040530002658432,0.49594699973415673,2.498001805406602e-16,c25ea8f96f72e33daf019578a5f043e5360502dd031096dcddeb603146566fb1,1
subj03,ventral,2,18,A:R,B:T,12.34076219196296,6.572915024465825,0.5326182388269745,0.46738176117302555,3.122502256758253e-16,c25ea8f96f72e33daf019578a5f043e5360502dd031096dcddeb603146566fb1,1
subj03,ventral,2,19,A:R,B:W,11.601766680210847,7.1553404911488565,0.6167457671212896,0.3832542328787104,2.96637714392034e-16,c25ea8f96f72e33daf019578a5f043e5360502dd031096dcddeb603146566fb1,1
subj03,ventral,2,20,A:V,B:B,11.41008402575824,7.11941275792081,0.6239579605065793,0.37604203949342074,4.0939474033052647e-16,c25ea8f96f72e33daf019578a5f043e5360502dd031096dcddeb603146566fb1,1
subj03,ventral,2,21,A:V,B:C,10.777782194574762,6.107353541257572,0.5666614365552725,0.4333385634447275,3.9898639947466563e-16,c25ea8f96f72e33daf019578a5f043e5360502dd031096dcddeb603146566fb1,1
subj03,ventral,2,22,A:V,B:K,11.927527159544102,6.79582116381081,0.5697594373845519,0.4302405626154481,3.5041414214731503e-16,c25ea8f96f72e33daf019578a5f043e5360502dd031096dcddeb603146566fb1,1
subj03,ventral,2,23,A:V,B:T,11.742970363843574,6.436497738144282,0.5481149605863062,0.45188503941369385,2.983724378680108e-16,c25ea8f96f72e33daf019578a5f043e5360502dd031096dcddeb603146566fb1,1
subj03,ventral,2,24,A:V,B:W,11.053332695135598,6.888538065423268,0.6232091492600063,0.37679085073999374,2.7582103268031233e-16,c25ea8f96f72e33daf019578a5f043e5360502dd031096dcddeb603146566fb1,1
subj03,ventral,3,0,A:E,B:B,10.96478750374833,7.437149830254532,0.6782757830657575,0.3217242169342424,6.140921104957897e-16,db3f9373a1380d75afe4e34096cc6723f3ccfca33f8ec3d82eab8c0e1fb37ef1,1
subj03,ventral,3,1,A:E,B:C,9.56383227043313,7.5292266866319855,0.7872604280094719,0.21273957199052806,2.185751579730777e-16,db3f9373a1380d75afe4e34096cc6723f3ccfca33f8ec3d82eab8c0e1fb37ef1,1
subj03,ventral,3,2,A:E,B:D,9.742114943437016,8.327287216677888,0.8547720146011768,0.1452279853988232,4.0766001685454967e-16,db3f9373a1380d75afe4e34096cc6723f3ccfca33f8ec3d82eab8c0e1fb37ef1,1
subj03,ventral,3,3,A:E,B:T,11.07653571253147,7.163711607531858,0.6467465815532173,0.35325341844678276,5.230191280070073e-16,db3f9373a1380d75afe4e34096cc6723f3ccfca33f8ec3d82eab8c0e1fb37ef1,1
subj03,ventral,3,4,A:E,B:W,10.482439172419495,7.580000264183775,0.7231141664172619,0.27688583358273816,4.128641872824801e-16,db3f9373a1380d75afe4e34096cc6723f3ccfca33f8ec3d82eab8c0e1fb37ef1,1
subj03,ventral,3,5,A:H,B:B,11.402405630007346,7.73205960294575,0.6781077479472872,0.32189225205271277,4.40619762898109e-16,db3f9373a1380d75afe4e34096cc6723f3ccfca33f8ec3d82eab8c0e1fb37ef1,1
subj03,ventral,3,6,A:H,B:C,10.929044506168056,6.5554531218357015,0.5998194186267594,0.40018058137324064,2.0643209364124004e-16,db3f9373a1380d75afe4e34096cc6723f3ccfca33f8ec3d82eab8c0e1fb37ef1,1
subj03,ventral,3,7,A:H,B:D,10.68624450001354,8.019883521650074,0.7504866205934099,0.24951337940659016,2.8536201179818477e-16,db3f9373a1380d75afe4e34096cc6723f3ccfca33f8ec3d82eab8c0e1fb37ef1,1
subj03,ventral,3,8,A:H,B:T,11.649654784329412,7.249537091948752,0.6222963020072063,0.3777036979927937,4.0679265511656126e-16,db3f9373a1380d75afe4e34096cc6723f3ccfca33f8ec3d82eab8c0e1fb37ef1,1
subj03,ventral,3,9,A:H,B:W,11.007377934521049,7.774149681466016,0.7062671716835426,0.2937328283164575,2.934664230375139e-16,db3f9373a1380d75afe4e34096cc6723f3ccfca33f8ec3d82eab8c0e1fb37ef1,1
subj03,ventral,3,10,A:L,B:B,11.387046744036452,7.67241558973829,0.6737844993704304,0.3262155006295696,6.279698983036042e-16,db3f9373a1380d75afe4e34096cc6723f3ccfca33f8ec3d82eab8c0e1fb37ef1,1
subj03,ventral,3,11,A:L,B:C,10.890086240415583,6.523434356571719,0.599025040992033,0.40097495900796704,5.273559366969494e-16,db3f9373a1380d75afe4e34096cc6723f3ccfca33f8ec3d82eab8c0e1fb37ef1,1
subj03,ventral,3,12,A:L,B:D,9.993412926552855,8.796433707594902,0.8802231802332978,0.11977681976670217,6.279698983036042e-16,db3f9373a1380d75afe4e34096cc6723f3ccfca33f8ec3d82eab8c0e1fb37ef1,1
subj03,ventral,3,13,A:L,B:T,11.76380888762125,6.972391252283158,0.5926984464717056,0.40730155352829445,5.169475958410885e-16,db3f9373a1380d75afe4e34096cc6723f3ccfca33f8ec3d82eab8c0e1fb37ef1,1
subj03,ventral,3,14,A:L,B:W,10.99219909056061,7.713788050918883,0.7017511225340692,0.29824887746593076,4.2847669856627135e-16,db3f9373a1380d75afe4e34096cc6723f3ccfca33f8ec3d82eab8c0e1fb37ef1,1
subj03,ventral,3,15,A:R,B:B,11.359305028071294,6.571361863128976,0.5785003437173069,0.4214996562826931,5.793976409762536e-16,db3f9373a1380d75afe4e34096cc6723f3ccfca33f8ec3d82eab8c0e1fb37ef1,1
subj03,ventral,3,16,A:R,B:C,10.430419474012671,6.003443732454546,0.5755706898856839,0.42442931011431606,2.3592239273284576e-16,db3f9373a1380d75afe4e34096cc6723f3ccfca33f8ec3d82eab8c0e1fb37ef1,1
subj03,ventral,3,17,A:R,B:D,10.498747288576121,7.120931553367336,0.6782648784313298,0.32173512156867023,3.625572064791527e-16,db3f9373a1380d75afe4e34096cc6723f3ccfca33f8ec3d82eab8c0e1fb37ef1,1
subj03,ventral,3,18,A:R,B:T,11.405091883825413,6.372686353910142,0.5587580020243258,0.4412419979756742,5.516420653606247e-16,db3f9373a1380d75afe4e34096cc6723f3ccfca33f8ec3d82eab8c0e1fb37ef1,1
subj03,ventral,3,19,A:R,B:W,10.943640457045156,6.652331426828226,0.6078718917109228,0.39212810828907724,4.544975507059235e-16,db3f9373a1380d75afe4e34096cc6723f3ccfca33f8ec3d82eab8c0e1fb37ef1,1
subj03,ventral,3,20,A:V,B:B,11.022230941566367,6.939899938656818,0.6296275205489924,0.3703724794510076,5.93275428784068e-16,db3f9373a1380d75afe4e34096cc6723f3ccfca33f8ec3d82eab8c0e1fb37ef1,1
subj03,ventral,3,21,A:V,B:C,10.239208091370902,6.117906778061868,0.5974980412027896,0.40250195879721035,4.822531263215524e-16,db3f9373a1380d75afe4e34096cc6723f3ccfca33f8ec3d82eab8c0e1fb37ef1,1
subj03,ventral,3,22,A:V,B:D,10.391778978168169,7.0977087230224685,0.6830119018056359,0.31698809819436413,3.712308238590367e-16,db3f9373a1380d75afe4e34096cc6723f3ccfca33f8ec3d82eab8c0e1fb37ef1,1
subj03,ventral,3,23,A:V,B:T,11.252456188524423,6.44241108592051,0.5725337631165953,0.4274662368834046,4.787836793695988e-16,db3f9373a1380d75afe4e34096cc6723f3ccfca33f8ec3d82eab8c0e1fb37ef1,1
subj03,ventral,3,24,A:V,B:W,10.758159390620968,6.761210322292599,0.6284727783627249,0.3715272216372751,3.625572064791527e-16,db3f9373a1380d75afe4e34096cc6723f3ccfca33f8ec3d82eab8c0e1fb37ef1,1
subj03,ventral,4,0,A:E,B:B,11.256163332740604,7.467139802815081,0.6633823250499167,0.3366176749500833,5.0133508455729725e-16,4a541d905a6e214567d70ebc0a32bcccf9214e438cc53d6c644ae261bfeb5dc9,1
subj03,ventral,4,1,A:E,B:C,9.809363789103086,7.634940178596853,0.7783318411616326,0.22166815883836746,2.5673907444456745e-16,4a541d905a6e214567d70ebc0a32bcccf9214e438cc53d6c644ae261bfeb5dc9,1
subj03,ventral,4,2,A:E,B:D,9.95521208186086,8.387376952381066,0.8425111271776412,0.15748887282235877,2.498001805406602e-16,4a541d905a6e214567d70ebc0a32bcccf9214e438cc53d6c644ae261bfeb5dc9,1
subj03,ventral,4,3,A:E,B:K,11.183078751555204,8.072863834314989,0.7218820517732932,0.2781179482267068,3.0184188481996443e-16,4a541d905a6e214567d70ebc0a32bcccf9214e438cc53d6c644ae261bfeb5dc9,1
subj03,ventral,4,4,A:E,B:W,10.7807101905745,7.530338526309392,0.6985011556004089,0.3014988443995911,2.649790109554573e-16,4a541d905a6e214567d70ebc0a32bcccf9214e438cc53d6c644ae261bfeb5dc9,1
subj03,ventral,4,5,A:H,B:B,11.556544153547131,7.734654590899733,0.6692878500815213,0.3307121499184788,2.411265631607762e-16,4a541d905a6e214567d70ebc0a32bcccf9214e438cc53d6c644ae261bfeb5dc9,1
subj03,ventral,4,6,A:H,B:C,11.057098921102321,6.570821678600684,0.5942627198586747,0.40573728014132526,3.972516759986888e-16,4a541d905a6e214567d70ebc0a32bcccf9214e438cc53d6c644ae261bfeb5dc9,1
subj03,ventral,4,7,A:H,B:D,10.804188069198261,7.9776603404035065,0.7383859193590934,0.2616140806409066,4.3194614551822497e-16,4a541d905a6e214567d70ebc0a32bcccf9214e438cc53d6c644ae261bfeb5dc9,1
subj03,ventral,4,8,A:H,B:K,12.143592018387642,7.326988354509636,0.6033625259655646,0.39663747403443544,4.610027637408365e-16,4a541d905a6e214567d70ebc0a32bcccf9214e438cc53d6c644ae261bfeb5dc9,1
subj03,ventral,4,9,A:H,B:W,11.142442138154713,7.72624736448051,0.6934069989938529,0.3065930010061471,2.5934115965853266e-16,4a541d905a6e214567d70ebc0a32bcccf9214e438cc53d6c644ae261bfeb5dc9,1
subj03,ventral,4,10,A:L,B:B,11.658851977438026,7.78372762082907,0.6676238480334069,0.33237615196659315,4.198030811863873e-16,4a541d905a6e214567d70ebc0a32bcccf9214e438cc53d6c644ae261bfeb5dc9,1
subj03,ventral,4,11,A:L,B:C,11.377991607523802,6.254046030833646,0.5496616842904067,0.45033831570959326,6.557254739192331e-16,4a541d905a6e214567d70ebc0a32bcccf9214e438cc53d6c644ae261bfeb5dc9,1
subj03,ventral,4,12,A:L,B:D,10.554377398968912,8.492073525072932,0.8046020342140264,0.19539796578597352,6.609296443471635e-16,4a541d905a6e214567d70ebc0a32bcccf9214e438cc53d6c644ae261bfeb5dc9,1
subj03,ventral,4,13,A:L,B:K,12.51234005421637,6.908659965396896,0.5521477146130501,0.44785228538694993,6.34041430469523e-16,4a541d905a6e214567d70ebc0a32bcccf9214e438cc53d6c644ae261bfeb5dc9,1
subj03,ventral,4,14,A:L,B:W,11.281148806628655,7.727952344290564,0.6850323913597984,0.31496760864020157,3.8163916471489756e-16,4a541d905a6e214567d70ebc0a32bcccf9214e438cc53d6c644ae261bfeb5dc9,1
subj03,ventral,4,15,A:P,B:B,11.218049958129587,6.620157851965459,0.5901344597924445,0.40986554020755545,5.117434254131581e-16,4a541d905a6e214567d70ebc0a32bcccf9214e438cc53d6c644ae261bfeb5dc9,1
subj03,ventral,4,16,A:P,B:C,10.165260882704935,6.196381662242908,0.6095644503118818,0.39043554968811817,4.0939474033052647e-16,4a541d905a6e214567d70ebc0a32bcccf9214e438cc53d6c644ae261bfeb5dc9,1
subj03,ventral,4,17,A:P,B:D,9.849029485473881,7.724163577393968,0.7842563156893955,0.2157436843106046,4.874572967494828e-16,4a541d905a6e214567d70ebc0a32bcccf9214e438cc53d6c644ae261bfeb5dc9,1
subj03,ventral,4,18,A:P,B:K,11.48759292446519,6.743836793144212,0.5870539492030419,0.41294605079695806,4.4208343583096443e-16,4a541d905a6e214567d70ebc0a32bcccf9214e438cc53d6c644ae261bfeb5dc9,1
subj03,ventral,4,19,A:P,B:W,10.489973628186057,7.078270187966076,0.6747652986416575,0.3252347013583425,3.1051550219984847e-16,4a541d905a6e214567d70ebc0a32bcccf9214e438cc53d6c644ae261bfeb5dc9,1
subj03,ventral,4,20,A:V,B:B,11.135745594876408,7.053763320968842,0.6334343094380946,0.36656569056190536,4.683753385137379e-16,4a541d905a6e214567d70ebc0a32bcccf9214e438cc53d6c644ae261bfeb5dc9,1
subj03,ventral,4,21,A:V,B:C,10.322378076118529,6.26621556167057,0.6070515452410965,0.39294845475890344,5.499073418846478e-16,4a541d905a6e214567d70ebc0a32bcccf9214e438cc53d6c644ae261bfeb5dc9,1
subj03,ventral,4,22,A:V,B:D,10.483821509396689,7.1305570209632565,0.6801486475682661,0.31985135243173385,5.655198531684391e-16,4a541d905a6e214567d70ebc0a32bcccf9214e438cc53d6c644ae261bfeb5dc9,1
subj03,ventral,4,23,A:V,B:K,11.563894771560904,6.914458452914318,0.5979350893021832,0.4020649106978168,5.82433407059213e-16,4a541d905a6e214567d70ebc0a32bcccf9214e438cc53d6c644ae261bfeb5dc9,1
subj03,ventral,4,24,A:V,B:W,10.82401720746317,6.860858485674598,0.6338550978045406,0.3661449021954594,2.220446049250313e-16,4a541d905a6e214567d70ebc0a32bcccf9214e438cc53d6c644ae261bfeb5dc9,1
subj03,ventral,5,0,A:E,B:B,11.254946662372818,7.347373638958556,0.6528128350463058,0.3471871649536942,5.898059818321144e-16,c44855615c58747198ec03eec54a47ba356f609bfc730a3bbf9de97defc877a7,1
subj03,ventral,5,1,A:E,B:C,9.685398773566645,7.326057096242649,0.7564022161108015,0.2435977838891985,2.5673907444456745e-16,c44855615c58747198ec03eec54a47ba356f609bfc730a3bbf9de97defc877a7,1
subj03,ventral,5,2,A:E,B:D,10.257222014158392,8.242464288786111,0.8035766679719673,0.19642333202803275,4.874572967494828e-16,c44855615c58747198ec03eec54a47ba356f609bfc730a3bbf9de97defc877a7,1
subj03,ventral,5,3,A:E,B:K,10.963947810587346,7.677516360371256,0.7002510859233985,0.29974891407660154,3.0097452308197603e-16,c44855615c58747198ec03eec54a47ba356f609bfc730a3bbf9de97defc877a7,1
subj03,ventral,5,4,A:E,B:T,11.610198307040662,7.140378163716926,0.6150091475514983,0.3849908524485017,5.430768681979892e-16,c44855615c58747198ec03eec54a47ba356f609bfc730a3bbf9de97defc877a7,1
subj03,ventral,5,5,A:H,B:B,11.593658584874351,7.740074716124282,0.6676127867196606,0.3323872132803394,4.597017211338539e-16,c44855615c58747198ec03eec54a47ba356f609bfc730a3bbf9de97defc877a7,1
subj03,ventral,5,6,A:H,B:C,10.93319840452424,6.450363312110346,0.5899795351231472,0.41002046487685284,1.700029006457271e-16,c44855615c58747198ec03eec54a47ba356f609bfc730a3bbf9de97defc877a7,1
subj03,ventral,5,7,A:H,B:D,10.978063320553124,8.142167952091937,0.7416761694977815,0.2583238305022185,3.5822039778921066e-16,c44855615c58747198ec03eec54a47ba356f609bfc730a3bbf9de97defc877a7,1
subj03,ventral,5,8,A:H,B:K,11.87419879768716,7.1985945989861895,0.6062383426146042,0.39376165738539587,2.5934115965853266e-16,c44855615c58747198ec03eec54a47ba356f609bfc730a3bbf9de97defc877a7,1
subj03,ventral,5,9,A:H,B:T,12.05368960623139,7.358955371302482,0.6105147562036214,0.38948524379637867,4.874572967494828e-16,c44855615c58747198ec03eec54a47ba356f609bfc730a3bbf9de97defc877a7,1
subj03,ventral,5,10,A:L,B:B,11.489534305091103,7.7714737674249665,0.6763958887333985,0.32360411126660155,5.967448757360216e-16,c44855615c58747198ec03eec54a47ba356f609bfc730a3bbf9de97defc877a7,1
subj03,ventral,5,11,A:L,B:C,10.915435893543064,6.330781984611768,0.5799843493521583,0.42001565064784174,3.9898639947466563e-16,c44855615c58747198ec03eec54a47ba356f609bfc730a3bbf9de97defc877a7,1
subj03,ventral,5,12,A:L,B:D,10.165065505605213,9.031486232549135,0.8884828363938234,0.11151716360617656,3.7816971776294395e-16,c44855615c58747198ec03eec54a47ba356f609bfc730a3bbf9de97defc877a7,1
subj03,ventral,5,13,A:L,B:K,11.868542116017412,7.073725779226383,0.5960062921022039,0.40399370789779615,3.8424124992886277e-16,c44855615c58747198ec03eec54a47ba356f609bfc730a3bbf9de97defc877a7,1
subj03,ventral,5,14,A:L,B:T,11.968013362689495,7.368571130314249,0.6156887452420389,0.38431125475796113,2.896988204881268e-16,c44855615c58747198ec03eec54a47ba356f609bfc730a3bbf9de97defc877a7,1
subj03,ventral,5,15,A:P,B:B,11.309054786015201,6.695775600173696,0.5920720809004927,0.4079279190995073,6.002143226879753e-16,c44855615c58747198ec03eec54a47ba356f609bfc730a3bbf9de97defc877a7,1
subj03,ventral,5,16,A:P,B:C,10.047003934233306,6.213387256848605,0.6184318526717838,0.38156814732821615,2.1163626406917047e-16,c44855615c58747198ec03eec54a47ba356f609bfc730a3bbf9de97defc877a7,1
subj03,ventral,5,17,A:P,B:D,10.125515447717389,7.917901565145974,0.7819751602799558,0.21802483972004413,4.475586568020162e-16,c44855615c58747198ec03eec54a47ba356f609bfc730a3bbf9de97defc877a7,1
subj03,ventral,5,18,A:P,B:K,11.252363792054956,6.678856595702335,0.5935514278713712,0.4064485721286289,2.954721970566121e-16,c44855615c58747198ec03eec54a47ba356f609bfc730a3bbf9de97defc877a7,1
subj03,ventral,5,19,A:P,B:T,11.602474582257194,6.5753095665090715,0.566716136277015,0.43328386372298494,4.874572967494828e-16,c44855615c58747198ec03eec54a47ba356f609bfc730a3bbf9de97defc877a7,1
subj03,ventral,5,20,A:R,B:B,11.471700653961879,6.646143022476844,0.5793511548945034,0.42064884510549666,5.603156827405087e-16,c44855615c58747198ec03eec54a47ba356f609bfc730a3bbf9de97defc877a7,1
subj03,ventral,5,21,A:R,B:C,10.344239827681367,5.9655824169841924,0.5767057334672567,0.4232942665327432,2.498001805406602e-16,c44855615c58747198ec03eec54a47ba356f609bfc730a3bbf9de97defc877a7,1
subj03,ventral,5,22,A:R,B:D,10.749148631581038,7.260718552721639,0.6754691744971896,0.3245308255028104,4.198030811863873e-16,c44855615c58747198ec03eec54a47ba356f609bfc730a3bbf9de97defc877a7,1
subj03,ventral,5,23,A:R,B:K,11.493753383649596,6.493030988598599,0.5649182448820627,0.43508175511793734,3.0444397003392965e-16,c44855615c58747198ec03eec54a47ba356f609bfc730a3bbf9de97defc877a7,1
subj03,ventral,5,24,A:R,B:T,11.710420662389497,6.615222004255286,0.5649004587428252,0.43509954125717476,5.342948306008566e-16,c44855615c58747198ec03eec54a47ba356f609bfc730a3bbf9de97defc877a7,1
subj04,ventral,0,0,A:H,B:C,10.162314820785719,8.003780057847296,0.7875941848875401,0.21240581511245996,2.740863092043355e-16,75231309a6fe17af130710f025d82d5ebd108188a4faf15e46c27eeed6d6489a,1
subj04,ventral,0,1,A:H,B:D,10.250998256147613,8.470363607907354,0.8262964636470993,0.17370353635290073,3.625572064791527e-16,75231309a6fe17af130710f025d82d5ebd108188a4faf15e46c27eeed6d6489a,1
subj04,ventral,0,2,A:H,B:K,11.524220780891712,7.666080536252801,0.6652146537285987,0.33478534627140133,1.700029006457271e-16,75231309a6fe17af130710f025d82d5ebd108188a4faf15e46c27eeed6d6489a,1
subj04,ventral,0,3,A:H,B:T,12.031156802456424,9.038478697348914,0.7512559968883051,0.2487440031116949,4.198030811863873e-16,75231309a6fe17af130710f025d82d5ebd108188a4faf15e46c27eeed6d6489a,1
subj04,ventral,0,4,A:H,B:W,11.096948429870087,8.05407341022745,0.7257917310445443,0.27420826895545564,3.0878077872387166e-16,75231309a6fe17af130710f025d82d5ebd108188a4faf15e46c27eeed6d6489a,1
subj04,ventral,0,5,A:L,B:C,10.544149500359717,7.3604168587950864,0.6980569517289169,0.3019430482710831,2.2898349882893854e-16,75231309a6fe17af130710f025d82d5ebd108188a4faf15e46c27eeed6d6489a,1
subj04,ventral,0,6,A:L,B:D,11.152922016924446,7.1038048025069305,0.6369456176351792,0.36305438236482074,4.475586568020162e-16,75231309a6fe17af130710f025d82d5ebd108188a4faf15e46c27eeed6d6489a,1
subj04,ventral,0,7,A:L,B:K,12.06956696099278,6.627495459008464,0.5491079738343255,0.4508920261656745,2.1510571102112408e-16,75231309a6fe17af130710f025d82d5ebd108188a4faf15e46c27eeed6d6489a,1
subj04,ventral,0,8,A:L,B:T,12.255137945366652,8.61835903161234,0.703244555061962,0.2967554449380379,4.2327252813834093e-16,75231309a6fe17af130710f025d82d5ebd108188a4faf15e46c27eeed6d6489a,1
subj04,ventral,0,9,A:L,B:W,11.624637150120076,7.134413877158594,0.6137321780478026,0.3862678219521975,3.920475055707584e-16,75231309a6fe17af130710f025d82d5ebd108188a4faf15e46c27eeed6d6489a,1
subj04,ventral,0,10,A:P,B:C,10.1881965804286,7.479738435729256,0.7341572550825864,0.2658427449174135,2.411265631607762e-16,75231309a6fe17af130710f025d82d5ebd108188a4faf15e46c27eeed6d6489a,1
subj04,ventral,0,11,A:P,B:D,10.557340242804262,7.601663685838499,0.7200358718210005,0.27996412817899957,5.434021288497348e-16,75231309a6fe17af130710f025d82d5ebd108188a4faf15e46c27eeed6d6489a,1
subj04,ventral,0,12,A:P,B:K,11.078097217428365,7.82719083282654,0.7065465015519624,0.29345349844803764,2.8449465006019636e-16,75231309a6fe17af130710f025d82d5ebd108188a4faf15e46c27eeed6d6489a,1
subj04,ventral,0,13,A:P,B:T,12.174021578780392,8.405279808807107,0.6904275431429914,0.3095724568570087,4.2327252813834093e-16,75231309a6fe17af130710f025d82d5ebd108188a4faf15e46c27eeed6d6489a,1
subj04,ventral,0,14,A:P,B:W,10.852275994735574,7.915249053810152,0.7293630439964695,0.27063695600353055,4.666406150377611e-16,75231309a6fe17af130710f025d82d5ebd108188a4faf15e46c27eeed6d6489a,1
subj04,ventral,0,15,A:R,B:C,10.425250819893582,6.9753076818262185,0.6690781643848661,0.3309218356151339,2.42861286636753e-16,75231309a6fe17af130710f025d82d5ebd108188a4faf15e46c27eeed6d6489a,1
subj04,ventral,0,16,A:R,B:D,10.814161837785576,7.063395983984281,0.6531616679994736,0.34683833200052633,4.510281037539698e-16,75231309a6fe17af130710f025d82d5ebd108188a4faf15e46c27eeed6d6489a,1
subj04,ventral,0,17,A:R,B:K,11.752884721407062,6.591948900215126,0.5608792272256656,0.4391207727743343,2.6020852139652106e-16,75231309a6fe17af130710f025d82d5ebd108188a4faf15e46c27eeed6d6489a,1
subj04,ventral,0,18,A:R,B:T,12.263105186134691,8.128143486934803,0.6628128327664439,0.33718716723355613,3.9898639947466563e-16,75231309a6fe17af130710f025d82d5ebd108188a4faf15e46c27eeed6d6489a,1
subj04,ventral,0,19,A:R,B:W,11.29419376487494,7.103462841225371,0.6289482002086075,0.37105179979139247,4.510281037539698e-16,75231309a6fe17af130710f025d82d5ebd108188a4faf15e46c27eeed6d6489a,1
subj04,ventral,0,20,A:V,B:C,9.836859335815213,7.146662123582881,0.7265186864635199,0.2734813135364801,3.2612801348363973e-16,75231309a6fe17af130710f025d82d5ebd108188a4faf15e46c27eeed6d6489a,1
subj04,ventral,0,21,A:V,B:D,10.479916380026461,6.892519200950383,0.6576883775606022,0.3423116224393978,5.377642775528102e-16,75231309a6fe17af130710f025d82d5ebd108188a4faf15e46c27eeed6d6489a,1
subj04,ventral,0,22,A:V,B:K,11.408646136971416,6.474927959949178,0.5675456914178634,0.4324543085821367,2.498001805406602e-16,75231309a6fe17af130710f025d82d5ebd108188a4faf15e46c27eeed6d6489a,1
subj04,ventral,0,23,A:V,B:T,12.381893570699306,7.3237276124739035,0.591486881280007,0.4085131187199929,4.128641872824801e-16,75231309a6fe17af130710f025d82d5ebd108188a4faf15e46c27eeed6d6489a,1
subj04,ventral,0,24,A:V,B:W,11.039853885566218,6.82916045411085,0.6185915615277722,0.38140843847222783,4.371503159461554e-16,75231309a6fe17af130710f025d82d5ebd108188a4faf15e46c27eeed6d6489a,1
subj04,ventral,1,0,A:E,B:B,12.670826973530207,7.730869047715012,0.6101313721562975,0.3898686278437025,2.7755575615628914e-16,ad2ee773a07873e787c2147d29b1f7bc388491eae0efb6ab479706cb0a9c3b3e,1
subj04,ventral,1,1,A:E,B:D,11.81287126595664,8.731032400833083,0.7391117878339141,0.260888212166086,2.5673907444456745e-16,ad2ee773a07873e787c2147d29b1f7bc388491eae0efb6ab479706cb0a9c3b3e,1
subj04,ventral,1,2,A:E,B:K,13.038035647505438,7.077938698517649,0.5428684880050828,0.45713151199491714,2.0469737016526324e-16,ad2ee773a07873e787c2147d29b1f7bc388491eae0efb6ab479706cb0a9c3b3e,1
subj04,ventral,1,3,A:E,B:T,12.518905598421215,10.138472717835318,0.809852957043937,0.19014704295606302,3.400058012914542e-16,ad2ee773a07873e787c2147d29b1f7bc388491eae0efb6ab479706cb0a9c3b3e,1
subj04,ventral,1,4,A:E,B:W,12.50988218169246,8.160962712432081,0.6523612767812643,0.34763872321873573,3.2612801348363973e-16,ad2ee773a07873e787c2147d29b1f7bc388491eae0efb6ab479706cb0a9c3b3e,1
subj04,ventral,1,5,A:L,B:B,11.578181144386377,6.7976040706645,0.5871046571041327,0.4128953428958672,3.3306690738754696e-16,ad2ee773a07873e787c2147d29b1f7bc388491eae0efb6ab479706cb0a9c3b3e,1
subj04,ventral,1,6,A:L,B:D,11.05142091968682,7.320277130959578,0.6623833427536324,0.3376166572463676,5.863365348801608e-16,ad2ee773a07873e787c2147d29b1f7bc388491eae0efb6ab479706cb0a9c3b3e,1
subj04,ventral,1,7,A:L,B:K,11.64076996623655,6.672748432725574,0.5732222569537526,0.4267777430462473,2.5673907444456745e-16,ad2ee773a07873e787c2147d29b1f7bc388491eae0efb6ab479706cb0a9c3b3e,1
subj04,ventral,1,8,A:L,B:T,12.39812269533217,8.108248106196717,0.6539899874720091,0.3460100125279909,3.972516759986888e-16,ad2ee773a07873e787c2147d29b1f7bc388491eae0efb6ab479706cb0a9c3b3e,1
subj04,ventral,1,9,A:L,B:W,11.543050514597946,7.057050141429742,0.6113678643704302,0.3886321356295697,4.2327252813834093e-16,ad2ee773a07873e787c2147d29b1f7bc388491eae0efb6ab479706cb0a9c3b3e,1
subj04,ventral,1,10,A:P,B:B,11.170710795218385,7.385394701551952,0.6611391913138835,0.33886080868611645,3.5041414214731503e-16,ad2ee773a07873e787c2147d29b1f7bc388491eae0efb6ab479706cb0a9c3b3e,1
subj04,ventral,1,11,A:P,B:D,10.696579279768336,7.769857668204315,0.7263871434955225,0.27361285650447753,6.245004513516506e-16,ad2ee773a07873e787c2147d29b1f7bc388491eae0efb6ab479706cb0a9c3b3e,1
subj04,ventral,1,12,A:P,B:K,10.96297226605285,7.675511123137916,0.7001304880525285,0.29986951194747147,2.8102520310824275e-16,ad2ee773a07873e787c2147d29b1f7bc388491eae0efb6ab479706cb0a9c3b3e,1
subj04,ventral,1,13,A:P,B:T,12.405965499639795,8.038425753608841,0.6479484207692046,0.3520515792307954,4.3021142204224816e-16,ad2ee773a07873e787c2147d29b1f7bc388491eae0efb6ab479706cb0a9c3b3e,1
subj04,ventral,1,14,A:P,B:W,11.05403847654908,7.74075836688934,0.700265191161692,0.299734808838308,4.822531263215524e-16,ad2ee773a07873e787c2147d29b1f7bc388491eae0efb6ab479706cb0a9c3b3e,1
subj04,ventral,1,15,A:R,B:B,11.561739437383062,6.3115080184631385,0.5458960611113473,0.4541039388886527,3.469446951953614e-16,ad2ee773a07873e787c2147d29b1f7bc388491eae0efb6ab479706cb0a9c3b3e,1
subj04,ventral,1,16,A:R,B:D,10.610261504224692,7.509325202801736,0.7077417648765533,0.2922582351234468,5.551115123125783e-16,ad2ee773a07873e787c2147d29b1f7bc388491eae0efb6ab479706cb0a9c3b3e,1
subj04,ventral,1,17,A:R,B:K,11.310712345905744,6.734102453391716,0.5953738586437776,0.40462614135622244,3.122502256758253e-16,ad2ee773a07873e787c2147d29b1f7bc388491eae0efb6ab479706cb0a9c3b3e,1
subj04,ventral,1,18,A:R,B:T,12.357800291885994,7.745266828027306,0.6267512538710284,0.3732487461289717,4.128641872824801e-16,ad2ee773a07873e787c2147d29b1f7bc388491eae0efb6ab479706cb0a9c3b3e,1
subj04,ventral,1,19,A:R,B:W,11.19750222191096,7.134925959169931,0.6371890639332499,0.3628109360667501,4.85722573273506e-16,ad2ee773a07873e787c2147d29b1f7bc388491eae0efb6ab479706cb0a9c3b3e,1
subj04,ventral,1,20,A:V,B:B,11.18169646047068,6.9135972987565095,0.6182959198720271,0.38170408012797286,3.157196726277789e-16,ad2ee773a07873e787c2147d29b1f7bc388491eae0efb6ab479706cb0a9c3b3e,1
subj04,ventral,1,21,A:V,B:D,10.737392975365415,7.279781407463535,0.6779840715679673,0.3220159284320327,5.863365348801608e-16,ad2ee773a07873e787c2147d29b1f7bc388491eae0efb6ab479706cb0a9c3b3e,1
subj04,ventral,1,22,A:V,B:K,11.263749445781905,6.762211850102103,0.6003517640952537,0.39964823590474624,2.706168622523819e-16,ad2ee773a07873e787c2147d29b1f7bc388491eae0efb6ab479706cb0a9c3b3e,1
subj04,ventral,1,23,A:V,B:T,12.678362870807943,7.161194890938861,0.5648359306253636,0.43516406937463636,3.7470027081099033e-16,ad2ee773a07873e787c2147d29b1f7bc388491eae0efb6ab479706cb0a9c3b3e,1
subj04,ventral,1,24,A:V,B:W,11.274924873646281,6.963225158256977,0.6175850603255584,0.3824149396744416,4.3368086899420177e-16,ad2ee773a07873e787c2147d29b1f7bc388491eae0efb6ab479706cb0a9c3b3e,1
subj04,ventral,2,0,A:E,B:B,13.130479308943762,7.682249365655895,0.58506998753832,0.4149300124616801,3.2612801348363973e-16,429ab6a115b4a92079e3e8c37f9a590b70c1245aa92c611ee4a1a207f05596ed,1
subj04,ventral,2,1,A:E,B:C,11.69377334032354,8.392976840318987,0.7177304190921467,0.2822695809078533,2.393918396847994e-16,429ab6a115b4a92079e3e8c37f9a590b70c1245aa92c611ee4a1a207f05596ed,1
subj04,ventral,2,2,A:E,B:K,13.23235205878325,6.96967058754277,0.5267144160449166,0.4732855839550834,2.3245294578089215e-16,429ab6a115b4a92079e3e8c37f9a590b70c1245aa92c611ee4a1a207f05596ed,1
subj04,ventral,2,3,A:E,B:T,12.89265663987622,10.120569989703492,0.7849871653605643,0.21501283463943566,4.926614671774132e-16,429ab6a115b4a92079e3e8c37f9a590b70c1245aa92c611ee4a1a207f05596ed,1
subj04,ventral,2,4,A:E,B:W,12.801174216319165,8.104471868056786,0.6331037865046052,0.36689621349539475,3.642919299551295e-16,429ab6a115b4a92079e3e8c37f9a590b70c1245aa92c611ee4a1a207f05596ed,1
subj04,ventral,2,5,A:H,B:B,11.221232686293616,8.286614509053763,0.738476310109459,0.2615236898905409,3.8163916471489756e-16,429ab6a115b4a92079e3e8c37f9a590b70c1245aa92c611ee4a1a207f05596ed,1
subj04,ventral,2,6,A:H,B:C,10.154835298314076,8.19898262371563,0.8073969082567828,0.19260309174321721,2.96637714392034e-16,429ab6a115b4a92079e3e8c37f9a590b70c1245aa92c611ee4a1a207f05596ed,1
subj04,ventral,2,7,A:H,B:K,11.233550895584244,7.78693676651137,0.6931856933654262,0.3068143066345737,2.3245294578089215e-16,429ab6a115b4a92079e3e8c37f9a590b70c1245aa92c611ee4a1a207f05596ed,1
subj04,ventral,2,8,A:H,B:T,12.391367908148228,8.846362774498315,0.7139133338685866,0.28608666613141337,6.210310043996969e-16,429ab6a115b4a92079e3e8c37f9a590b70c1245aa92c611ee4a1a207f05596ed,1
subj04,ventral,2,9,A:H,B:W,11.288759034502725,8.079235474999813,0.7156885402821167,0.2843114597178833,5.204170427930421e-16,429ab6a115b4a92079e3e8c37f9a590b70c1245aa92c611ee4a1a207f05596ed,1
subj04,ventral,2,10,A:P,B:B,11.457305714578276,7.365058996895113,0.6428264358455419,0.3571735641544581,5.204170427930421e-16,429ab6a115b4a92079e3e8c37f9a590b70c1245aa92c611ee4a1a207f05596ed,1
subj04,ventral,2,11,A:P,B:C,10.379935275369657,7.316477630831799,0.7048673654249968,0.2951326345750032,2.896988204881268e-16,429ab6a115b4a92079e3e8c37f9a590b70c1245aa92c611ee4a1a207f05596ed,1
subj04,ventral,2,12,A:P,B:K,10.964576020870998,7.585316595588995,0.6918020889408213,0.3081979110591787,4.371503159461554e-16,429ab6a115b4a92079e3e8c37f9a590b70c1245aa92c611ee4a1a207f05596ed,1
subj04,ventral,2,13,A:P,B:T,12.578276478081161,8.03249643993164,0.6386007219613137,0.3613992780386863,6.904199434387692e-16,429ab6a115b4a92079e3e8c37f9a590b70c1245aa92c611ee4a1a207f05596ed,1
subj04,ventral,2,14,A:P,B:W,11.119082778284827,7.746355905370031,0.696672203978766,0.30332779602123405,7.112366251504909e-16,429ab6a115b4a92079e3e8c37f9a590b70c1245aa92c611ee4a1a207f05596ed,1
subj04,ventral,2,15,A:R,B:B,12.059059022806608,6.172873294244309,0.5118868132720726,0.48811318672792736,4.2327252813834093e-16,429ab6a115b4a92079e3e8c37f9a590b70c1245aa92c611ee4a1a207f05596ed,1
subj04,ventral,2,16,A:R,B:C,10.646224359531837,6.778136107154444,0.636670417441072,0.363329582558928,2.463307335887066e-16,429ab6a115b4a92079e3e8c37f9a590b70c1245aa92c611ee4a1a207f05596ed,1
subj04,ventral,2,17,A:R,B:K,11.518013099557626,6.5654893472208515,0.5700192637802273,0.42998073621977273,3.5041414214731503e-16,429ab6a115b4a92079e3e8c37f9a590b70c1245aa92c611ee4a1a207f05596ed,1
subj04,ventral,2,18,A:R,B:T,12.708789692551411,7.696234386005779,0.6055835820870119,0.39441641791298804,6.245004513516506e-16,429ab6a115b4a92079e3e8c37f9a590b70c1245aa92c611ee4a1a207f05596ed,1
subj04,ventral,2,19,A:R,B:W,11.485940332965178,7.0515620445295415,0.6139298864622544,0.3860701135377455,5.48172618408671e-16,429ab6a115b4a92079e3e8c37f9a590b70c1245aa92c611ee4a1a207f05596ed,1
subj04,ventral,2,20,A:V,B:B,11.395529631364871,6.729829422244007,0.5905674979529634,0.40943250204703663,4.787836793695988e-16,429ab6a115b4a92079e3e8c37f9a590b70c1245aa92c611ee4a1a207f05596ed,1
subj04,ventral,2,21,A:V,B:C,9.94480048315476,7.211767880369732,0.7251797451930342,0.2748202548069658,3.660266534311063e-16,429ab6a115b4a92079e3e8c37f9a590b70c1245aa92c611ee4a1a207f05596ed,1
subj04,ventral,2,22,A:V,B:K,11.143535851873292,6.573835657936238,0.5899236782040899,0.4100763217959102,3.608224830031759e-16,429ab6a115b4a92079e3e8c37f9a590b70c1245aa92c611ee4a1a207f05596ed,1
subj04,ventral,2,23,A:V,B:T,12.772763513056772,7.016074530879235,0.5492996502837585,0.4507003497162415,6.175615574477433e-16,429ab6a115b4a92079e3e8c37f9a590b70c1245aa92c611ee4a1a207f05596ed,1
subj04,ventral,2,24,A:V,B:W,11.247146630879309,6.839332984529551,0.6080949425654325,0.3919050574345675,5.828670879282072e-16,429ab6a115b4a92079e3e8c37f9a590b70c1245aa92c611ee4a1a207f05596ed,1
subj04,ventral,3,0,A:E,B:B,12.602346241636441,7.718130887552748,0.6124360289398407,0.38756397106015933,2.636779683484747e-16,e3bc41291ed4b814b224fa8a32db15db22bd0764d8d9c92e1aab83f4ab0deae8,1
subj04,ventral,3,1,A:E,B:C,11.315360109230143,8.490123201849807,0.7503184273317347,0.24968157266826532,2.3592239273284576e-16,e3bc41291ed4b814b224fa8a32db15db22bd0764d8d9c92e1aab83f4ab0deae8,1
subj04,ventral,3,2,A:E,B:D,11.57811969110197,8.33063114829722,0.7195150309855137,0.2804849690144863,2.498001805406602e-16,e3bc41291ed4b814b224fa8a32db15db22bd0764d8d9c92e1aab83f4ab0deae8,1
subj04,ventral,3,3,A:E,B:T,12.36015223649599,10.2740795935573,0.831225974969862,0.168774025030138,3.434752482434078e-16,e3bc41291ed4b814b224fa8a32db15db22bd0764d8d9c92e1aab83f4ab0deae8,1
subj04,ventral,3,4,A:E,B:W,12.311673767038526,8.115617433580022,0.6591806757670585,0.34081932423294153,2.8796409701215e-16,e3bc41291ed4b814b224fa8a32db15db22bd0764d8d9c92e1aab83f4ab0deae8,1
subj04,ventral,3,5,A:H,B:B,10.77042818652189,8.2786686036736,0.7686480481837781,0.2313519518162219,3.122502256758253e-16,e3bc41291ed4b814b224fa8a32db15db22bd0764d8d9c92e1aab83f4ab0deae8,1
subj04,ventral,3,6,A:H,B:C,10.129168168647732,7.979305770202762,0.787755286253483,0.21224471374651704,2.480654570646834e-16,e3bc41291ed4b814b224fa8a32db15db22bd0764d8d9c92e1aab83f4ab0deae8,1
subj04,ventral,3,7,A:H,B:D,9.878812032625396,8.485938116290445,0.859003905354723,0.14099609464527693,3.885780586188048e-16,e3bc41291ed4b814b224fa8a32db15db22bd0764d8d9c92e1aab83f4ab0deae8,1
subj04,ventral,3,8,A:H,B:T,12.106074390243347,8.827391440340335,0.7291704276536247,0.2708295723463753,4.475586568020162e-16,e3bc41291ed4b814b224fa8a32db15db22bd0764d8d9c92e1aab83f4ab0deae8,1
subj04,ventral,3,9,A:H,B:W,10.90031131762173,8.048203056094732,0.7383461647635509,0.2616538352364492,3.2959746043559335e-16,e3bc41291ed4b814b224fa8a32db15db22bd0764d8d9c92e1aab83f4ab0deae8,1
subj04,ventral,3,10,A:L,B:B,11.524727423576472,6.790826632624592,0.5892396742271231,0.4107603257728769,3.7816971776294395e-16,e3bc41291ed4b814b224fa8a32db15db22bd0764d8d9c92e1aab83f4ab0deae8,1
subj04,ventral,3,11,A:L,B:C,10.36582966288129,7.294870467314057,0.7037420741569829,0.2962579258430171,2.1337098754514727e-16,e3bc41291ed4b814b224fa8a32db15db22bd0764d8d9c92e1aab83f4ab0deae8,1
subj04,ventral,3,12,A:L,B:D,10.687502402529494,7.055179420610398,0.6601335985609317,0.3398664014390683,4.388850394221322e-16,e3bc41291ed4b814b224fa8a32db15db22bd0764d8d9c92e1aab83f4ab0deae8,1
subj04,ventral,3,13,A:L,B:T,12.314884604452239,8.198761207264653,0.6657602950092223,0.33423970499077765,4.996003610813204e-16,e3bc41291ed4b814b224fa8a32db15db22bd0764d8d9c92e1aab83f4ab0deae8,1
subj04,ventral,3,14,A:L,B:W,11.352510546893654,7.007642607003878,0.6172769078749153,0.38272309212508476,4.111294638065033e-16,e3bc41291ed4b814b224fa8a32db15db22bd0764d8d9c92e1aab83f4ab0deae8,1
subj04,ventral,3,15,A:R,B:B,11.648774431583368,6.089620743918452,0.5227692217481386,0.47723077825186144,4.2327252813834093e-16,e3bc41291ed4b814b224fa8a32db15db22bd0764d8d9c92e1aab83f4ab0deae8,1
subj04,ventral,3,16,A:R,B:C,10.30225455101514,6.954988779388616,0.675093858819796,0.324906141180204,2.1510571102112408e-16,e3bc41291ed4b814b224fa8a32db15db22bd0764d8d9c92e1aab83f4ab0deae8,1
subj04,ventral,3,17,A:R,B:D,10.37882216743934,7.0796237681335334,0.682122080320817,0.317877919679183,4.649058915617843e-16,e3bc41291ed4b814b224fa8a32db15db22bd0764d8d9c92e1aab83f4ab0deae8,1
subj04,ventral,3,18,A:R,B:T,12.43797790859876,7.6167927450144655,0.6123819161753568,0.38761808382464324,4.440892098500626e-16,e3bc41291ed4b814b224fa8a32db15db22bd0764d8d9c92e1aab83f4ab0deae8,1
subj04,ventral,3,19,A:R,B:W,11.059099026869799,7.037445371673483,0.6363488883294124,0.36365111167058756,4.718447854656915e-16,e3bc41291ed4b814b224fa8a32db15db22bd0764d8d9c92e1aab83f4ab0deae8,1
subj04,ventral,3,20,A:V,B:B,10.939470858634051,6.7848061186615976,0.6202133728713801,0.3797866271286199,3.95516952522712e-16,e3bc41291ed4b814b224fa8a32db15db22bd0764d8d9c92e1aab83f4ab0deae8,1
subj04,ventral,3,21,A:V,B:C,9.870344146347655,7.071973865905714,0.7164870607396776,0.28351293926032234,2.185751579730777e-16,e3bc41291ed4b814b224fa8a32db15db22bd0764d8d9c92e1aab83f4ab0deae8,1
subj04,ventral,3,22,A:V,B:D,10.121347784202664,6.951800593006562,0.6868453432513097,0.3131546567486903,5.169475958410885e-16,e3bc41291ed4b814b224fa8a32db15db22bd0764d8d9c92e1aab83f4ab0deae8,1
subj04,ventral,3,23,A:V,B:T,12.485870390937064,7.053372025356103,0.5649083167222232,0.43509168327777686,4.926614671774132e-16,e3bc41291ed4b814b224fa8a32db15db22bd0764d8d9c92e1aab83f4ab0deae8,1
subj04,ventral,3,24,A:V,B:W,10.846866438062142,6.863161610533535,0.6327321950282703,0.36726780497172967,4.579669976578771e-16,e3bc41291ed4b814b224fa8a32db15db22bd0764d8d9c92e1aab83f4ab0deae8,1
subj04,ventral,4,0,A:E,B:B,13.421966058956786,7.772151918016928,0.5790621049015686,0.4209378950984313,2.7755575615628914e-16,e1fd2fdf3e93fc5a3eafbc42a2f47411f2e6012a92870766ba61b6c03034329e,1
subj04,ventral,4,1,A:E,B:C,12.290904740382278,8.362356455985482,0.6803694791084511,0.3196305208915489,3.5735303605122226e-16,e1fd2fdf3e93fc5a3eafbc42a2f47411f2e6012a92870766ba61b6c03034329e,1
subj04,ventral,4,2,A:E,B:D,12.212730135083364,8.56834454475555,0.7015912453630143,0.29840875463698574,2.498001805406602e-16,e1fd2fdf3e93fc5a3eafbc42a2f47411f2e6012a92870766ba61b6c03034329e,1
subj04,ventral,4,3,A:E,B:K,13.931688896595178,7.075985434429752,0.5079057885192283,0.49209421148077165,2.740863092043355e-16,e1fd2fdf3e93fc5a3eafbc42a2f47411f2e6012a92870766ba61b6c03034329e,1
subj04,ventral,4,4,A:E,B:W,13.30837242568781,8.233229861406725,0.618650395259074,0.381349604740926,1.9081958235744878e-16,e1fd2fdf3e93fc5a3eafbc42a2f47411f2e6012a92870766ba61b6c03034329e,1
subj04,ventral,4,5,A:H,B:B,10.948465614750647,8.461761821402796,0.7728719365024478,0.22712806349755219,3.5388358909926865e-16,e1fd2fdf3e93fc5a3eafbc42a2f47411f2e6012a92870766ba61b6c03034329e,1
subj04,ventral,4,6,A:H,B:C,10.288078639035453,8.128073379721732,0.7900477499153108,0.20995225008468923,4.0939474033052647e-16,e1fd2fdf3e93fc5a3eafbc42a2f47411f2e6012a92870766ba61b6c03034329e,1
subj04,ventral,4,7,A:H,B:D,9.941248575070805,8.64023590382076,0.8691298521080608,0.13087014789193918,3.0878077872387166e-16,e1fd2fdf3e93fc5a3eafbc42a2f47411f2e6012a92870766ba61b6c03034329e,1
subj04,ventral,4,8,A:H,B:K,11.40372372421791,8.064205150942653,0.707155429749392,0.292844570250608,2.8449465006019636e-16,e1fd2fdf3e93fc5a3eafbc42a2f47411f2e6012a92870766ba61b6c03034329e,1
subj04,ventral,4,9,A:H,B:W,11.173750717884172,8.423831644872488,0.753894717857783,0.24610528214221702,2.983724378680108e-16,e1fd2fdf3e93fc5a3eafbc42a2f47411f2e6012a92870766ba61b6c03034329e,1
subj04,ventral,4,10,A:L,B:B,11.771680574905188,7.026795545148725,0.5969237357772359,0.4030762642227641,3.95516952522712e-16,e1fd2fdf3e93fc5a3eafbc42a2f47411f2e6012a92870766ba61b6c03034329e,1
subj04,ventral,4,11,A:L,B:C,10.705263351726884,7.333858620854837,0.68507036024217,0.31492963975783,1.97758476261356e-16,e1fd2fdf3e93fc5a3eafbc42a2f47411f2e6012a92870766ba61b6c03034329e,1
subj04,ventral,4,12,A:L,B:D,10.803712149421274,7.296568388555176,0.6753760455332044,0.3246239544667956,3.8337388819087437e-16,e1fd2fdf3e93fc5a3eafbc42a2f47411f2e6012a92870766ba61b6c03034329e,1
subj04,ventral,4,13,A:L,B:K,11.956544821986405,6.971037380907193,0.5830310917321562,0.41696890826784383,2.393918396847994e-16,e1fd2fdf3e93fc5a3eafbc42a2f47411f2e6012a92870766ba61b6c03034329e,1
subj04,ventral,4,14,A:L,B:W,11.700946760772862,7.4417401418973315,0.6359947014583114,0.36400529854168867,3.400058012914542e-16,e1fd2fdf3e93fc5a3eafbc42a2f47411f2e6012a92870766ba61b6c03034329e,1
subj04,ventral,4,15,A:P,B:B,11.038360968383044,7.776401899256693,0.7044888205350853,0.2955111794649147,4.544975507059235e-16,e1fd2fdf3e93fc5a3eafbc42a2f47411f2e6012a92870766ba61b6c03034329e,1
subj04,ventral,4,16,A:P,B:C,10.162325409945941,7.71263950532137,0.7589443551741567,0.24105564482584332,2.8275992658421956e-16,e1fd2fdf3e93fc5a3eafbc42a2f47411f2e6012a92870766ba61b6c03034329e,1
subj04,ventral,4,17,A:P,B:D,10.277573756309259,7.661664591732137,0.7454740557837153,0.2545259442162847,4.961309141293668e-16,e1fd2fdf3e93fc5a3eafbc42a2f47411f2e6012a92870766ba61b6c03034329e,1
subj04,ventral,4,18,A:P,B:K,10.941369489901737,8.136969958638536,0.743688435542598,0.256311564457402,2.8796409701215e-16,e1fd2fdf3e93fc5a3eafbc42a2f47411f2e6012a92870766ba61b6c03034329e,1
subj04,ventral,4,19,A:P,B:W,10.913105867152318,8.219810943474066,0.7532054617205831,0.24679453827941691,4.371503159461554e-16,e1fd2fdf3e93fc5a3eafbc42a2f47411f2e6012a92870766ba61b6c03034329e,1
subj04,ventral,4,20,A:V,B:B,11.150461753935058,6.887654682931338,0.6177012965853765,0.3822987034146234,4.2327252813834093e-16,e1fd2fdf3e93fc5a3eafbc42a2f47411f2e6012a92870766ba61b6c03034329e,1
subj04,ventral,4,21,A:V,B:C,10.03320623044758,7.179636732048066,0.7155874769383448,0.28441252306165515,2.636779683484747e-16,e1fd2fdf3e93fc5a3eafbc42a2f47411f2e6012a92870766ba61b6c03034329e,1
subj04,ventral,4,22,A:V,B:D,10.182306479714068,7.0784889896037,0.6951754009473179,0.3048245990526821,4.579669976578771e-16,e1fd2fdf3e93fc5a3eafbc42a2f47411f2e6012a92870766ba61b6c03034329e,1
subj04,ventral,4,23,A:V,B:K,11.369400657746127,6.790826171841658,0.5972897232023375,0.40271027679766247,2.706168622523819e-16,e1fd2fdf3e93fc5a3eafbc42a2f47411f2e6012a92870766ba61b6c03034329e,1
subj04,ventral,4,24,A:V,B:W,11.202160480366894,7.11530162230847,0.635172262955782,0.364827737044218,3.642919299551295e-16,e1fd2fdf3e93fc5a3eafbc42a2f47411f2e6012a92870766ba61b6c03034329e,1
subj04,ventral,5,0,A:E,B:B,12.920914669526127,7.812889975189792,0.6046700388492179,0.3953299611507821,2.671474153004283e-16,2d0e52890038be3819737ca28e31786a1ffbbacd254a799ad1c5086eef691773,1
subj04,ventral,5,1,A:E,B:C,11.798314073169763,8.428057019815355,0.714344182359188,0.285655817640812,2.983724378680108e-16,2d0e52890038be3819737ca28e31786a1ffbbacd254a799ad1c5086eef691773,1
subj04,ventral,5,2,A:E,B:D,12.156291533729455,8.639431328785074,0.7106962929289475,0.2893037070710524,2.7755575615628914e-16,2d0e52890038be3819737ca28e31786a1ffbbacd254a799ad1c5086eef691773,1
subj04,ventral,5,3,A:E,B:K,13.40293109470364,7.21374620086706,0.5382215389973672,0.4617784610026328,2.3245294578089215e-16,2d0e52890038be3819737ca28e31786a1ffbbacd254a799ad1c5086eef691773,1
subj04,ventral,5,4,A:E,B:T,13.367583816769766,10.078450550678385,0.7539470624478052,0.24605293755219482,3.0531133177191805e-16,2d0e52890038be3819737ca28e31786a1ffbbacd254a799ad1c5086eef691773,1
subj04,ventral,5,5,A:H,B:B,10.972733608665232,8.397625007271902,0.7653174957824774,0.23468250421752257,3.0878077872387166e-16,2d0e52890038be3819737ca28e31786a1ffbbacd254a799ad1c5086eef691773,1
subj04,ventral,5,6,A:H,B:C,10.349196453821143,8.127496281544756,0.7853263118359215,0.2146736881640785,2.96637714392034e-16,2d0e52890038be3819737ca28e31786a1ffbbacd254a799ad1c5086eef691773,1
subj04,ventral,5,7,A:H,B:D,10.427452061417343,8.752893464023884,0.8394086505955276,0.1605913494044724,5.238864897449957e-16,2d0e52890038be3819737ca28e31786a1ffbbacd254a799ad1c5086eef691773,1
subj04,ventral,5,8,A:H,B:K,11.446878546064239,7.973416499810184,0.6965581461988753,0.30344185380112465,2.185751579730777e-16,2d0e52890038be3819737ca28e31786a1ffbbacd254a799ad1c5086eef691773,1
subj04,ventral,5,9,A:H,B:T,12.830673300532107,8.86402776415667,0.6908466575786842,0.30915334242131576,3.9898639947466563e-16,2d0e52890038be3819737ca28e31786a1ffbbacd254a799ad1c5086eef691773,1
subj04,ventral,5,10,A:L,B:B,11.614425683665324,7.175272493720273,0.6177896943980337,0.3822103056019664,3.5041414214731503e-16,2d0e52890038be3819737ca28e31786a1ffbbacd254a799ad1c5086eef691773,1
subj04,ventral,5,11,A:L,B:C,10.568981770897922,7.544343449483784,0.7138193264991155,0.2861806735008845,1.700029006457271e-16,2d0e52890038be3819737ca28e31786a1ffbbacd254a799ad1c5086eef691773,1
subj04,ventral,5,12,A:L,B:D,11.035950483616004,7.681870092621847,0.6960768901624167,0.30392310983758325,4.996003610813204e-16,2d0e52890038be3819737ca28e31786a1ffbbacd254a799ad1c5086eef691773,1
subj04,ventral,5,13,A:L,B:K,11.794542298745732,7.138179165720224,0.6052103578855553,0.3947896421144447,2.706168622523819e-16,2d0e52890038be3819737ca28e31786a1ffbbacd254a799ad1c5086eef691773,1
subj04,ventral,5,14,A:L,B:T,12.971380677744449,8.39040401725681,0.6468397023959511,0.35316029760404893,4.180683577104105e-16,2d0e52890038be3819737ca28e31786a1ffbbacd254a799ad1c5086eef691773,1
subj04,ventral,5,15,A:P,B:B,11.232853766733449,7.485043957719993,0.6663528354555148,0.33364716454448523,3.95516952522712e-16,2d0e52890038be3819737ca28e31786a1ffbbacd254a799ad1c5086eef691773,1
subj04,ventral,5,16,A:P,B:C,10.440211282234316,7.446203704770889,0.7132234687090856,0.28677653129091435,2.0122792321330962e-16,2d0e52890038be3819737ca28e31786a1ffbbacd254a799ad1c5086eef691773,1
subj04,ventral,5,17,A:P,B:D,10.749868159852797,7.814546257833548,0.7269434509921057,0.2730565490078944,6.314393452555578e-16,2d0e52890038be3819737ca28e31786a1ffbbacd254a799ad1c5086eef691773,1
subj04,ventral,5,18,A:P,B:K,11.20743692501957,7.764126150689938,0.69276554511382,0.3072344548861799,2.983724378680108e-16,2d0e52890038be3819737ca28e31786a1ffbbacd254a799ad1c5086eef691773,1
subj04,ventral,5,19,A:P,B:T,12.987833848722737,8.111426240250736,0.6245403455826037,0.37545965441739626,4.475586568020162e-16,2d0e52890038be3819737ca28e31786a1ffbbacd254a799ad1c5086eef691773,1
subj04,ventral,5,20,A:R,B:B,11.698154020111623,6.537221740895365,0.5588250701483743,0.44117492985162565,4.0592529337857286e-16,2d0e52890038be3819737ca28e31786a1ffbbacd254a799ad1c5086eef691773,1
subj04,ventral,5,21,A:R,B:C,10.545332902503032,7.11471039326927,0.6746785956449538,0.32532140435504625,1.8214596497756474e-16,2d0e52890038be3819737ca28e31786a1ffbbacd254a799ad1c5086eef691773,1
subj04,ventral,5,22,A:R,B:D,10.779816812481299,7.602732201876715,0.7052747123748866,0.29472528762511335,5.204170427930421e-16,2d0e52890038be3819737ca28e31786a1ffbbacd254a799ad1c5086eef691773,1
subj04,ventral,5,23,A:R,B:K,11.561413098918319,7.042812878555683,0.6091654037701157,0.39083459622988426,3.0184188481996443e-16,2d0e52890038be3819737ca28e31786a1ffbbacd254a799ad1c5086eef691773,1
subj04,ventral,5,24,A:R,B:T,13.020519205280573,7.894576121112923,0.6063180735458856,0.3936819264541144,3.920475055707584e-16,2d0e52890038be3819737ca28e31786a1ffbbacd254a799ad1c5086eef691773,1
subj05,ventral,0,0,A:H,B:C,12.802914739613811,7.8432134326624405,0.6126115491806379,0.3873884508193621,3.946495907847236e-16,9dfbedbaa7fe37af42d3955c0725c7ecc6c9a8dcc8149b4750716b22d59c7761,1
subj05,ventral,0,1,A:H,B:D,13.506448514576432,8.002550895157988,0.5924985303517407,0.40750146964825923,2.630274470449834e-16,9dfbedbaa7fe37af42d3955c0725c7ecc6c9a8dcc8149b4750716b22d59c7761,1
subj05,ventral,0,2,A:H,B:K,12.624801742464436,6.8852927427034185,0.5453782865788883,0.45462171342111163,4.032147879473591e-16,9dfbedbaa7fe37af42d3955c0725c7ecc6c9a8dcc8149b4750716b22d59c7761,1
subj05,ventral,0,3,A:H,B:T,12.818975736727058,7.306199017894608,0.5699518563688324,0.43004814363116756,2.96637714392034e-16,9dfbedbaa7fe37af42d3955c0725c7ecc6c9a8dcc8149b4750716b22d59c7761,1
subj05,ventral,0,4,A:H,B:W,12.846045750758773,7.875980658165094,0.6131054497995919,0.386894550200408,3.456978626970031e-16,9dfbedbaa7fe37af42d3955c0725c7ecc6c9a8dcc8149b4750716b22d59c7761,1
subj05,ventral,0,5,A:L,B:C,12.781310688020909,7.206395103046077,0.5638228565870136,0.4361771434129864,3.2959746043559335e-16,9dfbedbaa7fe37af42d3955c0725c7ecc6c9a8dcc8149b4750716b22d59c7761,1
subj05,ventral,0,6,A:L,B:D,13.701395160377471,6.971381030361882,0.5088081139738343,0.4911918860261657,3.0617869350990645e-16,9dfbedbaa7fe37af42d3955c0725c7ecc6c9a8dcc8149b4750716b22d59c7761,1
subj05,ventral,0,7,A:L,B:K,12.395663678950752,6.55772884864916,0.5290341056755944,0.47096589432440555,4.2327252813834093e-16,9dfbedbaa7fe37af42d3955c0725c7ecc6c9a8dcc8149b4750716b22d59c7761,1
subj05,ventral,0,8,A:L,B:T,12.69351347260534,6.815042865123807,0.536891766005667,0.463108233994333,4.597017211338539e-16,9dfbedbaa7fe37af42d3955c0725c7ecc6c9a8dcc8149b4750716b22d59c7761,1
subj05,ventral,0,9,A:L,B:W,12.31478749753504,8.078451717609,0.6559960307253376,0.3440039692746624,2.8189256484623115e-16,9dfbedbaa7fe37af42d3955c0725c7ecc6c9a8dcc8149b4750716b22d59c7761,1
subj05,ventral,0,10,A:P,B:C,11.770642124131294,7.006687452061346,0.5952680727329869,0.4047319272670131,3.5431726996826285e-16,9dfbedbaa7fe37af42d3955c0725c7ecc6c9a8dcc8149b4750716b22d59c7761,1
subj05,ventral,0,11,A:P,B:D,12.549633458624234,7.154210972973028,0.5700733010697283,0.4299266989302717,2.5673907444456745e-16,9dfbedbaa7fe37af42d3955c0725c7ecc6c9a8dcc8149b4750716b22d59c7761,1
subj05,ventral,0,12,A:P,B:K,11.558685387704573,5.949851223556181,0.5147515503696702,0.4852484496303298,3.485709984540897e-16,9dfbedbaa7fe37af42d3955c0725c7ecc6c9a8dcc8149b4750716b22d59c7761,1
subj05,ventral,0,13,A:P,B:T,11.833675224671374,6.315209892791442,0.5336642905008252,0.4663357094991748,3.191891195797325e-16,9dfbedbaa7fe37af42d3955c0725c7ecc6c9a8dcc8149b4750716b22d59c7761,1
subj05,ventral,0,14,A:P,B:W,11.633325475743888,7.343620593339315,0.6312572109025197,0.36874278909748026,2.7603787311480943e-16,9dfbedbaa7fe37af42d3955c0725c7ecc6c9a8dcc8149b4750716b22d59c7761,1
subj05,ventral,0,15,A:R,B:C,12.124107683471104,6.346149440585898,0.523432289308817,0.476567710691183,3.191891195797325e-16,9dfbedbaa7fe37af42d3955c0725c7ecc6c9a8dcc8149b4750716b22d59c7761,1
subj05,ventral,0,16,A:R,B:D,12.983508052857276,6.303210928600007,0.4854782623416528,0.5145217376583472,3.122502256758253e-16,9dfbedbaa7fe37af42d3955c0725c7ecc6c9a8dcc8149b4750716b22d59c7761,1
subj05,ventral,0,17,A:R,B:K,11.648394466694056,5.73975248595994,0.49275052475012426,0.5072494752498757,3.7470027081099033e-16,9dfbedbaa7fe37af42d3955c0725c7ecc6c9a8dcc8149b4750716b22d59c7761,1
subj05,ventral,0,18,A:R,B:T,12.104166067044526,5.747418891278383,0.47482981144208064,0.5251701885579193,3.7816971776294395e-16,9dfbedbaa7fe37af42d3955c0725c7ecc6c9a8dcc8149b4750716b22d59c7761,1
subj05,ventral,0,19,A:R,B:W,12.126533424498605,6.468085259598156,0.5333828748231559,0.4666171251768441,2.3332030751888055e-16,9dfbedbaa7fe37af42d3955c0725c7ecc6c9a8dcc8149b4750716b22d59c7761,1
subj05,ventral,0,20,A:V,B:C,13.539862288011559,7.2311008173987625,0.5340601450430785,0.4659398549569215,2.914335439641036e-16,9dfbedbaa7fe37af42d3955c0725c7ecc6c9a8dcc8149b4750716b22d59c7761,1
subj05,ventral,0,21,A:V,B:D,14.394751109734143,7.031513338172019,0.4884775905168036,0.5115224094831964,2.47198095326695e-16,9dfbedbaa7fe37af42d3955c0725c7ecc6c9a8dcc8149b4750716b22d59c7761,1
subj05,ventral,0,22,A:V,B:K,13.48500802899028,5.927351911006352,0.4395512333595678,0.5604487666404322,2.983724378680108e-16,9dfbedbaa7fe37af42d3955c0725c7ecc6c9a8dcc8149b4750716b22d59c7761,1
subj05,ventral,0,23,A:V,B:T,13.330820404426882,7.083923870453622,0.5313944420180772,0.46860555798192277,2.96637714392034e-16,9dfbedbaa7fe37af42d3955c0725c7ecc6c9a8dcc8149b4750716b22d59c7761,1
subj05,ventral,0,24,A:V,B:W,13.023820802993447,8.223023864703228,0.6313833696800569,0.368616630319943,2.1510571102112408e-16,9dfbedbaa7fe37af42d3955c0725c7ecc6c9a8dcc8149b4750716b22d59c7761,1
subj05,ventral,1,0,A:E,B:B,13.353640038057266,6.769290005593354,0.5069247026504523,0.4930752973495477,3.1051550219984847e-16,f9c21999909336f676a7420f332f645080cd6b16018e8a157933a0d6ff97d161,1
subj05,ventral,1,1,A:E,B:D,14.050246931343345,7.469589929474185,0.5316340677836057,0.4683659322163944,2.5240226575462543e-16,f9c21999909336f676a7420f332f645080cd6b16018e8a157933a0d6ff97d161,1
subj05,ventral,1,2,A:E,B:K,13.184394833422848,6.492001350570487,0.49240040461417794,0.5075995953858221,2.411265631607762e-16,f9c21999909336f676a7420f332f645080cd6b16018e8a157933a0d6ff97d161,1
subj05,ventral,1,3,A:E,B:T,13.129719186288659,7.5700524652803995,0.5765585964081997,0.42344140359180027,2.914335439641036e-16,f9c21999909336f676a7420f332f645080cd6b16018e8a157933a0d6ff97d161,1
subj05,ventral,1,4,A:E,B:W,13.06283232493877,7.563443043934444,0.579004832626901,0.420995167373099,3.122502256758253e-16,f9c21999909336f676a7420f332f645080cd6b16018e8a157933a0d6ff97d161,1
subj05,ventral,1,5,A:L,B:B,12.434388228696237,6.243673564449135,0.502129533806891,0.497870466193109,3.0531133177191805e-16,f9c21999909336f676a7420f332f645080cd6b16018e8a157933a0d6ff97d161,1
subj05,ventral,1,6,A:L,B:D,13.210160368175355,6.939045780856529,0.5252809646106499,0.47471903538935006,2.896988204881268e-16,f9c21999909336f676a7420f332f645080cd6b16018e8a157933a0d6ff97d161,1
subj05,ventral,1,7,A:L,B:K,11.941782913495002,6.543901761324307,0.5479836477289556,0.45201635227104436,3.3306690738754696e-16,f9c21999909336f676a7420f332f645080cd6b16018e8a157933a0d6ff97d161,1
subj05,ventral,1,8,A:L,B:T,12.429760377402632,6.682122264202768,0.5375905939708138,0.4624094060291862,4.0939474033052647e-16,f9c21999909336f676a7420f332f645080cd6b16018e8a157933a0d6ff97d161,1
subj05,ventral,1,9,A:L,B:W,11.755560477256612,7.687947557662982,0.6539839229730299,0.3460160770269702,2.38524477946811e-16,f9c21999909336f676a7420f332f645080cd6b16018e8a157933a0d6ff97d161,1
subj05,ventral,1,10,A:P,B:B,12.103559091280545,5.825727562489797,0.48132351141960183,0.5186764885803982,2.6194324487249787e-16,f9c21999909336f676a7420f332f645080cd6b16018e8a157933a0d6ff97d161,1
subj05,ventral,1,11,A:P,B:D,12.414404153423957,7.44170927437483,0.5994415182884446,0.4005584817115554,2.2898349882893854e-16,f9c21999909336f676a7420f332f645080cd6b16018e8a157933a0d6ff97d161,1
subj05,ventral,1,12,A:P,B:K,11.684394131881762,5.978422642544129,0.5116587625396465,0.4883412374603535,2.5326962749261384e-16,f9c21999909336f676a7420f332f645080cd6b16018e8a157933a0d6ff97d161,1
subj05,ventral,1,13,A:P,B:T,12.057154192072526,6.372794354843358,0.5285487979438311,0.47145120205616886,2.671474153004283e-16,f9c21999909336f676a7420f332f645080cd6b16018e8a157933a0d6ff97d161,1
subj05,ventral,1,14,A:P,B:W,11.486956726654299,7.223942071398289,0.6288821524534759,0.3711178475465241,2.185751579730777e-16,f9c21999909336f676a7420f332f645080cd6b16018e8a157933a0d6ff97d161,1
subj05,ventral,1,15,A:R,B:B,11.981139526277905,5.271844717474223,0.44001196262773085,0.5599880373722691,3.5214886562329184e-16,f9c21999909336f676a7420f332f645080cd6b16018e8a157933a0d6ff97d161,1
subj05,ventral,1,16,A:R,B:D,12.6782598716144,6.297856841934784,0.49674457738756217,0.5032554226124378,2.975050761300224e-16,f9c21999909336f676a7420f332f645080cd6b16018e8a157933a0d6ff97d161,1
subj05,ventral,1,17,A:R,B:K,11.418433736963598,5.7263235397098535,0.5014981626746825,0.4985018373253175,2.914335439641036e-16,f9c21999909336f676a7420f332f645080cd6b16018e8a157933a0d6ff97d161,1
subj05,ventral,1,18,A:R,B:T,12.01040283534083,5.71336202232965,0.4757011151630966,0.5242988848369035,2.688821387764051e-16,f9c21999909336f676a7420f332f645080cd6b16018e8a157933a0d6ff97d161,1
subj05,ventral,1,19,A:R,B:W,11.638867033998343,6.291032889810678,0.5405193539400284,0.4594806460599717,3.0010716134398763e-16,f9c21999909336f676a7420f332f645080cd6b16018e8a157933a0d6ff97d161,1
subj05,ventral,1,20,A:V,B:B,13.143328654161603,6.178256126027554,0.47006784115310984,0.5299321588468902,2.502338614096544e-16,f9c21999909336f676a7420f332f645080cd6b16018e8a157933a0d6ff97d161,1
subj05,ventral,1,21,A:V,B:D,13.821461550860532,6.996167562928985,0.5061814582476916,0.4938185417523084,2.3418766925686896e-16,f9c21999909336f676a7420f332f645080cd6b16018e8a157933a0d6ff97d161,1
subj05,ventral,1,22,A:V,B:K,12.975233245706171,5.864522001253625,0.45197815639995076,0.5480218436000492,2.706168622523819e-16,f9c21999909336f676a7420f332f645080cd6b16018e8a157933a0d6ff97d161,1
subj05,ventral,1,23,A:V,B:T,12.945053977204825,6.99254926256642,0.5401715029446554,0.45982849705534456,2.7755575615628914e-16,f9c21999909336f676a7420f332f645080cd6b16018e8a157933a0d6ff97d161,1
subj05,ventral,1,24,A:V,B:W,12.407887603448494,7.7886155170713804,0.6277148670259319,0.37228513297406807,1.97758476261356e-16,f9c21999909336f676a7420f332f645080cd6b16018e8a157933a0d6ff97d161,1
subj05,ventral,2,0,A:E,B:B,13.337999506241356,6.737152548629982,0.505109671467405,0.49489032853259496,2.706168622523819e-16,516528ba2679563b2a6a75cee34a54d4d01ba17a6aa4dd297f18c682f8846f4d,1
subj05,ventral,2,1,A:E,B:C,13.361331699544266,7.251535331749364,0.5427254928486434,0.45727450715135665,2.463307335887066e-16,516528ba2679563b2a6a75cee34a54d4d01ba17a6aa4dd297f18c682f8846f4d,1
subj05,ventral,2,2,A:E,B:K,13.422970625367599,6.7209179522479605,0.5007027236986077,0.49929727630139226,2.3245294578089215e-16,516528ba2679563b2a6a75cee34a54d4d01ba17a6aa4dd297f18c682f8846f4d,1
subj05,ventral,2,3,A:E,B:T,13.231211085185382,7.6592257275250795,0.5788756356627778,0.4211243643372223,2.2811613709095013e-16,516528ba2679563b2a6a75cee34a54d4d01ba17a6aa4dd297f18c682f8846f4d,1
subj05,ventral,2,4,A:E,B:W,13.082979460048609,7.616063919487709,0.5821352806327353,0.4178647193672647,2.203098814490545e-16,516528ba2679563b2a6a75cee34a54d4d01ba17a6aa4dd297f18c682f8846f4d,1
subj05,ventral,2,5,A:H,B:B,14.018131624094888,7.224967430429135,0.5154015973149083,0.4845984026850917,2.896988204881268e-16,516528ba2679563b2a6a75cee34a54d4d01ba17a6aa4dd297f18c682f8846f4d,1
subj05,ventral,2,6,A:H,B:C,13.266649237828213,8.9734430829249,0.6763910707263018,0.3236089292736982,2.237793284010081e-16,516528ba2679563b2a6a75cee34a54d4d01ba17a6aa4dd297f18c682f8846f4d,1
subj05,ventral,2,7,A:H,B:K,14.233460059188165,6.9406200431251435,0.4876270431970437,0.5123729568029562,3.8337388819087437e-16,516528ba2679563b2a6a75cee34a54d4d01ba17a6aa4dd297f18c682f8846f4d,1
subj05,ventral,2,8,A:H,B:T,14.264327631392458,7.461525049171456,0.5230898533731362,0.4769101466268638,3.5735303605122226e-16,516528ba2679563b2a6a75cee34a54d4d01ba17a6aa4dd297f18c682f8846f4d,1
subj05,ventral,2,9,A:H,B:W,13.793067874987443,8.021020700819223,0.5815255006005344,0.4184744993994655,3.2439329000766293e-16,516528ba2679563b2a6a75cee34a54d4d01ba17a6aa4dd297f18c682f8846f4d,1
subj05,ventral,2,10,A:P,B:B,12.535221448817463,5.962536960320255,0.4756626745419599,0.5243373254580401,1.48318857196017e-16,516528ba2679563b2a6a75cee34a54d4d01ba17a6aa4dd297f18c682f8846f4d,1
subj05,ventral,2,11,A:P,B:C,11.650535753499518,8.04780309099058,0.6907667819974055,0.3092332180025945,2.3245294578089215e-16,516528ba2679563b2a6a75cee34a54d4d01ba17a6aa4dd297f18c682f8846f4d,1
subj05,ventral,2,12,A:P,B:K,12.636125521257137,5.921771595007424,0.46863823765010226,0.5313617623498977,2.8796409701215e-16,516528ba2679563b2a6a75cee34a54d4d01ba17a6aa4dd297f18c682f8846f4d,1
subj05,ventral,2,13,A:P,B:T,12.723227523828053,6.4218638559915915,0.5047354410635767,0.49526455893642324,2.0903417885520525e-16,516528ba2679563b2a6a75cee34a54d4d01ba17a6aa4dd297f18c682f8846f4d,1
subj05,ventral,2,14,A:P,B:W,11.927724701464836,7.502688391897547,0.6290125384077776,0.37098746159222246,2.229119666630197e-16,516528ba2679563b2a6a75cee34a54d4d01ba17a6aa4dd297f18c682f8846f4d,1
subj05,ventral,2,15,A:R,B:B,12.228060473530059,5.406499233641777,0.44213873862867814,0.5578612613713219,3.0184188481996443e-16,516528ba2679563b2a6a75cee34a54d4d01ba17a6aa4dd297f18c682f8846f4d,1
subj05,ventral,2,16,A:R,B:C,11.839103749103987,6.812474842997875,0.5754215004251026,0.4245784995748973,2.7755575615628914e-16,516528ba2679563b2a6a75cee34a54d4d01ba17a6aa4dd297f18c682f8846f4d,1
subj05,ventral,2,17,A:R,B:K,12.071094065560423,5.924509111006034,0.49080133737910503,0.509198662620895,2.498001805406602e-16,516528ba2679563b2a6a75cee34a54d4d01ba17a6aa4dd297f18c682f8846f4d,1
subj05,ventral,2,18,A:R,B:T,12.434284648693868,5.8806030657443475,0.4729345701734488,0.5270654298265511,2.0816681711721685e-16,516528ba2679563b2a6a75cee34a54d4d01ba17a6aa4dd297f18c682f8846f4d,1
subj05,ventral,2,19,A:R,B:W,11.970326141793038,6.429954498482369,0.537157836997683,0.46284216300231695,2.220446049250313e-16,516528ba2679563b2a6a75cee34a54d4d01ba17a6aa4dd297f18c682f8846f4d,1
subj05,ventral,2,20,A:V,B:B,13.584942091910063,6.106992240278418,0.44954127878948985,0.5504587212105101,2.636779683484747e-16,516528ba2679563b2a6a75cee34a54d4d01ba17a6aa4dd297f18c682f8846f4d,1
subj05,ventral,2,21,A:V,B:C,13.097835529725106,7.62307054017545,0.5820099452978428,0.4179900547021572,1.5352302762394743e-16,516528ba2679563b2a6a75cee34a54d4d01ba17a6aa4dd297f18c682f8846f4d,1
subj05,ventral,2,22,A:V,B:K,13.719038452922009,5.974061686067704,0.4354577550437066,0.5645422449562933,3.434752482434078e-16,516528ba2679563b2a6a75cee34a54d4d01ba17a6aa4dd297f18c682f8846f4d,1
subj05,ventral,2,23,A:V,B:T,13.534954662849954,7.0062999059329,0.5176448743610077,0.4823551256389923,3.0878077872387166e-16,516528ba2679563b2a6a75cee34a54d4d01ba17a6aa4dd297f18c682f8846f4d,1
subj05,ventral,2,24,A:V,B:W,12.860839110803584,7.894437859351713,0.613835364188647,0.38616463581135296,3.0531133177191805e-16,516528ba2679563b2a6a75cee34a54d4d01ba17a6aa4dd297f18c682f8846f4d,1
subj05,ventral,3,0,A:E,B:B,13.483050398232162,6.898481822139669,0.5116410321394458,0.48835896786055427,3.677613769070831e-16,19765aab44ba6315838924886c7432ac1bf3843b55665d7b34b22a3c8cc9b660,1
subj05,ventral,3,1,A:E,B:C,13.924760095320456,7.2058282565434135,0.5174831169238598,0.48251688307614016,3.5648567431323386e-16,19765aab44ba6315838924886c7432ac1bf3843b55665d7b34b22a3c8cc9b660,1
subj05,ventral,3,2,A:E,B:D,14.526821169551953,7.5442888995483575,0.5193351533342407,0.48066484666575926,3.7383290907300193e-16,19765aab44ba6315838924886c7432ac1bf3843b55665d7b34b22a3c8cc9b660,1
subj05,ventral,3,3,A:E,B:T,13.431255124702501,7.726344956847776,0.575251150031216,0.4247488499687841,3.694961003830599e-16,19765aab44ba6315838924886c7432ac1bf3843b55665d7b34b22a3c8cc9b660,1
subj05,ventral,3,4,A:E,B:W,13.547580424846116,7.613557316109984,0.5619865007146813,0.43801349928531874,4.0939474033052647e-16,19765aab44ba6315838924886c7432ac1bf3843b55665d7b34b22a3c8cc9b660,1
subj05,ventral,3,5,A:H,B:B,12.591102937074892,6.9764592147198625,0.5540784830038569,0.44592151699614313,2.7929047963226594e-16,19765aab44ba6315838924886c7432ac1bf3843b55665d7b34b22a3c8cc9b660,1
subj05,ventral,3,6,A:H,B:C,12.685188363708221,7.920483420049286,0.6243883175364939,0.3756116824635061,3.27754316742368e-16,19765aab44ba6315838924886c7432ac1bf3843b55665d7b34b22a3c8cc9b660,1
subj05,ventral,3,7,A:H,B:D,13.424679578835448,8.09616967167781,0.6030810362462393,0.3969189637537607,2.671474153004283e-16,19765aab44ba6315838924886c7432ac1bf3843b55665d7b34b22a3c8cc9b660,1
subj05,ventral,3,8,A:H,B:T,12.749769359672397,7.440669240546776,0.5835924580786269,0.416407541921373,3.0357660829594124e-16,19765aab44ba6315838924886c7432ac1bf3843b55665d7b34b22a3c8cc9b660,1
subj05,ventral,3,9,A:H,B:W,12.683913498308701,7.645043204311771,0.6027353628145743,0.3972646371854257,2.896988204881268e-16,19765aab44ba6315838924886c7432ac1bf3843b55665d7b34b22a3c8cc9b660,1
subj05,ventral,3,10,A:L,B:B,12.475500776095018,6.315663810382425,0.5062453142148979,0.4937546857851021,3.2786273695961654e-16,19765aab44ba6315838924886c7432ac1bf3843b55665d7b34b22a3c8cc9b660,1
subj05,ventral,3,11,A:L,B:C,12.69137039021416,7.134146878351005,0.5621258113979463,0.43787418860205374,3.209238430557093e-16,19765aab44ba6315838924886c7432ac1bf3843b55665d7b34b22a3c8cc9b660,1
subj05,ventral,3,12,A:L,B:D,13.691226028283044,6.829288954416709,0.49880769920158424,0.5011923007984158,3.5301622736128024e-16,19765aab44ba6315838924886c7432ac1bf3843b55665d7b34b22a3c8cc9b660,1
subj05,ventral,3,13,A:L,B:T,12.705849039798613,6.693313849160571,0.5267899711538411,0.47321002884615887,4.0419056990259605e-16,19765aab44ba6315838924886c7432ac1bf3843b55665d7b34b22a3c8cc9b660,1
subj05,ventral,3,14,A:L,B:W,12.127323522521783,7.7830099602863845,0.6417747449247538,0.35822525507524616,3.903127820947816e-16,19765aab44ba6315838924886c7432ac1bf3843b55665d7b34b22a3c8cc9b660,1
subj05,ventral,3,15,A:R,B:B,11.970612991125238,5.391158509821258,0.45036611857873526,0.5496338814212647,3.7383290907300193e-16,19765aab44ba6315838924886c7432ac1bf3843b55665d7b34b22a3c8cc9b660,1
subj05,ventral,3,16,A:R,B:C,12.142639967181626,6.430992549528136,0.5296206234319245,0.47037937656807555,3.0270924655795284e-16,19765aab44ba6315838924886c7432ac1bf3843b55665d7b34b22a3c8cc9b660,1
subj05,ventral,3,17,A:R,B:D,13.018439213365935,6.437665315123337,0.49450361979751256,0.5054963802024874,3.41740524767431e-16,19765aab44ba6315838924886c7432ac1bf3843b55665d7b34b22a3c8cc9b660,1
subj05,ventral,3,18,A:R,B:T,12.170141071482888,5.912795691288028,0.4858444661042515,0.5141555338957484,3.5041414214731503e-16,19765aab44ba6315838924886c7432ac1bf3843b55665d7b34b22a3c8cc9b660,1
subj05,ventral,3,19,A:R,B:W,12.016748516676335,6.330830232282118,0.5268338788563695,0.47316612114363055,3.894454203567932e-16,19765aab44ba6315838924886c7432ac1bf3843b55665d7b34b22a3c8cc9b660,1
subj05,ventral,3,20,A:V,B:B,13.422303052983025,6.363380072106903,0.4740900311212002,0.5259099688787998,3.200564813177209e-16,19765aab44ba6315838924886c7432ac1bf3843b55665d7b34b22a3c8cc9b660,1
subj05,ventral,3,21,A:V,B:C,13.548421404097184,7.316577596702883,0.5400317408558221,0.45996825914417794,3.200564813177209e-16,19765aab44ba6315838924886c7432ac1bf3843b55665d7b34b22a3c8cc9b660,1
subj05,ventral,3,22,A:V,B:D,14.412024470306887,7.1768729023030415,0.4979781235515914,0.5020218764484086,3.5128150388530344e-16,19765aab44ba6315838924886c7432ac1bf3843b55665d7b34b22a3c8cc9b660,1
subj05,ventral,3,23,A:V,B:T,13.39322649097966,7.210106134788851,0.5383397450677667,0.4616602549322332,3.3306690738754696e-16,19765aab44ba6315838924886c7432ac1bf3843b55665d7b34b22a3c8cc9b660,1
subj05,ventral,3,24,A:V,B:W,13.08163595236263,7.851313067236834,0.6001782266245405,0.3998217733754596,3.5995512126518747e-16,19765aab44ba6315838924886c7432ac1bf3843b55665d7b34b22a3c8cc9b660,1
subj05,ventral,4,0,A:E,B:B,14.424798779990907,6.808232832736978,0.4719811303143371,0.5280188696856629,3.37403716077489e-16,517dcf7da7aea757b77535100aeb6d60e94864e212f302465920e7d004069a81,1
subj05,ventral,4,1,A:E,B:C,14.625518871276523,7.042782261892101,0.48154067721478405,0.5184593227852159,2.740863092043355e-16,517dcf7da7aea757b77535100aeb6d60e94864e212f302465920e7d004069a81,1
subj05,ventral,4,2,A:E,B:D,15.445279534853816,7.349510987107606,0.47584188881287,0.5241581111871301,3.226585665316861e-16,517dcf7da7aea757b77535100aeb6d60e94864e212f302465920e7d004069a81,1
subj05,ventral,4,3,A:E,B:K,14.18599364059379,6.504919789566305,0.45854523513617096,0.541454764863829,3.0531133177191805e-16,517dcf7da7aea757b77535100aeb6d60e94864e212f302465920e7d004069a81,1
subj05,ventral,4,4,A:E,B:W,13.997757062005409,7.598815678938076,0.5428595199415056,0.45714048005849445,2.7929047963226594e-16,517dcf7da7aea757b77535100aeb6d60e94864e212f302465920e7d004069a81,1
subj05,ventral,4,5,A:H,B:B,13.40076375038501,7.088114482805608,0.5289336201156417,0.47106637988435823,2.96637714392034e-16,517dcf7da7aea757b77535100aeb6d60e94864e212f302465920e7d004069a81,1
subj05,ventral,4,6,A:H,B:C,13.312185311595348,7.854125561718468,0.5899952094925592,0.4100047905074407,3.1051550219984847e-16,517dcf7da7aea757b77535100aeb6d60e94864e212f302465920e7d004069a81,1
subj05,ventral,4,7,A:H,B:D,14.253378496471994,8.050351232257256,0.5648030208592218,0.4351969791407781,3.122502256758253e-16,517dcf7da7aea757b77535100aeb6d60e94864e212f302465920e7d004069a81,1
subj05,ventral,4,8,A:H,B:K,13.03890933605749,6.995585910610933,0.5365161863090424,0.4634838136909576,3.4867941867133823e-16,517dcf7da7aea757b77535100aeb6d60e94864e212f302465920e7d004069a81,1
subj05,ventral,4,9,A:H,B:W,13.074503819577114,7.624403860517067,0.583150532190802,0.416849467809198,2.2724877535296173e-16,517dcf7da7aea757b77535100aeb6d60e94864e212f302465920e7d004069a81,1
subj05,ventral,4,10,A:L,B:B,13.531191300644744,6.243652837407689,0.46142669175848444,0.5385733082415155,4.0766001685454967e-16,517dcf7da7aea757b77535100aeb6d60e94864e212f302465920e7d004069a81,1
subj05,ventral,4,11,A:L,B:C,13.466907215063612,7.056803732858348,0.5240107190287057,0.47598928097129434,3.972516759986888e-16,517dcf7da7aea757b77535100aeb6d60e94864e212f302465920e7d004069a81,1
subj05,ventral,4,12,A:L,B:D,14.622428895839228,6.812197110055145,0.46587315681825864,0.5341268431817414,3.5475095083725705e-16,517dcf7da7aea757b77535100aeb6d60e94864e212f302465920e7d004069a81,1
subj05,ventral,4,13,A:L,B:K,12.992316778540077,6.511957185551273,0.501216010704675,0.49878398929532497,4.475586568020162e-16,517dcf7da7aea757b77535100aeb6d60e94864e212f302465920e7d004069a81,1
subj05,ventral,4,14,A:L,B:W,12.707761064841272,7.735728526068493,0.6087404765164364,0.39125952348356363,3.365363543395006e-16,517dcf7da7aea757b77535100aeb6d60e94864e212f302465920e7d004069a81,1
subj05,ventral,4,15,A:P,B:B,13.023636730694108,5.810206179338435,0.44612778285230736,0.5538722171476926,2.5673907444456745e-16,517dcf7da7aea757b77535100aeb6d60e94864e212f302465920e7d004069a81,1
subj05,ventral,4,16,A:P,B:C,12.770258101287547,7.026652664000819,0.5502357593925501,0.44976424060744985,2.706168622523819e-16,517dcf7da7aea757b77535100aeb6d60e94864e212f302465920e7d004069a81,1
subj05,ventral,4,17,A:P,B:D,13.792923940088118,7.16058490864091,0.5191491622620493,0.48085083773795073,2.8449465006019636e-16,517dcf7da7aea757b77535100aeb6d60e94864e212f302465920e7d004069a81,1
subj05,ventral,4,18,A:P,B:K,12.53996330336801,5.937379285624653,0.47347660770506234,0.5265233922949377,2.949029909160572e-16,517dcf7da7aea757b77535100aeb6d60e94864e212f302465920e7d004069a81,1
subj05,ventral,4,19,A:P,B:W,12.288762166914317,7.184168865354928,0.5846128981727098,0.4153871018272902,2.0816681711721685e-16,517dcf7da7aea757b77535100aeb6d60e94864e212f302465920e7d004069a81,1
subj05,ventral,4,20,A:V,B:B,13.997162714082751,6.282146210983786,0.4488156878153046,0.5511843121846954,2.636779683484747e-16,517dcf7da7aea757b77535100aeb6d60e94864e212f302465920e7d004069a81,1
subj05,ventral,4,21,A:V,B:C,13.913940435611233,7.132174753148711,0.5125920141856205,0.4874079858143795,2.5673907444456745e-16,517dcf7da7aea757b77535100aeb6d60e94864e212f302465920e7d004069a81,1
subj05,ventral,4,22,A:V,B:D,14.997949917776625,6.970835017123496,0.4647858577565439,0.535214142243456,2.7582103268031233e-16,517dcf7da7aea757b77535100aeb6d60e94864e212f302465920e7d004069a81,1
subj05,ventral,4,23,A:V,B:K,13.740311255521803,5.976563774757286,0.4349656760763328,0.5650343239236671,3.157196726277789e-16,517dcf7da7aea757b77535100aeb6d60e94864e212f302465920e7d004069a81,1
subj05,ventral,4,24,A:V,B:W,13.172910270198622,7.817461762963383,0.5934498605557958,0.4065501394442042,2.411265631607762e-16,517dcf7da7aea757b77535100aeb6d60e94864e212f302465920e7d004069a81,1
subj05,ventral,5,0,A:E,B:B,13.669315594388902,7.047191883019313,0.5155482609467372,0.48445173905326283,2.8102520310824275e-16,c5b7e934a59163b6a62dba57ddb48f86236e26a7dbb97f9a5b3f0c46e0bb46dc,1
subj05,ventral,5,1,A:E,B:C,14.126957427325811,7.314931306411188,0.5177994868351409,0.48220051316485907,2.246466901389965e-16,c5b7e934a59163b6a62dba57ddb48f86236e26a7dbb97f9a5b3f0c46e0bb46dc,1
subj05,ventral,5,2,A:E,B:D,14.401631829549686,7.857606522404497,0.545605290803368,0.454394709196632,2.7755575615628914e-16,c5b7e934a59163b6a62dba57ddb48f86236e26a7dbb97f9a5b3f0c46e0bb46dc,1
subj05,ventral,5,3,A:E,B:K,13.742338431552371,6.650582664534443,0.48394839769516396,0.516051602304836,2.2898349882893854e-16,c5b7e934a59163b6a62dba57ddb48f86236e26a7dbb97f9a5b3f0c46e0bb46dc,1
subj05,ventral,5,4,A:E,B:T,13.499409486568984,7.853235668152445,0.5817466072101816,0.4182533927898185,3.0531133177191805e-16,c5b7e934a59163b6a62dba57ddb48f86236e26a7dbb97f9a5b3f0c46e0bb46dc,1
subj05,ventral,5,5,A:H,B:B,12.744805292072376,7.04773812443697,0.5529890777398427,0.4470109222601573,2.411265631607762e-16,c5b7e934a59163b6a62dba57ddb48f86236e26a7dbb97f9a5b3f0c46e0bb46dc,1
subj05,ventral,5,6,A:H,B:C,12.879529659388059,7.9236629327802195,0.6152136873262726,0.38478631267372737,2.5500435096859064e-16,c5b7e934a59163b6a62dba57ddb48f86236e26a7dbb97f9a5b3f0c46e0bb46dc,1
subj05,ventral,5,7,A:H,B:D,13.336668656375823,8.177396964392553,0.6131513929817255,0.3868486070182745,2.5847379792054426e-16,c5b7e934a59163b6a62dba57ddb48f86236e26a7dbb97f9a5b3f0c46e0bb46dc,1
subj05,ventral,5,8,A:H,B:K,12.642139058393923,6.988991895956071,0.5528330185005862,0.4471669814994138,2.7755575615628914e-16,c5b7e934a59163b6a62dba57ddb48f86236e26a7dbb97f9a5b3f0c46e0bb46dc,1
subj05,ventral,5,9,A:H,B:T,12.815457198574205,7.4336394912253185,0.5800526174011454,0.41994738259885456,3.5388358909926865e-16,c5b7e934a59163b6a62dba57ddb48f86236e26a7dbb97f9a5b3f0c46e0bb46dc,1
subj05,ventral,5,10,A:L,B:B,12.512837372923544,6.259338790523471,0.500233368657697,0.49976663134230304,3.226585665316861e-16,c5b7e934a59163b6a62dba57ddb48f86236e26a7dbb97f9a5b3f0c46e0bb46dc,1
subj05,ventral,5,11,A:L,B:C,12.716343323935694,7.114146301523008,0.5594490586088696,0.4405509413911304,3.139849491518021e-16,c5b7e934a59163b6a62dba57ddb48f86236e26a7dbb97f9a5b3f0c46e0bb46dc,1
subj05,ventral,5,12,A:L,B:D,13.45454674746946,6.881967044070938,0.511497501420128,0.488502498579872,3.0357660829594124e-16,c5b7e934a59163b6a62dba57ddb48f86236e26a7dbb97f9a5b3f0c46e0bb46dc,1
subj05,ventral,5,13,A:L,B:K,12.225217348261124,6.547021849176137,0.5355341882823347,0.46446581171766527,3.642919299551295e-16,c5b7e934a59163b6a62dba57ddb48f86236e26a7dbb97f9a5b3f0c46e0bb46dc,1
subj05,ventral,5,14,A:L,B:T,12.576588386519381,6.706273962668343,0.5332347498830985,0.46676525011690156,4.527628272299467e-16,c5b7e934a59163b6a62dba57ddb48f86236e26a7dbb97f9a5b3f0c46e0bb46dc,1
subj05,ventral,5,15,A:P,B:B,12.100273783417467,5.744070201298296,0.47470580452238365,0.5252941954776164,1.9255430583342559e-16,c5b7e934a59163b6a62dba57ddb48f86236e26a7dbb97f9a5b3f0c46e0bb46dc,1
subj05,ventral,5,16,A:P,B:C,12.126743882094216,6.994218672953188,0.5767598244802156,0.4232401755197844,1.942890293094024e-16,c5b7e934a59163b6a62dba57ddb48f86236e26a7dbb97f9a5b3f0c46e0bb46dc,1
subj05,ventral,5,17,A:P,B:D,12.614913931973492,7.273980475622656,0.5766175270674008,0.42338247293259923,2.220446049250313e-16,c5b7e934a59163b6a62dba57ddb48f86236e26a7dbb97f9a5b3f0c46e0bb46dc,1
subj05,ventral,5,18,A:P,B:K,11.89150518284041,5.879803201435673,0.4944540754958676,0.5055459245041324,2.42861286636753e-16,c5b7e934a59163b6a62dba57ddb48f86236e26a7dbb97f9a5b3f0c46e0bb46dc,1
subj05,ventral,5,19,A:P,B:T,12.102022624626349,6.3518722589995935,0.5248603854098073,0.47513961459019266,3.3306690738754696e-16,c5b7e934a59163b6a62dba57ddb48f86236e26a7dbb97f9a5b3f0c46e0bb46dc,1
subj05,ventral,5,20,A:R,B:B,12.317003894003108,5.539289337920599,0.4497270103663411,0.5502729896336589,2.5500435096859064e-16,c5b7e934a59163b6a62dba57ddb48f86236e26a7dbb97f9a5b3f0c46e0bb46dc,1
subj05,ventral,5,21,A:R,B:C,12.525039124300799,6.487044792871118,0.5179261101296762,0.48207388987032385,2.411265631607762e-16,c5b7e934a59163b6a62dba57ddb48f86236e26a7dbb97f9a5b3f0c46e0bb46dc,1
subj05,ventral,5,22,A:R,B:D,13.064842211858139,6.658685052851931,0.5096644065711149,0.49033559342888505,2.957703526540456e-16,c5b7e934a59163b6a62dba57ddb48f86236e26a7dbb97f9a5b3f0c46e0bb46dc,1
subj05,ventral,5,23,A:R,B:K,12.044247898538,5.822148825191774,0.48339662835223607,0.5166033716477639,2.983724378680108e-16,c5b7e934a59163b6a62dba57ddb48f86236e26a7dbb97f9a5b3f0c46e0bb46dc,1
subj05,ventral,5,24,A:R,B:T,12.415567481229342,5.969946407099702,0.4808436196030067,0.5191563803969933,3.903127820947816e-16,c5b7e934a59163b6a62dba57ddb48f86236e26a7dbb97f9a5b3f0c46e0bb46dc,1
subj06,ventral,0,0,A:H,B:C,9.760553886719961,7.595421683972982,0.7781752728507734,0.22182472714922666,3.2959746043559335e-16,52d74445a72bb476101acfba8c19e40672bc63b8b440ecdd45efe2280de2acd4,1
subj06,ventral,0,1,A:H,B:D,10.244430859038477,8.163404584672277,0.7968626756331565,0.2031373243668435,3.694961003830599e-16,52d74445a72bb476101acfba8c19e40672bc63b8b440ecdd45efe2280de2acd4,1
subj06,ventral,0,2,A:H,B:K,11.046529113031575,7.409504906021173,0.6707541192536387,0.3292458807463613,3.7177292494527947e-16,52d74445a72bb476101acfba8c19e40672bc63b8b440ecdd45efe2280de2acd4,1
subj06,ventral,0,3,A:H,B:T,11.243075161327079,7.90017319039235,0.7026701393553481,0.297329860644652,3.920475055707584e-16,52d74445a72bb476101acfba8c19e40672bc63b8b440ecdd45efe2280de2acd4,1
subj06,ventral,0,4,A:H,B:W,11.200694748935094,7.983030162358775,0.7127263389726571,0.28727366102734286,3.649424512586208e-16,52d74445a72bb476101acfba8c19e40672bc63b8b440ecdd45efe2280de2acd4,1
subj06,ventral,0,5,A:L,B:C,9.16957258471257,7.13617161978024,0.7782447386563689,0.22175526134363108,3.37403716077489e-16,52d74445a72bb476101acfba8c19e40672bc63b8b440ecdd45efe2280de2acd4,1
subj06,ventral,0,6,A:L,B:D,10.331138828167955,6.848669403039311,0.6629152426416287,0.3370847573583713,5.874207370526463e-16,52d74445a72bb476101acfba8c19e40672bc63b8b440ecdd45efe2280de2acd4,1
subj06,ventral,0,7,A:L,B:K,10.572930573499441,6.869270086821817,0.6497035083195687,0.3502964916804313,3.629908873481469e-16,52d74445a72bb476101acfba8c19e40672bc63b8b440ecdd45efe2280de2acd4,1
subj06,ventral,0,8,A:L,B:T,10.87122041947573,7.258319788556862,0.6676637496516603,0.33233625034833963,4.616532850443278e-16,52d74445a72bb476101acfba8c19e40672bc63b8b440ecdd45efe2280de2acd4,1
subj06,ventral,0,9,A:L,B:W,10.977041095572927,7.122925400310847,0.6488930248410515,0.35110697515894845,4.968898556501067e-16,52d74445a72bb476101acfba8c19e40672bc63b8b440ecdd45efe2280de2acd4,1
subj06,ventral,0,10,A:P,B:C,9.232610683367803,7.08743787122344,0.7676526298234572,0.23234737017654283,3.896622607912903e-16,52d74445a72bb476101acfba8c19e40672bc63b8b440ecdd45efe2280de2acd4,1
subj06,ventral,0,11,A:P,B:D,9.819560345352688,7.5947222160394805,0.773427928434071,0.22657207156592896,5.30825383648903e-16,52d74445a72bb476101acfba8c19e40672bc63b8b440ecdd45efe2280de2acd4,1
subj06,ventral,0,12,A:P,B:K,10.292013684331884,7.315398526060604,0.7107839875103595,0.2892160124896404,4.423544863740858e-16,52d74445a72bb476101acfba8c19e40672bc63b8b440ecdd45efe2280de2acd4,1
subj06,ventral,0,13,A:P,B:T,10.96026514843106,7.1558435053940315,0.6528896343733415,0.34711036562665853,4.475586568020162e-16,52d74445a72bb476101acfba8c19e40672bc63b8b440ecdd45efe2280de2acd4,1
subj06,ventral,0,14,A:P,B:W,10.883919973220374,7.296482188331932,0.6703910177844704,0.3296089822155296,3.95516952522712e-16,52d74445a72bb476101acfba8c19e40672bc63b8b440ecdd45efe2280de2acd4,1
subj06,ventral,0,15,A:R,B:C,9.738835739367206,6.794540685151886,0.6976748419409495,0.3023251580590504,5.473052566706826e-16,52d74445a72bb476101acfba8c19e40672bc63b8b440ecdd45efe2280de2acd4,1
subj06,ventral,0,16,A:R,B:D,10.548559322519951,6.954803822220632,0.6593131450067244,0.3406868549932755,5.564125549195609e-16,52d74445a72bb476101acfba8c19e40672bc63b8b440ecdd45efe2280de2acd4,1
subj06,ventral,0,17,A:R,B:K,11.384295723452887,5.947792971010964,0.522455944179126,0.47754405582087406,4.98732999343332e-16,52d74445a72bb476101acfba8c19e40672bc63b8b440ecdd45efe2280de2acd4,1
subj06,ventral,0,18,A:R,B:T,11.38491332273508,6.874233492025301,0.6038020050884194,0.3961979949115806,4.3086194334573946e-16,52d74445a72bb476101acfba8c19e40672bc63b8b440ecdd45efe2280de2acd4,1
subj06,ventral,0,19,A:R,B:W,11.43194812991077,6.822518401192541,0.5967940305241564,0.4032059694758436,4.2197148553135833e-16,52d74445a72bb476101acfba8c19e40672bc63b8b440ecdd45efe2280de2acd4,1
subj06,ventral,0,20,A:V,B:C,9.78128610303997,6.9324168123346155,0.7087428727987068,0.2912571272012932,4.531965080989409e-16,52d74445a72bb476101acfba8c19e40672bc63b8b440ecdd45efe2280de2acd4,1
subj06,ventral,0,21,A:V,B:D,10.200258969152213,7.636581234913264,0.7486654268296458,0.25133457317035424,5.106592232406726e-16,52d74445a72bb476101acfba8c19e40672bc63b8b440ecdd45efe2280de2acd4,1
subj06,ventral,0,22,A:V,B:K,11.116163360659575,6.6430865185595005,0.5976060537279955,0.4023939462720046,4.614364446098307e-16,52d74445a72bb476101acfba8c19e40672bc63b8b440ecdd45efe2280de2acd4,1
subj06,ventral,0,23,A:V,B:T,11.322267296301673,7.169299599617309,0.6332035282331749,0.3667964717668251,4.510281037539698e-16,52d74445a72bb476101acfba8c19e40672bc63b8b440ecdd45efe2280de2acd4,1
subj06,ventral,0,24,A:V,B:W,11.393564129757761,7.081253265459493,0.6215134425727805,0.3784865574272194,4.132978681514743e-16,52d74445a72bb476101acfba8c19e40672bc63b8b440ecdd45efe2280de2acd4,1
subj06,ventral,1,0,A:E,B:B,10.769232829442604,7.20031702200689,0.6686007384222897,0.33139926157771027,4.117799851099946e-16,0bda805f7016efd55cb9fdc60dd37e532f7ce5dc1aacc665d65bfae6d3aa221d,1
subj06,ventral,1,1,A:E,B:D,10.494657162372626,8.622566690803023,0.8216148996003637,0.1783851003996363,4.3237982638721917e-16,0bda805f7016efd55cb9fdc60dd37e532f7ce5dc1aacc665d65bfae6d3aa221d,1
subj06,ventral,1,2,A:E,B:K,11.958294219903653,6.8960111492626535,0.5766718080731597,0.4233281919268404,5.004677228193088e-16,0bda805f7016efd55cb9fdc60dd37e532f7ce5dc1aacc665d65bfae6d3aa221d,1
subj06,ventral,1,3,A:E,B:T,11.44694191409889,7.905135599848686,0.690589299672443,0.3094107003275571,3.0964814046186007e-16,0bda805f7016efd55cb9fdc60dd37e532f7ce5dc1aacc665d65bfae6d3aa221d,1
subj06,ventral,1,4,A:E,B:W,11.592023554910558,8.186090929808449,0.7061830827923651,0.29381691720763486,3.5778671692021646e-16,0bda805f7016efd55cb9fdc60dd37e532f7ce5dc1aacc665d65bfae6d3aa221d,1
subj06,ventral,1,5,A:L,B:B,8.942061449445973,7.181031413146713,0.8030621857996325,0.19693781420036746,3.8337388819087437e-16,0bda805f7016efd55cb9fdc60dd37e532f7ce5dc1aacc665d65bfae6d3aa221d,1
subj06,ventral,1,6,A:L,B:D,9.940478998309246,7.027097320186965,0.7069173750462315,0.2930826249537684,5.137763044865684e-16,0bda805f7016efd55cb9fdc60dd37e532f7ce5dc1aacc665d65bfae6d3aa221d,1
subj06,ventral,1,7,A:L,B:K,10.415373895407514,6.7662760222681495,0.6496431227736938,0.35035687722630615,4.106957829375091e-16,0bda805f7016efd55cb9fdc60dd37e532f7ce5dc1aacc665d65bfae6d3aa221d,1
subj06,ventral,1,8,A:L,B:T,10.14241327324289,7.373047890907575,0.7269520273206289,0.27304797267937114,3.559435732269911e-16,0bda805f7016efd55cb9fdc60dd37e532f7ce5dc1aacc665d65bfae6d3aa221d,1
subj06,ventral,1,9,A:L,B:W,10.622131639033245,7.2293947479622,0.6805973597047391,0.3194026402952609,4.823344414844888e-16,0bda805f7016efd55cb9fdc60dd37e532f7ce5dc1aacc665d65bfae6d3aa221d,1
subj06,ventral,1,10,A:P,B:B,9.497108872235462,6.788188027590566,0.7147636316390611,0.2852363683609389,5.117434254131581e-16,0bda805f7016efd55cb9fdc60dd37e532f7ce5dc1aacc665d65bfae6d3aa221d,1
subj06,ventral,1,11,A:P,B:D,9.581395796781248,7.819013528276976,0.8160620533913939,0.18393794660860607,5.538104697055957e-16,0bda805f7016efd55cb9fdc60dd37e532f7ce5dc1aacc665d65bfae6d3aa221d,1
subj06,ventral,1,12,A:P,B:K,10.39836739820385,7.133257218787093,0.6859978057727838,0.31400219422721615,5.195496810550537e-16,0bda805f7016efd55cb9fdc60dd37e532f7ce5dc1aacc665d65bfae6d3aa221d,1
subj06,ventral,1,13,A:P,B:T,10.370990571691884,7.376980091846388,0.7113091117816854,0.28869088821831457,4.649058915617843e-16,0bda805f7016efd55cb9fdc60dd37e532f7ce5dc1aacc665d65bfae6d3aa221d,1
subj06,ventral,1,14,A:P,B:W,10.601947101403466,7.578881523325649,0.7148575116284414,0.28514248837155864,4.2674197509029455e-16,0bda805f7016efd55cb9fdc60dd37e532f7ce5dc1aacc665d65bfae6d3aa221d,1
subj06,ventral,1,15,A:R,B:B,9.857050405805746,6.787246754716327,0.6885677231313212,0.31143227686867886,5.104423828061755e-16,0bda805f7016efd55cb9fdc60dd37e532f7ce5dc1aacc665d65bfae6d3aa221d,1
subj06,ventral,1,16,A:R,B:D,10.31206732854842,7.3181263288102025,0.7096662672624675,0.29033373273753244,5.80265002714242e-16,0bda805f7016efd55cb9fdc60dd37e532f7ce5dc1aacc665d65bfae6d3aa221d,1
subj06,ventral,1,17,A:R,B:K,11.493657735526014,5.818833434544675,0.5062647216785573,0.4937352783214427,5.247538514829841e-16,0bda805f7016efd55cb9fdc60dd37e532f7ce5dc1aacc665d65bfae6d3aa221d,1
subj06,ventral,1,18,A:R,B:T,10.816152936755348,7.207059313293019,0.6663237248432443,0.3336762751567557,4.485344387572532e-16,0bda805f7016efd55cb9fdc60dd37e532f7ce5dc1aacc665d65bfae6d3aa221d,1
subj06,ventral,1,19,A:R,B:W,11.151317067898372,7.241715454210269,0.6494044972550561,0.3505955027449439,4.2435673031082644e-16,0bda805f7016efd55cb9fdc60dd37e532f7ce5dc1aacc665d65bfae6d3aa221d,1
subj06,ventral,1,20,A:V,B:B,9.580412042781363,7.2377914103010905,0.7554780919631335,0.2445219080368665,4.0592529337857286e-16,0bda805f7016efd55cb9fdc60dd37e532f7ce5dc1aacc665d65bfae6d3aa221d,1
subj06,ventral,1,21,A:V,B:D,9.821067273356446,8.023845796227876,0.8170034450324714,0.18299655496752867,5.325601071248798e-16,0bda805f7016efd55cb9fdc60dd37e532f7ce5dc1aacc665d65bfae6d3aa221d,1
subj06,ventral,1,22,A:V,B:K,11.214595846893516,6.413859124406036,0.5719206658867424,0.42807933411325755,4.996003610813204e-16,0bda805f7016efd55cb9fdc60dd37e532f7ce5dc1aacc665d65bfae6d3aa221d,1
subj06,ventral,1,23,A:V,B:T,10.659959762860023,7.499192246322676,0.7034916090818971,0.2965083909181029,4.698932215552176e-16,0bda805f7016efd55cb9fdc60dd37e532f7ce5dc1aacc665d65bfae6d3aa221d,1
subj06,ventral,1,24,A:V,B:W,11.000122957418561,7.532155613549045,0.6847337654957125,0.3152662345042875,4.0896105946153227e-16,0bda805f7016efd55cb9fdc60dd37e532f7ce5dc1aacc665d65bfae6d3aa221d,1
subj06,ventral,2,0,A:E,B:B,10.578591135307414,7.067508146470596,0.6680954066635466,0.33190459333645345,3.716645047280309e-16,ab005218ec89b821ed9b1daf68c759e858931880518e02711a893e6622ac9d29,1
subj06,ventral,2,1,A:E,B:C,10.335602389650965,6.881048396553506,0.6657617173280096,0.3342382826719904,4.297235310646297e-16,ab005218ec89b821ed9b1daf68c759e858931880518e02711a893e6622ac9d29,1
subj06,ventral,2,2,A:E,B:K,11.571494036932684,6.995572885818488,0.6045522612283902,0.39544773877160977,4.2283884726934673e-16,ab005218ec89b821ed9b1daf68c759e858931880518e02711a893e6622ac9d29,1
subj06,ventral,2,3,A:E,B:T,11.498583545439137,7.493740112068373,0.6517098460393178,0.3482901539606822,2.888314587501384e-16,ab005218ec89b821ed9b1daf68c759e858931880518e02711a893e6622ac9d29,1
subj06,ventral,2,4,A:E,B:W,11.559330215487082,7.810688670065391,0.6757042600617728,0.32429573993822725,3.5626883387873676e-16,ab005218ec89b821ed9b1daf68c759e858931880518e02711a893e6622ac9d29,1
subj06,ventral,2,5,A:H,B:B,9.716966156659725,7.4733305605882085,0.7691012235816224,0.23089877641837764,3.174543961037557e-16,ab005218ec89b821ed9b1daf68c759e858931880518e02711a893e6622ac9d29,1
subj06,ventral,2,6,A:H,B:C,9.52722593266688,7.198562979487595,0.7555780696671858,0.24442193033281423,3.8510861166685117e-16,ab005218ec89b821ed9b1daf68c759e858931880518e02711a893e6622ac9d29,1
subj06,ventral,2,7,A:H,B:K,10.873013945933517,7.282095929618204,0.6697403282869596,0.3302596717130404,3.855422925358454e-16,ab005218ec89b821ed9b1daf68c759e858931880518e02711a893e6622ac9d29,1
subj06,ventral,2,8,A:H,B:T,10.754209316812238,7.818848095334402,0.7270500196710011,0.2729499803289988,3.720168704340887e-16,ab005218ec89b821ed9b1daf68c759e858931880518e02711a893e6622ac9d29,1
subj06,ventral,2,9,A:H,B:W,10.803206115089736,8.144295507611908,0.7538776378834514,0.24612236211654862,3.7539166145418666e-16,ab005218ec89b821ed9b1daf68c759e858931880518e02711a893e6622ac9d29,1
subj06,ventral,2,10,A:P,B:B,9.221213026165701,6.78981696874234,0.7363257902703103,0.2636742097296897,4.2847669856627135e-16,ab005218ec89b821ed9b1daf68c759e858931880518e02711a893e6622ac9d29,1
subj06,ventral,2,11,A:P,B:C,8.758429208402745,6.836632499161019,0.780577468457703,0.21942253154229696,4.0917789989602937e-16,ab005218ec89b821ed9b1daf68c759e858931880518e02711a893e6622ac9d29,1
subj06,ventral,2,12,A:P,B:K,10.030060819189433,7.177152398092511,0.7155641952201566,0.2844358047798434,4.115631446754975e-16,ab005218ec89b821ed9b1daf68c759e858931880518e02711a893e6622ac9d29,1
subj06,ventral,2,13,A:P,B:T,10.346141598573288,7.11386257777406,0.6875860445168319,0.312413955483168,4.510281037539698e-16,ab005218ec89b821ed9b1daf68c759e858931880518e02711a893e6622ac9d29,1
subj06,ventral,2,14,A:P,B:W,10.440978387382687,7.408580510467896,0.7095676511906904,0.29043234880930957,4.553649124439119e-16,ab005218ec89b821ed9b1daf68c759e858931880518e02711a893e6622ac9d29,1
subj06,ventral,2,15,A:R,B:B,9.624837270694442,6.911603149126377,0.7181007797576715,0.28189922024232855,5.464378949326942e-16,ab005218ec89b821ed9b1daf68c759e858931880518e02711a893e6622ac9d29,1
subj06,ventral,2,16,A:R,B:C,9.37124339817504,6.7011036206553865,0.7150709181196129,0.2849290818803871,6.058521739848999e-16,ab005218ec89b821ed9b1daf68c759e858931880518e02711a893e6622ac9d29,1
subj06,ventral,2,17,A:R,B:K,11.184288150551668,6.025006355426248,0.5387027117259191,0.4612972882740809,5.212844045310305e-16,ab005218ec89b821ed9b1daf68c759e858931880518e02711a893e6622ac9d29,1
subj06,ventral,2,18,A:R,B:T,10.804194316474966,7.084803339574493,0.6557456421133694,0.3442543578866306,4.351987520356815e-16,ab005218ec89b821ed9b1daf68c759e858931880518e02711a893e6622ac9d29,1
subj06,ventral,2,19,A:R,B:W,10.982273855665492,7.250249806762272,0.6601774734493661,0.33982252655063394,4.646890511272872e-16,ab005218ec89b821ed9b1daf68c759e858931880518e02711a893e6622ac9d29,1
subj06,ventral,2,20,A:V,B:B,9.247296318135916,7.269496374813755,0.7861212753133827,0.21387872468661726,4.787836793695988e-16,ab005218ec89b821ed9b1daf68c759e858931880518e02711a893e6622ac9d29,1
subj06,ventral,2,21,A:V,B:C,9.198559750168393,6.786884944189043,0.7378203902045426,0.26217960979545746,5.078402975922103e-16,ab005218ec89b821ed9b1daf68c759e858931880518e02711a893e6622ac9d29,1
subj06,ventral,2,22,A:V,B:K,10.755802092124474,6.606969088245064,0.6142702358834554,0.3857297641165446,5.35162192338845e-16,ab005218ec89b821ed9b1daf68c759e858931880518e02711a893e6622ac9d29,1
subj06,ventral,2,23,A:V,B:T,10.604494563525117,7.240170191455449,0.682745429127618,0.31725457087238196,5.175439070359555e-16,ab005218ec89b821ed9b1daf68c759e858931880518e02711a893e6622ac9d29,1
subj06,ventral,2,24,A:V,B:W,10.862972551389284,7.2885255579939505,0.6709513002554544,0.32904869974454565,4.904727340417081e-16,ab005218ec89b821ed9b1daf68c759e858931880518e02711a893e6622ac9d29,1
subj06,ventral,3,0,A:E,B:B,10.446899504460939,7.029907021528546,0.672918028791863,0.327081971208137,3.5822039778921066e-16,8acde974dc6cb10a5d866a52afb26ef3d585f99d8e19ddea540888573ad5d7fe,1
subj06,ventral,3,1,A:E,B:C,10.15520933578164,6.756229266302927,0.6652968976717706,0.3347031023282295,4.2557645775487263e-16,8acde974dc6cb10a5d866a52afb26ef3d585f99d8e19ddea540888573ad5d7fe,1
subj06,ventral,3,2,A:E,B:D,10.437089453839764,7.84852597812141,0.7519841630976889,0.2480158369023111,4.445228907190568e-16,8acde974dc6cb10a5d866a52afb26ef3d585f99d8e19ddea540888573ad5d7fe,1
subj06,ventral,3,3,A:E,B:T,11.427745959670915,7.252564388870796,0.6346452235169959,0.365354776483004,3.165870343657673e-16,8acde974dc6cb10a5d866a52afb26ef3d585f99d8e19ddea540888573ad5d7fe,1
subj06,ventral,3,4,A:E,B:W,11.599923860333025,7.400491557189814,0.63797759763721,0.36202240236279004,3.8510861166685117e-16,8acde974dc6cb10a5d866a52afb26ef3d585f99d8e19ddea540888573ad5d7fe,1
subj06,ventral,3,5,A:H,B:B,9.664085465282772,7.512343216674742,0.7773465211645797,0.2226534788354203,3.5822039778921066e-16,8acde974dc6cb10a5d866a52afb26ef3d585f99d8e19ddea540888573ad5d7fe,1
subj06,ventral,3,6,A:H,B:C,9.437585455593256,7.139988642745562,0.7565482375064476,0.24345176249355238,3.452099717193846e-16,8acde974dc6cb10a5d866a52afb26ef3d585f99d8e19ddea540888573ad5d7fe,1
subj06,ventral,3,7,A:H,B:D,9.901065932830962,7.98583972968405,0.8065636350530493,0.19343636494695077,3.8337388819087437e-16,8acde974dc6cb10a5d866a52afb26ef3d585f99d8e19ddea540888573ad5d7fe,1
subj06,ventral,3,8,A:H,B:T,10.722034945739248,7.71385643200626,0.7194395906228243,0.28056040937717575,4.21707211251815e-16,8acde974dc6cb10a5d866a52afb26ef3d585f99d8e19ddea540888573ad5d7fe,1
subj06,ventral,3,9,A:H,B:W,10.87217108584172,7.898984189850908,0.7265323666712122,0.27346763332878776,3.443968200900205e-16,8acde974dc6cb10a5d866a52afb26ef3d585f99d8e19ddea540888573ad5d7fe,1
subj06,ventral,3,10,A:L,B:B,8.803172646957671,7.156036206638771,0.8128928618833641,0.18710713811663587,4.198030811863873e-16,8acde974dc6cb10a5d866a52afb26ef3d585f99d8e19ddea540888573ad5d7fe,1
subj06,ventral,3,11,A:L,B:C,8.367268703143079,6.99364896581343,0.8358341549598303,0.16416584504016973,3.608224830031759e-16,8acde974dc6cb10a5d866a52afb26ef3d585f99d8e19ddea540888573ad5d7fe,1
subj06,ventral,3,12,A:L,B:D,9.786623038241393,6.700866112622224,0.6846964562176838,0.3153035437823161,5.242659605053657e-16,8acde974dc6cb10a5d866a52afb26ef3d585f99d8e19ddea540888573ad5d7fe,1
subj06,ventral,3,13,A:L,B:T,10.090928820345772,7.177299236581471,0.7112624976712042,0.28873750232879586,3.8581334307896675e-16,8acde974dc6cb10a5d866a52afb26ef3d585f99d8e19ddea540888573ad5d7fe,1
subj06,ventral,3,14,A:L,B:W,10.517186406791213,6.990114433512045,0.6646373053726947,0.3353626946273053,4.403216073006755e-16,8acde974dc6cb10a5d866a52afb26ef3d585f99d8e19ddea540888573ad5d7fe,1
subj06,ventral,3,15,A:R,B:B,9.48386730339855,6.866346453385536,0.7240027969312662,0.27599720306873377,4.731458280726741e-16,8acde974dc6cb10a5d866a52afb26ef3d585f99d8e19ddea540888573ad5d7fe,1
subj06,ventral,3,16,A:R,B:C,9.175306336855352,6.5667202495619135,0.715694932515193,0.284305067484807,5.86770215749155e-16,8acde974dc6cb10a5d866a52afb26ef3d585f99d8e19ddea540888573ad5d7fe,1
subj06,ventral,3,17,A:R,B:D,10.039469076492098,6.9479786713553215,0.6920663451839648,0.30793365481603513,5.646524914304507e-16,8acde974dc6cb10a5d866a52afb26ef3d585f99d8e19ddea540888573ad5d7fe,1
subj06,ventral,3,18,A:R,B:T,10.729570479666263,6.826605006452013,0.636242151481198,0.363757848518802,4.718447854656915e-16,8acde974dc6cb10a5d866a52afb26ef3d585f99d8e19ddea540888573ad5d7fe,1
subj06,ventral,3,19,A:R,B:W,11.005784837365239,6.836033910531178,0.6211309789850217,0.3788690210149783,4.466912950640278e-16,8acde974dc6cb10a5d866a52afb26ef3d585f99d8e19ddea540888573ad5d7fe,1
subj06,ventral,3,20,A:V,B:B,9.301151716690407,7.200119880715455,0.7741105725428856,0.22588942745711432,3.8077180297690916e-16,8acde974dc6cb10a5d866a52afb26ef3d585f99d8e19ddea540888573ad5d7fe,1
subj06,ventral,3,21,A:V,B:C,9.180282205575434,6.655311919385453,0.724957225753202,0.27504277424679796,4.705437428587089e-16,8acde974dc6cb10a5d866a52afb26ef3d585f99d8e19ddea540888573ad5d7fe,1
subj06,ventral,3,22,A:V,B:D,9.757491911204744,7.424243763872397,0.7608762406809657,0.23912375931903423,4.939625097843958e-16,8acde974dc6cb10a5d866a52afb26ef3d585f99d8e19ddea540888573ad5d7fe,1
subj06,ventral,3,23,A:V,B:T,10.658712837023975,7.027144239111387,0.6592863835023292,0.34071361649767085,4.956972332603726e-16,8acde974dc6cb10a5d866a52afb26ef3d585f99d8e19ddea540888573ad5d7fe,1
subj06,ventral,3,24,A:V,B:W,10.98282130543091,6.964121810570105,0.6340922443239978,0.36590775567600226,3.9811903773667723e-16,8acde974dc6cb10a5d866a52afb26ef3d585f99d8e19ddea540888573ad5d7fe,1
subj06,ventral,4,0,A:E,B:B,11.441870712182121,7.226280221482662,0.6315645756938038,0.36843542430619625,5.145623510616204e-16,032b9004098ec0a5596eb8f54d1f5622f78a98f0715bb2e360e86311d01f9257,1
subj06,ventral,4,1,A:E,B:C,11.121709279195702,6.8215558239677,0.6133549846270591,0.38664501537294094,6.66730125969961e-16,032b9004098ec0a5596eb8f54d1f5622f78a98f0715bb2e360e86311d01f9257,1
subj06,ventral,4,2,A:E,B:D,11.268776837211176,7.959164054308542,0.7063023937102205,0.2936976062897794,6.084542591988651e-16,032b9004098ec0a5596eb8f54d1f5622f78a98f0715bb2e360e86311d01f9257,1
subj06,ventral,4,3,A:E,B:K,12.292006846669482,6.8688852540129215,0.5588090976270523,0.4411909023729477,5.958775139980332e-16,032b9004098ec0a5596eb8f54d1f5622f78a98f0715bb2e360e86311d01f9257,1
subj06,ventral,4,4,A:E,B:W,12.331904953041857,7.566113179100259,0.6135396930085776,0.38646030699142236,4.982993184743378e-16,032b9004098ec0a5596eb8f54d1f5622f78a98f0715bb2e360e86311d01f9257,1
subj06,ventral,4,5,A:H,B:B,10.43604249984301,7.591504902135714,0.7274313900360135,0.27256860996398646,3.864096542738338e-16,032b9004098ec0a5596eb8f54d1f5622f78a98f0715bb2e360e86311d01f9257,1
subj06,ventral,4,6,A:H,B:C,10.005316452975332,7.31615215330259,0.7312264622201877,0.2687735377798122,5.411795143961395e-16,032b9004098ec0a5596eb8f54d1f5622f78a98f0715bb2e360e86311d01f9257,1
subj06,ventral,4,7,A:H,B:D,10.531753486550278,7.926045095304341,0.7525855125099925,0.24741448749000752,4.705437428587089e-16,032b9004098ec0a5596eb8f54d1f5622f78a98f0715bb2e360e86311d01f9257,1
subj06,ventral,4,8,A:H,B:K,11.317909706546947,7.320268801745849,0.6467862875342938,0.3532137124657062,4.978656376053436e-16,032b9004098ec0a5596eb8f54d1f5622f78a98f0715bb2e360e86311d01f9257,1
subj06,ventral,4,9,A:H,B:W,11.37316490191774,7.961122221621581,0.6999918044166562,0.3000081955833438,4.0722633598555547e-16,032b9004098ec0a5596eb8f54d1f5622f78a98f0715bb2e360e86311d01f9257,1
subj06,ventral,4,10,A:L,B:B,9.671311176909672,7.128101182060333,0.7370356564556343,0.2629643435443657,4.588343593958655e-16,032b9004098ec0a5596eb8f54d1f5622f78a98f0715bb2e360e86311d01f9257,1
subj06,ventral,4,11,A:L,B:C,9.087083236372578,6.989958119639723,0.769219114408597,0.23078088559140295,5.100087019371813e-16,032b9004098ec0a5596eb8f54d1f5622f78a98f0715bb2e360e86311d01f9257,1
subj06,ventral,4,12,A:L,B:D,10.357049976160472,6.653848115955463,0.6424462690892754,0.3575537309107247,5.169475958410885e-16,032b9004098ec0a5596eb8f54d1f5622f78a98f0715bb2e360e86311d01f9257,1
subj06,ventral,4,13,A:L,B:K,10.66734593462087,6.759534212585847,0.633665979711765,0.36633402028823503,5.299580219109146e-16,032b9004098ec0a5596eb8f54d1f5622f78a98f0715bb2e360e86311d01f9257,1
subj06,ventral,4,14,A:L,B:W,10.969953994554302,7.084533356248695,0.6458124947256474,0.3541875052743526,4.2847669856627135e-16,032b9004098ec0a5596eb8f54d1f5622f78a98f0715bb2e360e86311d01f9257,1
subj06,ventral,4,15,A:P,B:B,9.826224446435091,6.908475267750703,0.7030650791064583,0.2969349208935416,6.327403878625404e-16,032b9004098ec0a5596eb8f54d1f5622f78a98f0715bb2e360e86311d01f9257,1
subj06,ventral,4,16,A:P,B:C,9.170775987918358,6.875252365770638,0.7496914519369072,0.2503085480630928,6.557254739192331e-16,032b9004098ec0a5596eb8f54d1f5622f78a98f0715bb2e360e86311d01f9257,1
subj06,ventral,4,17,A:P,B:D,9.772428347796101,7.481941873645823,0.7656174706395434,0.23438252936045656,6.87817858224804e-16,032b9004098ec0a5596eb8f54d1f5622f78a98f0715bb2e360e86311d01f9257,1
subj06,ventral,4,18,A:P,B:K,10.412207352008176,7.141928393180079,0.6859187635946026,0.3140812364053974,6.21247844834194e-16,032b9004098ec0a5596eb8f54d1f5622f78a98f0715bb2e360e86311d01f9257,1
subj06,ventral,4,19,A:P,B:W,10.863773322808301,7.241999983679293,0.6666192094117834,0.33338079058821657,5.783134388037681e-16,032b9004098ec0a5596eb8f54d1f5622f78a98f0715bb2e360e86311d01f9257,1
subj06,ventral,4,20,A:V,B:B,10.10133774324846,7.448365527407919,0.7373642696370848,0.26263573036291515,5.251875323519783e-16,032b9004098ec0a5596eb8f54d1f5622f78a98f0715bb2e360e86311d01f9257,1
subj06,ventral,4,21,A:V,B:C,9.978896564596276,6.710238930389592,0.6724429787354023,0.32755702126459774,6.067195357228883e-16,032b9004098ec0a5596eb8f54d1f5622f78a98f0715bb2e360e86311d01f9257,1
subj06,ventral,4,22,A:V,B:D,10.30104992086141,7.655170564889949,0.7431446914345016,0.25685530856549843,6.29704621779581e-16,032b9004098ec0a5596eb8f54d1f5622f78a98f0715bb2e360e86311d01f9257,1
subj06,ventral,4,23,A:V,B:K,11.417843660229241,6.50288436782483,0.5695369950173471,0.4304630049826529,5.885049392251318e-16,032b9004098ec0a5596eb8f54d1f5622f78a98f0715bb2e360e86311d01f9257,1
subj06,ventral,4,24,A:V,B:W,11.491854234546551,7.186019528300728,0.6253141905244742,0.3746858094755257,5.143455106271233e-16,032b9004098ec0a5596eb8f54d1f5622f78a98f0715bb2e360e86311d01f9257,1
subj06,ventral,5,0,A:E,B:B,10.553272365634689,7.108207189724994,0.6735547935701834,0.32644520642981656,4.2197148553135833e-16,38bbd30d028a6492e3dd877a62789d6b6a2e4aeaceeb25c57054cadaeb3765cf,1
subj06,ventral,5,1,A:E,B:C,10.341445884164038,6.9450084275329464,0.6715703495744157,0.3284296504255842,4.805184028455756e-16,38bbd30d028a6492e3dd877a62789d6b6a2e4aeaceeb25c57054cadaeb3765cf,1
subj06,ventral,5,2,A:E,B:D,10.53230431151558,7.900949990968751,0.7501634739446509,0.24983652605534915,5.091413401991929e-16,38bbd30d028a6492e3dd877a62789d6b6a2e4aeaceeb25c57054cadaeb3765cf,1
subj06,ventral,5,3,A:E,B:K,11.565331809702752,6.915417909199113,0.5979437531915351,0.4020562468084648,4.865899350114944e-16,38bbd30d028a6492e3dd877a62789d6b6a2e4aeaceeb25c57054cadaeb3765cf,1
subj06,ventral,5,4,A:E,B:T,11.597092357893976,7.320225184385265,0.6312121140781027,0.3687878859218973,3.69712940817557e-16,38bbd30d028a6492e3dd877a62789d6b6a2e4aeaceeb25c57054cadaeb3765cf,1
subj06,ventral,5,5,A:H,B:B,9.70648955271266,7.480238031824441,0.7706429797510006,0.22935702024899937,3.5908775952719907e-16,38bbd30d028a6492e3dd877a62789d6b6a2e4aeaceeb25c57054cadaeb3765cf,1
subj06,ventral,5,6,A:H,B:C,9.502496730185149,7.290605893940742,0.7672305606569454,0.23276943934305458,3.651592916931179e-16,38bbd30d028a6492e3dd877a62789d6b6a2e4aeaceeb25c57054cadaeb3765cf,1
subj06,ventral,5,7,A:H,B:D,9.946956322988852,7.917337819813979,0.7959558243475815,0.20404417565241856,4.2500725161431774e-16,38bbd30d028a6492e3dd877a62789d6b6a2e4aeaceeb25c57054cadaeb3765cf,1
subj06,ventral,5,8,A:H,B:K,10.829696660691958,7.250469525426443,0.6694988560245765,0.33050114397542346,4.124305064134859e-16,38bbd30d028a6492e3dd877a62789d6b6a2e4aeaceeb25c57054cadaeb3765cf,1
subj06,ventral,5,9,A:H,B:T,10.792788675791968,7.7372924128323906,0.7168946456060054,0.28310535439399465,4.2175464509686122e-16,38bbd30d028a6492e3dd877a62789d6b6a2e4aeaceeb25c57054cadaeb3765cf,1
subj06,ventral,5,10,A:L,B:B,8.891918131254378,7.2340765544330665,0.8135563606918363,0.18644363930816366,3.7643499428696714e-16,38bbd30d028a6492e3dd877a62789d6b6a2e4aeaceeb25c57054cadaeb3765cf,1
subj06,ventral,5,11,A:L,B:C,8.590042588040577,7.133702961453316,0.8304618851814729,0.1695381148185271,4.510281037539698e-16,38bbd30d028a6492e3dd877a62789d6b6a2e4aeaceeb25c57054cadaeb3765cf,1
subj06,ventral,5,12,A:L,B:D,9.839716886876976,6.784859691199849,0.6895381004557839,0.31046189954421616,4.503775824504785e-16,38bbd30d028a6492e3dd877a62789d6b6a2e4aeaceeb25c57054cadaeb3765cf,1
subj06,ventral,5,13,A:L,B:K,10.232660528131278,6.8097333146328065,0.6654900058407803,0.33450999415921967,4.83554168928535e-16,38bbd30d028a6492e3dd877a62789d6b6a2e4aeaceeb25c57054cadaeb3765cf,1
subj06,ventral,5,14,A:L,B:T,10.233824274645517,7.269593743553276,0.7103496746141933,0.28965032538580665,3.732908079867592e-16,38bbd30d028a6492e3dd877a62789d6b6a2e4aeaceeb25c57054cadaeb3765cf,1
subj06,ventral,5,15,A:P,B:B,9.266559921080809,6.799841213223005,0.7338042672938225,0.2661957327061774,4.930951480464074e-16,38bbd30d028a6492e3dd877a62789d6b6a2e4aeaceeb25c57054cadaeb3765cf,1
subj06,ventral,5,16,A:P,B:C,8.815029718162148,6.905266274533919,0.7833514458047232,0.21664855419527687,4.952635523913784e-16,38bbd30d028a6492e3dd877a62789d6b6a2e4aeaceeb25c57054cadaeb3765cf,1
subj06,ventral,5,17,A:P,B:D,9.375412805512985,7.460890417174236,0.7957932703280051,0.2042067296719949,4.909267437014364e-16,38bbd30d028a6492e3dd877a62789d6b6a2e4aeaceeb25c57054cadaeb3765cf,1
subj06,ventral,5,18,A:P,B:K,10.033935496119717,7.149045349401784,0.7124866760571098,0.28751332394289025,4.733626685071712e-16,38bbd30d028a6492e3dd877a62789d6b6a2e4aeaceeb25c57054cadaeb3765cf,1
subj06,ventral,5,19,A:P,B:T,10.424043922505144,7.044598102802963,0.675802803132278,0.3241971968677219,4.763984345901306e-16,38bbd30d028a6492e3dd877a62789d6b6a2e4aeaceeb25c57054cadaeb3765cf,1
subj06,ventral,5,20,A:R,B:B,9.620145418358522,6.8283270075297935,0.7097945728033398,0.2902054271966602,5.633514488234681e-16,38bbd30d028a6492e3dd877a62789d6b6a2e4aeaceeb25c57054cadaeb3765cf,1
subj06,ventral,5,21,A:R,B:C,9.381354749232901,6.666626479670256,0.7106251344151948,0.28937486558480524,6.630980486921345e-16,38bbd30d028a6492e3dd877a62789d6b6a2e4aeaceeb25c57054cadaeb3765cf,1
subj06,ventral,5,22,A:R,B:D,10.188489888595978,6.842820995535005,0.6716226909342282,0.32837730906577184,6.258014939586332e-16,38bbd30d028a6492e3dd877a62789d6b6a2e4aeaceeb25c57054cadaeb3765cf,1
subj06,ventral,5,23,A:R,B:K,11.166213792376507,5.845567105690706,0.5235048526190357,0.4764951473809644,6.305719835175694e-16,38bbd30d028a6492e3dd877a62789d6b6a2e4aeaceeb25c57054cadaeb3765cf,1
subj06,ventral,5,24,A:R,B:T,10.899136505792606,6.823646521657498,0.6260722138887708,0.3739277861112293,4.727121472036799e-16,38bbd30d028a6492e3dd877a62789d6b6a2e4aeaceeb25c57054cadaeb3765cf,1
subj07,ventral,0,0,A:H,B:C,10.1655665733093,6.034480889646013,0.5936197305018039,0.4063802694981961,4.300792849024765e-16,5059203cb9a307f489c80cb70cf4459a5d79cb85ce516405919f2d682e971ac0,1
subj07,ventral,0,1,A:H,B:D,10.266618082059715,5.99003420726345,0.5834476513478832,0.4165523486521168,4.132749982618984e-16,5059203cb9a307f489c80cb70cf4459a5d79cb85ce516405919f2d682e971ac0,1
subj07,ventral,0,2,A:H,B:K,10.93511234312315,6.069131118596355,0.5550131473878361,0.44498685261216386,4.776994771971133e-16,5059203cb9a307f489c80cb70cf4459a5d79cb85ce516405919f2d682e971ac0,1
subj07,ventral,0,3,A:H,B:T,11.619524572860048,6.066082210757868,0.5220594158324288,0.47794058416757124,3.426078865054194e-16,5059203cb9a307f489c80cb70cf4459a5d79cb85ce516405919f2d682e971ac0,1
subj07,ventral,0,4,A:H,B:W,12.301328278373994,6.198012279466907,0.5038490266423626,0.4961509733576374,3.5388358909926865e-16,5059203cb9a307f489c80cb70cf4459a5d79cb85ce516405919f2d682e971ac0,1
subj07,ventral,0,5,A:L,B:C,9.363001634512852,5.178226172633269,0.5530519351343345,0.4469480648656656,4.731458280726741e-16,5059203cb9a307f489c80cb70cf4459a5d79cb85ce516405919f2d682e971ac0,1
subj07,ventral,0,6,A:L,B:D,9.491848713622101,5.090666673798278,0.5363198284537,0.4636801715463,4.882162382702226e-16,5059203cb9a307f489c80cb70cf4459a5d79cb85ce516405919f2d682e971ac0,1
subj07,ventral,0,7,A:L,B:K,10.26641285830771,5.073255764611245,0.49416050519592175,0.5058394948040783,5.0935818063369e-16,5059203cb9a307f489c80cb70cf4459a5d79cb85ce516405919f2d682e971ac0,1
subj07,ventral,0,8,A:L,B:T,11.00537655816862,5.041677700808767,0.4581104221342283,0.5418895778657717,3.2699537522162814e-16,5059203cb9a307f489c80cb70cf4459a5d79cb85ce516405919f2d682e971ac0,1
subj07,ventral,0,9,A:L,B:W,11.716796811749166,5.2135236299338885,0.44496151240806375,0.5550384875919362,3.903127820947816e-16,5059203cb9a307f489c80cb70cf4459a5d79cb85ce516405919f2d682e971ac0,1
subj07,ventral,0,10,A:P,B:C,10.179879596613599,5.759090936489254,0.56573271636779,0.43426728363221,6.942146510424685e-16,5059203cb9a307f489c80cb70cf4459a5d79cb85ce516405919f2d682e971ac0,1
subj07,ventral,0,11,A:P,B:D,10.419472769691971,5.455448423468549,0.5235820030488766,0.47641799695112336,6.802284430174055e-16,5059203cb9a307f489c80cb70cf4459a5d79cb85ce516405919f2d682e971ac0,1
subj07,ventral,0,12,A:P,B:K,10.955952752728827,5.7811337490001735,0.5276705622484774,0.47232943775152264,6.698743122701689e-16,5059203cb9a307f489c80cb70cf4459a5d79cb85ce516405919f2d682e971ac0,1
subj07,ventral,0,13,A:P,B:T,11.681268205630756,5.692279986745888,0.4872998279418001,0.5127001720581998,5.106592232406726e-16,5059203cb9a307f489c80cb70cf4459a5d79cb85ce516405919f2d682e971ac0,1
subj07,ventral,0,14,A:P,B:W,12.359537986342605,5.832943343228749,0.4719386234076226,0.5280613765923774,4.98732999343332e-16,5059203cb9a307f489c80cb70cf4459a5d79cb85ce516405919f2d682e971ac0,1
subj07,ventral,0,15,A:R,B:C,9.60548379804466,5.538548418412489,0.576602754724332,0.4233972452756681,7.082008590675315e-16,5059203cb9a307f489c80cb70cf4459a5d79cb85ce516405919f2d682e971ac0,1
subj07,ventral,0,16,A:R,B:D,9.818984991012757,5.297039230271908,0.539469123857532,0.46053087614246807,6.873841773558098e-16,5059203cb9a307f489c80cb70cf4459a5d79cb85ce516405919f2d682e971ac0,1
subj07,ventral,0,17,A:R,B:K,10.563745144782382,5.2920182559433036,0.5009604248695003,0.4990395751304997,6.661338147750939e-16,5059203cb9a307f489c80cb70cf4459a5d79cb85ce516405919f2d682e971ac0,1
subj07,ventral,0,18,A:R,B:T,11.101669396850031,5.634782649200111,0.5075617411917269,0.4924382588082731,4.547143911404206e-16,5059203cb9a307f489c80cb70cf4459a5d79cb85ce516405919f2d682e971ac0,1
subj07,ventral,0,19,A:R,B:W,11.425637206435526,6.509990957702939,0.5697704942036989,0.43022950579630115,4.584006785268713e-16,5059203cb9a307f489c80cb70cf4459a5d79cb85ce516405919f2d682e971ac0,1
subj07,ventral,0,20,A:V,B:C,11.151867784895316,5.192245623962766,0.46559425955492584,0.5344057404450742,6.262351748276274e-16,5059203cb9a307f489c80cb70cf4459a5d79cb85ce516405919f2d682e971ac0,1
subj07,ventral,0,21,A:V,B:D,11.321238400173351,4.968237522599159,0.4388422314755853,0.5611577685244147,6.25367813089639e-16,5059203cb9a307f489c80cb70cf4459a5d79cb85ce516405919f2d682e971ac0,1
subj07,ventral,0,22,A:V,B:K,11.927501447870265,5.0710561079475225,0.4251566122302164,0.5748433877697836,6.487865800153259e-16,5059203cb9a307f489c80cb70cf4459a5d79cb85ce516405919f2d682e971ac0,1
subj07,ventral,0,23,A:V,B:T,12.77568174365044,4.490270261285906,0.3514701094927937,0.6485298905072063,4.536301889679351e-16,5059203cb9a307f489c80cb70cf4459a5d79cb85ce516405919f2d682e971ac0,1
subj07,ventral,0,24,A:V,B:W,13.353167794590627,4.795915952736672,0.35915941644045685,0.6408405835595431,5.100087019371813e-16,5059203cb9a307f489c80cb70cf4459a5d79cb85ce516405919f2d682e971ac0,1
subj07,ventral,1,0,A:E,B:B,12.27125108796432,5.253682621832662,0.42812933939437436,0.5718706606056256,4.929867278291589e-16,35eac55abbd8f0c9617819b5145074676498308c4504cc22edd8b60af9ea3cfb,1
subj07,ventral,1,1,A:E,B:D,11.37930311793758,5.801039249578453,0.5097886214520535,0.4902113785479465,4.883246584874712e-16,35eac55abbd8f0c9617819b5145074676498308c4504cc22edd8b60af9ea3cfb,1
subj07,ventral,1,2,A:E,B:K,11.903154373122865,5.7733499899197716,0.4850268936237528,0.5149731063762472,4.3617453399091843e-16,35eac55abbd8f0c9617819b5145074676498308c4504cc22edd8b60af9ea3cfb,1
subj07,ventral,1,3,A:E,B:T,12.801854970393935,5.639299434816543,0.440506430346087,0.5594935696539131,4.2500725161431774e-16,35eac55abbd8f0c9617819b5145074676498308c4504cc22edd8b60af9ea3cfb,1
subj07,ventral,1,4,A:E,B:W,13.379989901733909,5.8076755705507574,0.4340567977407922,0.5659432022592078,4.0766001685454967e-16,35eac55abbd8f0c9617819b5145074676498308c4504cc22edd8b60af9ea3cfb,1
subj07,ventral,1,5,A:L,B:B,10.841133691932182,4.789039109889107,0.4417470760879042,0.5582529239120958,5.225854471380131e-16,35eac55abbd8f0c9617819b5145074676498308c4504cc22edd8b60af9ea3cfb,1
subj07,ventral,1,6,A:L,B:D,10.007919941934512,5.026174014940757,0.50221964645025,0.49778035354975,4.2587461335230614e-16,35eac55abbd8f0c9617819b5145074676498308c4504cc22edd8b60af9ea3cfb,1
subj07,ventral,1,7,A:L,B:K,10.562322259203187,5.072897948591513,0.48028244396457265,0.5197175560354274,4.3503612170980865e-16,35eac55abbd8f0c9617819b5145074676498308c4504cc22edd8b60af9ea3cfb,1
subj07,ventral,1,8,A:L,B:T,11.517408852322783,5.031776335901802,0.43688440693733077,0.5631155930626692,4.2522409204881484e-16,35eac55abbd8f0c9617819b5145074676498308c4504cc22edd8b60af9ea3cfb,1
subj07,ventral,1,9,A:L,B:W,12.188708848793626,5.144792791764882,0.42209497786749467,0.5779050221325053,3.7470027081099033e-16,35eac55abbd8f0c9617819b5145074676498308c4504cc22edd8b60af9ea3cfb,1
subj07,ventral,1,10,A:P,B:B,11.703095373633765,5.021761353895549,0.4290968494719113,0.5709031505280887,5.126107871511465e-16,35eac55abbd8f0c9617819b5145074676498308c4504cc22edd8b60af9ea3cfb,1
subj07,ventral,1,11,A:P,B:D,10.837466791595412,5.448454224012084,0.5027424146976327,0.49725758530236724,5.325601071248798e-16,35eac55abbd8f0c9617819b5145074676498308c4504cc22edd8b60af9ea3cfb,1
subj07,ventral,1,12,A:P,B:K,11.212989837287104,5.76899099587021,0.5144917706681854,0.48550822933181464,5.0133508455729725e-16,35eac55abbd8f0c9617819b5145074676498308c4504cc22edd8b60af9ea3cfb,1
subj07,ventral,1,13,A:P,B:T,12.145504299475549,5.672006538693151,0.4670046132986073,0.5329953867013927,4.456070928915423e-16,35eac55abbd8f0c9617819b5145074676498308c4504cc22edd8b60af9ea3cfb,1
subj07,ventral,1,14,A:P,B:W,12.801414027870722,5.733477849904271,0.44787847947278125,0.5521215205272187,4.649058915617843e-16,35eac55abbd8f0c9617819b5145074676498308c4504cc22edd8b60af9ea3cfb,1
subj07,ventral,1,15,A:R,B:B,11.10352150451197,5.412024670872564,0.48741515641441874,0.5125848435855812,5.902396627011086e-16,35eac55abbd8f0c9617819b5145074676498308c4504cc22edd8b60af9ea3cfb,1
subj07,ventral,1,16,A:R,B:D,10.618620471032603,4.977842062751892,0.4687842527502844,0.5312157472497157,4.9439619065339e-16,35eac55abbd8f0c9617819b5145074676498308c4504cc22edd8b60af9ea3cfb,1
subj07,ventral,1,17,A:R,B:K,11.161895730225552,4.982183690767953,0.4463564085513345,0.5536435914486655,5.698566618583811e-16,35eac55abbd8f0c9617819b5145074676498308c4504cc22edd8b60af9ea3cfb,1
subj07,ventral,1,18,A:R,B:T,11.880278550656117,5.379738547719886,0.45282932759373534,0.5471706724062647,5.05021371943748e-16,35eac55abbd8f0c9617819b5145074676498308c4504cc22edd8b60af9ea3cfb,1
subj07,ventral,1,19,A:R,B:W,12.18622224108674,6.216319592700917,0.5101104730998701,0.4898895269001298,4.206704429243757e-16,35eac55abbd8f0c9617819b5145074676498308c4504cc22edd8b60af9ea3cfb,1
subj07,ventral,1,20,A:V,B:B,12.68058504848431,5.071971148454496,0.39997926980985316,0.6000207301901468,6.628812082576374e-16,35eac55abbd8f0c9617819b5145074676498308c4504cc22edd8b60af9ea3cfb,1
subj07,ventral,1,21,A:V,B:D,12.113033563558966,4.9751741538296255,0.41072899928198126,0.5892710007180187,6.019490461639521e-16,35eac55abbd8f0c9617819b5145074676498308c4504cc22edd8b60af9ea3cfb,1
subj07,ventral,1,22,A:V,B:K,12.531966777703735,5.128723717146116,0.4092513017406726,0.5907486982593274,5.624840870854797e-16,35eac55abbd8f0c9617819b5145074676498308c4504cc22edd8b60af9ea3cfb,1
subj07,ventral,1,23,A:V,B:T,13.570006936426218,4.458861367171342,0.3285820993357298,0.6714179006642702,5.113097445441639e-16,35eac55abbd8f0c9617819b5145074676498308c4504cc22edd8b60af9ea3cfb,1
subj07,ventral,1,24,A:V,B:W,14.065651284622806,4.82162041127761,0.342793967638656,0.657206032361344,4.666406150377611e-16,35eac55abbd8f0c9617819b5145074676498308c4504cc22edd8b60af9ea3cfb,1
subj07,ventral,2,0,A:E,B:B,11.141717866175293,5.0742400126572225,0.45542707808657673,0.5445729219134232,5.793976409762536e-16,225f8ed1d74db5cd2976f9acd19be655a7afa27fa8130451983ab7ae09978894,1
subj07,ventral,2,1,A:E,B:C,10.255120610033105,5.61546940792906,0.5475771199058509,0.4524228800941491,5.801565824969934e-16,225f8ed1d74db5cd2976f9acd19be655a7afa27fa8130451983ab7ae09978894,1
subj07,ventral,2,2,A:E,B:K,10.872253793290971,5.822179004841262,0.5355080110835897,0.4644919889164103,5.239949099622443e-16,225f8ed1d74db5cd2976f9acd19be655a7afa27fa8130451983ab7ae09978894,1
subj07,ventral,2,3,A:E,B:T,11.573704319643765,5.675745772331429,0.49040010143495066,0.5095998985650493,4.064673944648156e-16,225f8ed1d74db5cd2976f9acd19be655a7afa27fa8130451983ab7ae09978894,1
subj07,ventral,2,4,A:E,B:W,12.133320029770733,5.786115710031404,0.47687819128106657,0.5231218087189334,3.6958419180957436e-16,225f8ed1d74db5cd2976f9acd19be655a7afa27fa8130451983ab7ae09978894,1
subj07,ventral,2,5,A:H,B:B,10.731985814831187,5.411782213486402,0.5042666200702138,0.49573337992978617,5.026361271642799e-16,225f8ed1d74db5cd2976f9acd19be655a7afa27fa8130451983ab7ae09978894,1
subj07,ventral,2,6,A:H,B:C,9.672054538127616,6.142432250309496,0.6350700594269593,0.36492994057304073,4.470707658243978e-16,225f8ed1d74db5cd2976f9acd19be655a7afa27fa8130451983ab7ae09978894,1
subj07,ventral,2,7,A:H,B:K,10.47265440474544,6.083115827382751,0.5808571153294554,0.41914288467054456,4.141652298894627e-16,225f8ed1d74db5cd2976f9acd19be655a7afa27fa8130451983ab7ae09978894,1
subj07,ventral,2,8,A:H,B:T,11.094904934054593,6.135545924806871,0.5530057230120544,0.4469942769879455,3.51389924102552e-16,225f8ed1d74db5cd2976f9acd19be655a7afa27fa8130451983ab7ae09978894,1
subj07,ventral,2,9,A:H,B:W,11.651800834964567,6.285637978556446,0.5394563525060082,0.4605436474939918,3.0224168437106846e-16,225f8ed1d74db5cd2976f9acd19be655a7afa27fa8130451983ab7ae09978894,1
subj07,ventral,2,10,A:P,B:B,10.71844061986617,4.943901112411944,0.4612519010693249,0.5387480989306751,5.681219383824043e-16,225f8ed1d74db5cd2976f9acd19be655a7afa27fa8130451983ab7ae09978894,1
subj07,ventral,2,11,A:P,B:C,9.61910881425945,5.797851311697545,0.6027430839645727,0.39725691603542734,6.394624413319505e-16,225f8ed1d74db5cd2976f9acd19be655a7afa27fa8130451983ab7ae09978894,1
subj07,ventral,2,12,A:P,B:K,10.40040071664997,5.77725494146268,0.5554838797906979,0.44451612020930215,5.80265002714242e-16,225f8ed1d74db5cd2976f9acd19be655a7afa27fa8130451983ab7ae09978894,1
subj07,ventral,2,13,A:P,B:T,11.11425677473675,5.663864132489499,0.5096034982171492,0.4903965017828507,4.172009959724221e-16,225f8ed1d74db5cd2976f9acd19be655a7afa27fa8130451983ab7ae09978894,1
subj07,ventral,2,14,A:P,B:W,11.683923554271196,5.79860838029768,0.49628948301171744,0.5037105169882825,3.5063098258181213e-16,225f8ed1d74db5cd2976f9acd19be655a7afa27fa8130451983ab7ae09978894,1
subj07,ventral,2,15,A:R,B:B,10.155078367107691,5.439705971597717,0.535663613312619,0.464336386687381,6.010816844259637e-16,225f8ed1d74db5cd2976f9acd19be655a7afa27fa8130451983ab7ae09978894,1
subj07,ventral,2,16,A:R,B:C,9.48135953842312,5.443808013229247,0.57415901075877,0.42584098924123004,6.704706234650359e-16,225f8ed1d74db5cd2976f9acd19be655a7afa27fa8130451983ab7ae09978894,1
subj07,ventral,2,17,A:R,B:K,10.43611855064983,5.101110613480162,0.48879385460435665,0.5112061453956434,5.876375774871434e-16,225f8ed1d74db5cd2976f9acd19be655a7afa27fa8130451983ab7ae09978894,1
subj07,ventral,2,18,A:R,B:T,10.906688825498534,5.480792789228346,0.5025166553220908,0.4974833446779092,4.0896105946153227e-16,225f8ed1d74db5cd2976f9acd19be655a7afa27fa8130451983ab7ae09978894,1
subj07,ventral,2,19,A:R,B:W,11.071840084303693,6.39852921274468,0.5779101905396679,0.42208980946033214,3.8846963840155624e-16,225f8ed1d74db5cd2976f9acd19be655a7afa27fa8130451983ab7ae09978894,1
subj07,ventral,2,20,A:V,B:B,11.331803612634497,4.906409183220524,0.43297689855391414,0.5670231014460859,5.165274674992504e-16,225f8ed1d74db5cd2976f9acd19be655a7afa27fa8130451983ab7ae09978894,1
subj07,ventral,2,21,A:V,B:C,10.56149990317203,5.268068969367786,0.4987993199512864,0.5012006800487135,5.342948306008566e-16,225f8ed1d74db5cd2976f9acd19be655a7afa27fa8130451983ab7ae09978894,1
subj07,ventral,2,22,A:V,B:K,11.341892552984145,5.105093505481825,0.4501094928939909,0.5498905071060091,4.88487288813344e-16,225f8ed1d74db5cd2976f9acd19be655a7afa27fa8130451983ab7ae09978894,1
subj07,ventral,2,23,A:V,B:T,12.192945279587747,4.482593293247043,0.36763826872506095,0.6323617312749391,3.681950577760773e-16,225f8ed1d74db5cd2976f9acd19be655a7afa27fa8130451983ab7ae09978894,1
subj07,ventral,2,24,A:V,B:W,12.656080207827015,4.808020299537308,0.37989805852872516,0.6201019414712748,4.2500725161431774e-16,225f8ed1d74db5cd2976f9acd19be655a7afa27fa8130451983ab7ae09978894,1
subj07,ventral,3,0,A:E,B:B,11.399071009485956,5.069295867226809,0.4447113157737413,0.5552886842262588,5.007387733624302e-16,a532c7d440015044d09e6ec19b7d82a70031c1a49cc990f096f15e51cdbf1704,1
subj07,ventral,3,1,A:E,B:C,10.323648220465872,5.765385636919848,0.5584639764739752,0.4415360235260249,4.0679265511656126e-16,a532c7d440015044d09e6ec19b7d82a70031c1a49cc990f096f15e51cdbf1704,1
subj07,ventral,3,2,A:E,B:D,10.359121321972387,5.912157646905123,0.5707199928593405,0.42928000714065945,4.0679265511656126e-16,a532c7d440015044d09e6ec19b7d82a70031c1a49cc990f096f15e51cdbf1704,1
subj07,ventral,3,3,A:E,B:T,11.730382443310353,5.724891144958157,0.48803959910300876,0.5119604008969912,4.14815751192954e-16,a532c7d440015044d09e6ec19b7d82a70031c1a49cc990f096f15e51cdbf1704,1
subj07,ventral,3,4,A:E,B:W,12.42388131120929,5.777977234237069,0.46507022157592265,0.5349297784240773,4.544975507059235e-16,a532c7d440015044d09e6ec19b7d82a70031c1a49cc990f096f15e51cdbf1704,1
subj07,ventral,3,5,A:H,B:B,11.055531966455952,5.425947597210009,0.49079027709142375,0.5092097229085762,6.377277178559737e-16,a532c7d440015044d09e6ec19b7d82a70031c1a49cc990f096f15e51cdbf1704,1
subj07,ventral,3,6,A:H,B:C,9.786827500288329,6.329652875327556,0.6467522672838648,0.3532477327161352,6.320356564504248e-16,a532c7d440015044d09e6ec19b7d82a70031c1a49cc990f096f15e51cdbf1704,1
subj07,ventral,3,7,A:H,B:D,9.990720673384025,6.203194092709912,0.6208955585392005,0.3791044414607995,5.457873736292029e-16,a532c7d440015044d09e6ec19b7d82a70031c1a49cc990f096f15e51cdbf1704,1
subj07,ventral,3,8,A:H,B:T,11.270443121323702,6.275545925030253,0.5568144799166688,0.4431855200833313,5.445405411308446e-16,a532c7d440015044d09e6ec19b7d82a70031c1a49cc990f096f15e51cdbf1704,1
subj07,ventral,3,9,A:H,B:W,12.008525549082597,6.289854991303085,0.5237824548563004,0.4762175451436996,4.49293380277993e-16,a532c7d440015044d09e6ec19b7d82a70031c1a49cc990f096f15e51cdbf1704,1
subj07,ventral,3,10,A:L,B:B,10.079287956400423,4.799067519000162,0.47613160173211627,0.5238683982678838,5.031782282505226e-16,a532c7d440015044d09e6ec19b7d82a70031c1a49cc990f096f15e51cdbf1704,1
subj07,ventral,3,11,A:L,B:C,8.92383120007677,5.400845778768478,0.6052160398016062,0.39478396019839374,4.2622697905836393e-16,a532c7d440015044d09e6ec19b7d82a70031c1a49cc990f096f15e51cdbf1704,1
subj07,ventral,3,12,A:L,B:D,9.144836952717831,5.255803840002323,0.5747290921835743,0.42527090781642574,3.668940151690947e-16,a532c7d440015044d09e6ec19b7d82a70031c1a49cc990f096f15e51cdbf1704,1
subj07,ventral,3,13,A:L,B:T,10.627289105930824,5.140378530622345,0.48369612225507524,0.5163038777449248,3.931926941154462e-16,a532c7d440015044d09e6ec19b7d82a70031c1a49cc990f096f15e51cdbf1704,1
subj07,ventral,3,14,A:L,B:W,11.379110138425533,5.219215889684346,0.4586664357927114,0.5413335642072886,4.388850394221322e-16,a532c7d440015044d09e6ec19b7d82a70031c1a49cc990f096f15e51cdbf1704,1
subj07,ventral,3,15,A:R,B:B,10.429739408997857,5.541787166431605,0.5313447392224048,0.46865526077759523,7.246807320893112e-16,a532c7d440015044d09e6ec19b7d82a70031c1a49cc990f096f15e51cdbf1704,1
subj07,ventral,3,16,A:R,B:C,9.695247967107614,5.447369975269585,0.5618597888110232,0.4381402111889769,6.800116025829084e-16,a532c7d440015044d09e6ec19b7d82a70031c1a49cc990f096f15e51cdbf1704,1
subj07,ventral,3,17,A:R,B:D,9.992873578460097,5.124623783162895,0.5128278410535642,0.4871721589464359,5.854691731421724e-16,a532c7d440015044d09e6ec19b7d82a70031c1a49cc990f096f15e51cdbf1704,1
subj07,ventral,3,18,A:R,B:T,11.093563498606322,5.582417796902746,0.5032123174491282,0.4967876825508718,5.93275428784068e-16,a532c7d440015044d09e6ec19b7d82a70031c1a49cc990f096f15e51cdbf1704,1
subj07,ventral,3,19,A:R,B:W,11.334489042760076,6.566695863428738,0.5793552615080806,0.4206447384919194,4.966730152156096e-16,a532c7d440015044d09e6ec19b7d82a70031c1a49cc990f096f15e51cdbf1704,1
subj07,ventral,3,20,A:V,B:B,12.007096855295398,5.167827850238959,0.430397781621944,0.569602218378056,6.087795198506107e-16,a532c7d440015044d09e6ec19b7d82a70031c1a49cc990f096f15e51cdbf1704,1
subj07,ventral,3,21,A:V,B:C,11.033963937007453,5.771417769709009,0.5230593286925577,0.47694067130744233,6.123573870198129e-16,a532c7d440015044d09e6ec19b7d82a70031c1a49cc990f096f15e51cdbf1704,1
subj07,ventral,3,22,A:V,B:D,11.323932219159326,5.410526851837173,0.47779576450333466,0.5222042354966654,6.378903481818465e-16,a532c7d440015044d09e6ec19b7d82a70031c1a49cc990f096f15e51cdbf1704,1
subj07,ventral,3,23,A:V,B:T,12.685412989913791,4.969586227910188,0.3917559666257236,0.6082440333742763,5.240220150165564e-16,a532c7d440015044d09e6ec19b7d82a70031c1a49cc990f096f15e51cdbf1704,1
subj07,ventral,3,24,A:V,B:W,13.329985367957114,5.0288743231254625,0.3772603033169092,0.6227396966830908,6.019490461639521e-16,a532c7d440015044d09e6ec19b7d82a70031c1a49cc990f096f15e51cdbf1704,1
subj07,ventral,4,0,A:E,B:B,11.222998894277989,5.114165627339482,0.45568619185616455,0.5443138081438355,4.187188790139018e-16,e2bd1eb2645e4e01ed44e711044a9c2ca47272fda4b506a1b6ca3e37100722f3,1
subj07,ventral,4,1,A:E,B:C,10.176057650682946,5.694610100518451,0.5596086712555396,0.4403913287444604,6.266688556966216e-16,e2bd1eb2645e4e01ed44e711044a9c2ca47272fda4b506a1b6ca3e37100722f3,1
subj07,ventral,4,2,A:E,B:D,10.199361450686913,5.794661020046732,0.5681395887442021,0.4318604112557978,5.316504996186471e-16,e2bd1eb2645e4e01ed44e711044a9c2ca47272fda4b506a1b6ca3e37100722f3,1
subj07,ventral,4,3,A:E,B:K,10.866510264251133,5.747110481246683,0.5288828097971475,0.47111719020285253,5.193599456748688e-16,e2bd1eb2645e4e01ed44e711044a9c2ca47272fda4b506a1b6ca3e37100722f3,1
subj07,ventral,4,4,A:E,B:W,12.110095258425838,5.9706898977868095,0.49303409844217233,0.5069659015578276,3.942159099157294e-16,e2bd1eb2645e4e01ed44e711044a9c2ca47272fda4b506a1b6ca3e37100722f3,1
subj07,ventral,4,5,A:H,B:B,10.856073845398843,5.425268493181053,0.4997449879617813,0.5002550120382188,4.876741371839799e-16,e2bd1eb2645e4e01ed44e711044a9c2ca47272fda4b506a1b6ca3e37100722f3,1
subj07,ventral,4,6,A:H,B:C,9.649505386161108,6.1680841940125655,0.639212472263973,0.36078752773602696,4.529525626101316e-16,e2bd1eb2645e4e01ed44e711044a9c2ca47272fda4b506a1b6ca3e37100722f3,1
subj07,ventral,4,7,A:H,B:D,9.819434143688865,6.0300304105199025,0.6140914356450485,0.38590856435495147,4.1167156489274603e-16,e2bd1eb2645e4e01ed44e711044a9c2ca47272fda4b506a1b6ca3e37100722f3,1
subj07,ventral,4,8,A:H,B:K,10.531208806607074,5.9482307111781205,0.56481936883127,0.4351806311687299,4.294524805215083e-16,e2bd1eb2645e4e01ed44e711044a9c2ca47272fda4b506a1b6ca3e37100722f3,1
subj07,ventral,4,9,A:H,B:W,11.595353680970394,6.559634239187279,0.5657123033644554,0.43428769663554456,3.625572064791527e-16,e2bd1eb2645e4e01ed44e711044a9c2ca47272fda4b506a1b6ca3e37100722f3,1
subj07,ventral,4,10,A:L,B:B,9.928774360076154,4.85980853022842,0.4894671138635026,0.5105328861364974,4.1188840532724313e-16,e2bd1eb2645e4e01ed44e711044a9c2ca47272fda4b506a1b6ca3e37100722f3,1
subj07,ventral,4,11,A:L,B:C,8.86715766789205,5.238525880307726,0.5907784745134749,0.4092215254865252,4.898425415289509e-16,e2bd1eb2645e4e01ed44e711044a9c2ca47272fda4b506a1b6ca3e37100722f3,1
subj07,ventral,4,12,A:L,B:D,9.009784755061832,5.149442106230894,0.5715388598310144,0.4284611401689857,3.8955384057404174e-16,e2bd1eb2645e4e01ed44e711044a9c2ca47272fda4b506a1b6ca3e37100722f3,1
subj07,ventral,4,13,A:L,B:K,9.774452147071553,5.065403678908521,0.5182289096812579,0.4817710903187421,3.6743611625533745e-16,e2bd1eb2645e4e01ed44e711044a9c2ca47272fda4b506a1b6ca3e37100722f3,1
subj07,ventral,4,14,A:L,B:W,11.122689304381847,5.355112758927874,0.48145845059415593,0.5185415494058441,3.2439329000766293e-16,e2bd1eb2645e4e01ed44e711044a9c2ca47272fda4b506a1b6ca3e37100722f3,1
subj07,ventral,4,15,A:P,B:B,10.825525883203012,5.213221145416864,0.4815674731798247,0.5184325268201754,4.59918561568351e-16,e2bd1eb2645e4e01ed44e711044a9c2ca47272fda4b506a1b6ca3e37100722f3,1
subj07,ventral,4,16,A:P,B:C,9.693199143682419,5.855076001381907,0.6040395863730889,0.39596041362691115,6.164773552752578e-16,e2bd1eb2645e4e01ed44e711044a9c2ca47272fda4b506a1b6ca3e37100722f3,1
subj07,ventral,4,17,A:P,B:D,9.917232051683506,5.613632503661327,0.5660483161436544,0.43395168385634564,4.969982758673552e-16,e2bd1eb2645e4e01ed44e711044a9c2ca47272fda4b506a1b6ca3e37100722f3,1
subj07,ventral,4,18,A:P,B:K,10.436519263526662,5.86929987160836,0.5623809742890306,0.4376190257109694,5.423179266772493e-16,e2bd1eb2645e4e01ed44e711044a9c2ca47272fda4b506a1b6ca3e37100722f3,1
subj07,ventral,4,19,A:P,B:W,11.779111991325392,5.984593288903613,0.5080682901487741,0.4919317098512259,3.6038880213418167e-16,e2bd1eb2645e4e01ed44e711044a9c2ca47272fda4b506a1b6ca3e37100722f3,1
subj07,ventral,4,20,A:V,B:B,11.341903356990494,5.125008356646467,0.4518649291335839,0.5481350708664161,4.137315490204685e-16,e2bd1eb2645e4e01ed44e711044a9c2ca47272fda4b506a1b6ca3e37100722f3,1
subj07,ventral,4,21,A:V,B:C,10.574805179390369,5.191176850683385,0.4909004716985862,0.5090995283014138,5.828670879282072e-16,e2bd1eb2645e4e01ed44e711044a9c2ca47272fda4b506a1b6ca3e37100722f3,1
subj07,ventral,4,22,A:V,B:D,10.726215665974076,5.034625705670923,0.4693757670416666,0.5306242329583334,5.638935499097109e-16,e2bd1eb2645e4e01ed44e711044a9c2ca47272fda4b506a1b6ca3e37100722f3,1
subj07,ventral,4,23,A:V,B:K,11.29456919247111,5.131970297400015,0.45437503723656447,0.5456249627634355,5.295243410419204e-16,e2bd1eb2645e4e01ed44e711044a9c2ca47272fda4b506a1b6ca3e37100722f3,1
subj07,ventral,4,24,A:V,B:W,12.71510683988439,4.839802810465474,0.3806340655576811,0.6193659344423189,4.822531263215524e-16,e2bd1eb2645e4e01ed44e711044a9c2ca47272fda4b506a1b6ca3e37100722f3,1
subj07,ventral,5,0,A:E,B:B,11.170876500687381,5.084963631347061,0.45519826765913723,0.5448017323408627,5.022295513495978e-16,13ff4b9ec022f64fa05bce58c500662c799ede0ef182a66bf2ec298d14529e8a,1
subj07,ventral,5,1,A:E,B:C,10.351095687747073,5.673468797191942,0.5481032122916042,0.4518967877083958,4.612196041753336e-16,13ff4b9ec022f64fa05bce58c500662c799ede0ef182a66bf2ec298d14529e8a,1
subj07,ventral,5,2,A:E,B:D,10.265987476597132,5.773138817564959,0.5623559185831563,0.4376440814168437,4.787836793695988e-16,13ff4b9ec022f64fa05bce58c500662c799ede0ef182a66bf2ec298d14529e8a,1
subj07,ventral,5,3,A:E,B:K,11.053557003648555,5.82280905233335,0.5267814740912232,0.4732185259087768,4.539012395110564e-16,13ff4b9ec022f64fa05bce58c500662c799ede0ef182a66bf2ec298d14529e8a,1
subj07,ventral,5,4,A:E,B:T,11.614814219633567,5.644699003863306,0.485991329445594,0.514008670554406,3.894454203567932e-16,13ff4b9ec022f64fa05bce58c500662c799ede0ef182a66bf2ec298d14529e8a,1
subj07,ventral,5,5,A:H,B:B,10.76479717318619,5.343192888312346,0.49635797148334515,0.5036420285166548,5.428600277634921e-16,13ff4b9ec022f64fa05bce58c500662c799ede0ef182a66bf2ec298d14529e8a,1
subj07,ventral,5,6,A:H,B:C,9.805261377651417,6.0807492088854636,0.6201516690564695,0.37984833094353054,5.004677228193088e-16,13ff4b9ec022f64fa05bce58c500662c799ede0ef182a66bf2ec298d14529e8a,1
subj07,ventral,5,7,A:H,B:D,9.851907926436636,5.9535512411800555,0.6043043931829976,0.39569560681700244,4.259288234609304e-16,13ff4b9ec022f64fa05bce58c500662c799ede0ef182a66bf2ec298d14529e8a,1
subj07,ventral,5,8,A:H,B:K,10.656490662869947,6.02583321548365,0.5654613142466551,0.4345386857533448,4.702862448427436e-16,13ff4b9ec022f64fa05bce58c500662c799ede0ef182a66bf2ec298d14529e8a,1
subj07,ventral,5,9,A:H,B:T,11.096931664742238,6.116361281405451,0.5511758985448816,0.4488241014551184,4.1579153314819095e-16,13ff4b9ec022f64fa05bce58c500662c799ede0ef182a66bf2ec298d14529e8a,1
subj07,ventral,5,10,A:L,B:B,9.839018776868388,4.7596378546862415,0.4837512726244804,0.5162487273755195,5.125294719882101e-16,13ff4b9ec022f64fa05bce58c500662c799ede0ef182a66bf2ec298d14529e8a,1
subj07,ventral,5,11,A:L,B:C,8.968656090728818,5.2641945375753885,0.5869546657070676,0.41304533429293244,4.441976300673112e-16,13ff4b9ec022f64fa05bce58c500662c799ede0ef182a66bf2ec298d14529e8a,1
subj07,ventral,5,12,A:L,B:D,9.041629546744545,5.077762488494276,0.5615981568634975,0.4384018431365026,4.0267268686111635e-16,13ff4b9ec022f64fa05bce58c500662c799ede0ef182a66bf2ec298d14529e8a,1
subj07,ventral,5,13,A:L,B:K,9.939562472419649,5.109445334212837,0.5140513325803377,0.48594866741966225,3.89797786062851e-16,13ff4b9ec022f64fa05bce58c500662c799ede0ef182a66bf2ec298d14529e8a,1
subj07,ventral,5,14,A:L,B:T,10.484753549993403,5.064739407937716,0.48305755436100856,0.5169424456389914,3.634245682171411e-16,13ff4b9ec022f64fa05bce58c500662c799ede0ef182a66bf2ec298d14529e8a,1
subj07,ventral,5,15,A:P,B:B,10.733599150690129,4.988478755443675,0.46475359154090784,0.5352464084590922,5.184654788825682e-16,13ff4b9ec022f64fa05bce58c500662c799ede0ef182a66bf2ec298d14529e8a,1
subj07,ventral,5,16,A:P,B:C,9.66016053226435,5.955204674565404,0.6164705705122997,0.38352942948770036,5.24537011048487e-16,13ff4b9ec022f64fa05bce58c500662c799ede0ef182a66bf2ec298d14529e8a,1
subj07,ventral,5,17,A:P,B:D,9.891314605943434,5.507382330858414,0.5567897241433583,0.4432102758566418,4.902762223979451e-16,13ff4b9ec022f64fa05bce58c500662c799ede0ef182a66bf2ec298d14529e8a,1
subj07,ventral,5,18,A:P,B:K,10.507888348928052,5.92623356228745,0.5639794947851732,0.4360205052148268,5.147791914961175e-16,13ff4b9ec022f64fa05bce58c500662c799ede0ef182a66bf2ec298d14529e8a,1
subj07,ventral,5,19,A:P,B:T,11.108872668569328,5.727933163874012,0.515617861034651,0.484382138965349,3.8248619766215186e-16,13ff4b9ec022f64fa05bce58c500662c799ede0ef182a66bf2ec298d14529e8a,1
subj07,ventral,5,20,A:R,B:B,10.03081479442243,5.407062046499968,0.5390451481076622,0.46095485189233776,8.023096076392733e-16,13ff4b9ec022f64fa05bce58c500662c799ede0ef182a66bf2ec298d14529e8a,1
subj07,ventral,5,21,A:R,B:C,9.442435860156023,5.420522451334248,0.574059758690771,0.4259402413092291,7.669646168162458e-16,13ff4b9ec022f64fa05bce58c500662c799ede0ef182a66bf2ec298d14529e8a,1
subj07,ventral,5,22,A:R,B:D,9.620433704636167,5.037371784988412,0.523611714361782,0.47638828563821806,6.752411130239722e-16,13ff4b9ec022f64fa05bce58c500662c799ede0ef182a66bf2ec298d14529e8a,1
subj07,ventral,5,23,A:R,B:K,10.443859637726037,5.120571457297772,0.49029493261292856,0.5097050673870714,6.81312645189891e-16,13ff4b9ec022f64fa05bce58c500662c799ede0ef182a66bf2ec298d14529e8a,1
subj07,ventral,5,24,A:R,B:T,10.844550526111378,5.326395458131823,0.4911587110325128,0.5088412889674873,6.021658865984492e-16,13ff4b9ec022f64fa05bce58c500662c799ede0ef182a66bf2ec298d14529e8a,1
subj08,ventral,0,0,A:H,B:C,23.223268557474775,14.346159140344772,0.6177493536209069,0.3822506463790931,2.5709144015062524e-16,08464b30301a44b7aec8c4a166841c4b85ee8a894f7804878e1db6a0740dc338,1
subj08,ventral,0,1,A:H,B:D,23.140295032548245,16.844196330269607,0.7279162303927936,0.2720837696072063,2.5175174445113413e-16,08464b30301a44b7aec8c4a166841c4b85ee8a894f7804878e1db6a0740dc338,1
subj08,ventral,0,2,A:H,B:K,23.160636884388172,15.852749765616931,0.6844695093986276,0.3155304906013724,2.5991036579908755e-16,08464b30301a44b7aec8c4a166841c4b85ee8a894f7804878e1db6a0740dc338,1
subj08,ventral,0,3,A:H,B:T,23.047820306629326,15.323592754499325,0.6648608220054434,0.33513917799455656,2.7942600490382663e-16,08464b30301a44b7aec8c4a166841c4b85ee8a894f7804878e1db6a0740dc338,1
subj08,ventral,0,4,A:H,B:W,24.824027781258394,18.945276522823015,0.7631830212954519,0.2368169787045481,1.9016906105395748e-16,08464b30301a44b7aec8c4a166841c4b85ee8a894f7804878e1db6a0740dc338,1
subj08,ventral,0,5,A:L,B:C,20.77204888270399,13.5058491628345,0.6501934036020997,0.34980659639790035,2.895023088443638e-16,08464b30301a44b7aec8c4a166841c4b85ee8a894f7804878e1db6a0740dc338,1
subj08,ventral,0,6,A:L,B:D,20.36327224101503,16.531510507704336,0.811829764491736,0.18817023550826398,3.469446951953614e-16,08464b30301a44b7aec8c4a166841c4b85ee8a894f7804878e1db6a0740dc338,1
subj08,ventral,0,7,A:L,B:K,19.996624001612403,16.019154047011195,0.8010929267720146,0.19890707322798537,2.09576279941448e-16,08464b30301a44b7aec8c4a166841c4b85ee8a894f7804878e1db6a0740dc338,1
subj08,ventral,0,8,A:L,B:T,20.259244337453765,14.977684283284713,0.739301231270265,0.26069876872973496,2.2193618470778276e-16,08464b30301a44b7aec8c4a166841c4b85ee8a894f7804878e1db6a0740dc338,1
subj08,ventral,0,9,A:L,B:W,22.34829654664184,18.559714197591003,0.830475564831355,0.16952443516864502,3.2038174196946656e-16,08464b30301a44b7aec8c4a166841c4b85ee8a894f7804878e1db6a0740dc338,1
subj08,ventral,0,10,A:P,B:C,21.138055557863016,14.536899490371605,0.6877122377968258,0.3122877622031742,6.049848122469115e-16,08464b30301a44b7aec8c4a166841c4b85ee8a894f7804878e1db6a0740dc338,1
subj08,ventral,0,11,A:P,B:D,21.254088692178666,16.74724673069646,0.7879541190048441,0.21204588099515587,5.126107871511465e-16,08464b30301a44b7aec8c4a166841c4b85ee8a894f7804878e1db6a0740dc338,1
subj08,ventral,0,12,A:P,B:K,21.543357550591736,15.382291001566934,0.7140154901780584,0.2859845098219416,5.039371697712625e-16,08464b30301a44b7aec8c4a166841c4b85ee8a894f7804878e1db6a0740dc338,1
subj08,ventral,0,13,A:P,B:T,22.959257548457956,12.324502570236708,0.5367988291531002,0.46320117084689977,6.843484112728504e-16,08464b30301a44b7aec8c4a166841c4b85ee8a894f7804878e1db6a0740dc338,1
subj08,ventral,0,14,A:P,B:W,23.597188782747246,18.202606800952445,0.7713887856955667,0.22861121430443332,3.37403716077489e-16,08464b30301a44b7aec8c4a166841c4b85ee8a894f7804878e1db6a0740dc338,1
subj08,ventral,0,15,A:R,B:C,18.799834118977916,13.979844153963771,0.7436152928525844,0.25638470714741557,4.3278640220190123e-16,08464b30301a44b7aec8c4a166841c4b85ee8a894f7804878e1db6a0740dc338,1
subj08,ventral,0,16,A:R,B:D,20.447778216465935,14.311739625697944,0.699916610704099,0.30008338929590095,5.162970745375972e-16,08464b30301a44b7aec8c4a166841c4b85ee8a894f7804878e1db6a0740dc338,1
subj08,ventral,0,17,A:R,B:K,19.137677858916838,15.007044448777394,0.7841622457755577,0.2158377542244423,3.9063804274652725e-16,08464b30301a44b7aec8c4a166841c4b85ee8a894f7804878e1db6a0740dc338,1
subj08,ventral,0,18,A:R,B:T,18.877809353039005,14.607537462564968,0.7737940981066961,0.22620590189330395,4.870236158804886e-16,08464b30301a44b7aec8c4a166841c4b85ee8a894f7804878e1db6a0740dc338,1
subj08,ventral,0,19,A:R,B:W,21.072454022387774,18.298766630097703,0.8683737836445982,0.13162621635540186,3.093228798101144e-16,08464b30301a44b7aec8c4a166841c4b85ee8a894f7804878e1db6a0740dc338,1
subj08,ventral,0,20,A:V,B:C,20.200126826488404,14.16483183820722,0.7012248962532697,0.29877510374673033,4.701100619897147e-16,08464b30301a44b7aec8c4a166841c4b85ee8a894f7804878e1db6a0740dc338,1
subj08,ventral,0,21,A:V,B:D,20.274392611607997,16.483455604776296,0.8130184672136013,0.18698153278639873,5.537020494883471e-16,08464b30301a44b7aec8c4a166841c4b85ee8a894f7804878e1db6a0740dc338,1
subj08,ventral,0,22,A:V,B:K,20.081068104031555,15.748986636009542,0.7842703662186034,0.21572963378139667,2.8492833092919057e-16,08464b30301a44b7aec8c4a166841c4b85ee8a894f7804878e1db6a0740dc338,1
subj08,ventral,0,23,A:V,B:T,19.89541728364791,15.288622800636896,0.7684494666619861,0.2315505333380139,4.0072112295064244e-16,08464b30301a44b7aec8c4a166841c4b85ee8a894f7804878e1db6a0740dc338,1
subj08,ventral,0,24,A:V,B:W,21.695474751002322,19.18377787031921,0.884229457547728,0.11577054245227206,3.2612801348363973e-16,08464b30301a44b7aec8c4a166841c4b85ee8a894f7804878e1db6a0740dc338,1
subj08,ventral,1,0,A:E,B:B,26.653229081279083,16.798378029541084,0.6302567684506216,0.36974323154937844,5.455705331947058e-16,bcd859ab122aff37d5c0a0c495fcc421d5d82fa61c99762186d2ddcd77e2a281,1
subj08,ventral,1,1,A:E,B:D,26.429932261689515,15.438112239084155,0.5841147107842525,0.4158852892157475,5.355958732078392e-16,bcd859ab122aff37d5c0a0c495fcc421d5d82fa61c99762186d2ddcd77e2a281,1
subj08,ventral,1,2,A:E,B:K,26.488562775904267,15.562930642299689,0.5875339773608537,0.41246602263914633,5.408000436357696e-16,bcd859ab122aff37d5c0a0c495fcc421d5d82fa61c99762186d2ddcd77e2a281,1
subj08,ventral,1,3,A:E,B:T,26.324272606750167,16.363425842067635,0.621609800449782,0.37839019955021796,5.32993787993874e-16,bcd859ab122aff37d5c0a0c495fcc421d5d82fa61c99762186d2ddcd77e2a281,1
subj08,ventral,1,4,A:E,B:W,28.308699095298728,17.555343842799207,0.6201395473419918,0.37986045265800816,4.662069341687669e-16,bcd859ab122aff37d5c0a0c495fcc421d5d82fa61c99762186d2ddcd77e2a281,1
subj08,ventral,1,5,A:L,B:B,20.752034841718743,17.096109222140313,0.8238280897529741,0.17617191024702594,2.368981746880827e-16,bcd859ab122aff37d5c0a0c495fcc421d5d82fa61c99762186d2ddcd77e2a281,1
subj08,ventral,1,6,A:L,B:D,20.852574472218187,15.244361005611244,0.7310541451810305,0.26894585481896954,2.5175174445113413e-16,bcd859ab122aff37d5c0a0c495fcc421d5d82fa61c99762186d2ddcd77e2a281,1
subj08,ventral,1,7,A:L,B:K,20.59513741297426,15.812427352418407,0.767774792435087,0.23222520756491302,1.6783449630075609e-16,bcd859ab122aff37d5c0a0c495fcc421d5d82fa61c99762186d2ddcd77e2a281,1
subj08,ventral,1,8,A:L,B:T,21.329606843909122,15.36621883133125,0.7204173496390172,0.27958265036098284,2.415602440297704e-16,bcd859ab122aff37d5c0a0c495fcc421d5d82fa61c99762186d2ddcd77e2a281,1
subj08,ventral,1,9,A:L,B:W,22.482197982016995,18.288441473488547,0.8134632338046778,0.18653676619532217,2.7972416050126014e-16,bcd859ab122aff37d5c0a0c495fcc421d5d82fa61c99762186d2ddcd77e2a281,1
subj08,ventral,1,10,A:P,B:B,23.3601789713765,14.527248774471035,0.6218808850853174,0.37811911491468264,6.652664530371055e-16,bcd859ab122aff37d5c0a0c495fcc421d5d82fa61c99762186d2ddcd77e2a281,1
subj08,ventral,1,11,A:P,B:D,21.574318031677738,15.348753173456226,0.7114363082494443,0.2885636917505558,6.531233887052679e-16,bcd859ab122aff37d5c0a0c495fcc421d5d82fa61c99762186d2ddcd77e2a281,1
subj08,ventral,1,12,A:P,B:K,21.995600158634268,14.973347502116598,0.6807428483027267,0.31925715169727337,5.774460770657797e-16,bcd859ab122aff37d5c0a0c495fcc421d5d82fa61c99762186d2ddcd77e2a281,1
subj08,ventral,1,13,A:P,B:T,23.84419710780694,12.503683117185771,0.5243910315223774,0.4756089684776226,8.036648603548802e-16,bcd859ab122aff37d5c0a0c495fcc421d5d82fa61c99762186d2ddcd77e2a281,1
subj08,ventral,1,14,A:P,B:W,23.010479112821407,18.55395339417144,0.806326252626057,0.19367374737394308,5.902396627011086e-16,bcd859ab122aff37d5c0a0c495fcc421d5d82fa61c99762186d2ddcd77e2a281,1
subj08,ventral,1,15,A:R,B:B,19.09334134822763,17.310608148271253,0.9066306327717825,0.09336936722821752,4.484260185400046e-16,bcd859ab122aff37d5c0a0c495fcc421d5d82fa61c99762186d2ddcd77e2a281,1
subj08,ventral,1,16,A:R,B:D,20.449552792596712,13.795837519602808,0.6746278346290914,0.3253721653709087,3.623403660446556e-16,bcd859ab122aff37d5c0a0c495fcc421d5d82fa61c99762186d2ddcd77e2a281,1
subj08,ventral,1,17,A:R,B:K,19.86378292263852,14.863095556874095,0.748251006102911,0.251748993897089,3.5995512126518747e-16,bcd859ab122aff37d5c0a0c495fcc421d5d82fa61c99762186d2ddcd77e2a281,1
subj08,ventral,1,18,A:R,B:T,20.242721017168044,14.919584203484744,0.7370345217340744,0.26296547826592565,4.618701254788249e-16,bcd859ab122aff37d5c0a0c495fcc421d5d82fa61c99762186d2ddcd77e2a281,1
subj08,ventral,1,19,A:R,B:W,20.762486749928467,18.711611349281068,0.9012220729940037,0.09877792700599629,4.36282954208167e-16,bcd859ab122aff37d5c0a0c495fcc421d5d82fa61c99762186d2ddcd77e2a281,1
subj08,ventral,1,20,A:V,B:B,20.712792213766317,16.19760604668237,0.7820097782817025,0.21799022171829754,4.623038063478191e-16,bcd859ab122aff37d5c0a0c495fcc421d5d82fa61c99762186d2ddcd77e2a281,1
subj08,ventral,1,21,A:V,B:D,19.937696428375748,15.432659137221277,0.7740442429074802,0.22595575709251983,5.035034889022683e-16,bcd859ab122aff37d5c0a0c495fcc421d5d82fa61c99762186d2ddcd77e2a281,1
subj08,ventral,1,22,A:V,B:K,20.05379741626731,15.507935238097707,0.7733166400453374,0.22668335995466254,3.3393426912553537e-16,bcd859ab122aff37d5c0a0c495fcc421d5d82fa61c99762186d2ddcd77e2a281,1
subj08,ventral,1,23,A:V,B:T,19.79567771096374,16.360386779617027,0.8264625752396396,0.1735374247603604,4.531965080989409e-16,bcd859ab122aff37d5c0a0c495fcc421d5d82fa61c99762186d2ddcd77e2a281,1
subj08,ventral,1,24,A:V,B:W,21.585506322438565,18.50514892571011,0.8572951057661148,0.1427048942338852,3.209238430557093e-16,bcd859ab122aff37d5c0a0c495fcc421d5d82fa61c99762186d2ddcd77e2a281,1
subj08,ventral,2,0,A:E,B:B,26.728593307121663,16.842106062736583,0.6301156918066882,0.3698843081933118,5.355958732078392e-16,a7988b477491525e8e1ee566dfa2097639e10915bcb160094510eb742d0a5221,1
subj08,ventral,2,1,A:E,B:C,26.541899613356424,14.470767762939953,0.545204675390226,0.454795324609774,5.386316392907986e-16,a7988b477491525e8e1ee566dfa2097639e10915bcb160094510eb742d0a5221,1
subj08,ventral,2,2,A:E,B:K,26.672126317325777,15.117328182480563,0.5667837652921055,0.4332162347078945,5.399326818977812e-16,a7988b477491525e8e1ee566dfa2097639e10915bcb160094510eb742d0a5221,1
subj08,ventral,2,3,A:E,B:T,26.50318850364598,15.005874328312048,0.566191283975048,0.433808716024952,5.139118297581291e-16,a7988b477491525e8e1ee566dfa2097639e10915bcb160094510eb742d0a5221,1
subj08,ventral,2,4,A:E,B:W,28.524479409553884,17.248304946576507,0.6046843028728308,0.3953156971271692,4.679416576447437e-16,a7988b477491525e8e1ee566dfa2097639e10915bcb160094510eb742d0a5221,1
subj08,ventral,2,5,A:H,B:B,23.26538341124701,17.15253881743769,0.737255798206436,0.262744201793564,3.163701939312702e-16,a7988b477491525e8e1ee566dfa2097639e10915bcb160094510eb742d0a5221,1
subj08,ventral,2,6,A:H,B:C,23.38554910961322,14.297029898771186,0.6113617359061297,0.3886382640938702,3.539920093165172e-16,a7988b477491525e8e1ee566dfa2097639e10915bcb160094510eb742d0a5221,1
subj08,ventral,2,7,A:H,B:K,23.380288041642284,15.189189613145897,0.6496579334733882,0.35034206652661176,3.5274517681815887e-16,a7988b477491525e8e1ee566dfa2097639e10915bcb160094510eb742d0a5221,1
subj08,ventral,2,8,A:H,B:T,23.24420018197924,14.990524989706671,0.6449146398820176,0.35508536011798236,3.2938062000109625e-16,a7988b477491525e8e1ee566dfa2097639e10915bcb160094510eb742d0a5221,1
subj08,ventral,2,9,A:H,B:W,24.36170383235376,18.843321147050908,0.773481250602262,0.22651874939773795,2.9848085808525937e-16,a7988b477491525e8e1ee566dfa2097639e10915bcb160094510eb742d0a5221,1
subj08,ventral,2,10,A:P,B:B,23.018960752065645,14.381507764638169,0.6247678997996302,0.37523210020036984,7.044061514638322e-16,a7988b477491525e8e1ee566dfa2097639e10915bcb160094510eb742d0a5221,1
subj08,ventral,2,11,A:P,B:C,21.056131991830053,14.461706094391902,0.686816842713712,0.313183157286288,6.938893903907228e-16,a7988b477491525e8e1ee566dfa2097639e10915bcb160094510eb742d0a5221,1
subj08,ventral,2,12,A:P,B:K,21.40396042159517,14.84696921322665,0.693655235796785,0.30634476420321505,6.401129626354418e-16,a7988b477491525e8e1ee566dfa2097639e10915bcb160094510eb742d0a5221,1
subj08,ventral,2,13,A:P,B:T,22.8271788638182,12.047458371774828,0.5277681680967783,0.4722318319032217,7.906002241764298e-16,a7988b477491525e8e1ee566dfa2097639e10915bcb160094510eb742d0a5221,1
subj08,ventral,2,14,A:P,B:W,22.825370944419433,18.132249536373614,0.7943901363323412,0.20560986366765877,6.188626000547259e-16,a7988b477491525e8e1ee566dfa2097639e10915bcb160094510eb742d0a5221,1
subj08,ventral,2,15,A:R,B:B,18.182958492305907,17.18478316776334,0.9451038000793466,0.054896199920653456,5.008471935796788e-16,a7988b477491525e8e1ee566dfa2097639e10915bcb160094510eb742d0a5221,1
subj08,ventral,2,16,A:R,B:C,18.59496479493641,13.998762597440233,0.7528254423612694,0.24717455763873059,4.657732532997727e-16,a7988b477491525e8e1ee566dfa2097639e10915bcb160094510eb742d0a5221,1
subj08,ventral,2,17,A:R,B:K,18.684623922587992,14.787943663188608,0.7914498961529188,0.20855010384708123,4.401860820291148e-16,a7988b477491525e8e1ee566dfa2097639e10915bcb160094510eb742d0a5221,1
subj08,ventral,2,18,A:R,B:T,18.573382419296166,14.508178589107981,0.7811274361117562,0.21887256388824386,5.282504034892499e-16,a7988b477491525e8e1ee566dfa2097639e10915bcb160094510eb742d0a5221,1
subj08,ventral,2,19,A:R,B:W,20.304549732388054,18.0758879320249,0.8902383047279209,0.10976169527207907,3.2461013044216003e-16,a7988b477491525e8e1ee566dfa2097639e10915bcb160094510eb742d0a5221,1
subj08,ventral,2,20,A:V,B:B,21.54573126296544,16.265173369483314,0.7549139628155124,0.24508603718448763,3.684118982105744e-16,a7988b477491525e8e1ee566dfa2097639e10915bcb160094510eb742d0a5221,1
subj08,ventral,2,21,A:V,B:C,21.15307230543461,14.040058773551674,0.6637361500411705,0.33626384995882946,3.9898639947466563e-16,a7988b477491525e8e1ee566dfa2097639e10915bcb160094510eb742d0a5221,1
subj08,ventral,2,22,A:V,B:K,20.996129808012867,15.15911047319647,0.7219954635359139,0.278004536464086,2.7668839441830073e-16,a7988b477491525e8e1ee566dfa2097639e10915bcb160094510eb742d0a5221,1
subj08,ventral,2,23,A:V,B:T,20.845219355860007,14.959019313185753,0.7176235019556402,0.28237649804435977,3.5648567431323386e-16,a7988b477491525e8e1ee566dfa2097639e10915bcb160094510eb742d0a5221,1
subj08,ventral,2,24,A:V,B:W,21.875391683188006,19.060885378506583,0.8713391583820431,0.12866084161795688,3.369700352084948e-16,a7988b477491525e8e1ee566dfa2097639e10915bcb160094510eb742d0a5221,1
subj08,ventral,3,0,A:E,B:B,27.612416631742445,16.71773009239616,0.6054424831898971,0.3945575168101029,2.6877371855915655e-16,0fe5e2cad197a67f52acd173cf68e6a0d3310739cd91131a0b640a17988868fa,1
subj08,ventral,3,1,A:E,B:C,27.23016642236156,14.47055491939601,0.531416323166968,0.46858367683303204,2.7777259659078624e-16,0fe5e2cad197a67f52acd173cf68e6a0d3310739cd91131a0b640a17988868fa,1
subj08,ventral,3,2,A:E,B:D,27.3453443869387,15.514085001379804,0.5673391704947769,0.4326608295052231,2.8606674321030034e-16,0fe5e2cad197a67f52acd173cf68e6a0d3310739cd91131a0b640a17988868fa,1
subj08,ventral,3,3,A:E,B:T,27.060401597120517,15.510757656573796,0.5731902241326783,0.42680977586732166,2.6828582758153807e-16,0fe5e2cad197a67f52acd173cf68e6a0d3310739cd91131a0b640a17988868fa,1
subj08,ventral,3,4,A:E,B:W,29.675539400089217,17.265328448236886,0.5818033571509396,0.41819664284906044,2.3010835858289225e-16,0fe5e2cad197a67f52acd173cf68e6a0d3310739cd91131a0b640a17988868fa,1
subj08,ventral,3,5,A:H,B:B,22.954023072835582,17.50616289364923,0.7626620761903171,0.23733792380968283,2.8666305440516737e-16,0fe5e2cad197a67f52acd173cf68e6a0d3310739cd91131a0b640a17988868fa,1
subj08,ventral,3,6,A:H,B:C,23.1445995073018,14.374675631522354,0.6210811998275168,0.37891880017248325,2.2768245622195593e-16,0fe5e2cad197a67f52acd173cf68e6a0d3310739cd91131a0b640a17988868fa,1
subj08,ventral,3,7,A:H,B:D,22.852911936851033,16.050668891886193,0.702346770347633,0.297653229652367,2.94469310047063e-16,0fe5e2cad197a67f52acd173cf68e6a0d3310739cd91131a0b640a17988868fa,1
subj08,ventral,3,8,A:H,B:T,22.859206085254037,15.547684638890914,0.680149808392531,0.3198501916074689,2.40692882291782e-16,0fe5e2cad197a67f52acd173cf68e6a0d3310739cd91131a0b640a17988868fa,1
subj08,ventral,3,9,A:H,B:W,24.622857593976587,19.075349323632558,0.7747008750234945,0.2252991249765055,2.5413698923060224e-16,0fe5e2cad197a67f52acd173cf68e6a0d3310739cd91131a0b640a17988868fa,1
subj08,ventral,3,10,A:L,B:B,20.61637676957689,17.098640423076702,0.8293717472368264,0.17062825276317362,2.2963402013242984e-16,0fe5e2cad197a67f52acd173cf68e6a0d3310739cd91131a0b640a17988868fa,1
subj08,ventral,3,11,A:L,B:C,21.064530968141426,13.514248106819,0.6415641595466008,0.35843584045339916,2.957703526540456e-16,0fe5e2cad197a67f52acd173cf68e6a0d3310739cd91131a0b640a17988868fa,1
subj08,ventral,3,12,A:L,B:D,20.517249792482563,15.58741793110324,0.7597225792325444,0.2402774207674556,3.391384395534658e-16,0fe5e2cad197a67f52acd173cf68e6a0d3310739cd91131a0b640a17988868fa,1
subj08,ventral,3,13,A:L,B:T,20.254565904725936,15.429580079354265,0.76178280748807,0.23821719251192996,1.9938477952008427e-16,0fe5e2cad197a67f52acd173cf68e6a0d3310739cd91131a0b640a17988868fa,1
subj08,ventral,3,14,A:L,B:W,22.698649718844383,18.41116372716939,0.8111127294010124,0.18888727059898752,2.331170196115395e-16,0fe5e2cad197a67f52acd173cf68e6a0d3310739cd91131a0b640a17988868fa,1
subj08,ventral,3,15,A:R,B:B,17.873726245979803,17.57399877093292,0.9832308344146035,0.016769165585396494,2.5869063835504136e-16,0fe5e2cad197a67f52acd173cf68e6a0d3310739cd91131a0b640a17988868fa,1
subj08,ventral,3,16,A:R,B:C,18.173633632121096,14.386988381869367,0.7916407182568598,0.20835928174314025,4.440892098500626e-16,0fe5e2cad197a67f52acd173cf68e6a0d3310739cd91131a0b640a17988868fa,1
subj08,ventral,3,17,A:R,B:D,19.232062924373157,14.316770577651686,0.7444219912315164,0.2555780087684836,5.182486384480711e-16,0fe5e2cad197a67f52acd173cf68e6a0d3310739cd91131a0b640a17988868fa,1
subj08,ventral,3,18,A:R,B:T,18.298797300361375,14.979667088040935,0.818614843487288,0.181385156512712,4.830120678422922e-16,0fe5e2cad197a67f52acd173cf68e6a0d3310739cd91131a0b640a17988868fa,1
subj08,ventral,3,19,A:R,B:W,21.182794919578473,17.787801312603815,0.8397287223020419,0.16027127769795815,3.452099717193846e-16,0fe5e2cad197a67f52acd173cf68e6a0d3310739cd91131a0b640a17988868fa,1
subj08,ventral,3,20,A:V,B:B,21.259156619674904,16.168105523700852,0.760524314908034,0.239475685091966,3.8516282177547545e-16,0fe5e2cad197a67f52acd173cf68e6a0d3310739cd91131a0b640a17988868fa,1
subj08,ventral,3,21,A:V,B:C,20.441600498134942,14.298643881769713,0.6994874928249526,0.3005125071750474,4.137315490204685e-16,0fe5e2cad197a67f52acd173cf68e6a0d3310739cd91131a0b640a17988868fa,1
subj08,ventral,3,22,A:V,B:D,20.313679185261478,15.723881700993884,0.7740538559062355,0.22594614409376448,4.354155924701786e-16,0fe5e2cad197a67f52acd173cf68e6a0d3310739cd91131a0b640a17988868fa,1
subj08,ventral,3,23,A:V,B:T,20.274848154407376,15.27124077186878,0.7532111044959463,0.24678889550405364,4.2956090073875686e-16,0fe5e2cad197a67f52acd173cf68e6a0d3310739cd91131a0b640a17988868fa,1
subj08,ventral,3,24,A:V,B:W,22.25021992338464,18.843785267058756,0.8469033264365278,0.15309667356347226,2.326392930292881e-16,0fe5e2cad197a67f52acd173cf68e6a0d3310739cd91131a0b640a17988868fa,1
subj08,ventral,4,0,A:E,B:B,27.070346551129486,18.42186628212396,0.6805183024653715,0.3194816975346285,6.098637220230962e-16,08c669709d5e406055394ef2e22456235d7060a7605ada0f8856e65d223d8d71,1
subj08,ventral,4,1,A:E,B:C,26.74968716915542,14.160192202225211,0.5293591701720188,0.47064082982798117,6.440160904563896e-16,08c669709d5e406055394ef2e22456235d7060a7605ada0f8856e65d223d8d71,1
subj08,ventral,4,2,A:E,B:D,26.820344684800542,15.826240616037396,0.590083416228664,0.40991658377133594,6.636401497783773e-16,08c669709d5e406055394ef2e22456235d7060a7605ada0f8856e65d223d8d71,1
subj08,ventral,4,3,A:E,B:K,26.882482272263896,15.18154668730475,0.5647375318077814,0.43526246819221864,6.539907504432563e-16,08c669709d5e406055394ef2e22456235d7060a7605ada0f8856e65d223d8d71,1
subj08,ventral,4,4,A:E,B:W,29.258014781027583,19.37252222180731,0.662127022861765,0.337872977138235,4.649058915617843e-16,08c669709d5e406055394ef2e22456235d7060a7605ada0f8856e65d223d8d71,1
subj08,ventral,4,5,A:H,B:B,23.799338673454674,18.795854573841716,0.7897637338472036,0.21023626615279645,3.2959746043559335e-16,08c669709d5e406055394ef2e22456235d7060a7605ada0f8856e65d223d8d71,1
subj08,ventral,4,6,A:H,B:C,23.906427216561017,13.858693853715298,0.5797057723504071,0.42029422764959284,3.946495907847236e-16,08c669709d5e406055394ef2e22456235d7060a7605ada0f8856e65d223d8d71,1
subj08,ventral,4,7,A:H,B:D,23.615106483908903,16.11370154688121,0.682347189832107,0.317652810167893,3.2699537522162814e-16,08c669709d5e406055394ef2e22456235d7060a7605ada0f8856e65d223d8d71,1
subj08,ventral,4,8,A:H,B:K,23.835709471740312,15.248934967934106,0.6397516711643633,0.3602483288356368,3.7296554733501353e-16,08c669709d5e406055394ef2e22456235d7060a7605ada0f8856e65d223d8d71,1
subj08,ventral,4,9,A:H,B:W,25.912268679737913,20.184256953636368,0.7789459581136343,0.22105404188636565,2.2985086056692694e-16,08c669709d5e406055394ef2e22456235d7060a7605ada0f8856e65d223d8d71,1
subj08,ventral,4,10,A:L,B:B,21.43135656618911,17.973275752506243,0.838643867316432,0.161356132683568,2.940898392866931e-16,08c669709d5e406055394ef2e22456235d7060a7605ada0f8856e65d223d8d71,1
subj08,ventral,4,11,A:L,B:C,21.093456573532016,13.464611485676759,0.638331201846363,0.36166879815363695,1.947227101783966e-16,08c669709d5e406055394ef2e22456235d7060a7605ada0f8856e65d223d8d71,1
subj08,ventral,4,12,A:L,B:D,20.515801296733017,16.095823807101333,0.784557404036881,0.215442595963119,2.0968470015869656e-16,08c669709d5e406055394ef2e22456235d7060a7605ada0f8856e65d223d8d71,1
subj08,ventral,4,13,A:L,B:K,20.54624418498783,15.52971115817394,0.7558418472180315,0.2441581527819685,2.1662359406260379e-16,08c669709d5e406055394ef2e22456235d7060a7605ada0f8856e65d223d8d71,1
subj08,ventral,4,14,A:L,B:W,24.288175972129437,18.75055785666609,0.7720035410720947,0.2279964589279053,2.4860755815092617e-16,08c669709d5e406055394ef2e22456235d7060a7605ada0f8856e65d223d8d71,1
subj08,ventral,4,15,A:P,B:B,23.995476198374053,16.08049190853621,0.6701468133241646,0.32985318667583546,6.390287604629563e-16,08c669709d5e406055394ef2e22456235d7060a7605ada0f8856e65d223d8d71,1
subj08,ventral,4,16,A:P,B:C,21.74722308318509,14.32869056523831,0.65887449217906,0.3411255078209399,8.117421665398972e-16,08c669709d5e406055394ef2e22456235d7060a7605ada0f8856e65d223d8d71,1
subj08,ventral,4,17,A:P,B:D,21.78032423222283,16.050374938922687,0.7369208450614804,0.2630791549385197,7.554720737878995e-16,08c669709d5e406055394ef2e22456235d7060a7605ada0f8856e65d223d8d71,1
subj08,ventral,4,18,A:P,B:K,21.973612957541196,15.248076102318759,0.6939266715847802,0.30607332841521984,7.234338995909528e-16,08c669709d5e406055394ef2e22456235d7060a7605ada0f8856e65d223d8d71,1
subj08,ventral,4,19,A:P,B:W,24.689341356313733,19.594865343890294,0.7936568684072796,0.20634313159272039,4.4246290659133436e-16,08c669709d5e406055394ef2e22456235d7060a7605ada0f8856e65d223d8d71,1
subj08,ventral,4,20,A:V,B:B,21.55499441237516,17.17727052132636,0.796904429326344,0.20309557067365597,3.209238430557093e-16,08c669709d5e406055394ef2e22456235d7060a7605ada0f8856e65d223d8d71,1
subj08,ventral,4,21,A:V,B:C,20.127305619666583,14.087439877771388,0.6999168266221593,0.30008317337784074,3.720981855970251e-16,08c669709d5e406055394ef2e22456235d7060a7605ada0f8856e65d223d8d71,1
subj08,ventral,4,22,A:V,B:D,19.956293411063463,16.09517695787819,0.8065213627774821,0.19347863722251787,3.5388358909926865e-16,08c669709d5e406055394ef2e22456235d7060a7605ada0f8856e65d223d8d71,1
subj08,ventral,4,23,A:V,B:K,20.40283683861581,14.979287327502139,0.7341766954265552,0.26582330457344483,2.0223081022285871e-16,08c669709d5e406055394ef2e22456235d7060a7605ada0f8856e65d223d8d71,1
subj08,ventral,4,24,A:V,B:W,23.519970395401323,19.12183635863302,0.8130042698681187,0.18699573013188137,2.5153490401663703e-16,08c669709d5e406055394ef2e22456235d7060a7605ada0f8856e65d223d8d71,1
subj08,ventral,5,0,A:E,B:B,26.6336903352794,17.188049691149732,0.6453499111380061,0.3546500888619939,5.377642775528102e-16,a805ee4c550aed6ff7dcba7999f434adcbca56583d7cac8a51e973d0f7d3437b,1
subj08,ventral,5,1,A:E,B:C,26.37476052804393,14.190076326402618,0.5380172574956463,0.4619827425043537,5.169475958410885e-16,a805ee4c550aed6ff7dcba7999f434adcbca56583d7cac8a51e973d0f7d3437b,1
subj08,ventral,5,2,A:E,B:D,26.4704665672624,15.862134815935743,0.5992389584682799,0.40076104153172015,5.087076593301987e-16,a805ee4c550aed6ff7dcba7999f434adcbca56583d7cac8a51e973d0f7d3437b,1
subj08,ventral,5,3,A:E,B:K,26.520436606611312,15.576931025345646,0.587355753466836,0.41264424653316406,5.087076593301987e-16,a805ee4c550aed6ff7dcba7999f434adcbca56583d7cac8a51e973d0f7d3437b,1
subj08,ventral,5,4,A:E,B:T,26.31904057374725,15.077495288181614,0.5728740470585821,0.4271259529414179,5.191160001860595e-16,a805ee4c550aed6ff7dcba7999f434adcbca56583d7cac8a51e973d0f7d3437b,1
subj08,ventral,5,5,A:H,B:B,22.926359536036554,17.610016799441652,0.768112214752697,0.231887785247303,3.061515884555943e-16,a805ee4c550aed6ff7dcba7999f434adcbca56583d7cac8a51e973d0f7d3437b,1
subj08,ventral,5,6,A:H,B:C,23.101877361531123,13.936917220993166,0.603280720561728,0.39671927943827207,2.9238899712860644e-16,a805ee4c550aed6ff7dcba7999f434adcbca56583d7cac8a51e973d0f7d3437b,1
subj08,ventral,5,7,A:H,B:D,22.8920375549707,16.099555210642695,0.7032818800852828,0.29671811991471714,3.101902415481028e-16,a805ee4c550aed6ff7dcba7999f434adcbca56583d7cac8a51e973d0f7d3437b,1
subj08,ventral,5,8,A:H,B:K,23.094352854316575,15.60683646371772,0.6757858322408302,0.3242141677591698,3.2100515821864573e-16,a805ee4c550aed6ff7dcba7999f434adcbca56583d7cac8a51e973d0f7d3437b,1
subj08,ventral,5,9,A:H,B:T,22.895245195624828,15.059171574530755,0.657742314871932,0.342257685128068,2.894277699450054e-16,a805ee4c550aed6ff7dcba7999f434adcbca56583d7cac8a51e973d0f7d3437b,1
subj08,ventral,5,10,A:L,B:B,20.353833023509484,17.36586890873217,0.8531989472780829,0.1468010527219171,2.393918396847994e-16,a805ee4c550aed6ff7dcba7999f434adcbca56583d7cac8a51e973d0f7d3437b,1
subj08,ventral,5,11,A:L,B:C,20.858993363528306,13.151352157259971,0.6304883427526733,0.36951165724732676,3.209373955828654e-16,a805ee4c550aed6ff7dcba7999f434adcbca56583d7cac8a51e973d0f7d3437b,1
subj08,ventral,5,12,A:L,B:D,20.35532828519623,15.780460711036163,0.7752496294797063,0.22475037052029367,3.445594504158933e-16,a805ee4c550aed6ff7dcba7999f434adcbca56583d7cac8a51e973d0f7d3437b,1
subj08,ventral,5,13,A:L,B:K,20.092628548224237,15.916344575308049,0.7921484507170027,0.2078515492829973,2.3489240066898454e-16,a805ee4c550aed6ff7dcba7999f434adcbca56583d7cac8a51e973d0f7d3437b,1
subj08,ventral,5,14,A:L,B:T,20.392483253539186,14.671018924567067,0.719432682237013,0.280567317762987,2.3353714795337766e-16,a805ee4c550aed6ff7dcba7999f434adcbca56583d7cac8a51e973d0f7d3437b,1
subj08,ventral,5,15,A:P,B:B,22.993717175818414,15.172716682925987,0.659863586514082,0.340136413485918,7.37257477290143e-16,a805ee4c550aed6ff7dcba7999f434adcbca56583d7cac8a51e973d0f7d3437b,1
subj08,ventral,5,16,A:P,B:C,21.21628382293541,14.177284925059695,0.6682265868697347,0.3317734131302653,6.956241138666996e-16,a805ee4c550aed6ff7dcba7999f434adcbca56583d7cac8a51e973d0f7d3437b,1
subj08,ventral,5,17,A:P,B:D,21.20743070179593,16.021162638113395,0.755450429775855,0.24454957022414506,7.190428807923865e-16,a805ee4c550aed6ff7dcba7999f434adcbca56583d7cac8a51e973d0f7d3437b,1
subj08,ventral,5,18,A:P,B:K,21.48960004648465,15.437333832520169,0.718363012765585,0.281636987234415,6.774095173689432e-16,a805ee4c550aed6ff7dcba7999f434adcbca56583d7cac8a51e973d0f7d3437b,1
subj08,ventral,5,19,A:P,B:T,22.96690702561949,12.11130837709628,0.5273373712701569,0.4726626287298431,8.248610128269718e-16,a805ee4c550aed6ff7dcba7999f434adcbca56583d7cac8a51e973d0f7d3437b,1
subj08,ventral,5,20,A:R,B:B,18.075186058064308,17.641411519954538,0.9760016557109663,0.023998344289033732,4.921600236726387e-16,a805ee4c550aed6ff7dcba7999f434adcbca56583d7cac8a51e973d0f7d3437b,1
subj08,ventral,5,21,A:R,B:C,18.39009261851114,13.854240900620189,0.7533535142000729,0.24664648579992704,5.524145594085206e-16,a805ee4c550aed6ff7dcba7999f434adcbca56583d7cac8a51e973d0f7d3437b,1
subj08,ventral,5,22,A:R,B:D,19.62877635414029,14.147554503717581,0.7207558050725583,0.2792441949274416,5.958775139980332e-16,a805ee4c550aed6ff7dcba7999f434adcbca56583d7cac8a51e973d0f7d3437b,1
subj08,ventral,5,23,A:R,B:K,18.736607096226756,15.101759198329498,0.806002875588438,0.193997124411562,5.348911417957236e-16,a805ee4c550aed6ff7dcba7999f434adcbca56583d7cac8a51e973d0f7d3437b,1
subj08,ventral,5,24,A:R,B:T,18.50291552457311,14.51943925801694,0.7847108872509392,0.21528911274906087,6.038463999658017e-16,a805ee4c550aed6ff7dcba7999f434adcbca56583d7cac8a51e973d0f7d3437b,1
subj01,lateral,0,0,A:H,B:C,8.5921804743433,5.245499882980731,0.6104969394723572,0.3895030605276428,4.631711680858075e-16,555b3bce99ba68512c20d4123ace1b205b6c21430dc2a56880c42d07e763341f,1
subj01,lateral,0,1,A:H,B:D,8.90680645235346,4.914577995136196,0.5517777916727504,0.44822220832724957,3.5388358909926865e-16,555b3bce99ba68512c20d4123ace1b205b6c21430dc2a56880c42d07e763341f,1
subj01,lateral,0,2,A:H,B:K,8.429544666022903,5.1950502922291815,0.6162907366952989,0.3837092633047012,3.213575239247035e-16,555b3bce99ba68512c20d4123ace1b205b6c21430dc2a56880c42d07e763341f,1
subj01,lateral,0,3,A:H,B:T,9.040293585093622,5.246995127478601,0.5804009657529571,0.41959903424704287,2.8449465006019636e-16,555b3bce99ba68512c20d4123ace1b205b6c21430dc2a56880c42d07e763341f,1
subj01,lateral,0,4,A:H,B:W,9.1874328734214,4.8635939369688925,0.5293746364165478,0.47062536358345225,3.46077333457373e-16,555b3bce99ba68512c20d4123ace1b205b6c21430dc2a56880c42d07e763341f,1
subj01,lateral,0,5,A:L,B:C,7.890687328586196,5.59028833460503,0.7084665887536394,0.2915334112463606,5.35162192338845e-16,555b3bce99ba68512c20d4123ace1b205b6c21430dc2a56880c42d07e763341f,1
subj01,lateral,0,6,A:L,B:D,8.011458970317916,5.610190644921921,0.7002707828508412,0.2997292171491588,4.2327252813834093e-16,555b3bce99ba68512c20d4123ace1b205b6c21430dc2a56880c42d07e763341f,1
subj01,lateral,0,7,A:L,B:K,7.39854852412681,5.956566662675856,0.8050993574282005,0.1949006425717995,3.48245737802344e-16,555b3bce99ba68512c20d4123ace1b205b6c21430dc2a56880c42d07e763341f,1
subj01,lateral,0,8,A:L,B:T,8.249611316914505,5.777128607517744,0.7002910059135353,0.2997089940864646,2.8015784137025435e-16,555b3bce99ba68512c20d4123ace1b205b6c21430dc2a56880c42d07e763341f,1
subj01,lateral,0,9,A:L,B:W,8.083206835378178,5.907509788340178,0.7308373902402797,0.26916260975972023,4.0028744208164824e-16,555b3bce99ba68512c20d4123ace1b205b6c21430dc2a56880c42d07e763341f,1
subj01,lateral,0,10,A:P,B:C,10.072492081757225,5.37998377385602,0.5341263840355822,0.46587361596441784,5.715913853343579e-16,555b3bce99ba68512c20d4123ace1b205b6c21430dc2a56880c42d07e763341f,1
subj01,lateral,0,11,A:P,B:D,10.189836221903036,5.358171669397494,0.5258349155681338,0.4741650844318662,5.464378949326942e-16,555b3bce99ba68512c20d4123ace1b205b6c21430dc2a56880c42d07e763341f,1
subj01,lateral,0,12,A:P,B:K,9.63794930892966,5.8492898502080495,0.6069019106365938,0.3930980893634062,5.30825383648903e-16,555b3bce99ba68512c20d4123ace1b205b6c21430dc2a56880c42d07e763341f,1
subj01,lateral,0,13,A:P,B:T,10.117314739963522,5.996356914240917,0.5926826503237298,0.4073173496762702,4.839878497975292e-16,555b3bce99ba68512c20d4123ace1b205b6c21430dc2a56880c42d07e763341f,1
subj01,lateral,0,14,A:P,B:W,10.160607561503912,5.8209973875989,0.572898554772773,0.4271014452272271,5.455705331947058e-16,555b3bce99ba68512c20d4123ace1b205b6c21430dc2a56880c42d07e763341f,1
subj01,lateral,0,15,A:R,B:C,9.644239361881944,5.543073303482548,0.5747548454045102,0.42524515459548984,6.444497713253838e-16,555b3bce99ba68512c20d4123ace1b205b6c21430dc2a56880c42d07e763341f,1
subj01,lateral,0,16,A:R,B:D,9.733747996821839,5.579839439925294,0.5732467536397249,0.4267532463602751,5.898059818321144e-16,555b3bce99ba68512c20d4123ace1b205b6c21430dc2a56880c42d07e763341f,1
subj01,lateral,0,17,A:R,B:K,9.13599809538549,6.080747471108732,0.6655810791138477,0.33441892088615227,5.811323644522304e-16,555b3bce99ba68512c20d4123ace1b205b6c21430dc2a56880c42d07e763341f,1
subj01,lateral,0,18,A:R,B:T,9.671593424030055,6.1736801669461725,0.6383312341901219,0.36166876580987806,5.533767888366015e-16,555b3bce99ba68512c20d4123ace1b205b6c21430dc2a56880c42d07e763341f,1
subj01,lateral,0,19,A:R,B:W,9.68357152153143,6.057069552658867,0.6254995421049938,0.37450045789500624,5.741934705483231e-16,555b3bce99ba68512c20d4123ace1b205b6c21430dc2a56880c42d07e763341f,1
subj01,lateral,0,20,A:V,B:C,9.092709178860094,5.288201173140434,0.5815869691989191,0.4184130308010809,6.464013352358577e-16,555b3bce99ba68512c20d4123ace1b205b6c21430dc2a56880c42d07e763341f,1
subj01,lateral,0,21,A:V,B:D,9.260249523312147,5.199389805434158,0.5614740501694897,0.4385259498305103,5.611830444784971e-16,555b3bce99ba68512c20d4123ace1b205b6c21430dc2a56880c42d07e763341f,1
subj01,lateral,0,22,A:V,B:K,8.643303710089377,5.7132013200406515,0.6609974046580822,0.33900259534191773,5.290906601729262e-16,555b3bce99ba68512c20d4123ace1b205b6c21430dc2a56880c42d07e763341f,1
subj01,lateral,0,23,A:V,B:T,9.248556171309179,5.746622682193545,0.621353492993932,0.378646507006068,4.865899350114944e-16,555b3bce99ba68512c20d4123ace1b205b6c21430dc2a56880c42d07e763341f,1
subj01,lateral,0,24,A:V,B:W,9.425225074352912,5.341366736896775,0.5667097278590438,0.43329027214095617,5.273559366969494e-16,555b3bce99ba68512c20d4123ace1b205b6c21430dc2a56880c42d07e763341f,1
subj01,lateral,1,0,A:E,B:B,8.91218409718962,5.30036233379521,0.5947321415259625,0.4052678584740374,2.1597307275911248e-16,f6781e7c49872e1fddecb9c88c88cd76f4d83f31fd192bd80738daea18934652,1
subj01,lateral,1,1,A:E,B:D,9.00352754775658,5.985068812328549,0.6647470983547838,0.3352529016452161,3.191891195797325e-16,f6781e7c49872e1fddecb9c88c88cd76f4d83f31fd192bd80738daea18934652,1
subj01,lateral,1,2,A:E,B:K,8.524853780984756,5.877524306330156,0.6894574918622485,0.31054250813775147,3.1051550219984847e-16,f6781e7c49872e1fddecb9c88c88cd76f4d83f31fd192bd80738daea18934652,1
subj01,lateral,1,3,A:E,B:T,9.06473304392845,5.911004940368499,0.6520881433268114,0.34791185667318864,2.393918396847994e-16,f6781e7c49872e1fddecb9c88c88cd76f4d83f31fd192bd80738daea18934652,1
subj01,lateral,1,4,A:E,B:W,9.110344398001345,5.614505165786391,0.6162780374162494,0.3837219625837506,3.2959746043559335e-16,f6781e7c49872e1fddecb9c88c88cd76f4d83f31fd192bd80738daea18934652,1
subj01,lateral,1,5,A:L,B:B,8.00803041742277,5.805975163981823,0.7250191197263663,0.2749808802736336,1.7520707107365752e-16,f6781e7c49872e1fddecb9c88c88cd76f4d83f31fd192bd80738daea18934652,1
subj01,lateral,1,6,A:L,B:D,8.384367239459513,6.07486423756326,0.724546535721027,0.275453464278973,3.0357660829594124e-16,f6781e7c49872e1fddecb9c88c88cd76f4d83f31fd192bd80738daea18934652,1
subj01,lateral,1,7,A:L,B:K,7.687401174126224,6.199945134123539,0.8065072959885232,0.19349270401147678,2.8796409701215e-16,f6781e7c49872e1fddecb9c88c88cd76f4d83f31fd192bd80738daea18934652,1
subj01,lateral,1,8,A:L,B:T,8.476527867075621,5.964467486780953,0.7036451221906592,0.2963548778093408,2.1684043449710089e-16,f6781e7c49872e1fddecb9c88c88cd76f4d83f31fd192bd80738daea18934652,1
subj01,lateral,1,9,A:L,B:W,8.217149565063158,6.108725632375904,0.7434117614638979,0.2565882385361022,3.408731630294426e-16,f6781e7c49872e1fddecb9c88c88cd76f4d83f31fd192bd80738daea18934652,1
subj01,lateral,1,10,A:P,B:B,10.446703324176644,5.109365656960522,0.48908880614384787,0.5109111938561521,3.0531133177191805e-16,f6781e7c49872e1fddecb9c88c88cd76f4d83f31fd192bd80738daea18934652,1
subj01,lateral,1,11,A:P,B:D,10.710730046229493,5.466551049472838,0.5103808074592667,0.4896191925407332,2.7755575615628914e-16,f6781e7c49872e1fddecb9c88c88cd76f4d83f31fd192bd80738daea18934652,1
subj01,lateral,1,12,A:P,B:K,10.020788629974989,5.8754217465823055,0.5863232888684301,0.4136767111315699,2.723515857283587e-16,f6781e7c49872e1fddecb9c88c88cd76f4d83f31fd192bd80738daea18934652,1
subj01,lateral,1,13,A:P,B:T,10.448075022833445,5.972056127345879,0.5715939169937448,0.42840608300625516,2.42861286636753e-16,f6781e7c49872e1fddecb9c88c88cd76f4d83f31fd192bd80738daea18934652,1
subj01,lateral,1,14,A:P,B:W,10.410442479141187,5.819114383091777,0.5589689770392763,0.44103102296072366,2.7755575615628914e-16,f6781e7c49872e1fddecb9c88c88cd76f4d83f31fd192bd80738daea18934652,1
subj01,lateral,1,15,A:R,B:B,9.872690302067284,5.563343640958579,0.5635083721600836,0.43649162783991635,2.957703526540456e-16,f6781e7c49872e1fddecb9c88c88cd76f4d83f31fd192bd80738daea18934652,1
subj01,lateral,1,16,A:R,B:D,10.191791562352954,5.8233909157194415,0.5713804957736999,0.4286195042263002,3.0531133177191805e-16,f6781e7c49872e1fddecb9c88c88cd76f4d83f31fd192bd80738daea18934652,1
subj01,lateral,1,17,A:R,B:K,9.483446931686803,6.179206928786666,0.6515781628028346,0.3484218371971654,2.914335439641036e-16,f6781e7c49872e1fddecb9c88c88cd76f4d83f31fd192bd80738daea18934652,1
subj01,lateral,1,18,A:R,B:T,9.977414336595652,6.201653629061996,0.6215692182207233,0.37843078177927675,2.5153490401663703e-16,f6781e7c49872e1fddecb9c88c88cd76f4d83f31fd192bd80738daea18934652,1
subj01,lateral,1,19,A:R,B:W,9.919208337520363,6.085251784430631,0.6134815982655167,0.3865184017344833,2.949029909160572e-16,f6781e7c49872e1fddecb9c88c88cd76f4d83f31fd192bd80738daea18934652,1
subj01,lateral,1,20,A:V,B:B,9.255082091978531,4.68994336429533,0.5067424921449535,0.4932575078550465,3.0704605524789486e-16,f6781e7c49872e1fddecb9c88c88cd76f4d83f31fd192bd80738daea18934652,1
subj01,lateral,1,21,A:V,B:D,9.525344875488443,5.126754239513581,0.5382224272746544,0.4617775727253456,2.706168622523819e-16,f6781e7c49872e1fddecb9c88c88cd76f4d83f31fd192bd80738daea18934652,1
subj01,lateral,1,22,A:V,B:K,8.742731066395992,5.560065152243387,0.635964335402508,0.36403566459749204,2.7582103268031233e-16,f6781e7c49872e1fddecb9c88c88cd76f4d83f31fd192bd80738daea18934652,1
subj01,lateral,1,23,A:V,B:T,9.274642526196242,5.587630769106554,0.6024631950314292,0.39753680496857075,2.480654570646834e-16,f6781e7c49872e1fddecb9c88c88cd76f4d83f31fd192bd80738daea18934652,1
subj01,lateral,1,24,A:V,B:W,9.357388774633888,5.20495587541693,0.5562402076877025,0.44375979231229745,2.8796409701215e-16,f6781e7c49872e1fddecb9c88c88cd76f4d83f31fd192bd80738daea18934652,1
subj01,lateral,2,0,A:E,B:B,8.81559509694042,5.329861499953386,0.6045946350012369,0.39540536499876316,3.2439329000766293e-16,07ab8756b4a452cab6e7d0366437f93173b38fc9b57ba33e40aa74e5488dbff7,1
subj01,lateral,2,1,A:E,B:C,8.575466585727456,6.0206990633646145,0.702084137717374,0.297915862282626,4.649058915617843e-16,07ab8756b4a452cab6e7d0366437f93173b38fc9b57ba33e40aa74e5488dbff7,1
subj01,lateral,2,2,A:E,B:K,8.395917008925524,5.95981296459882,0.7098465787909846,0.2901534212090154,3.209238430557093e-16,07ab8756b4a452cab6e7d0366437f93173b38fc9b57ba33e40aa74e5488dbff7,1
subj01,lateral,2,3,A:E,B:T,8.928214045517109,5.8757264194105145,0.6581077009864856,0.34189229901351437,2.706168622523819e-16,07ab8756b4a452cab6e7d0366437f93173b38fc9b57ba33e40aa74e5488dbff7,1
subj01,lateral,2,4,A:E,B:W,8.987422796098643,5.766865539655009,0.6416595358302662,0.3583404641697338,3.5041414214731503e-16,07ab8756b4a452cab6e7d0366437f93173b38fc9b57ba33e40aa74e5488dbff7,1
subj01,lateral,2,5,A:H,B:B,8.833104281659793,4.755385956462918,0.5383595398433757,0.46164046015662424,2.896988204881268e-16,07ab8756b4a452cab6e7d0366437f93173b38fc9b57ba33e40aa74e5488dbff7,1
subj01,lateral,2,6,A:H,B:C,8.653415091814587,5.424125546758589,0.6268190638271082,0.37318093617289183,4.2760933682828295e-16,07ab8756b4a452cab6e7d0366437f93173b38fc9b57ba33e40aa74e5488dbff7,1
subj01,lateral,2,7,A:H,B:K,8.525963969632022,5.275795457181564,0.6187916669567237,0.3812083330432763,2.992397996059992e-16,07ab8756b4a452cab6e7d0366437f93173b38fc9b57ba33e40aa74e5488dbff7,1
subj01,lateral,2,8,A:H,B:T,9.031451046130133,5.213956781888258,0.5773110827104991,0.4226889172895008,2.1163626406917047e-16,07ab8756b4a452cab6e7d0366437f93173b38fc9b57ba33e40aa74e5488dbff7,1
subj01,lateral,2,9,A:H,B:W,9.16913572704413,4.946993330403108,0.5395266770686008,0.46047332293139925,3.625572064791527e-16,07ab8756b4a452cab6e7d0366437f93173b38fc9b57ba33e40aa74e5488dbff7,1
subj01,lateral,2,10,A:P,B:B,10.252350418494677,5.110214691755642,0.4984432333230725,0.5015567666769275,4.666406150377611e-16,07ab8756b4a452cab6e7d0366437f93173b38fc9b57ba33e40aa74e5488dbff7,1
subj01,lateral,2,11,A:P,B:C,10.219587029705362,5.51818159309418,0.5399613093028548,0.4600386906971452,5.065392549852277e-16,07ab8756b4a452cab6e7d0366437f93173b38fc9b57ba33e40aa74e5488dbff7,1
subj01,lateral,2,12,A:P,B:K,9.789707581799775,5.9392980422079305,0.6066879927291995,0.3933120072708005,4.735795089416683e-16,07ab8756b4a452cab6e7d0366437f93173b38fc9b57ba33e40aa74e5488dbff7,1
subj01,lateral,2,13,A:P,B:T,10.202659364390469,5.936813258820003,0.5818888043582824,0.41811119564171767,4.3021142204224816e-16,07ab8756b4a452cab6e7d0366437f93173b38fc9b57ba33e40aa74e5488dbff7,1
subj01,lateral,2,14,A:P,B:W,10.18778850094163,5.9449402777431954,0.5835358946834949,0.41646410531650513,4.579669976578771e-16,07ab8756b4a452cab6e7d0366437f93173b38fc9b57ba33e40aa74e5488dbff7,1
subj01,lateral,2,15,A:R,B:B,9.721407915774892,5.485521576706224,0.5642723383518234,0.43572766164817656,4.77048955893622e-16,07ab8756b4a452cab6e7d0366437f93173b38fc9b57ba33e40aa74e5488dbff7,1
subj01,lateral,2,16,A:R,B:C,9.817508489820089,5.646109256678715,0.5751061241793928,0.4248938758206072,5.611830444784971e-16,07ab8756b4a452cab6e7d0366437f93173b38fc9b57ba33e40aa74e5488dbff7,1
subj01,lateral,2,17,A:R,B:K,9.305345331545222,6.155966176480308,0.6615516090103088,0.33844839098969115,5.082739784612045e-16,07ab8756b4a452cab6e7d0366437f93173b38fc9b57ba33e40aa74e5488dbff7,1
subj01,lateral,2,18,A:R,B:T,9.755482188288786,6.127178190963834,0.6280753808683449,0.37192461913165514,4.198030811863873e-16,07ab8756b4a452cab6e7d0366437f93173b38fc9b57ba33e40aa74e5488dbff7,1
subj01,lateral,2,19,A:R,B:W,9.749680440828177,6.1195437968480455,0.6276660895696216,0.3723339104303785,4.891920202254596e-16,07ab8756b4a452cab6e7d0366437f93173b38fc9b57ba33e40aa74e5488dbff7,1
subj01,lateral,2,20,A:V,B:B,9.135084145846745,4.670285405678587,0.5112471139964186,0.48875288600358135,4.787836793695988e-16,07ab8756b4a452cab6e7d0366437f93173b38fc9b57ba33e40aa74e5488dbff7,1
subj01,lateral,2,21,A:V,B:C,9.02018771759575,5.250032906008499,0.5820314466147106,0.4179685533852894,6.140921104957897e-16,07ab8756b4a452cab6e7d0366437f93173b38fc9b57ba33e40aa74e5488dbff7,1
subj01,lateral,2,22,A:V,B:K,8.60639865568976,5.574933432195953,0.6477661162616862,0.35223388373831377,4.874572967494828e-16,07ab8756b4a452cab6e7d0366437f93173b38fc9b57ba33e40aa74e5488dbff7,1
subj01,lateral,2,23,A:V,B:T,9.094322935077688,5.538018142906105,0.6089533198282887,0.3910466801717113,4.0939474033052647e-16,07ab8756b4a452cab6e7d0366437f93173b38fc9b57ba33e40aa74e5488dbff7,1
subj01,lateral,2,24,A:V,B:W,9.25168114342249,5.251294153734327,0.5676043166995385,0.4323956833004615,4.614364446098307e-16,07ab8756b4a452cab6e7d0366437f93173b38fc9b57ba33e40aa74e5488dbff7,1
subj01,lateral,3,0,A:E,B:B,8.741012745755597,5.360959555408214,0.6133110328675991,0.38668896713240086,2.931682674400804e-16,9ca30581d6f58f7cb1000112bc2ffc4f0936191959c7a1160dea0a26f7a124d8,1
subj01,lateral,3,1,A:E,B:C,8.515897144884603,5.82595723713789,0.6841272432039027,0.3158727567960973,3.86843335142828e-16,9ca30581d6f58f7cb1000112bc2ffc4f0936191959c7a1160dea0a26f7a124d8,1
subj01,lateral,3,2,A:E,B:D,8.69036016152364,5.757608161455204,0.6625281408872874,0.3374718591127126,3.191891195797325e-16,9ca30581d6f58f7cb1000112bc2ffc4f0936191959c7a1160dea0a26f7a124d8,1
subj01,lateral,3,3,A:E,B:T,8.87652235265154,5.914295665802417,0.6662852219411959,0.3337147780588042,2.498001805406602e-16,9ca30581d6f58f7cb1000112bc2ffc4f0936191959c7a1160dea0a26f7a124d8,1
subj01,lateral,3,4,A:E,B:W,9.069884810515038,5.868011884922093,0.6469775534656294,0.3530224465343706,2.8796409701215e-16,9ca30581d6f58f7cb1000112bc2ffc4f0936191959c7a1160dea0a26f7a124d8,1
subj01,lateral,3,5,A:H,B:B,8.69233398734296,4.799352898856677,0.5521362738529246,0.4478637261470754,2.7755575615628914e-16,9ca30581d6f58f7cb1000112bc2ffc4f0936191959c7a1160dea0a26f7a124d8,1
subj01,lateral,3,6,A:H,B:C,8.456180534347792,5.329217569289856,0.6302156804296383,0.36978431957036173,3.894454203567932e-16,9ca30581d6f58f7cb1000112bc2ffc4f0936191959c7a1160dea0a26f7a124d8,1
subj01,lateral,3,7,A:H,B:D,8.809431437440093,4.950918747666138,0.5620020750288978,0.43799792497110224,2.8102520310824275e-16,9ca30581d6f58f7cb1000112bc2ffc4f0936191959c7a1160dea0a26f7a124d8,1
subj01,lateral,3,8,A:H,B:T,8.91182104256146,5.27221540001047,0.5915979882036675,0.4084020117963325,2.5153490401663703e-16,9ca30581d6f58f7cb1000112bc2ffc4f0936191959c7a1160dea0a26f7a124d8,1
subj01,lateral,3,9,A:H,B:W,9.180777383533059,5.084778049305924,0.5538504896574605,0.44614951034253947,1.93421667571414e-16,9ca30581d6f58f7cb1000112bc2ffc4f0936191959c7a1160dea0a26f7a124d8,1
subj01,lateral,3,10,A:L,B:B,7.671661835197372,5.550341853469191,0.7234862501374052,0.2765137498625948,4.0809369772354387e-16,9ca30581d6f58f7cb1000112bc2ffc4f0936191959c7a1160dea0a26f7a124d8,1
subj01,lateral,3,11,A:L,B:C,7.704290395405439,5.623316658546615,0.7298941719408913,0.27010582805910865,5.195496810550537e-16,9ca30581d6f58f7cb1000112bc2ffc4f0936191959c7a1160dea0a26f7a124d8,1
subj01,lateral,3,12,A:L,B:D,7.889367158802706,5.562894582793149,0.705112903331701,0.29488709666829904,4.0592529337857286e-16,9ca30581d6f58f7cb1000112bc2ffc4f0936191959c7a1160dea0a26f7a124d8,1
subj01,lateral,3,13,A:L,B:T,8.082590512675846,5.740973064896346,0.7102887441709234,0.28971125582907664,3.400058012914542e-16,9ca30581d6f58f7cb1000112bc2ffc4f0936191959c7a1160dea0a26f7a124d8,1
subj01,lateral,3,14,A:L,B:W,8.13246426175616,5.922406421098476,0.7282425388512639,0.2717574611487361,2.8449465006019636e-16,9ca30581d6f58f7cb1000112bc2ffc4f0936191959c7a1160dea0a26f7a124d8,1
subj01,lateral,3,15,A:R,B:B,9.49745062887454,5.473533217017142,0.5763160484747645,0.4236839515252356,5.299580219109146e-16,9ca30581d6f58f7cb1000112bc2ffc4f0936191959c7a1160dea0a26f7a124d8,1
subj01,lateral,3,16,A:R,B:C,9.510487754851715,5.570354362654469,0.5857064859594386,0.41429351404056136,5.967448757360216e-16,9ca30581d6f58f7cb1000112bc2ffc4f0936191959c7a1160dea0a26f7a124d8,1
subj01,lateral,3,17,A:R,B:D,9.639784065932744,5.546432888763453,0.5753689969430639,0.4246310030569361,5.100087019371813e-16,9ca30581d6f58f7cb1000112bc2ffc4f0936191959c7a1160dea0a26f7a124d8,1
subj01,lateral,3,18,A:R,B:T,9.508759826488797,6.194430725362854,0.6514446508688618,0.3485553491311381,4.961309141293668e-16,9ca30581d6f58f7cb1000112bc2ffc4f0936191959c7a1160dea0a26f7a124d8,1
subj01,lateral,3,19,A:R,B:W,9.634659472948046,6.235836266888811,0.6472295449982052,0.3527704550017948,4.753142324176451e-16,9ca30581d6f58f7cb1000112bc2ffc4f0936191959c7a1160dea0a26f7a124d8,1
subj01,lateral,3,20,A:V,B:B,8.938762726775868,4.671904674107108,0.522656749810857,0.4773432501891431,5.0133508455729725e-16,9ca30581d6f58f7cb1000112bc2ffc4f0936191959c7a1160dea0a26f7a124d8,1
subj01,lateral,3,21,A:V,B:C,8.720118756235806,5.196613510904439,0.5959338004643929,0.4040661995356071,6.149594722337781e-16,9ca30581d6f58f7cb1000112bc2ffc4f0936191959c7a1160dea0a26f7a124d8,1
subj01,lateral,3,22,A:V,B:D,8.959915141814546,4.997530722536093,0.5577654077563063,0.4422345922436937,4.735795089416683e-16,9ca30581d6f58f7cb1000112bc2ffc4f0936191959c7a1160dea0a26f7a124d8,1
subj01,lateral,3,23,A:V,B:T,8.886911455896072,5.601546953125698,0.6303142526990432,0.3696857473009569,4.2674197509029455e-16,9ca30581d6f58f7cb1000112bc2ffc4f0936191959c7a1160dea0a26f7a124d8,1
subj01,lateral,3,24,A:V,B:W,9.176359938359006,5.392010147675466,0.5875979346816805,0.4124020653183194,4.145989107584569e-16,9ca30581d6f58f7cb1000112bc2ffc4f0936191959c7a1160dea0a26f7a124d8,1
subj01,lateral,4,0,A:E,B:B,8.746871486669603,5.318619667101271,0.6080596559817928,0.3919403440182072,2.8275992658421956e-16,2fa5bfa2e7cabe6ece76ffd99fcc39dcdf48c73632ea77df092050b6d06a4d82,1
subj01,lateral,4,1,A:E,B:C,8.4934947180159,5.929168387000483,0.6980834843428915,0.3019165156571086,4.3021142204224816e-16,2fa5bfa2e7cabe6ece76ffd99fcc39dcdf48c73632ea77df092050b6d06a4d82,1
subj01,lateral,4,2,A:E,B:D,8.674297623758351,5.8352759978585125,0.6727087599434058,0.3272912400565941,2.949029909160572e-16,2fa5bfa2e7cabe6ece76ffd99fcc39dcdf48c73632ea77df092050b6d06a4d82,1
subj01,lateral,4,3,A:E,B:K,8.334197566930612,5.990391821913236,0.7187724761508656,0.28122752384913435,2.498001805406602e-16,2fa5bfa2e7cabe6ece76ffd99fcc39dcdf48c73632ea77df092050b6d06a4d82,1
subj01,lateral,4,4,A:E,B:W,8.96112512208842,5.651447161744014,0.6306626773700181,0.36933732262998187,2.636779683484747e-16,2fa5bfa2e7cabe6ece76ffd99fcc39dcdf48c73632ea77df092050b6d06a4d82,1
subj01,lateral,4,5,A:H,B:B,8.694053843896032,4.828611712892917,0.5553924325282404,0.44460756747175956,3.209238430557093e-16,2fa5bfa2e7cabe6ece76ffd99fcc39dcdf48c73632ea77df092050b6d06a4d82,1
subj01,lateral,4,6,A:H,B:C,8.488281145929559,5.4175788707582795,0.6382421573484529,0.3617578426515471,4.657732532997727e-16,2fa5bfa2e7cabe6ece76ffd99fcc39dcdf48c73632ea77df092050b6d06a4d82,1
subj01,lateral,4,7,A:H,B:D,8.832802602405865,5.038062203914869,0.5703809346472443,0.4296190653527557,3.469446951953614e-16,2fa5bfa2e7cabe6ece76ffd99fcc39dcdf48c73632ea77df092050b6d06a4d82,1
subj01,lateral,4,8,A:H,B:K,8.366059208886997,5.427640732853835,0.6487691035091201,0.35123089649087996,2.896988204881268e-16,2fa5bfa2e7cabe6ece76ffd99fcc39dcdf48c73632ea77df092050b6d06a4d82,1
subj01,lateral,4,9,A:H,B:W,9.051601197320291,4.941226728985266,0.5458953196532904,0.45410468034670964,3.3306690738754696e-16,2fa5bfa2e7cabe6ece76ffd99fcc39dcdf48c73632ea77df092050b6d06a4d82,1
subj01,lateral,4,10,A:L,B:B,7.697584302001528,5.776142035623956,0.750383731961473,0.24961626803852704,3.8250652645288596e-16,2fa5bfa2e7cabe6ece76ffd99fcc39dcdf48c73632ea77df092050b6d06a4d82,1
subj01,lateral,4,11,A:L,B:C,7.758175012216803,5.909852426306174,0.761758070293584,0.23824192970641603,5.551115123125783e-16,2fa5bfa2e7cabe6ece76ffd99fcc39dcdf48c73632ea77df092050b6d06a4d82,1
subj01,lateral,4,12,A:L,B:D,7.933124766250326,5.846414423761067,0.7369623693091665,0.2630376306908335,4.111294638065033e-16,2fa5bfa2e7cabe6ece76ffd99fcc39dcdf48c73632ea77df092050b6d06a4d82,1
subj01,lateral,4,13,A:L,B:K,7.300624024154871,6.313927229319494,0.8648476087015591,0.1351523912984409,3.8337388819087437e-16,2fa5bfa2e7cabe6ece76ffd99fcc39dcdf48c73632ea77df092050b6d06a4d82,1
subj01,lateral,4,14,A:L,B:W,7.9452785579177245,6.0773606152123145,0.76490214545795,0.23509785454205,3.903127820947816e-16,2fa5bfa2e7cabe6ece76ffd99fcc39dcdf48c73632ea77df092050b6d06a4d82,1
subj01,lateral,4,15,A:P,B:B,9.98700879785207,5.2391304846283395,0.5245945598601187,0.47540544013988134,4.718447854656915e-16,2fa5bfa2e7cabe6ece76ffd99fcc39dcdf48c73632ea77df092050b6d06a4d82,1
subj01,lateral,4,16,A:P,B:C,9.960459919284194,5.520605535486979,0.5542520707099754,0.4457479292900246,5.568462357885551e-16,2fa5bfa2e7cabe6ece76ffd99fcc39dcdf48c73632ea77df092050b6d06a4d82,1
subj01,lateral,4,17,A:P,B:D,10.088988019431051,5.468049284365186,0.541981938508987,0.45801806149101304,4.822531263215524e-16,2fa5bfa2e7cabe6ece76ffd99fcc39dcdf48c73632ea77df092050b6d06a4d82,1
subj01,lateral,4,18,A:P,B:K,9.516100537783334,6.097608614467097,0.640767569684322,0.359232430315678,4.562322741819003e-16,2fa5bfa2e7cabe6ece76ffd99fcc39dcdf48c73632ea77df092050b6d06a4d82,1
subj01,lateral,4,19,A:P,B:W,9.990037091595203,5.9019602150478105,0.5907846148052078,0.4092153851947922,4.926614671774132e-16,2fa5bfa2e7cabe6ece76ffd99fcc39dcdf48c73632ea77df092050b6d06a4d82,1
subj01,lateral,4,20,A:V,B:B,8.861618317622538,4.787459851360764,0.5402466772734102,0.4597533227265897,4.787836793695988e-16,2fa5bfa2e7cabe6ece76ffd99fcc39dcdf48c73632ea77df092050b6d06a4d82,1
subj01,lateral,4,21,A:V,B:C,8.682700860163385,5.3439471486264125,0.6154706046760955,0.3845293953239045,6.106226635438361e-16,2fa5bfa2e7cabe6ece76ffd99fcc39dcdf48c73632ea77df092050b6d06a4d82,1
subj01,lateral,4,22,A:V,B:D,8.915605894477112,5.143776029252522,0.5769407138598287,0.42305928614017124,4.649058915617843e-16,2fa5bfa2e7cabe6ece76ffd99fcc39dcdf48c73632ea77df092050b6d06a4d82,1
subj01,lateral,4,23,A:V,B:K,8.292179715675896,5.765064951553864,0.6952411970347597,0.30475880296524027,4.458239333260394e-16,2fa5bfa2e7cabe6ece76ffd99fcc39dcdf48c73632ea77df092050b6d06a4d82,1
subj01,lateral,4,24,A:V,B:W,9.009441757181108,5.2652780332755915,0.5844177891575607,0.41558221084243935,4.579669976578771e-16,2fa5bfa2e7cabe6ece76ffd99fcc39dcdf48c73632ea77df092050b6d06a4d82,1
subj01,lateral,5,0,A:E,B:B,9.042500724797202,5.320001863745841,0.5883330314983363,0.4116669685016638,2.5326962749261384e-16,e6488ccc5472ad5587b80a190bd4076d239174f3f41c55a4aa06f8bc3fc09895,1
subj01,lateral,5,1,A:E,B:C,8.767746964452394,5.942298277499793,0.6777451837503993,0.3222548162496008,4.0419056990259605e-16,e6488ccc5472ad5587b80a190bd4076d239174f3f41c55a4aa06f8bc3fc09895,1
subj01,lateral,5,2,A:E,B:D,8.999324325489429,5.827151590147089,0.6475098995646186,0.35249010043538137,2.8102520310824275e-16,e6488ccc5472ad5587b80a190bd4076d239174f3f41c55a4aa06f8bc3fc09895,1
subj01,lateral,5,3,A:E,B:K,8.60613272553658,5.821196408722305,0.676400956663071,0.32359904333692907,2.393918396847994e-16,e6488ccc5472ad5587b80a190bd4076d239174f3f41c55a4aa06f8bc3fc09895,1
subj01,lateral,5,4,A:E,B:T,9.12138809993452,5.9038641706875055,0.6472550127244215,0.35274498727557846,2.0296264668928643e-16,e6488ccc5472ad5587b80a190bd4076d239174f3f41c55a4aa06f8bc3fc09895,1
subj01,lateral,5,5,A:H,B:B,9.043727362147965,4.836171456880974,0.5347542294477506,0.4652457705522493,2.3765711620882257e-16,e6488ccc5472ad5587b80a190bd4076d239174f3f41c55a4aa06f8bc3fc09895,1
subj01,lateral,5,6,A:H,B:C,8.812383378868317,5.443759234966541,0.6177397193159369,0.38226028068406315,4.0679265511656126e-16,e6488ccc5472ad5587b80a190bd4076d239174f3f41c55a4aa06f8bc3fc09895,1
subj01,lateral,5,7,A:H,B:D,9.195085333261925,5.04997618379808,0.549203841048707,0.45079615895129294,2.8449465006019636e-16,e6488ccc5472ad5587b80a190bd4076d239174f3f41c55a4aa06f8bc3fc09895,1
subj01,lateral,5,8,A:H,B:K,8.691163705846527,5.2463169299658325,0.603638029098065,0.396361970901935,2.3245294578089215e-16,e6488ccc5472ad5587b80a190bd4076d239174f3f41c55a4aa06f8bc3fc09895,1
subj01,lateral,5,9,A:H,B:T,9.223103512688509,5.30075601992627,0.5747258515134148,0.4252741484865852,2.1510571102112408e-16,e6488ccc5472ad5587b80a190bd4076d239174f3f41c55a4aa06f8bc3fc09895,1
subj01,lateral,5,10,A:L,B:B,7.929898844214171,5.7720501693364605,0.7278844639421694,0.2721155360578306,3.686287386450715e-16,e6488ccc5472ad5587b80a190bd4076d239174f3f41c55a4aa06f8bc3fc09895,1
subj01,lateral,5,11,A:L,B:C,8.052514132922314,5.785493188926656,0.7184704172418585,0.2815295827581416,5.37330596683816e-16,e6488ccc5472ad5587b80a190bd4076d239174f3f41c55a4aa06f8bc3fc09895,1
subj01,lateral,5,12,A:L,B:D,8.231947938214619,5.771411158548032,0.7010990839429144,0.29890091605708563,3.642919299551295e-16,e6488ccc5472ad5587b80a190bd4076d239174f3f41c55a4aa06f8bc3fc09895,1
subj01,lateral,5,13,A:L,B:K,7.553958800519337,6.084420613921983,0.8054611859285858,0.1945388140714141,3.204901621867151e-16,e6488ccc5472ad5587b80a190bd4076d239174f3f41c55a4aa06f8bc3fc09895,1
subj01,lateral,5,14,A:L,B:T,8.33796112009992,5.887644437620708,0.7061251968934766,0.29387480310652336,2.5326962749261384e-16,e6488ccc5472ad5587b80a190bd4076d239174f3f41c55a4aa06f8bc3fc09895,1
subj01,lateral,5,15,A:P,B:B,10.08881009371027,5.417548671358372,0.5369858904109879,0.4630141095890121,4.562322741819003e-16,e6488ccc5472ad5587b80a190bd4076d239174f3f41c55a4aa06f8bc3fc09895,1
subj01,lateral,5,16,A:P,B:C,10.033585039531213,5.707552052430759,0.5688447379419855,0.43115526205801447,5.48172618408671e-16,e6488ccc5472ad5587b80a190bd4076d239174f3f41c55a4aa06f8bc3fc09895,1
subj01,lateral,5,17,A:P,B:D,10.198842774476592,5.656131501006326,0.5545856158466567,0.44541438415334333,4.649058915617843e-16,e6488ccc5472ad5587b80a190bd4076d239174f3f41c55a4aa06f8bc3fc09895,1
subj01,lateral,5,18,A:P,B:K,9.592244341400779,6.083204758892125,0.6341795040224946,0.3658204959775055,4.2847669856627135e-16,e6488ccc5472ad5587b80a190bd4076d239174f3f41c55a4aa06f8bc3fc09895,1
subj01,lateral,5,19,A:P,B:T,10.059242732582065,6.158867768333691,0.612259583754253,0.3877404162457469,4.2500725161431774e-16,e6488ccc5472ad5587b80a190bd4076d239174f3f41c55a4aa06f8bc3fc09895,1
subj01,lateral,5,20,A:R,B:B,9.627947287822368,5.761804440758416,0.5984457816928505,0.40155421830714955,4.49293380277993e-16,e6488ccc5472ad5587b80a190bd4076d239174f3f41c55a4aa06f8bc3fc09895,1
subj01,lateral,5,21,A:R,B:C,9.7187400077556,5.792832512295187,0.5960476880410918,0.40395231195890824,5.655198531684391e-16,e6488ccc5472ad5587b80a190bd4076d239174f3f41c55a4aa06f8bc3fc09895,1
subj01,lateral,5,22,A:R,B:D,9.854313826836552,5.801943913425034,0.5887719850797144,0.4112280149202856,4.683753385137379e-16,e6488ccc5472ad5587b80a190bd4076d239174f3f41c55a4aa06f8bc3fc09895,1
subj01,lateral,5,23,A:R,B:K,9.168073654980375,6.302760806007179,0.6874683868386385,0.31253161316136147,4.597017211338539e-16,e6488ccc5472ad5587b80a190bd4076d239174f3f41c55a4aa06f8bc3fc09895,1
subj01,lateral,5,24,A:R,B:T,9.689104597009594,6.324800813161997,0.652774541737743,0.347225458262257,4.0419056990259605e-16,e6488ccc5472ad5587b80a190bd4076d239174f3f41c55a4aa06f8bc3fc09895,1
subj02,lateral,0,0,A:H,B:C,10.186824975564546,7.390900562614799,0.7255352458046136,0.27446475419538646,3.8510861166685117e-16,444fbb4b70a5b988859d2e5caf026eef5872050f88874731241c9fb8f351555c,1
subj02,lateral,0,1,A:H,B:D,10.47680086500685,6.081608485173368,0.5804833520780479,0.41951664792195204,4.111294638065033e-16,444fbb4b70a5b988859d2e5caf026eef5872050f88874731241c9fb8f351555c,1
subj02,lateral,0,2,A:H,B:K,9.683316312054354,6.6992773895090565,0.6918370910975414,0.30816290890245857,2.3418766925686896e-16,444fbb4b70a5b988859d2e5caf026eef5872050f88874731241c9fb8f351555c,1
subj02,lateral,0,3,A:H,B:T,9.194283820885891,5.597937319771702,0.608849740645958,0.391150259354042,3.41740524767431e-16,444fbb4b70a5b988859d2e5caf026eef5872050f88874731241c9fb8f351555c,1
subj02,lateral,0,4,A:H,B:W,9.39551243600449,6.999283282989897,0.7449602489128729,0.25503975108712706,2.5760643618255585e-16,444fbb4b70a5b988859d2e5caf026eef5872050f88874731241c9fb8f351555c,1
subj02,lateral,0,5,A:L,B:C,9.454027375057077,7.1276995814279935,0.7539326150285197,0.24606738497148034,3.5171518475429764e-16,444fbb4b70a5b988859d2e5caf026eef5872050f88874731241c9fb8f351555c,1
subj02,lateral,0,6,A:L,B:D,9.304571451033926,6.477668482310388,0.6961812821148886,0.30381871788511144,2.5760643618255585e-16,444fbb4b70a5b988859d2e5caf026eef5872050f88874731241c9fb8f351555c,1
subj02,lateral,0,7,A:L,B:K,8.975782818442102,6.3141251063957196,0.7034623312656803,0.2965376687343197,2.0903417885520525e-16,444fbb4b70a5b988859d2e5caf026eef5872050f88874731241c9fb8f351555c,1
subj02,lateral,0,8,A:L,B:T,8.022060642793495,5.770980937467432,0.71938884464202,0.28061115535798,2.203098814490545e-16,444fbb4b70a5b988859d2e5caf026eef5872050f88874731241c9fb8f351555c,1
subj02,lateral,0,9,A:L,B:W,8.275375250398136,7.11123797927807,0.8593251380275404,0.1406748619724596,1.6740081543176188e-16,444fbb4b70a5b988859d2e5caf026eef5872050f88874731241c9fb8f351555c,1
subj02,lateral,0,10,A:P,B:C,9.145651539131432,6.574245144362044,0.7188383589985765,0.28116164100142343,3.660266534311063e-16,444fbb4b70a5b988859d2e5caf026eef5872050f88874731241c9fb8f351555c,1
subj02,lateral,0,11,A:P,B:D,8.908600127204497,5.98773654978679,0.672129904169998,0.3278700958300021,2.888314587501384e-16,444fbb4b70a5b988859d2e5caf026eef5872050f88874731241c9fb8f351555c,1
subj02,lateral,0,12,A:P,B:K,8.476011499295508,5.938938330108771,0.7006760586158232,0.2993239413841768,2.454633718507182e-16,444fbb4b70a5b988859d2e5caf026eef5872050f88874731241c9fb8f351555c,1
subj02,lateral,0,13,A:P,B:T,7.541298322085486,5.240935404729499,0.6949646043547791,0.30503539564522086,2.0816681711721685e-16,444fbb4b70a5b988859d2e5caf026eef5872050f88874731241c9fb8f351555c,1
subj02,lateral,0,14,A:P,B:W,8.433416014949863,5.883021486751827,0.6975846414220562,0.30241535857794377,1.960237527853792e-16,444fbb4b70a5b988859d2e5caf026eef5872050f88874731241c9fb8f351555c,1
subj02,lateral,0,15,A:R,B:C,9.580590611366063,6.842216274201185,0.7141747885651047,0.2858252114348953,3.434752482434078e-16,444fbb4b70a5b988859d2e5caf026eef5872050f88874731241c9fb8f351555c,1
subj02,lateral,0,16,A:R,B:D,9.664215699322721,5.7930198381499505,0.5994298987507006,0.4005701012492993,2.498001805406602e-16,444fbb4b70a5b988859d2e5caf026eef5872050f88874731241c9fb8f351555c,1
subj02,lateral,0,17,A:R,B:K,9.294603747227846,5.697727557473854,0.6130145740934061,0.38698542590659396,2.364644938190885e-16,444fbb4b70a5b988859d2e5caf026eef5872050f88874731241c9fb8f351555c,1
subj02,lateral,0,18,A:R,B:T,8.209336910079786,5.355872525386713,0.6524123183214148,0.34758768167858517,2.3592239273284576e-16,444fbb4b70a5b988859d2e5caf026eef5872050f88874731241c9fb8f351555c,1
subj02,lateral,0,19,A:R,B:W,8.676686540325878,6.495194907612724,0.7485801034099335,0.25141989659006647,2.1662359406260379e-16,444fbb4b70a5b988859d2e5caf026eef5872050f88874731241c9fb8f351555c,1
subj02,lateral,0,20,A:V,B:C,9.63711244612796,5.28145699318249,0.5480331398752639,0.45196686012473614,2.8172993452035833e-16,444fbb4b70a5b988859d2e5caf026eef5872050f88874731241c9fb8f351555c,1
subj02,lateral,0,21,A:V,B:D,9.411343415924026,4.532862594474895,0.48163820978047356,0.5183617902195264,2.0816681711721685e-16,444fbb4b70a5b988859d2e5caf026eef5872050f88874731241c9fb8f351555c,1
subj02,lateral,0,22,A:V,B:K,8.699946357646482,5.032770189057334,0.5784828988783334,0.4215171011216666,1.7867651802561113e-16,444fbb4b70a5b988859d2e5caf026eef5872050f88874731241c9fb8f351555c,1
subj02,lateral,0,23,A:V,B:T,7.345247569412384,4.928489162009347,0.6709765893436895,0.32902341065631047,1.7694179454963432e-16,444fbb4b70a5b988859d2e5caf026eef5872050f88874731241c9fb8f351555c,1
subj02,lateral,0,24,A:V,B:W,8.137738806471285,5.780461710729812,0.7103277517500413,0.2896722482499588,2.177077962350893e-16,444fbb4b70a5b988859d2e5caf026eef5872050f88874731241c9fb8f351555c,1
subj02,lateral,1,0,A:E,B:B,9.962589122586591,6.764836764281207,0.6790239646583809,0.3209760353416191,1.5092094240998222e-16,0f6e07eb5271d9386f8c1d2457fcb054d60936851486e3003220b46572787007,1
subj02,lateral,1,1,A:E,B:D,10.050918659379017,6.2003143548590245,0.6168903127151666,0.3831096872848334,1.6653345369377348e-16,0f6e07eb5271d9386f8c1d2457fcb054d60936851486e3003220b46572787007,1
subj02,lateral,1,2,A:E,B:K,9.68833856310161,6.293900972062946,0.649636770130381,0.350363229869619,1.0321604682062002e-16,0f6e07eb5271d9386f8c1d2457fcb054d60936851486e3003220b46572787007,1
subj02,lateral,1,3,A:E,B:T,9.104690872928705,5.5412755597309475,0.6086176496345433,0.3913823503654566,1.457167719820518e-16,0f6e07eb5271d9386f8c1d2457fcb054d60936851486e3003220b46572787007,1
subj02,lateral,1,4,A:E,B:W,9.813747166398157,6.301968888666967,0.6421572496023369,0.35784275039766317,1.222980050563649e-16,0f6e07eb5271d9386f8c1d2457fcb054d60936851486e3003220b46572787007,1
subj02,lateral,1,5,A:L,B:B,8.776746522963977,7.228528075158239,0.8235999588509373,0.17640004114906271,2.0383000842727483e-16,0f6e07eb5271d9386f8c1d2457fcb054d60936851486e3003220b46572787007,1
subj02,lateral,1,6,A:L,B:D,9.068449672705345,6.441644488715158,0.7103358039360939,0.28966419606390614,1.3704315460216776e-16,0f6e07eb5271d9386f8c1d2457fcb054d60936851486e3003220b46572787007,1
subj02,lateral,1,7,A:L,B:K,8.9223941798553,6.1753279141727235,0.692115567827656,0.307884432172344,1.2663481374630692e-16,0f6e07eb5271d9386f8c1d2457fcb054d60936851486e3003220b46572787007,1
subj02,lateral,1,8,A:L,B:T,8.065211672184775,5.728890869285007,0.7103212044691587,0.28967879553084125,1.465841337200402e-16,0f6e07eb5271d9386f8c1d2457fcb054d60936851486e3003220b46572787007,1
subj02,lateral,1,9,A:L,B:W,8.534714018185428,6.888381605018935,0.8071016310964195,0.19289836890358047,1.5742615544489524e-16,0f6e07eb5271d9386f8c1d2457fcb054d60936851486e3003220b46572787007,1
subj02,lateral,1,10,A:P,B:B,8.698616417031621,6.495052132714073,0.7466764622471411,0.25332353775285893,2.5673907444456745e-16,0f6e07eb5271d9386f8c1d2457fcb054d60936851486e3003220b46572787007,1
subj02,lateral,1,11,A:P,B:D,8.652165944474632,6.118849546301328,0.7072043677350979,0.2927956322649022,2.0296264668928643e-16,0f6e07eb5271d9386f8c1d2457fcb054d60936851486e3003220b46572787007,1
subj02,lateral,1,12,A:P,B:K,8.37116845694425,6.019639817244275,0.7190919461488939,0.28090805385110607,1.8106176280507924e-16,0f6e07eb5271d9386f8c1d2457fcb054d60936851486e3003220b46572787007,1
subj02,lateral,1,13,A:P,B:T,7.631600810265407,5.3099181818266805,0.6957803891791892,0.30421961082081084,1.6132928326584306e-16,0f6e07eb5271d9386f8c1d2457fcb054d60936851486e3003220b46572787007,1
subj02,lateral,1,14,A:P,B:W,8.641388347624726,5.846903800279617,0.6766162525130311,0.32338374748696885,1.5395670849294163e-16,0f6e07eb5271d9386f8c1d2457fcb054d60936851486e3003220b46572787007,1
subj02,lateral,1,15,A:R,B:B,9.216958412477311,6.464939014428368,0.7014178349417916,0.2985821650582084,2.714842239903703e-16,0f6e07eb5271d9386f8c1d2457fcb054d60936851486e3003220b46572787007,1
subj02,lateral,1,16,A:R,B:D,9.350973385737639,5.809967392379546,0.6213222038724939,0.37867779612750607,1.3704315460216776e-16,0f6e07eb5271d9386f8c1d2457fcb054d60936851486e3003220b46572787007,1
subj02,lateral,1,17,A:R,B:K,9.145929534583653,5.617884554937931,0.6142497089765379,0.3857502910234621,1.5178830414797062e-16,0f6e07eb5271d9386f8c1d2457fcb054d60936851486e3003220b46572787007,1
subj02,lateral,1,18,A:R,B:T,8.176387780942287,5.336606968934803,0.652685160233409,0.3473148397665911,1.249000902703301e-16,0f6e07eb5271d9386f8c1d2457fcb054d60936851486e3003220b46572787007,1
subj02,lateral,1,19,A:R,B:W,8.871354967517977,6.249405309689187,0.7044476669653139,0.29555233303468614,1.564503734896583e-16,0f6e07eb5271d9386f8c1d2457fcb054d60936851486e3003220b46572787007,1
subj02,lateral,1,20,A:V,B:B,8.969094294828858,5.343302820666587,0.5957460859506488,0.40425391404935124,2.4513811119897255e-16,0f6e07eb5271d9386f8c1d2457fcb054d60936851486e3003220b46572787007,1
subj02,lateral,1,21,A:V,B:D,9.107418935749338,4.527595758821931,0.49713269926013465,0.5028673007398654,2.6194324487249787e-16,0f6e07eb5271d9386f8c1d2457fcb054d60936851486e3003220b46572787007,1
subj02,lateral,1,22,A:V,B:K,8.526227852737692,4.975929178820822,0.5836026511094349,0.41639734889056507,2.8015784137025435e-16,0f6e07eb5271d9386f8c1d2457fcb054d60936851486e3003220b46572787007,1
subj02,lateral,1,23,A:V,B:T,7.273239827385492,4.96794244771616,0.6830439481743288,0.3169560518256712,2.7582103268031233e-16,0f6e07eb5271d9386f8c1d2457fcb054d60936851486e3003220b46572787007,1
subj02,lateral,1,24,A:V,B:W,8.27040221940362,5.6217640895916015,0.6797449435291175,0.3202550564708825,2.3245294578089215e-16,0f6e07eb5271d9386f8c1d2457fcb054d60936851486e3003220b46572787007,1
subj02,lateral,2,0,A:E,B:B,10.12562943578456,6.776476148591331,0.6692399906165707,0.3307600093834293,2.0816681711721685e-16,08fc34d3de93ce2a5ef52d18fb3913f80948a74de5e7b46dacfd407db2861090,1
subj02,lateral,2,1,A:E,B:C,10.279772381543578,7.305146238207658,0.7106330730944395,0.28936692690556054,1.5265566588595902e-16,08fc34d3de93ce2a5ef52d18fb3913f80948a74de5e7b46dacfd407db2861090,1
subj02,lateral,2,2,A:E,B:K,9.75406897368919,6.394382096039322,0.6555604756627874,0.34443952433721264,1.249000902703301e-16,08fc34d3de93ce2a5ef52d18fb3913f80948a74de5e7b46dacfd407db2861090,1
subj02,lateral,2,3,A:E,B:T,9.135614369163841,5.562520225371605,0.6088829935890483,0.39111700641095165,1.1102230246251565e-16,08fc34d3de93ce2a5ef52d18fb3913f80948a74de5e7b46dacfd407db2861090,1
subj02,lateral,2,4,A:E,B:W,9.760691231245838,6.361726175107331,0.6517700462383473,0.34822995376165267,1.3183898417423734e-16,08fc34d3de93ce2a5ef52d18fb3913f80948a74de5e7b46dacfd407db2861090,1
subj02,lateral,2,5,A:H,B:B,9.339840485042988,7.673278071138676,0.8215641459216376,0.17843585407836235,2.3245294578089215e-16,08fc34d3de93ce2a5ef52d18fb3913f80948a74de5e7b46dacfd407db2861090,1
subj02,lateral,2,6,A:H,B:C,10.008475610804416,7.518784070957917,0.7512416838825274,0.2487583161174725,1.48318857196017e-16,08fc34d3de93ce2a5ef52d18fb3913f80948a74de5e7b46dacfd407db2861090,1
subj02,lateral,2,7,A:H,B:K,9.41642727495096,6.7099700065652845,0.7125813018717578,0.2874186981282421,1.3487475025719675e-16,08fc34d3de93ce2a5ef52d18fb3913f80948a74de5e7b46dacfd407db2861090,1
subj02,lateral,2,8,A:H,B:T,8.996003039226535,5.579948625012575,0.6202697576558769,0.3797302423441231,1.5265566588595902e-16,08fc34d3de93ce2a5ef52d18fb3913f80948a74de5e7b46dacfd407db2861090,1
subj02,lateral,2,9,A:H,B:W,9.381399518874977,6.73756725278711,0.7181835971521532,0.28181640284784687,1.3010426069826053e-16,08fc34d3de93ce2a5ef52d18fb3913f80948a74de5e7b46dacfd407db2861090,1
subj02,lateral,2,10,A:P,B:B,8.748126022018115,6.426922576924569,0.7346627792910938,0.26533722070890614,4.388850394221322e-16,08fc34d3de93ce2a5ef52d18fb3913f80948a74de5e7b46dacfd407db2861090,1
subj02,lateral,2,11,A:P,B:C,9.253808951613916,6.541555159793048,0.7069040644773809,0.29309593552261914,2.5153490401663703e-16,08fc34d3de93ce2a5ef52d18fb3913f80948a74de5e7b46dacfd407db2861090,1
subj02,lateral,2,12,A:P,B:K,8.365293920808766,5.952972685621319,0.7116274385545773,0.2883725614454227,2.888314587501384e-16,08fc34d3de93ce2a5ef52d18fb3913f80948a74de5e7b46dacfd407db2861090,1
subj02,lateral,2,13,A:P,B:T,7.478785429773024,5.277773384562376,0.705699265491904,0.29430073450809596,9.71445146547012e-17,08fc34d3de93ce2a5ef52d18fb3913f80948a74de5e7b46dacfd407db2861090,1
subj02,lateral,2,14,A:P,B:W,8.37747101547803,5.911571268895429,0.7056510560255406,0.29434894397445943,2.6020852139652106e-16,08fc34d3de93ce2a5ef52d18fb3913f80948a74de5e7b46dacfd407db2861090,1
subj02,lateral,2,15,A:R,B:B,9.294106537088334,6.457393868599453,0.6947837151243191,0.30521628487568087,3.0184188481996443e-16,08fc34d3de93ce2a5ef52d18fb3913f80948a74de5e7b46dacfd407db2861090,1
subj02,lateral,2,16,A:R,B:C,9.508535132390064,6.946653355952738,0.7305702991294126,0.2694297008705874,1.960237527853792e-16,08fc34d3de93ce2a5ef52d18fb3913f80948a74de5e7b46dacfd407db2861090,1
subj02,lateral,2,17,A:R,B:K,9.088268739493392,5.750017972676385,0.6326857333883052,0.36731426661169475,1.5005358067199381e-16,08fc34d3de93ce2a5ef52d18fb3913f80948a74de5e7b46dacfd407db2861090,1
subj02,lateral,2,18,A:R,B:T,8.077548478249255,5.365038972364886,0.6641914916155001,0.33580850838449994,9.71445146547012e-17,08fc34d3de93ce2a5ef52d18fb3913f80948a74de5e7b46dacfd407db2861090,1
subj02,lateral,2,19,A:R,B:W,8.753475986469239,6.224842393731062,0.7111280596820241,0.28887194031797586,1.457167719820518e-16,08fc34d3de93ce2a5ef52d18fb3913f80948a74de5e7b46dacfd407db2861090,1
subj02,lateral,2,20,A:V,B:B,9.110984721148538,5.483428875221813,0.6018481034759728,0.39815189652402716,4.0939474033052647e-16,08fc34d3de93ce2a5ef52d18fb3913f80948a74de5e7b46dacfd407db2861090,1
subj02,lateral,2,21,A:V,B:C,9.804313438031803,5.248176268203946,0.5352925833486518,0.4647074166513482,2.0426368929626904e-16,08fc34d3de93ce2a5ef52d18fb3913f80948a74de5e7b46dacfd407db2861090,1
subj02,lateral,2,22,A:V,B:K,8.743275347272766,4.92078799490195,0.5628083068934642,0.4371916931065359,1.92635620996362e-16,08fc34d3de93ce2a5ef52d18fb3913f80948a74de5e7b46dacfd407db2861090,1
subj02,lateral,2,23,A:V,B:T,7.339598534075622,5.016015238583363,0.683418202684447,0.316581797315553,1.1796119636642288e-16,08fc34d3de93ce2a5ef52d18fb3913f80948a74de5e7b46dacfd407db2861090,1
subj02,lateral,2,24,A:V,B:W,8.178131097571896,5.787042365929002,0.7076240643350884,0.2923759356649116,2.706168622523819e-16,08fc34d3de93ce2a5ef52d18fb3913f80948a74de5e7b46dacfd407db2861090,1
subj02,lateral,3,0,A:E,B:B,9.990130195875842,6.991129655568459,0.6998036580598879,0.3001963419401121,1.8041124150158794e-16,a11c0d9cb8d6bea51e96e2438983f26649150a3a638b64e13734926d08a1b03d,1
subj02,lateral,3,1,A:E,B:C,10.002965149936161,7.292135836993149,0.7289974250324852,0.2710025749675148,1.97758476261356e-16,a11c0d9cb8d6bea51e96e2438983f26649150a3a638b64e13734926d08a1b03d,1
subj02,lateral,3,2,A:E,B:D,10.089352270272014,6.350122244067692,0.6293884953128402,0.37061150468715975,2.0816681711721685e-16,a11c0d9cb8d6bea51e96e2438983f26649150a3a638b64e13734926d08a1b03d,1
subj02,lateral,3,3,A:E,B:T,9.15227523083477,5.806239114081772,0.6344039015041937,0.3655960984958064,1.97758476261356e-16,a11c0d9cb8d6bea51e96e2438983f26649150a3a638b64e13734926d08a1b03d,1
subj02,lateral,3,4,A:E,B:W,9.623924893982101,6.719266601842524,0.6981836076094194,0.3018163923905805,1.734723475976807e-16,a11c0d9cb8d6bea51e96e2438983f26649150a3a638b64e13734926d08a1b03d,1
subj02,lateral,3,5,A:H,B:B,9.311738202035677,7.763462669076202,0.8337286230168068,0.16627137698319314,2.2898349882893854e-16,a11c0d9cb8d6bea51e96e2438983f26649150a3a638b64e13734926d08a1b03d,1
subj02,lateral,3,6,A:H,B:C,9.816639679216346,7.427608500069434,0.756634524927615,0.24336547507238507,1.5092094240998222e-16,a11c0d9cb8d6bea51e96e2438983f26649150a3a638b64e13734926d08a1b03d,1
subj02,lateral,3,7,A:H,B:D,10.095720414545815,6.2045738633237795,0.6145746522837826,0.3854253477162174,1.9949319973733282e-16,a11c0d9cb8d6bea51e96e2438983f26649150a3a638b64e13734926d08a1b03d,1
subj02,lateral,3,8,A:H,B:T,9.06327324513428,5.79955674174753,0.6398964904717054,0.3601035095282946,2.1684043449710089e-16,a11c0d9cb8d6bea51e96e2438983f26649150a3a638b64e13734926d08a1b03d,1
subj02,lateral,3,9,A:H,B:W,9.341697557467585,6.985870492810494,0.7478159563436214,0.25218404365637864,1.5699247457590104e-16,a11c0d9cb8d6bea51e96e2438983f26649150a3a638b64e13734926d08a1b03d,1
subj02,lateral,3,10,A:L,B:B,8.664245008790445,7.463857528859593,0.8614550397971226,0.13854496020287743,2.5153490401663703e-16,a11c0d9cb8d6bea51e96e2438983f26649150a3a638b64e13734926d08a1b03d,1
subj02,lateral,3,11,A:L,B:C,9.133274846454999,7.205384308075087,0.7889157426234462,0.2110842573765538,3.0227556568895864e-16,a11c0d9cb8d6bea51e96e2438983f26649150a3a638b64e13734926d08a1b03d,1
subj02,lateral,3,12,A:L,B:D,8.966865087091309,6.61922411239372,0.7381870975088886,0.2618129024911115,1.6306400674181987e-16,a11c0d9cb8d6bea51e96e2438983f26649150a3a638b64e13734926d08a1b03d,1
subj02,lateral,3,13,A:L,B:T,8.006488873244685,5.955871562198005,0.7438805769281419,0.2561194230718581,2.0860049798621105e-16,a11c0d9cb8d6bea51e96e2438983f26649150a3a638b64e13734926d08a1b03d,1
subj02,lateral,3,14,A:L,B:W,8.25534814877703,7.1914822231632884,0.8711300957342005,0.12886990426579953,1.3877787807814457e-16,a11c0d9cb8d6bea51e96e2438983f26649150a3a638b64e13734926d08a1b03d,1
subj02,lateral,3,15,A:R,B:B,9.166557067476203,6.577017316760679,0.7175013768360803,0.28249862316391966,1.465841337200402e-16,a11c0d9cb8d6bea51e96e2438983f26649150a3a638b64e13734926d08a1b03d,1
subj02,lateral,3,16,A:R,B:C,9.15431921930404,6.930896518620551,0.7571176351382986,0.24288236486170145,2.1597307275911248e-16,a11c0d9cb8d6bea51e96e2438983f26649150a3a638b64e13734926d08a1b03d,1
subj02,lateral,3,17,A:R,B:D,9.26355031214309,5.908472512197095,0.6378194442849839,0.3621805557150161,2.185751579730777e-16,a11c0d9cb8d6bea51e96e2438983f26649150a3a638b64e13734926d08a1b03d,1
subj02,lateral,3,18,A:R,B:T,8.06050729526051,5.577553832877413,0.6919606457222554,0.3080393542777446,1.6653345369377348e-16,a11c0d9cb8d6bea51e96e2438983f26649150a3a638b64e13734926d08a1b03d,1
subj02,lateral,3,19,A:R,B:W,8.630326280029957,6.472269493509813,0.7499449364372522,0.25005506356274776,1.3704315460216776e-16,a11c0d9cb8d6bea51e96e2438983f26649150a3a638b64e13734926d08a1b03d,1
subj02,lateral,3,20,A:V,B:B,9.071350880915602,5.369514120205611,0.5919200117704683,0.40807998822953173,2.498001805406602e-16,a11c0d9cb8d6bea51e96e2438983f26649150a3a638b64e13734926d08a1b03d,1
subj02,lateral,3,21,A:V,B:C,9.320884527340578,5.366391896259234,0.575738480668676,0.42426151933132406,1.1449174941446927e-16,a11c0d9cb8d6bea51e96e2438983f26649150a3a638b64e13734926d08a1b03d,1
subj02,lateral,3,22,A:V,B:D,9.14167623760346,4.581629711722584,0.5011804829486811,0.49881951705131894,2.445960101127298e-16,a11c0d9cb8d6bea51e96e2438983f26649150a3a638b64e13734926d08a1b03d,1
subj02,lateral,3,23,A:V,B:T,7.378705204612358,5.047153411035558,0.6840161344134782,0.31598386558652175,3.86843335142828e-16,a11c0d9cb8d6bea51e96e2438983f26649150a3a638b64e13734926d08a1b03d,1
subj02,lateral,3,24,A:V,B:W,8.217239210064145,5.7173374307002245,0.6957735176673279,0.30422648233267213,2.3158558404290375e-16,a11c0d9cb8d6bea51e96e2438983f26649150a3a638b64e13734926d08a1b03d,1
subj02,lateral,4,0,A:E,B:B,9.810444418968704,6.939301415821464,0.7073381306155893,0.2926618693844107,1.0408340855860843e-16,13d6a3ee1e17ec30ff77688d59b6f79d1a0a457856eac16a47117735f08c4b02,1
subj02,lateral,4,1,A:E,B:C,9.613651991354628,7.43317363453282,0.7731893812275845,0.2268106187724155,1.700029006457271e-16,13d6a3ee1e17ec30ff77688d59b6f79d1a0a457856eac16a47117735f08c4b02,1
subj02,lateral,4,2,A:E,B:D,9.767092358061225,6.240466041777338,0.6389277190183215,0.3610722809816785,2.1510571102112408e-16,13d6a3ee1e17ec30ff77688d59b6f79d1a0a457856eac16a47117735f08c4b02,1
subj02,lateral,4,3,A:E,B:K,9.400725573134723,6.374807110610442,0.6781186261652278,0.3218813738347722,1.0061396160665481e-16,13d6a3ee1e17ec30ff77688d59b6f79d1a0a457856eac16a47117735f08c4b02,1
subj02,lateral,4,4,A:E,B:W,9.521148222751638,6.360588039578216,0.6680484213426087,0.3319515786573913,1.3530843112619095e-16,13d6a3ee1e17ec30ff77688d59b6f79d1a0a457856eac16a47117735f08c4b02,1
subj02,lateral,4,5,A:H,B:B,9.063677983194681,7.912423028105195,0.872981480892848,0.12701851910715198,1.6132928326584306e-16,13d6a3ee1e17ec30ff77688d59b6f79d1a0a457856eac16a47117735f08c4b02,1
subj02,lateral,4,6,A:H,B:C,9.543519922523341,7.5467592582400655,0.7907731444484348,0.20922685555156517,1.1796119636642288e-16,13d6a3ee1e17ec30ff77688d59b6f79d1a0a457856eac16a47117735f08c4b02,1
subj02,lateral,4,7,A:H,B:D,9.870028735201887,6.105736256767449,0.6186138278393329,0.381386172160667,1.3183898417423734e-16,13d6a3ee1e17ec30ff77688d59b6f79d1a0a457856eac16a47117735f08c4b02,1
subj02,lateral,4,8,A:H,B:K,9.173543110488783,6.724275925356116,0.7330075025938189,0.26699249740618114,9.389190813724468e-17,13d6a3ee1e17ec30ff77688d59b6f79d1a0a457856eac16a47117735f08c4b02,1
subj02,lateral,4,9,A:H,B:W,9.163945312102745,6.891256991802269,0.7519967390792963,0.24800326092070368,1.240327285323417e-16,13d6a3ee1e17ec30ff77688d59b6f79d1a0a457856eac16a47117735f08c4b02,1
subj02,lateral,4,10,A:L,B:B,8.714078746785564,7.322960142815409,0.8403596473714093,0.1596403526285906,2.5673907444456745e-16,13d6a3ee1e17ec30ff77688d59b6f79d1a0a457856eac16a47117735f08c4b02,1
subj02,lateral,4,11,A:L,B:C,8.952742920358471,7.258440529143223,0.8107504698518242,0.18924953014817583,1.3791051634015616e-16,13d6a3ee1e17ec30ff77688d59b6f79d1a0a457856eac16a47117735f08c4b02,1
subj02,lateral,4,12,A:L,B:D,8.776637176209137,6.517080577053256,0.7425487058664257,0.25745129413357426,1.8908485888147197e-16,13d6a3ee1e17ec30ff77688d59b6f79d1a0a457856eac16a47117735f08c4b02,1
subj02,lateral,4,13,A:L,B:K,8.635994822994867,6.292343779326705,0.728618289878107,0.27138171012189305,1.3200161450011016e-16,13d6a3ee1e17ec30ff77688d59b6f79d1a0a457856eac16a47117735f08c4b02,1
subj02,lateral,4,14,A:L,B:W,8.279586632786602,6.9079648739813795,0.8343369277188678,0.16566307228113214,1.1449174941446927e-16,13d6a3ee1e17ec30ff77688d59b6f79d1a0a457856eac16a47117735f08c4b02,1
subj02,lateral,4,15,A:P,B:B,8.687951087380863,6.617015726393513,0.7616313282431623,0.23836867175683776,3.1235864589307383e-16,13d6a3ee1e17ec30ff77688d59b6f79d1a0a457856eac16a47117735f08c4b02,1
subj02,lateral,4,16,A:P,B:C,8.778015412147159,6.7444412443777,0.7683332652896273,0.23166673471037266,1.5439038936193583e-16,13d6a3ee1e17ec30ff77688d59b6f79d1a0a457856eac16a47117735f08c4b02,1
subj02,lateral,4,17,A:P,B:D,8.483237567029141,6.102528763847412,0.719363181288879,0.28063681871112106,1.8388068845354155e-16,13d6a3ee1e17ec30ff77688d59b6f79d1a0a457856eac16a47117735f08c4b02,1
subj02,lateral,4,18,A:P,B:K,8.159922951272767,6.1068921564848395,0.7484007132116731,0.2515992867883269,1.3986208025063007e-16,13d6a3ee1e17ec30ff77688d59b6f79d1a0a457856eac16a47117735f08c4b02,1
subj02,lateral,4,19,A:P,B:W,8.364219401508842,6.001320260994296,0.7174991440219398,0.2825008559780602,1.93421667571414e-16,13d6a3ee1e17ec30ff77688d59b6f79d1a0a457856eac16a47117735f08c4b02,1
subj02,lateral,4,20,A:V,B:B,9.028510790330303,5.581559491833394,0.6182148553016455,0.38178514469835445,2.5435382966509934e-16,13d6a3ee1e17ec30ff77688d59b6f79d1a0a457856eac16a47117735f08c4b02,1
subj02,lateral,4,21,A:V,B:C,9.32466978048815,5.384607505801321,0.5774582513440422,0.42254174865595784,9.107298248878237e-17,13d6a3ee1e17ec30ff77688d59b6f79d1a0a457856eac16a47117735f08c4b02,1
subj02,lateral,4,22,A:V,B:D,9.07642576250942,4.497454228985508,0.49550939396898314,0.5044906060310168,2.5500435096859064e-16,13d6a3ee1e17ec30ff77688d59b6f79d1a0a457856eac16a47117735f08c4b02,1
subj02,lateral,4,23,A:V,B:K,8.472328924551073,5.049805858425066,0.5960351520101826,0.40396484798981735,2.237793284010081e-16,13d6a3ee1e17ec30ff77688d59b6f79d1a0a457856eac16a47117735f08c4b02,1
subj02,lateral,4,24,A:V,B:W,8.124880761867548,5.776222460134043,0.7109301206294069,0.2890698793705932,2.402592014227878e-16,13d6a3ee1e17ec30ff77688d59b6f79d1a0a457856eac16a47117735f08c4b02,1
subj02,lateral,5,0,A:E,B:B,9.700723685079307,6.896306092446831,0.710906352590379,0.289093647409621,1.1882855810441129e-16,0243e409eecc44fcef05ce1a2f3af432ce192a88eb9fc63e0169c443dffa78f5,1
subj02,lateral,5,1,A:E,B:C,9.755759847393055,7.224173746138622,0.740503441981413,0.2594965580185869,1.942890293094024e-16,0243e409eecc44fcef05ce1a2f3af432ce192a88eb9fc63e0169c443dffa78f5,1
subj02,lateral,5,2,A:E,B:D,9.985608953342709,6.168243084570157,0.6177132624951552,0.3822867375048448,1.9081958235744878e-16,0243e409eecc44fcef05ce1a2f3af432ce192a88eb9fc63e0169c443dffa78f5,1
subj02,lateral,5,3,A:E,B:K,9.488306040535205,6.3683726738331154,0.6711812041713924,0.32881879582860757,1.1796119636642288e-16,0243e409eecc44fcef05ce1a2f3af432ce192a88eb9fc63e0169c443dffa78f5,1
subj02,lateral,5,4,A:E,B:T,8.925431083591802,5.701815659717614,0.6388280416169064,0.36117195838309357,2.393918396847994e-16,0243e409eecc44fcef05ce1a2f3af432ce192a88eb9fc63e0169c443dffa78f5,1
subj02,lateral,5,5,A:H,B:B,9.024407308807692,7.696017145417702,0.8528002872727719,0.14719971272722812,1.222980050563649e-16,0243e409eecc44fcef05ce1a2f3af432ce192a88eb9fc63e0169c443dffa78f5,1
subj02,lateral,5,6,A:H,B:C,9.582273323556992,7.385736517768563,0.7707708044198156,0.22922919558018437,1.474514954580286e-16,0243e409eecc44fcef05ce1a2f3af432ce192a88eb9fc63e0169c443dffa78f5,1
subj02,lateral,5,7,A:H,B:D,9.981223098940546,6.094286160941926,0.6105750868937898,0.3894249131062102,1.700029006457271e-16,0243e409eecc44fcef05ce1a2f3af432ce192a88eb9fc63e0169c443dffa78f5,1
subj02,lateral,5,8,A:H,B:K,9.227603238244857,6.666407574703276,0.7224419388854505,0.27755806111454956,9.84455572616838e-17,0243e409eecc44fcef05ce1a2f3af432ce192a88eb9fc63e0169c443dffa78f5,1
subj02,lateral,5,9,A:H,B:T,8.847668833043818,5.735704621838519,0.6482729778964041,0.35172702210359585,1.7694179454963432e-16,0243e409eecc44fcef05ce1a2f3af432ce192a88eb9fc63e0169c443dffa78f5,1
subj02,lateral,5,10,A:L,B:B,8.53209325033031,7.242991500883868,0.848911432209612,0.151088567790388,2.749536709423239e-16,0243e409eecc44fcef05ce1a2f3af432ce192a88eb9fc63e0169c443dffa78f5,1
subj02,lateral,5,11,A:L,B:C,8.936944521388689,7.147658533761652,0.7997877257327983,0.20021227426720167,1.6317242695906842e-16,0243e409eecc44fcef05ce1a2f3af432ce192a88eb9fc63e0169c443dffa78f5,1
subj02,lateral,5,12,A:L,B:D,8.87323004080064,6.528388847310546,0.735739839640344,0.26426016035965605,1.5178830414797062e-16,0243e409eecc44fcef05ce1a2f3af432ce192a88eb9fc63e0169c443dffa78f5,1
subj02,lateral,5,13,A:L,B:K,8.624852489064729,6.307971540264365,0.7313715276014414,0.2686284723985586,1.1232334506949826e-16,0243e409eecc44fcef05ce1a2f3af432ce192a88eb9fc63e0169c443dffa78f5,1
subj02,lateral,5,14,A:L,B:T,7.78749539578925,5.926499867977641,0.7610277203094256,0.23897227969057447,1.8388068845354155e-16,0243e409eecc44fcef05ce1a2f3af432ce192a88eb9fc63e0169c443dffa78f5,1
subj02,lateral,5,15,A:P,B:B,8.511552056504181,6.406909589893263,0.7527310586084431,0.24726894139155692,2.6020852139652106e-16,0243e409eecc44fcef05ce1a2f3af432ce192a88eb9fc63e0169c443dffa78f5,1
subj02,lateral,5,16,A:P,B:C,8.734827218278934,6.549676415662637,0.7498346849902718,0.25016531500972816,1.9366307196138147e-16,0243e409eecc44fcef05ce1a2f3af432ce192a88eb9fc63e0169c443dffa78f5,1
subj02,lateral,5,17,A:P,B:D,8.594251718745024,5.977489229011012,0.695521777186656,0.30447822281334397,1.6479873021779667e-16,0243e409eecc44fcef05ce1a2f3af432ce192a88eb9fc63e0169c443dffa78f5,1
subj02,lateral,5,18,A:P,B:K,8.170935786014983,5.970917984796788,0.7307508149820918,0.2692491850179081,1.7954387976359953e-16,0243e409eecc44fcef05ce1a2f3af432ce192a88eb9fc63e0169c443dffa78f5,1
subj02,lateral,5,19,A:P,B:T,7.435959827272844,5.358400364026655,0.720606416453955,0.279393583546045,1.7867651802561113e-16,0243e409eecc44fcef05ce1a2f3af432ce192a88eb9fc63e0169c443dffa78f5,1
subj02,lateral,5,20,A:R,B:B,8.991139032462304,6.550819849450453,0.7285862031271974,0.2714137968728026,2.0816681711721685e-16,0243e409eecc44fcef05ce1a2f3af432ce192a88eb9fc63e0169c443dffa78f5,1
subj02,lateral,5,21,A:R,B:C,9.07856213584523,6.858133137089538,0.7554206309842075,0.24457936901579247,1.5785983631388945e-16,0243e409eecc44fcef05ce1a2f3af432ce192a88eb9fc63e0169c443dffa78f5,1
subj02,lateral,5,22,A:R,B:D,9.270209659927213,5.823535510878345,0.628198899972244,0.37180110002775607,1.3877787807814457e-16,0243e409eecc44fcef05ce1a2f3af432ce192a88eb9fc63e0169c443dffa78f5,1
subj02,lateral,5,23,A:R,B:K,8.950837149593236,5.7059075018077605,0.6374719377021691,0.3625280622978308,1.1449174941446927e-16,0243e409eecc44fcef05ce1a2f3af432ce192a88eb9fc63e0169c443dffa78f5,1
subj02,lateral,5,24,A:R,B:T,7.98309824465969,5.5258400562722025,0.6921924153906943,0.3078075846093057,1.1796119636642288e-16,0243e409eecc44fcef05ce1a2f3af432ce192a88eb9fc63e0169c443dffa78f5,1
subj03,lateral,0,0,A:H,B:C,8.241503162458056,5.616523062519012,0.6814925568558377,0.31850744314416235,3.0704605524789486e-16,30aa3153194a3a2ac0df2a7c9cf7c994ddf8df855eddbcc1956515195c5a366f,1
subj03,lateral,0,1,A:H,B:D,9.672553461238877,5.881093948198362,0.6080187586210666,0.3919812413789335,1.452830911130576e-16,30aa3153194a3a2ac0df2a7c9cf7c994ddf8df855eddbcc1956515195c5a366f,1
subj03,lateral,0,2,A:H,B:K,9.728531907776427,6.407591396006357,0.6586390893043685,0.34136091069563146,2.1011838102769076e-16,30aa3153194a3a2ac0df2a7c9cf7c994ddf8df855eddbcc1956515195c5a366f,1
subj03,lateral,0,3,A:H,B:T,9.32581455358204,6.157730598515188,0.660288767606901,0.3397112323930989,2.432949675057472e-16,30aa3153194a3a2ac0df2a7c9cf7c994ddf8df855eddbcc1956515195c5a366f,1
subj03,lateral,0,4,A:H,B:W,8.793094243145315,6.203541011265149,0.7055014810174631,0.29449851898253687,1.7520707107365752e-16,30aa3153194a3a2ac0df2a7c9cf7c994ddf8df855eddbcc1956515195c5a366f,1
subj03,lateral,0,5,A:L,B:C,8.180204620909992,5.49560002459472,0.671816938484281,0.3281830615157189,4.388850394221322e-16,30aa3153194a3a2ac0df2a7c9cf7c994ddf8df855eddbcc1956515195c5a366f,1
subj03,lateral,0,6,A:L,B:D,9.403387061736643,6.113225812686134,0.6501089205996299,0.3498910794003701,1.7520707107365752e-16,30aa3153194a3a2ac0df2a7c9cf7c994ddf8df855eddbcc1956515195c5a366f,1
subj03,lateral,0,7,A:L,B:K,9.626364693913175,6.37842652542531,0.6625997173635483,0.3374002826364517,2.498001805406602e-16,30aa3153194a3a2ac0df2a7c9cf7c994ddf8df855eddbcc1956515195c5a366f,1
subj03,lateral,0,8,A:L,B:T,9.32608448444227,5.963411186762701,0.6394335368407649,0.3605664631592352,2.7668839441830073e-16,30aa3153194a3a2ac0df2a7c9cf7c994ddf8df855eddbcc1956515195c5a366f,1
subj03,lateral,0,9,A:L,B:W,8.830574782725563,5.955924616349994,0.6744662451645864,0.32553375483541364,2.8319360745321376e-16,30aa3153194a3a2ac0df2a7c9cf7c994ddf8df855eddbcc1956515195c5a366f,1
subj03,lateral,0,10,A:P,B:C,8.18683288190874,6.388776747374971,0.7803721951492238,0.2196278048507761,3.2873009869760494e-16,30aa3153194a3a2ac0df2a7c9cf7c994ddf8df855eddbcc1956515195c5a366f,1
subj03,lateral,0,11,A:P,B:D,9.245580502758271,7.144073972920696,0.7727015054154118,0.22729849458458823,1.7780915628762273e-16,30aa3153194a3a2ac0df2a7c9cf7c994ddf8df855eddbcc1956515195c5a366f,1
subj03,lateral,0,12,A:P,B:K,9.28083893315862,7.61187129101991,0.820170605894709,0.17982939410529097,3.222248856626919e-16,30aa3153194a3a2ac0df2a7c9cf7c994ddf8df855eddbcc1956515195c5a366f,1
subj03,lateral,0,13,A:P,B:T,8.810838958266059,7.458590707277151,0.8465244618141307,0.1534755381858694,3.5648567431323386e-16,30aa3153194a3a2ac0df2a7c9cf7c994ddf8df855eddbcc1956515195c5a366f,1
subj03,lateral,0,14,A:P,B:W,8.579055040440545,7.111626912026727,0.8289522422345406,0.17104775776545944,3.139849491518021e-16,30aa3153194a3a2ac0df2a7c9cf7c994ddf8df855eddbcc1956515195c5a366f,1
subj03,lateral,0,15,A:R,B:C,7.654948463503591,4.513032922387957,0.5895575840784156,0.41044241592158437,1.4224732503009818e-16,30aa3153194a3a2ac0df2a7c9cf7c994ddf8df855eddbcc1956515195c5a366f,1
subj03,lateral,0,16,A:R,B:D,9.102880675032132,4.978063514362346,0.546866831729042,0.4531331682709579,1.6393136847980827e-16,30aa3153194a3a2ac0df2a7c9cf7c994ddf8df855eddbcc1956515195c5a366f,1
subj03,lateral,0,17,A:R,B:K,9.542146241553864,4.913959923772037,0.5149742834974448,0.4850257165025552,2.5153490401663703e-16,30aa3153194a3a2ac0df2a7c9cf7c994ddf8df855eddbcc1956515195c5a366f,1
subj03,lateral,0,18,A:R,B:T,8.972674046790326,4.886469084173927,0.5445945164944332,0.45540548350556675,3.0162504438546733e-16,30aa3153194a3a2ac0df2a7c9cf7c994ddf8df855eddbcc1956515195c5a366f,1
subj03,lateral,0,19,A:R,B:W,8.47960943021885,4.837008146268406,0.5704281766835536,0.42957182331644633,2.4752335597844066e-16,30aa3153194a3a2ac0df2a7c9cf7c994ddf8df855eddbcc1956515195c5a366f,1
subj03,lateral,0,20,A:V,B:C,7.504380765157524,5.325031015110342,0.7095896625920426,0.29041033740795735,1.5612511283791264e-16,30aa3153194a3a2ac0df2a7c9cf7c994ddf8df855eddbcc1956515195c5a366f,1
subj03,lateral,0,21,A:V,B:D,9.167410578051221,5.4136974493624415,0.590537251852122,0.409462748147878,1.8388068845354155e-16,30aa3153194a3a2ac0df2a7c9cf7c994ddf8df855eddbcc1956515195c5a366f,1
subj03,lateral,0,22,A:V,B:K,9.385769075706818,5.728252763979915,0.6103125612589755,0.3896874387410245,2.8362728832220796e-16,30aa3153194a3a2ac0df2a7c9cf7c994ddf8df855eddbcc1956515195c5a366f,1
subj03,lateral,0,23,A:V,B:T,8.817989156364076,5.686432162760545,0.644867221078012,0.35513277892198797,3.157196726277789e-16,30aa3153194a3a2ac0df2a7c9cf7c994ddf8df855eddbcc1956515195c5a366f,1
subj03,lateral,0,24,A:V,B:W,8.371478996977809,5.56100235049245,0.6642795559183784,0.3357204440816216,2.680147770384167e-16,30aa3153194a3a2ac0df2a7c9cf7c994ddf8df855eddbcc1956515195c5a366f,1
subj03,lateral,1,0,A:E,B:B,8.285809968619011,7.156164081890433,0.8636650018517313,0.13633499814826863,4.666406150377611e-16,c089c9fe43e7f68cededd02a159fd083da9b246f7aacb85b53bcc95ca1419b81,1
subj03,lateral,1,1,A:E,B:D,9.277546417120968,7.395482648532812,0.7971377685467617,0.20286223145323837,2.430781270712501e-16,c089c9fe43e7f68cededd02a159fd083da9b246f7aacb85b53bcc95ca1419b81,1
subj03,lateral,1,2,A:E,B:K,9.958196864933313,7.713838887446873,0.774622051770266,0.22537794822973403,2.445960101127298e-16,c089c9fe43e7f68cededd02a159fd083da9b246f7aacb85b53bcc95ca1419b81,1
subj03,lateral,1,3,A:E,B:T,9.691721716241423,7.428643704605583,0.7664937069083024,0.23350629309169757,1.8214596497756474e-16,c089c9fe43e7f68cededd02a159fd083da9b246f7aacb85b53bcc95ca1419b81,1
subj03,lateral,1,4,A:E,B:W,9.009352291581616,7.451990415304881,0.8271394184760716,0.17286058152392839,1.6653345369377348e-16,c089c9fe43e7f68cededd02a159fd083da9b246f7aacb85b53bcc95ca1419b81,1
subj03,lateral,1,5,A:L,B:B,8.550653107464472,5.869442629430384,0.6864320836856931,0.3135679163143069,2.983724378680108e-16,c089c9fe43e7f68cededd02a159fd083da9b246f7aacb85b53bcc95ca1419b81,1
subj03,lateral,1,6,A:L,B:D,9.50594355772616,6.172662500515483,0.6493476910557204,0.35065230894427957,2.688821387764051e-16,c089c9fe43e7f68cededd02a159fd083da9b246f7aacb85b53bcc95ca1419b81,1
subj03,lateral,1,7,A:L,B:K,10.326293586022734,6.303598186661538,0.6104415039287514,0.38955849607124854,2.5066754227864863e-16,c089c9fe43e7f68cededd02a159fd083da9b246f7aacb85b53bcc95ca1419b81,1
subj03,lateral,1,8,A:L,B:T,10.000711130266291,6.066192227861828,0.6065760873247323,0.39342391267526766,1.6566609195578508e-16,c089c9fe43e7f68cededd02a159fd083da9b246f7aacb85b53bcc95ca1419b81,1
subj03,lateral,1,9,A:L,B:W,9.355384781572289,6.0725661456842035,0.6490984911326794,0.35090150886732063,1.700029006457271e-16,c089c9fe43e7f68cededd02a159fd083da9b246f7aacb85b53bcc95ca1419b81,1
subj03,lateral,1,10,A:P,B:B,8.227879605730818,6.714226517530652,0.8160336367651894,0.1839663632348106,2.498001805406602e-16,c089c9fe43e7f68cededd02a159fd083da9b246f7aacb85b53bcc95ca1419b81,1
subj03,lateral,1,11,A:P,B:D,9.122624428942599,7.103327669983396,0.7786495788917116,0.22135042110828834,2.8037468180475145e-16,c089c9fe43e7f68cededd02a159fd083da9b246f7aacb85b53bcc95ca1419b81,1
subj03,lateral,1,12,A:P,B:K,9.923639722908305,7.287240847143702,0.7343314600913425,0.26566853990865746,2.5847379792054426e-16,c089c9fe43e7f68cededd02a159fd083da9b246f7aacb85b53bcc95ca1419b81,1
subj03,lateral,1,13,A:P,B:T,9.432599348828647,7.2838036747037025,0.7721947477402625,0.2278052522597374,2.233456475320139e-16,c089c9fe43e7f68cededd02a159fd083da9b246f7aacb85b53bcc95ca1419b81,1
subj03,lateral,1,14,A:P,B:W,8.804505285366613,7.2176717766660845,0.8197702815468917,0.18022971845310826,1.8388068845354155e-16,c089c9fe43e7f68cededd02a159fd083da9b246f7aacb85b53bcc95ca1419b81,1
subj03,lateral,1,15,A:R,B:B,8.125145875565034,4.935775516191132,0.6074691570811819,0.3925308429188182,1.8041124150158794e-16,c089c9fe43e7f68cededd02a159fd083da9b246f7aacb85b53bcc95ca1419b81,1
subj03,lateral,1,16,A:R,B:D,9.287104370643707,5.003025862195097,0.5387067553595639,0.46129324464043603,2.992397996059992e-16,c089c9fe43e7f68cededd02a159fd083da9b246f7aacb85b53bcc95ca1419b81,1
subj03,lateral,1,17,A:R,B:K,10.29897374348697,4.807772795761018,0.46682057023413953,0.5331794297658605,2.5587171270657905e-16,c089c9fe43e7f68cededd02a159fd083da9b246f7aacb85b53bcc95ca1419b81,1
subj03,lateral,1,18,A:R,B:T,9.805360710897684,4.845994499239984,0.4942188912901636,0.5057811087098364,1.8127860323957634e-16,c089c9fe43e7f68cededd02a159fd083da9b246f7aacb85b53bcc95ca1419b81,1
subj03,lateral,1,19,A:R,B:W,9.171208082457687,4.8066699922424405,0.5241043436182026,0.4758956563817974,1.8474805019152996e-16,c089c9fe43e7f68cededd02a159fd083da9b246f7aacb85b53bcc95ca1419b81,1
subj03,lateral,1,20,A:V,B:B,8.168079469197766,5.513530963957562,0.6750094663928481,0.32499053360715185,2.0469737016526324e-16,c089c9fe43e7f68cededd02a159fd083da9b246f7aacb85b53bcc95ca1419b81,1
subj03,lateral,1,21,A:V,B:D,9.408841687383262,5.430556502881339,0.577175882357912,0.42282411764208805,2.7538735181131813e-16,c089c9fe43e7f68cededd02a159fd083da9b246f7aacb85b53bcc95ca1419b81,1
subj03,lateral,1,22,A:V,B:K,10.207661866970641,5.632392839148621,0.551780898755433,0.44821910124456704,2.6107588313450947e-16,c089c9fe43e7f68cededd02a159fd083da9b246f7aacb85b53bcc95ca1419b81,1
subj03,lateral,1,23,A:V,B:T,9.740002599643695,5.612288408182506,0.5762101550555861,0.42378984494441385,2.1163626406917047e-16,c089c9fe43e7f68cededd02a159fd083da9b246f7aacb85b53bcc95ca1419b81,1
subj03,lateral,1,24,A:V,B:W,9.139664282010363,5.515282529337058,0.6034447611158771,0.3965552388841229,2.2985086056692694e-16,c089c9fe43e7f68cededd02a159fd083da9b246f7aacb85b53bcc95ca1419b81,1
subj03,lateral,2,0,A:E,B:B,8.955346255037872,7.173387147741968,0.801017285479782,0.19898271452021798,2.931682674400804e-16,7b9ae1618a0cbda5ac5d904d7d1059664cca92ed6192eb5200deae94cff536b8,1
subj03,lateral,2,1,A:E,B:C,8.779405176325561,6.766009834971351,0.7706683652346394,0.22933163476536061,2.463307335887066e-16,7b9ae1618a0cbda5ac5d904d7d1059664cca92ed6192eb5200deae94cff536b8,1
subj03,lateral,2,2,A:E,B:K,10.201104916471495,7.717886145638253,0.7565735485355469,0.24342645146445313,2.5066754227864863e-16,7b9ae1618a0cbda5ac5d904d7d1059664cca92ed6192eb5200deae94cff536b8,1
subj03,lateral,2,3,A:E,B:T,10.085868111258547,7.2756757911631755,0.7213732829840954,0.2786267170159046,2.5326962749261384e-16,7b9ae1618a0cbda5ac5d904d7d1059664cca92ed6192eb5200deae94cff536b8,1
subj03,lateral,2,4,A:E,B:W,9.309807717800522,7.274566881972855,0.7813874467099626,0.21861255329003731,2.220446049250313e-16,7b9ae1618a0cbda5ac5d904d7d1059664cca92ed6192eb5200deae94cff536b8,1
subj03,lateral,2,5,A:H,B:B,9.720026261734874,5.950636461595738,0.6122037432163935,0.3877962567836065,2.636779683484747e-16,7b9ae1618a0cbda5ac5d904d7d1059664cca92ed6192eb5200deae94cff536b8,1
subj03,lateral,2,6,A:H,B:C,9.462155917498832,5.617626263631347,0.5936941129074395,0.4063058870925606,2.185751579730777e-16,7b9ae1618a0cbda5ac5d904d7d1059664cca92ed6192eb5200deae94cff536b8,1
subj03,lateral,2,7,A:H,B:K,10.954443918370824,6.470065039938931,0.5906338183984402,0.4093661816015598,2.1423834928313568e-16,7b9ae1618a0cbda5ac5d904d7d1059664cca92ed6192eb5200deae94cff536b8,1
subj03,lateral,2,8,A:H,B:T,10.732314760805165,6.140919211217587,0.5721896299244283,0.4278103700755717,2.42861286636753e-16,7b9ae1618a0cbda5ac5d904d7d1059664cca92ed6192eb5200deae94cff536b8,1
subj03,lateral,2,9,A:H,B:W,9.956166660309755,6.220921443221151,0.6248309872132661,0.37516901278673387,2.6020852139652106e-16,7b9ae1618a0cbda5ac5d904d7d1059664cca92ed6192eb5200deae94cff536b8,1
subj03,lateral,2,10,A:P,B:B,9.225349038003808,6.506243552735851,0.7052571697757335,0.2947428302242665,3.2959746043559335e-16,7b9ae1618a0cbda5ac5d904d7d1059664cca92ed6192eb5200deae94cff536b8,1
subj03,lateral,2,11,A:P,B:C,8.655985398021663,6.611605058362225,0.7638188784229368,0.23618112157706314,2.38524477946811e-16,7b9ae1618a0cbda5ac5d904d7d1059664cca92ed6192eb5200deae94cff536b8,1
subj03,lateral,2,12,A:P,B:K,10.263071119425584,7.353926814499201,0.7165425172373544,0.2834574827626456,2.975050761300224e-16,7b9ae1618a0cbda5ac5d904d7d1059664cca92ed6192eb5200deae94cff536b8,1
subj03,lateral,2,13,A:P,B:T,9.91596939908062,7.219162345717181,0.7280339475822224,0.2719660524177776,2.8557885223268187e-16,7b9ae1618a0cbda5ac5d904d7d1059664cca92ed6192eb5200deae94cff536b8,1
subj03,lateral,2,14,A:P,B:W,9.274426636245103,7.025625520416377,0.7575266694072219,0.24247333059277806,2.949029909160572e-16,7b9ae1618a0cbda5ac5d904d7d1059664cca92ed6192eb5200deae94cff536b8,1
subj03,lateral,2,15,A:R,B:B,8.830068650128249,4.958859392736294,0.561587864060861,0.43841213593913897,2.3418766925686896e-16,7b9ae1618a0cbda5ac5d904d7d1059664cca92ed6192eb5200deae94cff536b8,1
subj03,lateral,2,16,A:R,B:C,8.53419607350778,4.5748257715285305,0.5360581983498014,0.46394180165019855,1.942890293094024e-16,7b9ae1618a0cbda5ac5d904d7d1059664cca92ed6192eb5200deae94cff536b8,1
subj03,lateral,2,17,A:R,B:K,10.520538758785703,4.88377532475417,0.46421342449555913,0.5357865755044409,2.3418766925686896e-16,7b9ae1618a0cbda5ac5d904d7d1059664cca92ed6192eb5200deae94cff536b8,1
subj03,lateral,2,18,A:R,B:T,10.093105150200243,4.8676597381819295,0.482275738312838,0.517724261687162,2.463307335887066e-16,7b9ae1618a0cbda5ac5d904d7d1059664cca92ed6192eb5200deae94cff536b8,1
subj03,lateral,2,19,A:R,B:W,9.315086991587627,4.870902023831477,0.52290462002452,0.47709537997548,2.393918396847994e-16,7b9ae1618a0cbda5ac5d904d7d1059664cca92ed6192eb5200deae94cff536b8,1
subj03,lateral,2,20,A:V,B:B,8.603992616825643,5.570256023848588,0.647403626655328,0.3525963733446719,2.3765711620882257e-16,7b9ae1618a0cbda5ac5d904d7d1059664cca92ed6192eb5200deae94cff536b8,1
subj03,lateral,2,21,A:V,B:C,8.119792505032834,5.506954277532627,0.6782136703763415,0.3217863296236585,2.185751579730777e-16,7b9ae1618a0cbda5ac5d904d7d1059664cca92ed6192eb5200deae94cff536b8,1
subj03,lateral,2,22,A:V,B:K,10.230470287018791,5.689157862365975,0.5560993485885802,0.4439006514114198,2.7668839441830073e-16,7b9ae1618a0cbda5ac5d904d7d1059664cca92ed6192eb5200deae94cff536b8,1
subj03,lateral,2,23,A:V,B:T,9.774940858517835,5.701881828914005,0.5833162482968287,0.41668375170317135,2.7538735181131813e-16,7b9ae1618a0cbda5ac5d904d7d1059664cca92ed6192eb5200deae94cff536b8,1
subj03,lateral,2,24,A:V,B:W,9.01993202820256,5.624357800844581,0.6235476922951237,0.37645230770487625,2.42861286636753e-16,7b9ae1618a0cbda5ac5d904d7d1059664cca92ed6192eb5200deae94cff536b8,1
subj03,lateral,3,0,A:E,B:B,8.30088938282779,7.103037849881187,0.8556960010303689,0.14430399896963111,4.9439619065339e-16,8b595da00f7f9b3201898ce72526aaf56ef050aaa3d4914a97279d016847cabc,1
subj03,lateral,3,1,A:E,B:C,8.252237894369443,6.705688107957234,0.8125902565814989,0.18740974341850117,4.128641872824801e-16,8b595da00f7f9b3201898ce72526aaf56ef050aaa3d4914a97279d016847cabc,1
subj03,lateral,3,2,A:E,B:D,9.12218120781859,7.564228114629622,0.8292126567433618,0.1707873432566382,3.677613769070831e-16,8b595da00f7f9b3201898ce72526aaf56ef050aaa3d4914a97279d016847cabc,1
subj03,lateral,3,3,A:E,B:T,9.26099271456601,7.549553657442047,0.8151991789787123,0.18480082102128773,2.455988971222789e-16,8b595da00f7f9b3201898ce72526aaf56ef050aaa3d4914a97279d016847cabc,1
subj03,lateral,3,4,A:E,B:W,8.628687375615415,7.647367931840417,0.8862724536123308,0.11372754638766924,1.7564075194265172e-16,8b595da00f7f9b3201898ce72526aaf56ef050aaa3d4914a97279d016847cabc,1
subj03,lateral,3,5,A:H,B:B,8.393259714205296,6.074369362570326,0.7237199335425865,0.2762800664574135,3.608224830031759e-16,8b595da00f7f9b3201898ce72526aaf56ef050aaa3d4914a97279d016847cabc,1
subj03,lateral,3,6,A:H,B:C,8.141960734154322,5.895847624404995,0.7241311788292942,0.27586882117070577,3.2786273695961654e-16,8b595da00f7f9b3201898ce72526aaf56ef050aaa3d4914a97279d016847cabc,1
subj03,lateral,3,7,A:H,B:D,9.593265576623974,6.032234500998783,0.6287988644552488,0.37120113554475115,3.5822039778921066e-16,8b595da00f7f9b3201898ce72526aaf56ef050aaa3d4914a97279d016847cabc,1
subj03,lateral,3,8,A:H,B:T,9.478177235496958,6.396308569682622,0.6748458496563715,0.32515415034362855,2.1120258320017626e-16,8b595da00f7f9b3201898ce72526aaf56ef050aaa3d4914a97279d016847cabc,1
subj03,lateral,3,9,A:H,B:W,8.845030967372336,6.533664349927773,0.7386819078451209,0.2613180921548791,1.7607443281164592e-16,8b595da00f7f9b3201898ce72526aaf56ef050aaa3d4914a97279d016847cabc,1
subj03,lateral,3,10,A:L,B:B,8.295294793484581,5.923138430610278,0.7140359177183818,0.2859640822816181,4.0419056990259605e-16,8b595da00f7f9b3201898ce72526aaf56ef050aaa3d4914a97279d016847cabc,1
subj03,lateral,3,11,A:L,B:C,7.9947275902030706,5.804100908935751,0.7259910789265959,0.2740089210734042,3.903127820947816e-16,8b595da00f7f9b3201898ce72526aaf56ef050aaa3d4914a97279d016847cabc,1
subj03,lateral,3,12,A:L,B:D,9.274906519422188,6.240626519077114,0.6728506110556353,0.3271493889443648,3.920475055707584e-16,8b595da00f7f9b3201898ce72526aaf56ef050aaa3d4914a97279d016847cabc,1
subj03,lateral,3,13,A:L,B:T,9.478549053715604,6.120165656119555,0.6456859189561763,0.35431408104382367,2.688821387764051e-16,8b595da00f7f9b3201898ce72526aaf56ef050aaa3d4914a97279d016847cabc,1
subj03,lateral,3,14,A:L,B:W,8.86879609976549,6.230450319842648,0.7025136500778718,0.2974863499221282,2.6281060661048627e-16,8b595da00f7f9b3201898ce72526aaf56ef050aaa3d4914a97279d016847cabc,1
subj03,lateral,3,15,A:R,B:B,7.782612492674271,4.9386856983198655,0.6345794169976499,0.3654205830023501,2.498001805406602e-16,8b595da00f7f9b3201898ce72526aaf56ef050aaa3d4914a97279d016847cabc,1
subj03,lateral,3,16,A:R,B:C,7.566016248182036,4.628481802258969,0.6117462149742412,0.38825378502575886,2.949029909160572e-16,8b595da00f7f9b3201898ce72526aaf56ef050aaa3d4914a97279d016847cabc,1
subj03,lateral,3,17,A:R,B:D,9.014490255789273,4.977194468959705,0.5521326583900025,0.4478673416099975,3.5041414214731503e-16,8b595da00f7f9b3201898ce72526aaf56ef050aaa3d4914a97279d016847cabc,1
subj03,lateral,3,18,A:R,B:T,9.187045694016929,4.895068977758868,0.5328229706037911,0.46717702939620886,2.3418766925686896e-16,8b595da00f7f9b3201898ce72526aaf56ef050aaa3d4914a97279d016847cabc,1
subj03,lateral,3,19,A:R,B:W,8.65226951305177,4.865848002115545,0.5623782285995037,0.43762177140049635,2.2171934427328566e-16,8b595da00f7f9b3201898ce72526aaf56ef050aaa3d4914a97279d016847cabc,1
subj03,lateral,3,20,A:V,B:B,7.745874506142009,5.527109836058776,0.7135553037524831,0.2864446962475169,2.8563306234130614e-16,8b595da00f7f9b3201898ce72526aaf56ef050aaa3d4914a97279d016847cabc,1
subj03,lateral,3,21,A:V,B:C,7.36098417988133,5.483721266801714,0.7449712066749912,0.2550287933250089,3.139849491518021e-16,8b595da00f7f9b3201898ce72526aaf56ef050aaa3d4914a97279d016847cabc,1
subj03,lateral,3,22,A:V,B:D,9.071914816219167,5.414951734564723,0.5968918187904096,0.40310818120959035,3.382710778154774e-16,8b595da00f7f9b3201898ce72526aaf56ef050aaa3d4914a97279d016847cabc,1
subj03,lateral,3,23,A:V,B:T,9.030629013797137,5.692019840353441,0.6303015915787354,0.3696984084212646,2.6020852139652106e-16,8b595da00f7f9b3201898ce72526aaf56ef050aaa3d4914a97279d016847cabc,1
subj03,lateral,3,24,A:V,B:W,8.49065984338136,5.659927675952028,0.6666063392427687,0.3333936607572313,2.5110122314764283e-16,8b595da00f7f9b3201898ce72526aaf56ef050aaa3d4914a97279d016847cabc,1
subj03,lateral,4,0,A:E,B:B,8.320778723067988,7.1089771524158545,0.8543644037435326,0.1456355962564674,4.98732999343332e-16,6418e90204757c1205ea4b7f548a41636a5b9213bf0fffe5c2ec41ba4e1591e2,1
subj03,lateral,4,1,A:E,B:C,8.15997185462339,6.362467175577666,0.7797168040442114,0.22028319595578857,4.527628272299467e-16,6418e90204757c1205ea4b7f548a41636a5b9213bf0fffe5c2ec41ba4e1591e2,1
subj03,lateral,4,2,A:E,B:D,9.448027781960581,7.3887711644622796,0.7820437592880384,0.21795624071196168,2.2985086056692694e-16,6418e90204757c1205ea4b7f548a41636a5b9213bf0fffe5c2ec41ba4e1591e2,1
subj03,lateral,4,3,A:E,B:K,9.576268191383567,7.646917091514208,0.7985278752316763,0.20147212476832368,3.881443777498106e-16,6418e90204757c1205ea4b7f548a41636a5b9213bf0fffe5c2ec41ba4e1591e2,1
subj03,lateral,4,4,A:E,B:W,8.644748272179259,7.16445417962253,0.8287637712574412,0.1712362287425589,3.139849491518021e-16,6418e90204757c1205ea4b7f548a41636a5b9213bf0fffe5c2ec41ba4e1591e2,1
subj03,lateral,4,5,A:H,B:B,8.691288603887466,5.990176308873218,0.6892161314484383,0.3107838685515617,3.5041414214731503e-16,6418e90204757c1205ea4b7f548a41636a5b9213bf0fffe5c2ec41ba4e1591e2,1
subj03,lateral,4,6,A:H,B:C,8.220858538405784,5.5795527791829675,0.678706822787024,0.32129317721297596,3.5648567431323386e-16,6418e90204757c1205ea4b7f548a41636a5b9213bf0fffe5c2ec41ba4e1591e2,1
subj03,lateral,4,7,A:H,B:D,10.014729926757761,5.933982463675581,0.5925254607037306,0.40747453929626937,3.131175874138137e-16,6418e90204757c1205ea4b7f548a41636a5b9213bf0fffe5c2ec41ba4e1591e2,1
subj03,lateral,4,8,A:H,B:K,10.048802834103757,6.391369976360599,0.6360329764526262,0.36396702354737376,3.668940151690947e-16,6418e90204757c1205ea4b7f548a41636a5b9213bf0fffe5c2ec41ba4e1591e2,1
subj03,lateral,4,9,A:H,B:W,8.90285758203595,6.200644994745354,0.6964780619715766,0.3035219380284234,2.7755575615628914e-16,6418e90204757c1205ea4b7f548a41636a5b9213bf0fffe5c2ec41ba4e1591e2,1
subj03,lateral,4,10,A:L,B:B,8.564347142543726,5.844969207062454,0.6824769138592414,0.31752308614075864,4.193694003173931e-16,6418e90204757c1205ea4b7f548a41636a5b9213bf0fffe5c2ec41ba4e1591e2,1
subj03,lateral,4,11,A:L,B:C,7.973673147892273,5.58797441447296,0.700803044071359,0.2991969559286411,3.37403716077489e-16,6418e90204757c1205ea4b7f548a41636a5b9213bf0fffe5c2ec41ba4e1591e2,1
subj03,lateral,4,12,A:L,B:D,9.676544329423095,6.161367577727494,0.6367322225758695,0.3632677774241305,2.5934115965853266e-16,6418e90204757c1205ea4b7f548a41636a5b9213bf0fffe5c2ec41ba4e1591e2,1
subj03,lateral,4,13,A:L,B:K,9.958605890191322,6.224565406461494,0.6250438540390827,0.3749561459609173,3.885780586188048e-16,6418e90204757c1205ea4b7f548a41636a5b9213bf0fffe5c2ec41ba4e1591e2,1
subj03,lateral,4,14,A:L,B:W,8.860999067300869,5.93991281150016,0.670343464251092,0.3296565357489079,2.933851078745775e-16,6418e90204757c1205ea4b7f548a41636a5b9213bf0fffe5c2ec41ba4e1591e2,1
subj03,lateral,4,15,A:P,B:B,8.326303301205877,6.459930901548974,0.7758462150440039,0.22415378495599617,3.200564813177209e-16,6418e90204757c1205ea4b7f548a41636a5b9213bf0fffe5c2ec41ba4e1591e2,1
subj03,lateral,4,16,A:P,B:C,7.634181169057116,6.330128459296106,0.8291823732129125,0.17081762678708748,2.8579569266717897e-16,6418e90204757c1205ea4b7f548a41636a5b9213bf0fffe5c2ec41ba4e1591e2,1
subj03,lateral,4,17,A:P,B:D,9.430830633778532,6.79733190679257,0.7207564392521774,0.27924356074782264,3.189722791452354e-16,6418e90204757c1205ea4b7f548a41636a5b9213bf0fffe5c2ec41ba4e1591e2,1
subj03,lateral,4,18,A:P,B:K,9.55979327993798,7.076420361120241,0.7402273411048226,0.2597726588951775,3.8510861166685117e-16,6418e90204757c1205ea4b7f548a41636a5b9213bf0fffe5c2ec41ba4e1591e2,1
subj03,lateral,4,19,A:P,B:W,8.40677737677441,6.831712063841584,0.8126433896912395,0.18735661030876044,3.41740524767431e-16,6418e90204757c1205ea4b7f548a41636a5b9213bf0fffe5c2ec41ba4e1591e2,1
subj03,lateral,4,20,A:V,B:B,8.098772448752209,5.445069953695937,0.6723327501978238,0.3276672498021762,3.230922474006803e-16,6418e90204757c1205ea4b7f548a41636a5b9213bf0fffe5c2ec41ba4e1591e2,1
subj03,lateral,4,21,A:V,B:C,7.354503072039099,5.333235514900418,0.7251659918637755,0.2748340081362245,2.697495005143935e-16,6418e90204757c1205ea4b7f548a41636a5b9213bf0fffe5c2ec41ba4e1591e2,1
subj03,lateral,4,22,A:V,B:D,9.520258299921164,5.356289523331333,0.562620188926564,0.4373798110734361,2.8406096919120216e-16,6418e90204757c1205ea4b7f548a41636a5b9213bf0fffe5c2ec41ba4e1591e2,1
subj03,lateral,4,23,A:V,B:K,9.721602183020714,5.580026141369077,0.5739821519455799,0.4260178480544201,4.0419056990259605e-16,6418e90204757c1205ea4b7f548a41636a5b9213bf0fffe5c2ec41ba4e1591e2,1
subj03,lateral,4,24,A:V,B:W,8.43967704831581,5.504445018970301,0.6522103852384669,0.3477896147615331,3.2439329000766293e-16,6418e90204757c1205ea4b7f548a41636a5b9213bf0fffe5c2ec41ba4e1591e2,1
subj03,lateral,5,0,A:E,B:B,8.241316904173942,6.999549356281074,0.8493241356531314,0.15067586434686864,4.3021142204224816e-16,66c7567b3c17ed3296635f2d2d8c3862e210a7a8463ba9c3a701cb1b618710ea,1
subj03,lateral,5,1,A:E,B:C,8.191595614693988,6.5022544463872975,0.7937714155131914,0.20622858448680864,4.215378046623641e-16,66c7567b3c17ed3296635f2d2d8c3862e210a7a8463ba9c3a701cb1b618710ea,1
subj03,lateral,5,2,A:E,B:D,9.171997539951034,7.416788206486948,0.808633907083074,0.191366092916926,1.734723475976807e-16,66c7567b3c17ed3296635f2d2d8c3862e210a7a8463ba9c3a701cb1b618710ea,1
subj03,lateral,5,3,A:E,B:K,9.514517512065412,7.66665177003699,0.8057846086588065,0.19421539134119345,2.393918396847994e-16,66c7567b3c17ed3296635f2d2d8c3862e210a7a8463ba9c3a701cb1b618710ea,1
subj03,lateral,5,4,A:E,B:T,9.228228315781177,7.185437785586385,0.7786367588346921,0.22136324116530795,2.5413698923060224e-16,66c7567b3c17ed3296635f2d2d8c3862e210a7a8463ba9c3a701cb1b618710ea,1
subj03,lateral,5,5,A:H,B:B,8.531525089236316,5.938481693231747,0.696063321752866,0.303936678247134,3.0531133177191805e-16,66c7567b3c17ed3296635f2d2d8c3862e210a7a8463ba9c3a701cb1b618710ea,1
subj03,lateral,5,6,A:H,B:C,8.30659959412228,5.614396178240727,0.6758958481896074,0.3241041518103926,2.6020852139652106e-16,66c7567b3c17ed3296635f2d2d8c3862e210a7a8463ba9c3a701cb1b618710ea,1
subj03,lateral,5,7,A:H,B:D,9.765034460168796,5.909135116710985,0.6051320290587936,0.39486797094120635,2.3071822230491534e-16,66c7567b3c17ed3296635f2d2d8c3862e210a7a8463ba9c3a701cb1b618710ea,1
subj03,lateral,5,8,A:H,B:K,9.978036827497856,6.3938926783757175,0.6407966605971209,0.359203339402879,2.259477327459791e-16,66c7567b3c17ed3296635f2d2d8c3862e210a7a8463ba9c3a701cb1b618710ea,1
subj03,lateral,5,9,A:H,B:T,9.505185385693792,6.130387790783758,0.6449519438106462,0.3550480561893538,2.5261910618912253e-16,66c7567b3c17ed3296635f2d2d8c3862e210a7a8463ba9c3a701cb1b618710ea,1
subj03,lateral,5,10,A:L,B:B,8.337331411669913,5.872972780160284,0.7044187750459071,0.2955812249540929,3.2439329000766293e-16,66c7567b3c17ed3296635f2d2d8c3862e210a7a8463ba9c3a701cb1b618710ea,1
subj03,lateral,5,11,A:L,B:C,7.989861964322857,5.712579647566199,0.7149785156582917,0.2850214843417083,2.6020852139652106e-16,66c7567b3c17ed3296635f2d2d8c3862e210a7a8463ba9c3a701cb1b618710ea,1
subj03,lateral,5,12,A:L,B:D,9.341249061390993,6.242216031530553,0.6682421152146256,0.3317578847853744,2.3765711620882257e-16,66c7567b3c17ed3296635f2d2d8c3862e210a7a8463ba9c3a701cb1b618710ea,1
subj03,lateral,5,13,A:L,B:K,9.822025759562566,6.318331398983723,0.6432819006641576,0.3567180993358424,2.3023033132729687e-16,66c7567b3c17ed3296635f2d2d8c3862e210a7a8463ba9c3a701cb1b618710ea,1
subj03,lateral,5,14,A:L,B:T,9.371145241319471,6.005186068998777,0.6408166680119918,0.35918333198800817,2.3505503099485736e-16,66c7567b3c17ed3296635f2d2d8c3862e210a7a8463ba9c3a701cb1b618710ea,1
subj03,lateral,5,15,A:P,B:B,8.193473070959016,6.384528734837107,0.779221299630124,0.220778700369876,2.7538735181131813e-16,66c7567b3c17ed3296635f2d2d8c3862e210a7a8463ba9c3a701cb1b618710ea,1
subj03,lateral,5,16,A:P,B:C,7.65121126054331,6.46704959554399,0.8452321306162401,0.1547678693837598,3.0791341698588326e-16,66c7567b3c17ed3296635f2d2d8c3862e210a7a8463ba9c3a701cb1b618710ea,1
subj03,lateral,5,17,A:P,B:D,9.094937530117903,6.884664851716301,0.7569776954396575,0.2430223045603425,2.8275992658421956e-16,66c7567b3c17ed3296635f2d2d8c3862e210a7a8463ba9c3a701cb1b618710ea,1
subj03,lateral,5,18,A:P,B:K,9.479514435887666,7.101028906761426,0.7490920505251051,0.2509079494748949,2.480654570646834e-16,66c7567b3c17ed3296635f2d2d8c3862e210a7a8463ba9c3a701cb1b618710ea,1
subj03,lateral,5,19,A:P,B:T,8.85504468051129,7.025746248571754,0.793417368523779,0.20658263147622105,3.393552799879629e-16,66c7567b3c17ed3296635f2d2d8c3862e210a7a8463ba9c3a701cb1b618710ea,1
subj03,lateral,5,20,A:R,B:B,7.845179591549917,4.920976980627871,0.6272612275094734,0.3727387724905265,1.5439038936193583e-16,66c7567b3c17ed3296635f2d2d8c3862e210a7a8463ba9c3a701cb1b618710ea,1
subj03,lateral,5,21,A:R,B:C,7.568796832472787,4.57654103778059,0.6046589886183267,0.39534101138167327,1.97758476261356e-16,66c7567b3c17ed3296635f2d2d8c3862e210a7a8463ba9c3a701cb1b618710ea,1
subj03,lateral,5,22,A:R,B:D,9.126592887973004,4.968847974274824,0.5444362463918772,0.4555637536081229,2.0296264668928643e-16,66c7567b3c17ed3296635f2d2d8c3862e210a7a8463ba9c3a701cb1b618710ea,1
subj03,lateral,5,23,A:R,B:K,9.746788328131242,4.811815862906446,0.493682195705282,0.506317804294718,2.211772431870429e-16,66c7567b3c17ed3296635f2d2d8c3862e210a7a8463ba9c3a701cb1b618710ea,1
subj03,lateral,5,24,A:R,B:T,9.07696749220314,4.821746252729215,0.5312067336223204,0.4687932663776796,2.8536201179818477e-16,66c7567b3c17ed3296635f2d2d8c3862e210a7a8463ba9c3a701cb1b618710ea,1
subj04,lateral,0,0,A:H,B:C,9.423402493661463,6.28365023053586,0.6668133123638178,0.33318668763618225,2.0556473190325164e-16,c8e7842b746e070bdb4209b4776ae622e8d0174474486906f18a869a68568df8,1
subj04,lateral,0,1,A:H,B:D,9.975178262858046,6.541065603403117,0.6557342065513122,0.34426579344868785,2.0816681711721685e-16,c8e7842b746e070bdb4209b4776ae622e8d0174474486906f18a869a68568df8,1
subj04,lateral,0,2,A:H,B:K,9.99910038486793,6.267695421355294,0.6268259323449205,0.3731740676550795,1.7607443281164592e-16,c8e7842b746e070bdb4209b4776ae622e8d0174474486906f18a869a68568df8,1
subj04,lateral,0,3,A:H,B:T,10.265501787563071,7.114075002551785,0.693008013614169,0.306991986385831,3.885780586188048e-16,c8e7842b746e070bdb4209b4776ae622e8d0174474486906f18a869a68568df8,1
subj04,lateral,0,4,A:H,B:W,9.710334163347877,6.6548352736929015,0.6853353511573163,0.3146646488426838,1.5959455978986625e-16,c8e7842b746e070bdb4209b4776ae622e8d0174474486906f18a869a68568df8,1
subj04,lateral,0,5,A:L,B:C,9.692322223657628,6.039818490091705,0.6231549416866617,0.3768450583133382,1.8323016715005025e-16,c8e7842b746e070bdb4209b4776ae622e8d0174474486906f18a869a68568df8,1
subj04,lateral,0,6,A:L,B:D,10.105289166088232,6.50450568273728,0.643673384880997,0.356326615119003,2.0946785972419946e-16,c8e7842b746e070bdb4209b4776ae622e8d0174474486906f18a869a68568df8,1
subj04,lateral,0,7,A:L,B:K,10.337716021511126,5.876511257824576,0.5684535390212403,0.4315464609787597,1.6284716630732277e-16,c8e7842b746e070bdb4209b4776ae622e8d0174474486906f18a869a68568df8,1
subj04,lateral,0,8,A:L,B:T,9.870499739553638,7.7909927279562465,0.7893210003071809,0.21067899969281909,3.400058012914542e-16,c8e7842b746e070bdb4209b4776ae622e8d0174474486906f18a869a68568df8,1
subj04,lateral,0,9,A:L,B:W,10.160733658619323,6.121491346532422,0.6024654864700225,0.3975345135299775,1.43982048506075e-16,c8e7842b746e070bdb4209b4776ae622e8d0174474486906f18a869a68568df8,1
subj04,lateral,0,10,A:P,B:C,8.93990974782726,5.887553274301853,0.6585696545463172,0.3414303454536827,1.9309640691966834e-16,c8e7842b746e070bdb4209b4776ae622e8d0174474486906f18a869a68568df8,1
subj04,lateral,0,11,A:P,B:D,9.621826609205083,6.000888966310985,0.6236746108654679,0.3763253891345321,2.5587171270657905e-16,c8e7842b746e070bdb4209b4776ae622e8d0174474486906f18a869a68568df8,1
subj04,lateral,0,12,A:P,B:K,9.541491378683718,5.875921353441452,0.615828398332846,0.38417160166715403,1.6566609195578508e-16,c8e7842b746e070bdb4209b4776ae622e8d0174474486906f18a869a68568df8,1
subj04,lateral,0,13,A:P,B:T,10.297356766218929,6.02125641385408,0.5847380595384593,0.41526194046154075,3.443426099813962e-16,c8e7842b746e070bdb4209b4776ae622e8d0174474486906f18a869a68568df8,1
subj04,lateral,0,14,A:P,B:W,9.305252303987846,6.187907297526196,0.6649908132930813,0.33500918670691876,1.6566609195578508e-16,c8e7842b746e070bdb4209b4776ae622e8d0174474486906f18a869a68568df8,1
subj04,lateral,0,15,A:R,B:C,9.693927871530338,6.1688778264616815,0.6363651461219123,0.36363485387808775,1.8019440106709084e-16,c8e7842b746e070bdb4209b4776ae622e8d0174474486906f18a869a68568df8,1
subj04,lateral,0,16,A:R,B:D,9.876930020946592,6.962649668346663,0.7049406701860355,0.2950593298139646,2.0729945537922845e-16,c8e7842b746e070bdb4209b4776ae622e8d0174474486906f18a869a68568df8,1
subj04,lateral,0,17,A:R,B:K,10.18281551494785,6.270470399345359,0.6157894533334746,0.3842105466665255,1.6501557065229377e-16,c8e7842b746e070bdb4209b4776ae622e8d0174474486906f18a869a68568df8,1
subj04,lateral,0,18,A:R,B:T,10.413288652879476,7.162159308699382,0.6877903366981868,0.31220966330181327,3.382710778154774e-16,c8e7842b746e070bdb4209b4776ae622e8d0174474486906f18a869a68568df8,1
subj04,lateral,0,19,A:R,B:W,9.563178183175705,7.132009643830082,0.745778182443288,0.254221817556712,1.1535911115245767e-16,c8e7842b746e070bdb4209b4776ae622e8d0174474486906f18a869a68568df8,1
subj04,lateral,0,20,A:V,B:C,9.267790330685765,6.069848425164386,0.6549401970248555,0.34505980297514444,2.6020852139652106e-16,c8e7842b746e070bdb4209b4776ae622e8d0174474486906f18a869a68568df8,1
subj04,lateral,0,21,A:V,B:D,9.86488934032493,6.278845566481728,0.6364841357941593,0.3635158642058407,1.95590071916385e-16,c8e7842b746e070bdb4209b4776ae622e8d0174474486906f18a869a68568df8,1
subj04,lateral,0,22,A:V,B:K,10.098866785207703,5.632861333011615,0.557771624561118,0.44222837543888205,1.8041124150158794e-16,c8e7842b746e070bdb4209b4776ae622e8d0174474486906f18a869a68568df8,1
subj04,lateral,0,23,A:V,B:T,9.996118631929447,7.107631471140747,0.7110391275707415,0.28896087242925855,4.206704429243757e-16,c8e7842b746e070bdb4209b4776ae622e8d0174474486906f18a869a68568df8,1
subj04,lateral,0,24,A:V,B:W,9.600561827671454,6.391936906579304,0.6657877967262278,0.33421220327377216,1.5525775109992423e-16,c8e7842b746e070bdb4209b4776ae622e8d0174474486906f18a869a68568df8,1
subj04,lateral,1,0,A:E,B:B,12.284298956097773,6.8073257906041595,0.5541484959729907,0.4458515040270094,2.400423609882907e-16,47287e8e0767f3e81ad9810dd7debd31046b5bafff4dc2f0ca2a758129377e4d,1
subj04,lateral,1,1,A:E,B:D,12.04364292838223,7.554323961165327,0.6272457599488186,0.3727542400511814,2.977761266731438e-16,47287e8e0767f3e81ad9810dd7debd31046b5bafff4dc2f0ca2a758129377e4d,1
subj04,lateral,1,2,A:E,B:K,12.675216300118615,6.5693910560975946,0.5182863077481461,0.4817136922518539,2.183583175385806e-16,47287e8e0767f3e81ad9810dd7debd31046b5bafff4dc2f0ca2a758129377e4d,1
subj04,lateral,1,3,A:E,B:T,11.446091714689466,8.448199491626628,0.7380859512758001,0.26191404872419993,3.3306690738754696e-16,47287e8e0767f3e81ad9810dd7debd31046b5bafff4dc2f0ca2a758129377e4d,1
subj04,lateral,1,4,A:E,B:W,12.00535528577738,7.312046269676259,0.6090653792094569,0.39093462079054303,2.216109240560371e-16,47287e8e0767f3e81ad9810dd7debd31046b5bafff4dc2f0ca2a758129377e4d,1
subj04,lateral,1,5,A:L,B:B,10.766557881823143,5.491185211981464,0.5100223555433689,0.48997764445663106,2.280077168737016e-16,47287e8e0767f3e81ad9810dd7debd31046b5bafff4dc2f0ca2a758129377e4d,1
subj04,lateral,1,6,A:L,B:D,10.48425737803996,6.405130062718878,0.6109283501695494,0.38907164983045067,2.424276057677588e-16,47287e8e0767f3e81ad9810dd7debd31046b5bafff4dc2f0ca2a758129377e4d,1
subj04,lateral,1,7,A:L,B:K,10.857115738467346,5.896545033913915,0.5431041886218582,0.4568958113781418,2.194425197110661e-16,47287e8e0767f3e81ad9810dd7debd31046b5bafff4dc2f0ca2a758129377e4d,1
subj04,lateral,1,8,A:L,B:T,9.721107432363485,7.530827236935739,0.7746882018672202,0.22531179813277974,3.3263322651855276e-16,47287e8e0767f3e81ad9810dd7debd31046b5bafff4dc2f0ca2a758129377e4d,1
subj04,lateral,1,9,A:L,B:W,10.451512832043415,6.098250085228037,0.5834801318457307,0.4165198681542694,2.2724877535296173e-16,47287e8e0767f3e81ad9810dd7debd31046b5bafff4dc2f0ca2a758129377e4d,1
subj04,lateral,1,10,A:P,B:B,9.846851396807123,5.423707380788618,0.5508062589984118,0.44919374100158815,1.9824636723897449e-16,47287e8e0767f3e81ad9810dd7debd31046b5bafff4dc2f0ca2a758129377e4d,1
subj04,lateral,1,11,A:P,B:D,9.928606579052119,5.716057716295806,0.5757160051397179,0.4242839948602821,2.502338614096544e-16,47287e8e0767f3e81ad9810dd7debd31046b5bafff4dc2f0ca2a758129377e4d,1
subj04,lateral,1,12,A:P,B:K,10.142234514951975,5.485114863652224,0.5408191711171645,0.4591808288828355,1.9125326322644298e-16,47287e8e0767f3e81ad9810dd7debd31046b5bafff4dc2f0ca2a758129377e4d,1
subj04,lateral,1,13,A:P,B:T,9.815713878567893,5.930451093003537,0.6041792951964882,0.3958207048035118,3.0162504438546733e-16,47287e8e0767f3e81ad9810dd7debd31046b5bafff4dc2f0ca2a758129377e4d,1
subj04,lateral,1,14,A:P,B:W,9.655760113805455,5.787423583364795,0.5993752449473292,0.40062475505267087,1.9168694409543718e-16,47287e8e0767f3e81ad9810dd7debd31046b5bafff4dc2f0ca2a758129377e4d,1
subj04,lateral,1,15,A:R,B:B,10.70868663878155,6.396969158130771,0.597362624746542,0.40263737525345805,2.570643350963131e-16,47287e8e0767f3e81ad9810dd7debd31046b5bafff4dc2f0ca2a758129377e4d,1
subj04,lateral,1,16,A:R,B:D,10.557125106051792,7.0012680042449675,0.6631794104847297,0.3368205895152703,2.6150956400350367e-16,47287e8e0767f3e81ad9810dd7debd31046b5bafff4dc2f0ca2a758129377e4d,1
subj04,lateral,1,17,A:R,B:K,11.085576318788348,6.267495788473423,0.5653739244797747,0.43462607552022525,2.203098814490545e-16,47287e8e0767f3e81ad9810dd7debd31046b5bafff4dc2f0ca2a758129377e4d,1
subj04,lateral,1,18,A:R,B:T,10.719858968625973,6.769284493922377,0.6314714133585319,0.36852858664146815,3.3024798173908465e-16,47287e8e0767f3e81ad9810dd7debd31046b5bafff4dc2f0ca2a758129377e4d,1
subj04,lateral,1,19,A:R,B:W,10.216504696203721,7.181302573737036,0.702911884962524,0.297088115037476,2.0383000842727483e-16,47287e8e0767f3e81ad9810dd7debd31046b5bafff4dc2f0ca2a758129377e4d,1
subj04,lateral,1,20,A:V,B:B,10.739766784833142,5.847173659124288,0.5444413995452633,0.45555860045473673,2.3180242447740085e-16,47287e8e0767f3e81ad9810dd7debd31046b5bafff4dc2f0ca2a758129377e4d,1
subj04,lateral,1,21,A:V,B:D,10.669874856249592,6.368615326657231,0.5968781651573903,0.4031218348426096,2.6020852139652106e-16,47287e8e0767f3e81ad9810dd7debd31046b5bafff4dc2f0ca2a758129377e4d,1
subj04,lateral,1,22,A:V,B:K,11.119822621507595,5.697007732072022,0.5123290115305488,0.4876709884694512,2.1423834928313568e-16,47287e8e0767f3e81ad9810dd7debd31046b5bafff4dc2f0ca2a758129377e4d,1
subj04,lateral,1,23,A:V,B:T,10.362024436571035,6.8776365778994695,0.6637348348288004,0.3362651651711996,3.7339922820400773e-16,47287e8e0767f3e81ad9810dd7debd31046b5bafff4dc2f0ca2a758129377e4d,1
subj04,lateral,1,24,A:V,B:W,10.350342262240291,6.53860354911235,0.6317282446751761,0.3682717553248239,2.1337098754514727e-16,47287e8e0767f3e81ad9810dd7debd31046b5bafff4dc2f0ca2a758129377e4d,1
subj04,lateral,2,0,A:E,B:B,11.352993087880915,6.670168439034365,0.5875251035037299,0.41247489649627006,1.8149544367407344e-16,a6a11ed2e3b8ef733315358cb436f4499ca54b2733f57275539aa0aa6f4a7b19,1
subj04,lateral,2,1,A:E,B:C,10.960931019390307,7.114683190839429,0.6490947875005583,0.3509052124994417,1.491862189340054e-16,a6a11ed2e3b8ef733315358cb436f4499ca54b2733f57275539aa0aa6f4a7b19,1
subj04,lateral,2,2,A:E,B:K,11.838175912613574,6.551658329535521,0.5534347840324565,0.44656521596754356,1.5352302762394743e-16,a6a11ed2e3b8ef733315358cb436f4499ca54b2733f57275539aa0aa6f4a7b19,1
subj04,lateral,2,3,A:E,B:T,10.457955892359905,8.456183259565282,0.8085885374352147,0.1914114625647852,2.2453826992174797e-16,a6a11ed2e3b8ef733315358cb436f4499ca54b2733f57275539aa0aa6f4a7b19,1
subj04,lateral,2,4,A:E,B:W,11.199523960611387,7.339581797028106,0.6553476578862942,0.3446523421137058,1.6349768761081407e-16,a6a11ed2e3b8ef733315358cb436f4499ca54b2733f57275539aa0aa6f4a7b19,1
subj04,lateral,2,5,A:H,B:B,9.382234554234254,6.522641078204633,0.6952118965370493,0.30478810346295065,2.0122792321330962e-16,a6a11ed2e3b8ef733315358cb436f4499ca54b2733f57275539aa0aa6f4a7b19,1
subj04,lateral,2,6,A:H,B:C,9.438467691539572,6.234230197931188,0.6605129563053345,0.33948704369466554,2.1250362580715887e-16,a6a11ed2e3b8ef733315358cb436f4499ca54b2733f57275539aa0aa6f4a7b19,1
subj04,lateral,2,7,A:H,B:K,10.033226298774979,6.292104469071879,0.6271267368742717,0.37287326312572827,1.9081958235744878e-16,a6a11ed2e3b8ef733315358cb436f4499ca54b2733f57275539aa0aa6f4a7b19,1
subj04,lateral,2,8,A:H,B:T,9.285394759608185,7.2004787154276055,0.7754628534211554,0.22453714657884466,2.734357879008442e-16,a6a11ed2e3b8ef733315358cb436f4499ca54b2733f57275539aa0aa6f4a7b19,1
subj04,lateral,2,9,A:H,B:W,9.593948756397332,6.666672180809907,0.6948830299270162,0.30511697007298383,1.5048726154098802e-16,a6a11ed2e3b8ef733315358cb436f4499ca54b2733f57275539aa0aa6f4a7b19,1
subj04,lateral,2,10,A:P,B:B,9.064781543890994,5.513211821753301,0.6082012892488078,0.3917987107511922,2.2659825404947043e-16,a6a11ed2e3b8ef733315358cb436f4499ca54b2733f57275539aa0aa6f4a7b19,1
subj04,lateral,2,11,A:P,B:C,8.890520160956104,5.55909587585103,0.6252835351821747,0.3747164648178252,1.5024331605217878e-16,a6a11ed2e3b8ef733315358cb436f4499ca54b2733f57275539aa0aa6f4a7b19,1
subj04,lateral,2,12,A:P,B:K,9.571910255894013,5.534377998428781,0.5781894993239123,0.42181050067608766,1.496198998029996e-16,a6a11ed2e3b8ef733315358cb436f4499ca54b2733f57275539aa0aa6f4a7b19,1
subj04,lateral,2,13,A:P,B:T,9.137700967224855,6.046690646204786,0.6617299764889529,0.3382700235110471,2.42861286636753e-16,a6a11ed2e3b8ef733315358cb436f4499ca54b2733f57275539aa0aa6f4a7b19,1
subj04,lateral,2,14,A:P,B:W,9.14892743635037,5.897465102516125,0.6446072661025174,0.3553927338974826,1.196959198423997e-16,a6a11ed2e3b8ef733315358cb436f4499ca54b2733f57275539aa0aa6f4a7b19,1
subj04,lateral,2,15,A:R,B:B,9.724953629460174,6.457930964503319,0.6640577642385935,0.3359422357614064,2.1261204602440742e-16,a6a11ed2e3b8ef733315358cb436f4499ca54b2733f57275539aa0aa6f4a7b19,1
subj04,lateral,2,16,A:R,B:C,9.756485024358986,6.202396477667644,0.6357203913276288,0.3642796086723712,1.7824283715661693e-16,a6a11ed2e3b8ef733315358cb436f4499ca54b2733f57275539aa0aa6f4a7b19,1
subj04,lateral,2,17,A:R,B:K,10.193945692493449,6.484450894434324,0.6361080478591623,0.36389195214083775,1.5872719805187785e-16,a6a11ed2e3b8ef733315358cb436f4499ca54b2733f57275539aa0aa6f4a7b19,1
subj04,lateral,2,18,A:R,B:T,9.632729920062257,7.140335246465264,0.7412577022006982,0.2587422977993018,2.3310346708438345e-16,a6a11ed2e3b8ef733315358cb436f4499ca54b2733f57275539aa0aa6f4a7b19,1
subj04,lateral,2,19,A:R,B:W,9.470602760363374,7.2459973525976356,0.7651041370802482,0.2348958629197518,1.5222198501696482e-16,a6a11ed2e3b8ef733315358cb436f4499ca54b2733f57275539aa0aa6f4a7b19,1
subj04,lateral,2,20,A:V,B:B,9.626381230795849,5.991930188176356,0.6224488771551572,0.37755112284484277,2.0187844451680093e-16,a6a11ed2e3b8ef733315358cb436f4499ca54b2733f57275539aa0aa6f4a7b19,1
subj04,lateral,2,21,A:V,B:C,9.329135874695812,6.2383325874263145,0.6686935072247218,0.3313064927752783,1.7650811368064012e-16,a6a11ed2e3b8ef733315358cb436f4499ca54b2733f57275539aa0aa6f4a7b19,1
subj04,lateral,2,22,A:V,B:K,10.293300719319037,5.683611530414299,0.5521660821340799,0.4478339178659201,1.929879867024198e-16,a6a11ed2e3b8ef733315358cb436f4499ca54b2733f57275539aa0aa6f4a7b19,1
subj04,lateral,2,23,A:V,B:T,9.392208791363636,6.917451460427081,0.7365095489346282,0.2634904510653718,2.0925101928970236e-16,a6a11ed2e3b8ef733315358cb436f4499ca54b2733f57275539aa0aa6f4a7b19,1
subj04,lateral,2,24,A:V,B:W,9.5070402969768,6.641071194714745,0.6985424472037399,0.30145755279626,1.3129688308799459e-16,a6a11ed2e3b8ef733315358cb436f4499ca54b2733f57275539aa0aa6f4a7b19,1
subj04,lateral,3,0,A:E,B:B,11.515828537653165,6.721683490765666,0.5836908276975347,0.4163091723024654,2.3462135012586316e-16,0bf1508fad0360101b8eec3ae75ee4a5a8956e45df096f4ea3227f3ec052e142,1
subj04,lateral,3,1,A:E,B:C,11.182983875284023,7.160983887485135,0.64034643770809,0.35965356229191003,1.8735013540549517e-16,0bf1508fad0360101b8eec3ae75ee4a5a8956e45df096f4ea3227f3ec052e142,1
subj04,lateral,3,2,A:E,B:D,11.410588871745082,7.520185305542364,0.6590532171537491,0.3409467828462509,2.3744027577432547e-16,0bf1508fad0360101b8eec3ae75ee4a5a8956e45df096f4ea3227f3ec052e142,1
subj04,lateral,3,3,A:E,B:T,10.71769771091593,8.536956035639463,0.7965289062915638,0.20347109370843616,2.9957861278490094e-16,0bf1508fad0360101b8eec3ae75ee4a5a8956e45df096f4ea3227f3ec052e142,1
subj04,lateral,3,4,A:E,B:W,11.479506032032647,7.242071853113664,0.6308696413334546,0.3691303586665454,1.9255430583342559e-16,0bf1508fad0360101b8eec3ae75ee4a5a8956e45df096f4ea3227f3ec052e142,1
subj04,lateral,3,5,A:H,B:B,9.666326673551657,6.593245286860528,0.6820838473109455,0.31791615268905454,1.6436504934880247e-16,0bf1508fad0360101b8eec3ae75ee4a5a8956e45df096f4ea3227f3ec052e142,1
subj04,lateral,3,6,A:H,B:C,9.779566111108327,6.309700799880433,0.6451923048726493,0.35480769512735066,1.8778381627448937e-16,0bf1508fad0360101b8eec3ae75ee4a5a8956e45df096f4ea3227f3ec052e142,1
subj04,lateral,3,7,A:H,B:D,9.995575813075371,6.779130365217702,0.6782130906705559,0.32178690932944415,2.050226308170089e-16,0bf1508fad0360101b8eec3ae75ee4a5a8956e45df096f4ea3227f3ec052e142,1
subj04,lateral,3,8,A:H,B:T,9.844929081862837,7.066785185922305,0.7178096588772118,0.2821903411227882,2.667137344314341e-16,0bf1508fad0360101b8eec3ae75ee4a5a8956e45df096f4ea3227f3ec052e142,1
subj04,lateral,3,9,A:H,B:W,9.871351660147004,6.774695475127586,0.6862986659140757,0.31370133408592427,1.487525380650112e-16,0bf1508fad0360101b8eec3ae75ee4a5a8956e45df096f4ea3227f3ec052e142,1
subj04,lateral,3,10,A:L,B:B,10.305386193365239,5.491404203293829,0.5328673860693621,0.4671326139306379,1.586187778346293e-16,0bf1508fad0360101b8eec3ae75ee4a5a8956e45df096f4ea3227f3ec052e142,1
subj04,lateral,3,11,A:L,B:C,9.933329400929255,6.019049299018568,0.605944800185071,0.39405519981492904,1.3725999503666486e-16,0bf1508fad0360101b8eec3ae75ee4a5a8956e45df096f4ea3227f3ec052e142,1
subj04,lateral,3,12,A:L,B:D,10.101386691582519,6.578592645581945,0.6512563914679044,0.3487436085320956,2.8210940528072825e-16,0bf1508fad0360101b8eec3ae75ee4a5a8956e45df096f4ea3227f3ec052e142,1
subj04,lateral,3,13,A:L,B:T,9.418635974913755,7.5894089235441315,0.8057864157568343,0.1942135842431657,3.3068166260807885e-16,0bf1508fad0360101b8eec3ae75ee4a5a8956e45df096f4ea3227f3ec052e142,1
subj04,lateral,3,14,A:L,B:W,10.176804870334676,6.262625244732823,0.6153822662934549,0.384617733706545,1.721713049906981e-16,0bf1508fad0360101b8eec3ae75ee4a5a8956e45df096f4ea3227f3ec052e142,1
subj04,lateral,3,15,A:R,B:B,10.055095405661099,6.4746236619222035,0.6439146920751183,0.3560853079248817,1.4837306730464128e-16,0bf1508fad0360101b8eec3ae75ee4a5a8956e45df096f4ea3227f3ec052e142,1
subj04,lateral,3,16,A:R,B:C,10.140638692617781,6.223875385905347,0.6137557578534207,0.3862442421465793,1.1579279202145187e-16,0bf1508fad0360101b8eec3ae75ee4a5a8956e45df096f4ea3227f3ec052e142,1
subj04,lateral,3,17,A:R,B:D,10.006019262130192,7.201712523933366,0.7197380232106595,0.2802619767893405,2.0057740190981832e-16,0bf1508fad0360101b8eec3ae75ee4a5a8956e45df096f4ea3227f3ec052e142,1
subj04,lateral,3,18,A:R,B:T,10.337920908172228,6.790170336243424,0.6568216565553068,0.3431783434446932,2.2644917625075367e-16,0bf1508fad0360101b8eec3ae75ee4a5a8956e45df096f4ea3227f3ec052e142,1
subj04,lateral,3,19,A:R,B:W,9.806742227449734,7.2996458593071845,0.7443497228748384,0.25565027712516164,1.478851763270228e-16,0bf1508fad0360101b8eec3ae75ee4a5a8956e45df096f4ea3227f3ec052e142,1
subj04,lateral,3,20,A:V,B:B,9.835642593137115,6.003044799935398,0.610335800949504,0.38966419905049593,1.6653345369377348e-16,0bf1508fad0360101b8eec3ae75ee4a5a8956e45df096f4ea3227f3ec052e142,1
subj04,lateral,3,21,A:V,B:C,9.623143543043978,6.2221381512275045,0.6465806234102299,0.3534193765897701,1.6547635657560011e-16,0bf1508fad0360101b8eec3ae75ee4a5a8956e45df096f4ea3227f3ec052e142,1
subj04,lateral,3,22,A:V,B:D,9.922441629706434,6.5788261693148895,0.6630249302368062,0.33697506976319386,2.2768245622195593e-16,0bf1508fad0360101b8eec3ae75ee4a5a8956e45df096f4ea3227f3ec052e142,1
subj04,lateral,3,23,A:V,B:T,9.720009714983936,6.94630476936746,0.7146396941002379,0.2853603058997622,2.542454094478508e-16,0bf1508fad0360101b8eec3ae75ee4a5a8956e45df096f4ea3227f3ec052e142,1
subj04,lateral,3,24,A:V,B:W,9.71382358902314,6.696967297051587,0.6894264895462303,0.3105735104537697,1.3574211199518516e-16,0bf1508fad0360101b8eec3ae75ee4a5a8956e45df096f4ea3227f3ec052e142,1
subj04,lateral,4,0,A:E,B:B,11.527954969405048,6.768145686261794,0.5871072279709898,0.41289277202901026,2.1553939189011828e-16,f9f9d1a507a8e0513d3084331a2bb6490b216ae2fadc4982e5497c4fee7f44cf,1
subj04,lateral,4,1,A:E,B:C,10.926480123647123,7.426993284521624,0.6797242296215872,0.32027577037841287,1.960237527853792e-16,f9f9d1a507a8e0513d3084331a2bb6490b216ae2fadc4982e5497c4fee7f44cf,1
subj04,lateral,4,2,A:E,B:D,11.312546730638225,7.770165628219017,0.6868626325471668,0.31313736745283316,2.2459248003037224e-16,f9f9d1a507a8e0513d3084331a2bb6490b216ae2fadc4982e5497c4fee7f44cf,1
subj04,lateral,4,3,A:E,B:K,11.830939537167929,6.881466143408937,0.5816500136603868,0.4183499863396131,1.667819519846742e-16,f9f9d1a507a8e0513d3084331a2bb6490b216ae2fadc4982e5497c4fee7f44cf,1
subj04,lateral,4,4,A:E,B:W,11.269071896879803,7.448954364882262,0.661008682262888,0.338991317737112,1.6089560239684886e-16,f9f9d1a507a8e0513d3084331a2bb6490b216ae2fadc4982e5497c4fee7f44cf,1
subj04,lateral,4,5,A:H,B:B,9.714748772212705,6.538668343448302,0.6730661282925802,0.32693387170741983,1.8214596497756474e-16,f9f9d1a507a8e0513d3084331a2bb6490b216ae2fadc4982e5497c4fee7f44cf,1
subj04,lateral,4,6,A:H,B:C,9.492743358030998,6.547137258762018,0.689699174604046,0.3103008253959541,2.1597307275911248e-16,f9f9d1a507a8e0513d3084331a2bb6490b216ae2fadc4982e5497c4fee7f44cf,1
subj04,lateral,4,7,A:H,B:D,10.067533220241684,6.739654878989463,0.6694445135218208,0.3305554864781793,1.8691645453650096e-16,f9f9d1a507a8e0513d3084331a2bb6490b216ae2fadc4982e5497c4fee7f44cf,1
subj04,lateral,4,8,A:H,B:K,10.233796158993023,6.405006510294345,0.6258680953563746,0.37413190464362545,1.822543851948133e-16,f9f9d1a507a8e0513d3084331a2bb6490b216ae2fadc4982e5497c4fee7f44cf,1
subj04,lateral,4,9,A:H,B:W,9.744818181439367,6.77837788586325,0.6955879278254573,0.30441207217454275,1.6241348543832856e-16,f9f9d1a507a8e0513d3084331a2bb6490b216ae2fadc4982e5497c4fee7f44cf,1
subj04,lateral,4,10,A:L,B:B,10.35260261613621,5.43500386496488,0.5249891323456718,0.47501086765432826,2.0491421059976034e-16,f9f9d1a507a8e0513d3084331a2bb6490b216ae2fadc4982e5497c4fee7f44cf,1
subj04,lateral,4,11,A:L,B:C,9.757100597569893,6.1123883386451325,0.6264553980480109,0.37354460195198913,1.723881454251952e-16,f9f9d1a507a8e0513d3084331a2bb6490b216ae2fadc4982e5497c4fee7f44cf,1
subj04,lateral,4,12,A:L,B:D,10.218027462571385,6.477284024163646,0.6339074785118679,0.3660925214881321,2.4058446207453343e-16,f9f9d1a507a8e0513d3084331a2bb6490b216ae2fadc4982e5497c4fee7f44cf,1
subj04,lateral,4,13,A:L,B:K,10.507539016060313,5.910282275297503,0.5624801646002832,0.43751983539971684,2.2876665839444144e-16,f9f9d1a507a8e0513d3084331a2bb6490b216ae2fadc4982e5497c4fee7f44cf,1
subj04,lateral,4,14,A:L,B:W,10.11563444855473,6.177940464513744,0.6107318820122466,0.3892681179877534,1.6241348543832856e-16,f9f9d1a507a8e0513d3084331a2bb6490b216ae2fadc4982e5497c4fee7f44cf,1
subj04,lateral,4,15,A:P,B:B,9.41045982810058,5.504382458543958,0.5849217316785433,0.41507826832145667,1.8388068845354155e-16,f9f9d1a507a8e0513d3084331a2bb6490b216ae2fadc4982e5497c4fee7f44cf,1
subj04,lateral,4,16,A:P,B:C,9.01427754783709,5.783116465234953,0.6415507437556734,0.3584492562443265,1.8084492237058214e-16,f9f9d1a507a8e0513d3084331a2bb6490b216ae2fadc4982e5497c4fee7f44cf,1
subj04,lateral,4,17,A:P,B:D,9.69047908277064,5.881941957240064,0.6069815441527517,0.39301845584724826,2.373318555570769e-16,f9f9d1a507a8e0513d3084331a2bb6490b216ae2fadc4982e5497c4fee7f44cf,1
subj04,lateral,4,18,A:P,B:K,9.7875561782546,5.628755572206303,0.5750930538423811,0.4249069461576189,2.2871244828581716e-16,f9f9d1a507a8e0513d3084331a2bb6490b216ae2fadc4982e5497c4fee7f44cf,1
subj04,lateral,4,19,A:P,B:W,9.313460768707353,5.990975686482149,0.6432598832231573,0.35674011677684264,1.5742615544489524e-16,f9f9d1a507a8e0513d3084331a2bb6490b216ae2fadc4982e5497c4fee7f44cf,1
subj04,lateral,4,20,A:V,B:B,10.05395206534321,5.885073679103777,0.5853492876090094,0.4146507123909906,1.7520707107365752e-16,f9f9d1a507a8e0513d3084331a2bb6490b216ae2fadc4982e5497c4fee7f44cf,1
subj04,lateral,4,21,A:V,B:C,9.608283883506678,6.2644696893141045,0.6519863240164588,0.3480136759835411,2.0643209364124004e-16,f9f9d1a507a8e0513d3084331a2bb6490b216ae2fadc4982e5497c4fee7f44cf,1
subj04,lateral,4,22,A:V,B:D,10.242732344406338,6.360041200911077,0.6209320899012226,0.3790679100987774,2.1381822094129754e-16,f9f9d1a507a8e0513d3084331a2bb6490b216ae2fadc4982e5497c4fee7f44cf,1
subj04,lateral,4,23,A:V,B:K,10.575796826693846,5.700239523836124,0.5389891293532069,0.4610108706467932,2.1990330563437244e-16,f9f9d1a507a8e0513d3084331a2bb6490b216ae2fadc4982e5497c4fee7f44cf,1
subj04,lateral,4,24,A:V,B:W,9.810859794078487,6.575745979102537,0.6702517533755239,0.3297482466244761,1.9233746539892849e-16,f9f9d1a507a8e0513d3084331a2bb6490b216ae2fadc4982e5497c4fee7f44cf,1
subj04,lateral,5,0,A:E,B:B,11.399251974183555,6.694034796286799,0.5872345669213304,0.4127654330786697,1.721713049906981e-16,b37dc934d65d2914e39e73829b70430baabe13614dd569160ee5e0f632e44380,1
subj04,lateral,5,1,A:E,B:C,10.948228098267998,7.175476187570576,0.6554006843085166,0.3445993156914834,1.6653345369377348e-16,b37dc934d65d2914e39e73829b70430baabe13614dd569160ee5e0f632e44380,1
subj04,lateral,5,2,A:E,B:D,11.416162618106473,7.883185766316309,0.690528510325639,0.309471489674361,1.682681771697503e-16,b37dc934d65d2914e39e73829b70430baabe13614dd569160ee5e0f632e44380,1
subj04,lateral,5,3,A:E,B:K,11.732228609445734,6.581255530666334,0.5609552753999099,0.4390447246000901,1.452830911130576e-16,b37dc934d65d2914e39e73829b70430baabe13614dd569160ee5e0f632e44380,1
subj04,lateral,5,4,A:E,B:T,10.647774834375591,9.215427558823137,0.8654791918656825,0.13452080813431755,1.8301332671555315e-16,b37dc934d65d2914e39e73829b70430baabe13614dd569160ee5e0f632e44380,1
subj04,lateral,5,5,A:H,B:B,9.492156715280325,6.534673232353942,0.688428713132657,0.3115712868673431,2.953366717850514e-16,b37dc934d65d2914e39e73829b70430baabe13614dd569160ee5e0f632e44380,1
subj04,lateral,5,6,A:H,B:C,9.470960246762012,6.300953495353647,0.6652919377956268,0.33470806220437316,3.0791341698588326e-16,b37dc934d65d2914e39e73829b70430baabe13614dd569160ee5e0f632e44380,1
subj04,lateral,5,7,A:H,B:D,10.38821701944569,6.527501807158766,0.6283563189852448,0.37164368101475515,3.712308238590367e-16,b37dc934d65d2914e39e73829b70430baabe13614dd569160ee5e0f632e44380,1
subj04,lateral,5,8,A:H,B:K,9.937116873657446,6.345216046735845,0.6385369244832511,0.3614630755167489,2.2898349882893854e-16,b37dc934d65d2914e39e73829b70430baabe13614dd569160ee5e0f632e44380,1
subj04,lateral,5,9,A:H,B:T,10.33054724954991,7.044782003479899,0.6819369616441986,0.3180630383558014,3.3306690738754696e-16,b37dc934d65d2914e39e73829b70430baabe13614dd569160ee5e0f632e44380,1
subj04,lateral,5,10,A:L,B:B,10.104774731843817,5.474340777041872,0.5417578246242576,0.45824217537574236,1.95590071916385e-16,b37dc934d65d2914e39e73829b70430baabe13614dd569160ee5e0f632e44380,1
subj04,lateral,5,11,A:L,B:C,9.60559784508909,6.033695297923458,0.6281436507367644,0.3718563492632356,1.8214596497756474e-16,b37dc934d65d2914e39e73829b70430baabe13614dd569160ee5e0f632e44380,1
subj04,lateral,5,12,A:L,B:D,10.274300207476424,6.6508626429674615,0.6473299892607526,0.3526700107392474,2.3071822230491534e-16,b37dc934d65d2914e39e73829b70430baabe13614dd569160ee5e0f632e44380,1
subj04,lateral,5,13,A:L,B:K,10.188051372199425,5.872269888323861,0.5763879346297544,0.4236120653702457,1.470178145890344e-16,b37dc934d65d2914e39e73829b70430baabe13614dd569160ee5e0f632e44380,1
subj04,lateral,5,14,A:L,B:T,9.835467869318492,7.6736313246564825,0.7801999281187418,0.21980007188125816,2.723515857283587e-16,b37dc934d65d2914e39e73829b70430baabe13614dd569160ee5e0f632e44380,1
subj04,lateral,5,15,A:P,B:B,9.185015068367713,5.69863983299885,0.6204279242419977,0.37957207575800234,2.723515857283587e-16,b37dc934d65d2914e39e73829b70430baabe13614dd569160ee5e0f632e44380,1
subj04,lateral,5,16,A:P,B:C,8.97164243157574,5.739925035887141,0.6397853101774817,0.3602146898225183,2.6194324487249787e-16,b37dc934d65d2914e39e73829b70430baabe13614dd569160ee5e0f632e44380,1
subj04,lateral,5,17,A:P,B:D,10.048119653419471,5.79608734470298,0.5768330339030663,0.42316696609693377,2.7929047963226594e-16,b37dc934d65d2914e39e73829b70430baabe13614dd569160ee5e0f632e44380,1
subj04,lateral,5,18,A:P,B:K,9.439991305043579,5.825000171028475,0.6170556712182887,0.38294432878171125,2.480654570646834e-16,b37dc934d65d2914e39e73829b70430baabe13614dd569160ee5e0f632e44380,1
subj04,lateral,5,19,A:P,B:T,10.229860578240293,5.9778856540420096,0.5843565128108819,0.4156434871891181,3.3480163086352377e-16,b37dc934d65d2914e39e73829b70430baabe13614dd569160ee5e0f632e44380,1
subj04,lateral,5,20,A:R,B:B,9.86179941100652,6.497581210467553,0.6588636555734196,0.34113634442658036,2.654126918244515e-16,b37dc934d65d2914e39e73829b70430baabe13614dd569160ee5e0f632e44380,1
subj04,lateral,5,21,A:R,B:C,9.830908477719571,6.2789328151782415,0.6386930393471363,0.3613069606528638,2.194425197110661e-16,b37dc934d65d2914e39e73829b70430baabe13614dd569160ee5e0f632e44380,1
subj04,lateral,5,22,A:R,B:D,10.351957711561838,7.073256680770357,0.6832772001058715,0.3167227998941285,2.5847379792054426e-16,b37dc934d65d2914e39e73829b70430baabe13614dd569160ee5e0f632e44380,1
subj04,lateral,5,23,A:R,B:K,10.220367186864348,6.42049911257786,0.6282063056237118,0.3717936943762882,2.0122792321330962e-16,b37dc934d65d2914e39e73829b70430baabe13614dd569160ee5e0f632e44380,1
subj04,lateral,5,24,A:R,B:T,10.624432869268407,7.0810480867320456,0.6664871597254153,0.33351284027458467,2.654126918244515e-16,b37dc934d65d2914e39e73829b70430baabe13614dd569160ee5e0f632e44380,1
subj05,lateral,0,0,A:H,B:C,8.355112336659337,5.542295492308171,0.6633418282110343,0.3366581717889657,3.139849491518021e-16,6ca67c899d9f0e847b3eb20b6fdc1f4e35393c9f5dcf4303e8fe362951bacf6b,1
subj05,lateral,0,1,A:H,B:D,7.7648367492012165,5.2437312947032275,0.675317648531717,0.32468235146828295,3.7383290907300193e-16,6ca67c899d9f0e847b3eb20b6fdc1f4e35393c9f5dcf4303e8fe362951bacf6b,1
subj05,lateral,0,2,A:H,B:K,8.04438366607557,4.972161138545753,0.6180909992538196,0.3819090007461804,4.553649124439119e-16,6ca67c899d9f0e847b3eb20b6fdc1f4e35393c9f5dcf4303e8fe362951bacf6b,1
subj05,lateral,0,3,A:H,B:T,8.183919534024868,4.963895539906766,0.6065425642651099,0.39345743573489017,3.371868756429919e-16,6ca67c899d9f0e847b3eb20b6fdc1f4e35393c9f5dcf4303e8fe362951bacf6b,1
subj05,lateral,0,4,A:H,B:W,8.954631674535927,4.960376831300705,0.5539453783907617,0.4460546216092382,4.2977774117325396e-16,6ca67c899d9f0e847b3eb20b6fdc1f4e35393c9f5dcf4303e8fe362951bacf6b,1
subj05,lateral,0,5,A:L,B:C,8.396463239713503,5.761521514678679,0.686184331448972,0.31381566855102805,1.5482407023093003e-16,6ca67c899d9f0e847b3eb20b6fdc1f4e35393c9f5dcf4303e8fe362951bacf6b,1
subj05,lateral,0,6,A:L,B:D,8.12619859601399,4.992503142577369,0.614371293488478,0.3856287065115221,2.0599841277224584e-16,6ca67c899d9f0e847b3eb20b6fdc1f4e35393c9f5dcf4303e8fe362951bacf6b,1
subj05,lateral,0,7,A:L,B:K,8.049221327927176,5.274022619067845,0.6552214685375044,0.34477853146249565,2.6107588313450947e-16,6ca67c899d9f0e847b3eb20b6fdc1f4e35393c9f5dcf4303e8fe362951bacf6b,1
subj05,lateral,0,8,A:L,B:T,8.466776953918124,4.806378002280932,0.5676750466488563,0.43232495335114374,1.9233746539892849e-16,6ca67c899d9f0e847b3eb20b6fdc1f4e35393c9f5dcf4303e8fe362951bacf6b,1
subj05,lateral,0,9,A:L,B:W,8.982407482354521,5.222825497157395,0.5814505195202252,0.41854948047977475,2.7863995832877464e-16,6ca67c899d9f0e847b3eb20b6fdc1f4e35393c9f5dcf4303e8fe362951bacf6b,1
subj05,lateral,0,10,A:P,B:C,7.560881851387317,4.977314097274928,0.6582980920885121,0.34170190791148786,1.441988889405721e-16,6ca67c899d9f0e847b3eb20b6fdc1f4e35393c9f5dcf4303e8fe362951bacf6b,1
subj05,lateral,0,11,A:P,B:D,6.157610313437602,5.593647412195007,0.9084120506924784,0.0915879493075216,2.1510571102112408e-16,6ca67c899d9f0e847b3eb20b6fdc1f4e35393c9f5dcf4303e8fe362951bacf6b,1
subj05,lateral,0,12,A:P,B:K,7.119413898355342,4.4904442107553395,0.6307322870767043,0.36926771292329574,2.7929047963226594e-16,6ca67c899d9f0e847b3eb20b6fdc1f4e35393c9f5dcf4303e8fe362951bacf6b,1
subj05,lateral,0,13,A:P,B:T,6.782932496356324,5.198487581180397,0.7664070936829958,0.23359290631700425,2.233456475320139e-16,6ca67c899d9f0e847b3eb20b6fdc1f4e35393c9f5dcf4303e8fe362951bacf6b,1
subj05,lateral,0,14,A:P,B:W,7.9515511978059665,4.793667572442913,0.6028594236764276,0.39714057632357236,2.98806118737005e-16,6ca67c899d9f0e847b3eb20b6fdc1f4e35393c9f5dcf4303e8fe362951bacf6b,1
subj05,lateral,0,15,A:R,B:C,8.635771736569213,4.940568092010688,0.5721049887283679,0.4278950112716321,1.3357370765021415e-16,6ca67c899d9f0e847b3eb20b6fdc1f4e35393c9f5dcf4303e8fe362951bacf6b,1
subj05,lateral,0,16,A:R,B:D,7.542149047899224,5.419060845546375,0.7185035473484563,0.28149645265154366,1.700029006457271e-16,6ca67c899d9f0e847b3eb20b6fdc1f4e35393c9f5dcf4303e8fe362951bacf6b,1
subj05,lateral,0,17,A:R,B:K,7.914495293689205,5.025543182236591,0.6349796159767531,0.36502038402324694,2.5088438271314573e-16,6ca67c899d9f0e847b3eb20b6fdc1f4e35393c9f5dcf4303e8fe362951bacf6b,1
subj05,lateral,0,18,A:R,B:T,8.144708420295329,4.872509383729882,0.5982423350587183,0.4017576649412818,1.736891880321778e-16,6ca67c899d9f0e847b3eb20b6fdc1f4e35393c9f5dcf4303e8fe362951bacf6b,1
subj05,lateral,0,19,A:R,B:W,8.795672146284323,5.087999931785599,0.5784663010586397,0.4215336989413603,2.6020852139652106e-16,6ca67c899d9f0e847b3eb20b6fdc1f4e35393c9f5dcf4303e8fe362951bacf6b,1
subj05,lateral,0,20,A:V,B:C,7.4921660778077515,5.312970108433062,0.709136724047055,0.29086327595294503,1.1275702593849246e-16,6ca67c899d9f0e847b3eb20b6fdc1f4e35393c9f5dcf4303e8fe362951bacf6b,1
subj05,lateral,0,21,A:V,B:D,6.347125668661383,5.598094837292002,0.8819889709971107,0.1180110290028893,2.5500435096859064e-16,6ca67c899d9f0e847b3eb20b6fdc1f4e35393c9f5dcf4303e8fe362951bacf6b,1
subj05,lateral,0,22,A:V,B:K,6.894453246242767,5.073092924278096,0.7358223695320223,0.26417763046797776,3.200564813177209e-16,6ca67c899d9f0e847b3eb20b6fdc1f4e35393c9f5dcf4303e8fe362951bacf6b,1
subj05,lateral,0,23,A:V,B:T,6.986678239913548,5.161238947260487,0.7387257248767121,0.2612742751232879,2.8796409701215e-16,6ca67c899d9f0e847b3eb20b6fdc1f4e35393c9f5dcf4303e8fe362951bacf6b,1
subj05,lateral,0,24,A:V,B:W,8.098522344457699,4.799996354136755,0.5927002667865303,0.40729973321346974,3.226585665316861e-16,6ca67c899d9f0e847b3eb20b6fdc1f4e35393c9f5dcf4303e8fe362951bacf6b,1
subj05,lateral,1,0,A:E,B:B,7.61993096663977,5.127608685325798,0.6729206219550524,0.3270793780449475,3.292721997838477e-16,4b9efde70e5aae9a236d593e23df88edc27b675a268bafb92494f5a13dd12ac4,1
subj05,lateral,1,1,A:E,B:D,7.497040628186534,5.292884216313661,0.7059964696488462,0.29400353035115384,3.101902415481028e-16,4b9efde70e5aae9a236d593e23df88edc27b675a268bafb92494f5a13dd12ac4,1
subj05,lateral,1,2,A:E,B:K,7.9554363524982525,4.777372736205951,0.6005167440885513,0.39948325591144873,3.323079658668071e-16,4b9efde70e5aae9a236d593e23df88edc27b675a268bafb92494f5a13dd12ac4,1
subj05,lateral,1,3,A:E,B:T,7.905519883230842,4.819556333555553,0.6096444515658961,0.39035554843410397,2.7224316551111016e-16,4b9efde70e5aae9a236d593e23df88edc27b675a268bafb92494f5a13dd12ac4,1
subj05,lateral,1,4,A:E,B:W,8.639211009132644,4.838310869963257,0.5600408260486522,0.43995917395134776,3.579493472460893e-16,4b9efde70e5aae9a236d593e23df88edc27b675a268bafb92494f5a13dd12ac4,1
subj05,lateral,1,5,A:L,B:B,7.637373310718674,5.300376153016996,0.6940051163373383,0.30599488366266164,2.1911725905932045e-16,4b9efde70e5aae9a236d593e23df88edc27b675a268bafb92494f5a13dd12ac4,1
subj05,lateral,1,6,A:L,B:D,7.796063650610807,5.050680424276676,0.6478500754519833,0.3521499245480167,1.9190378452993428e-16,4b9efde70e5aae9a236d593e23df88edc27b675a268bafb92494f5a13dd12ac4,1
subj05,lateral,1,7,A:L,B:K,7.877058345716325,5.111941834766935,0.648965846183797,0.35103415381620295,2.3497371583192095e-16,4b9efde70e5aae9a236d593e23df88edc27b675a268bafb92494f5a13dd12ac4,1
subj05,lateral,1,8,A:L,B:T,8.056795382379,4.783425104202528,0.5937131175832449,0.40628688241675515,2.203098814490545e-16,4b9efde70e5aae9a236d593e23df88edc27b675a268bafb92494f5a13dd12ac4,1
subj05,lateral,1,9,A:L,B:W,8.518622070297047,5.24843182700664,0.6161127684378684,0.38388723156213156,2.6843490538025483e-16,4b9efde70e5aae9a236d593e23df88edc27b675a268bafb92494f5a13dd12ac4,1
subj05,lateral,1,10,A:P,B:B,6.9072720601132875,5.251846415193786,0.7603358271525285,0.23966417284747157,1.8214596497756474e-16,4b9efde70e5aae9a236d593e23df88edc27b675a268bafb92494f5a13dd12ac4,1
subj05,lateral,1,11,A:P,B:D,6.415549780252943,5.8307411055627805,0.9088451193239584,0.09115488067604165,2.1927988938519327e-16,4b9efde70e5aae9a236d593e23df88edc27b675a268bafb92494f5a13dd12ac4,1
subj05,lateral,1,12,A:P,B:K,7.518945045635238,4.529271744445585,0.6023812804796114,0.39761871952038863,1.8951853975046618e-16,4b9efde70e5aae9a236d593e23df88edc27b675a268bafb92494f5a13dd12ac4,1
subj05,lateral,1,13,A:P,B:T,6.825984891643048,5.483418409218443,0.80331534514993,0.19668465485007006,2.334829378447534e-16,4b9efde70e5aae9a236d593e23df88edc27b675a268bafb92494f5a13dd12ac4,1
subj05,lateral,1,14,A:P,B:W,7.973619511542503,5.040157749008776,0.632104120558137,0.36789587944186297,2.19225679276569e-16,4b9efde70e5aae9a236d593e23df88edc27b675a268bafb92494f5a13dd12ac4,1
subj05,lateral,1,15,A:R,B:B,7.85252100240853,4.9508711267299885,0.6304817427691635,0.3695182572308365,1.74122868901172e-16,4b9efde70e5aae9a236d593e23df88edc27b675a268bafb92494f5a13dd12ac4,1
subj05,lateral,1,16,A:R,B:D,7.427216172994841,5.556455135080025,0.7481208309626354,0.2518791690373646,1.905485318143274e-16,4b9efde70e5aae9a236d593e23df88edc27b675a268bafb92494f5a13dd12ac4,1
subj05,lateral,1,17,A:R,B:K,7.900170481526737,5.051441024369158,0.6394091160666888,0.36059088393331123,2.198762005800603e-16,4b9efde70e5aae9a236d593e23df88edc27b675a268bafb92494f5a13dd12ac4,1
subj05,lateral,1,18,A:R,B:T,7.978618387385805,4.88717799404874,0.6125343708348513,0.38746562916514876,1.71954464556201e-16,4b9efde70e5aae9a236d593e23df88edc27b675a268bafb92494f5a13dd12ac4,1
subj05,lateral,1,19,A:R,B:W,8.584133878466846,5.1161857601002465,0.5960048890819506,0.4039951109180494,2.491496592371689e-16,4b9efde70e5aae9a236d593e23df88edc27b675a268bafb92494f5a13dd12ac4,1
subj05,lateral,1,20,A:V,B:B,6.504769077595322,4.943549170280561,0.7599884194671656,0.24001158053283442,1.8388068845354155e-16,4b9efde70e5aae9a236d593e23df88edc27b675a268bafb92494f5a13dd12ac4,1
subj05,lateral,1,21,A:V,B:D,6.184481493202609,5.32610650981126,0.8612050202858893,0.1387949797141107,1.8518173106052416e-16,4b9efde70e5aae9a236d593e23df88edc27b675a268bafb92494f5a13dd12ac4,1
subj05,lateral,1,22,A:V,B:K,6.830363890469463,4.67475853159317,0.6844084160898002,0.31559158391019987,2.94469310047063e-16,4b9efde70e5aae9a236d593e23df88edc27b675a268bafb92494f5a13dd12ac4,1
subj05,lateral,1,23,A:V,B:T,6.59835111877231,4.958034971186415,0.7514051437912731,0.24859485620872693,2.8449465006019636e-16,4b9efde70e5aae9a236d593e23df88edc27b675a268bafb92494f5a13dd12ac4,1
subj05,lateral,1,24,A:V,B:W,7.678641847591947,4.634507384476873,0.603558217255604,0.396441782744396,3.178880769727499e-16,4b9efde70e5aae9a236d593e23df88edc27b675a268bafb92494f5a13dd12ac4,1
subj05,lateral,2,0,A:E,B:B,7.643033377792456,5.307428552185735,0.6944138916895172,0.30558610831048283,2.5847379792054426e-16,62c19c2b8ad9f002509f7d046d35420b6b2c734284bffcc236ae73f2a78e87a1,1
subj05,lateral,2,1,A:E,B:C,8.270597684540125,5.299184842793397,0.6407257425541248,0.3592742574458751,1.951563910473908e-16,62c19c2b8ad9f002509f7d046d35420b6b2c734284bffcc236ae73f2a78e87a1,1
subj05,lateral,2,2,A:E,B:K,7.897017649352573,4.9686883468795076,0.6291854175211143,0.3708145824788857,2.682316174729138e-16,62c19c2b8ad9f002509f7d046d35420b6b2c734284bffcc236ae73f2a78e87a1,1
subj05,lateral,2,3,A:E,B:T,7.89097567857844,4.892220824180042,0.6199766699903675,0.3800233300096325,2.5370330836160804e-16,62c19c2b8ad9f002509f7d046d35420b6b2c734284bffcc236ae73f2a78e87a1,1
subj05,lateral,2,4,A:E,B:W,8.524131075970606,4.877775196802197,0.5722313691952216,0.42776863080477845,3.900959416602845e-16,62c19c2b8ad9f002509f7d046d35420b6b2c734284bffcc236ae73f2a78e87a1,1
subj05,lateral,2,5,A:H,B:B,7.508967657818686,5.858715524938186,0.7802291595753272,0.21977084042467282,2.8362728832220796e-16,62c19c2b8ad9f002509f7d046d35420b6b2c734284bffcc236ae73f2a78e87a1,1
subj05,lateral,2,6,A:H,B:C,8.149406116831265,5.847709965300754,0.71756271333972,0.28243728666028,2.179246366695864e-16,62c19c2b8ad9f002509f7d046d35420b6b2c734284bffcc236ae73f2a78e87a1,1
subj05,lateral,2,7,A:H,B:K,8.19803382397341,4.895648976520171,0.5971735518099334,0.40282644819006663,3.5735303605122226e-16,62c19c2b8ad9f002509f7d046d35420b6b2c734284bffcc236ae73f2a78e87a1,1
subj05,lateral,2,8,A:H,B:T,8.09709281573115,4.976223017872606,0.6145690967262629,0.3854309032737371,4.0939474033052647e-16,62c19c2b8ad9f002509f7d046d35420b6b2c734284bffcc236ae73f2a78e87a1,1
subj05,lateral,2,9,A:H,B:W,8.710481331327621,4.970452925556417,0.570628962567197,0.429371037432803,4.85722573273506e-16,62c19c2b8ad9f002509f7d046d35420b6b2c734284bffcc236ae73f2a78e87a1,1
subj05,lateral,2,10,A:P,B:B,7.017038231338999,5.141195205693749,0.7326731073991456,0.2673268926008544,6.938893903907228e-17,62c19c2b8ad9f002509f7d046d35420b6b2c734284bffcc236ae73f2a78e87a1,1
subj05,lateral,2,11,A:P,B:C,7.629389215174907,5.230919889799517,0.6856276095333007,0.3143723904666993,1.1622647289044608e-16,62c19c2b8ad9f002509f7d046d35420b6b2c734284bffcc236ae73f2a78e87a1,1
subj05,lateral,2,12,A:P,B:K,7.519173146066789,4.427046811881023,0.5887677708548008,0.41123222914519925,3.0184188481996443e-16,62c19c2b8ad9f002509f7d046d35420b6b2c734284bffcc236ae73f2a78e87a1,1
subj05,lateral,2,13,A:P,B:T,6.931114395581853,5.219859348711507,0.7531053522993124,0.24689464770068753,2.7582103268031233e-16,62c19c2b8ad9f002509f7d046d35420b6b2c734284bffcc236ae73f2a78e87a1,1
subj05,lateral,2,14,A:P,B:W,7.880078098390094,4.84188261595166,0.6144460188714196,0.38555398112858036,3.972516759986888e-16,62c19c2b8ad9f002509f7d046d35420b6b2c734284bffcc236ae73f2a78e87a1,1
subj05,lateral,2,15,A:R,B:B,7.944067391688817,5.149651996659362,0.6482387098134379,0.3517612901865621,1.5851035761738075e-16,62c19c2b8ad9f002509f7d046d35420b6b2c734284bffcc236ae73f2a78e87a1,1
subj05,lateral,2,16,A:R,B:C,8.55934796322756,5.124848667208557,0.5987428819608448,0.40125711803915515,1.310258325448732e-16,62c19c2b8ad9f002509f7d046d35420b6b2c734284bffcc236ae73f2a78e87a1,1
subj05,lateral,2,17,A:R,B:K,7.944228381250858,5.194454006814963,0.653865140518162,0.346134859481838,1.9884267843384151e-16,62c19c2b8ad9f002509f7d046d35420b6b2c734284bffcc236ae73f2a78e87a1,1
subj05,lateral,2,18,A:R,B:T,8.00441040619003,5.017280255429176,0.6268144686270929,0.3731855313729071,1.8344700758454735e-16,62c19c2b8ad9f002509f7d046d35420b6b2c734284bffcc236ae73f2a78e87a1,1
subj05,lateral,2,19,A:R,B:W,8.559193809634282,5.122115594143701,0.598434351185998,0.4015656488140021,3.41740524767431e-16,62c19c2b8ad9f002509f7d046d35420b6b2c734284bffcc236ae73f2a78e87a1,1
subj05,lateral,2,20,A:V,B:B,6.9286315903202125,5.00887996342682,0.7229248514850435,0.2770751485149565,1.5677563414140394e-16,62c19c2b8ad9f002509f7d046d35420b6b2c734284bffcc236ae73f2a78e87a1,1
subj05,lateral,2,21,A:V,B:C,7.477727522765455,5.203632798793908,0.6958842486506478,0.3041157513493522,8.370040771588094e-17,62c19c2b8ad9f002509f7d046d35420b6b2c734284bffcc236ae73f2a78e87a1,1
subj05,lateral,2,22,A:V,B:K,7.205866737894461,4.651482919468202,0.6455133141731337,0.35448668582686627,4.0939474033052647e-16,62c19c2b8ad9f002509f7d046d35420b6b2c734284bffcc236ae73f2a78e87a1,1
subj05,lateral,2,23,A:V,B:T,6.898436986793894,5.012279525673647,0.7265819105500224,0.2734180894499776,4.388850394221322e-16,62c19c2b8ad9f002509f7d046d35420b6b2c734284bffcc236ae73f2a78e87a1,1
subj05,lateral,2,24,A:V,B:W,7.799115723544049,4.705034808949922,0.6032779837778679,0.39672201622213205,4.926614671774132e-16,62c19c2b8ad9f002509f7d046d35420b6b2c734284bffcc236ae73f2a78e87a1,1
subj05,lateral,3,0,A:E,B:B,7.706381227225859,5.037912912382561,0.6537326358296587,0.34626736417034126,3.515525544284248e-16,73deb94ed31373e680b0d2c1ff5c817111788b312aa0fbe4461510a23feba34d,1
subj05,lateral,3,1,A:E,B:C,8.33381072792952,5.255062225731838,0.6305713433256028,0.3694286566743971,2.559801329238276e-16,73deb94ed31373e680b0d2c1ff5c817111788b312aa0fbe4461510a23feba34d,1
subj05,lateral,3,2,A:E,B:D,7.600260196642548,5.22853187787661,0.6879411681439984,0.31205883185600153,3.3176586478056436e-16,73deb94ed31373e680b0d2c1ff5c817111788b312aa0fbe4461510a23feba34d,1
subj05,lateral,3,3,A:E,B:T,7.935467448766992,4.85967851946237,0.6123997799546722,0.3876002200453278,3.1051550219984847e-16,73deb94ed31373e680b0d2c1ff5c817111788b312aa0fbe4461510a23feba34d,1
subj05,lateral,3,4,A:E,B:W,8.519521472539036,4.960408056685947,0.5822402200258341,0.4177597799741659,4.1310813277128933e-16,73deb94ed31373e680b0d2c1ff5c817111788b312aa0fbe4461510a23feba34d,1
subj05,lateral,3,5,A:H,B:B,7.419147610701561,5.4433872432397665,0.7336944254065104,0.2663055745934896,4.156831129309424e-16,73deb94ed31373e680b0d2c1ff5c817111788b312aa0fbe4461510a23feba34d,1
subj05,lateral,3,6,A:H,B:C,8.222957353309843,5.418153784091811,0.6589057380810733,0.34109426191892667,2.440268039721749e-16,73deb94ed31373e680b0d2c1ff5c817111788b312aa0fbe4461510a23feba34d,1
subj05,lateral,3,7,A:H,B:D,7.6058074312464425,5.21138482464991,0.6851849552803977,0.31481504471960237,3.2108647338158214e-16,73deb94ed31373e680b0d2c1ff5c817111788b312aa0fbe4461510a23feba34d,1
subj05,lateral,3,8,A:H,B:T,7.913584166770834,4.885554461425282,0.6173630504796729,0.3826369495203272,3.3610267347050637e-16,73deb94ed31373e680b0d2c1ff5c817111788b312aa0fbe4461510a23feba34d,1
subj05,lateral,3,9,A:H,B:W,8.46683218653,5.0404349764858765,0.5953153275560101,0.4046846724439899,4.132978681514743e-16,73deb94ed31373e680b0d2c1ff5c817111788b312aa0fbe4461510a23feba34d,1
subj05,lateral,3,10,A:L,B:B,7.796736955420237,5.115343990081108,0.6560877992074564,0.34391220079254353,2.387413183813081e-16,73deb94ed31373e680b0d2c1ff5c817111788b312aa0fbe4461510a23feba34d,1
subj05,lateral,3,11,A:L,B:C,8.135872161332184,5.750011963162443,0.7067480718896798,0.2932519281103202,1.8388068845354155e-16,73deb94ed31373e680b0d2c1ff5c817111788b312aa0fbe4461510a23feba34d,1
subj05,lateral,3,12,A:L,B:D,7.983721955637952,4.8526959050088765,0.6078237608941273,0.39217623910587274,2.3700659490533127e-16,73deb94ed31373e680b0d2c1ff5c817111788b312aa0fbe4461510a23feba34d,1
subj05,lateral,3,13,A:L,B:T,8.124451920216698,4.7716216421501985,0.5873161277841531,0.41268387221584685,2.3071822230491534e-16,73deb94ed31373e680b0d2c1ff5c817111788b312aa0fbe4461510a23feba34d,1
subj05,lateral,3,14,A:L,B:W,8.426404695815119,5.32640322065631,0.6321086409844058,0.3678913590155942,3.3046482217358175e-16,73deb94ed31373e680b0d2c1ff5c817111788b312aa0fbe4461510a23feba34d,1
subj05,lateral,3,15,A:R,B:B,7.9676785192403585,4.78354608615158,0.6003688620970673,0.3996311379029327,1.9222904518167994e-16,73deb94ed31373e680b0d2c1ff5c817111788b312aa0fbe4461510a23feba34d,1
subj05,lateral,3,16,A:R,B:C,8.613177998497264,4.947583351867833,0.5744201910991548,0.4255798089008453,1.4295205644221376e-16,73deb94ed31373e680b0d2c1ff5c817111788b312aa0fbe4461510a23feba34d,1
subj05,lateral,3,17,A:R,B:D,7.506576139371307,5.5090971429693045,0.7339027861283645,0.2660972138716355,2.0350474777552918e-16,73deb94ed31373e680b0d2c1ff5c817111788b312aa0fbe4461510a23feba34d,1
subj05,lateral,3,18,A:R,B:T,8.015741197611472,4.892172115542229,0.6103206172624431,0.3896793827375569,2.0296264668928643e-16,73deb94ed31373e680b0d2c1ff5c817111788b312aa0fbe4461510a23feba34d,1
subj05,lateral,3,19,A:R,B:W,8.528684209857987,5.103604203954091,0.5984046399625191,0.40159536003748086,3.1886385892798685e-16,73deb94ed31373e680b0d2c1ff5c817111788b312aa0fbe4461510a23feba34d,1
subj05,lateral,3,20,A:V,B:B,6.694001527864653,4.993892829871928,0.7460250507987186,0.25397494920128133,2.675810961694225e-16,73deb94ed31373e680b0d2c1ff5c817111788b312aa0fbe4461510a23feba34d,1
subj05,lateral,3,21,A:V,B:C,7.411173980054343,5.207909792022394,0.7027105025517437,0.2972894974482563,1.6176296413483726e-16,73deb94ed31373e680b0d2c1ff5c817111788b312aa0fbe4461510a23feba34d,1
subj05,lateral,3,22,A:V,B:D,6.35445000972412,5.449973362115501,0.8576624812179635,0.14233751878203652,3.0531133177191805e-16,73deb94ed31373e680b0d2c1ff5c817111788b312aa0fbe4461510a23feba34d,1
subj05,lateral,3,23,A:V,B:T,6.704639019984375,5.159038522232404,0.769472973392746,0.230527026607254,4.874572967494828e-16,73deb94ed31373e680b0d2c1ff5c817111788b312aa0fbe4461510a23feba34d,1
subj05,lateral,3,24,A:V,B:W,7.612434863205058,4.921226837137182,0.6464721111669652,0.3535278888330348,3.7470027081099033e-16,73deb94ed31373e680b0d2c1ff5c817111788b312aa0fbe4461510a23feba34d,1
subj05,lateral,4,0,A:E,B:B,7.566198388666862,5.169525745533155,0.6832395187094754,0.3167604812905246,3.380542373809803e-16,d3ec140f158eea3beef2e7b7d61cd485e31d12f8712a552bd2553fa50aa23c86,1
subj05,lateral,4,1,A:E,B:C,8.260553273565739,5.404153738587829,0.6542120799440204,0.3457879200559795,2.1488887058662698e-16,d3ec140f158eea3beef2e7b7d61cd485e31d12f8712a552bd2553fa50aa23c86,1
subj05,lateral,4,2,A:E,B:D,7.500636939909804,5.39030701546692,0.7186465707713269,0.28135342922867307,2.9831822775938655e-16,d3ec140f158eea3beef2e7b7d61cd485e31d12f8712a552bd2553fa50aa23c86,1
subj05,lateral,4,3,A:E,B:K,7.804410209748226,4.909605454265469,0.629080907117497,0.370919092882503,3.961674738262033e-16,d3ec140f158eea3beef2e7b7d61cd485e31d12f8712a552bd2553fa50aa23c86,1
subj05,lateral,4,4,A:E,B:W,8.543608602966566,5.0128626879250655,0.5867383351555299,0.41326166484447013,3.619066851756614e-16,d3ec140f158eea3beef2e7b7d61cd485e31d12f8712a552bd2553fa50aa23c86,1
subj05,lateral,4,5,A:H,B:B,7.262579225904241,5.592166007616739,0.7699972466628033,0.23000275333719666,3.937822290467352e-16,d3ec140f158eea3beef2e7b7d61cd485e31d12f8712a552bd2553fa50aa23c86,1
subj05,lateral,4,6,A:H,B:C,8.10133260661739,5.64411651116037,0.6966898885931558,0.30331011140684416,2.3375398838787476e-16,d3ec140f158eea3beef2e7b7d61cd485e31d12f8712a552bd2553fa50aa23c86,1
subj05,lateral,4,7,A:H,B:D,7.5841151365332315,5.276569434777081,0.6957396268101818,0.30426037318981825,3.200564813177209e-16,d3ec140f158eea3beef2e7b7d61cd485e31d12f8712a552bd2553fa50aa23c86,1
subj05,lateral,4,8,A:H,B:K,7.77689102260811,4.957724643416352,0.6374944214858879,0.36250557851411214,4.0852737859253807e-16,d3ec140f158eea3beef2e7b7d61cd485e31d12f8712a552bd2553fa50aa23c86,1
subj05,lateral,4,9,A:H,B:W,8.506291597300294,5.080459302982245,0.5972590105651526,0.4027409894348474,3.725318664660193e-16,d3ec140f158eea3beef2e7b7d61cd485e31d12f8712a552bd2553fa50aa23c86,1
subj05,lateral,4,10,A:L,B:B,7.70200867533977,5.186235209227882,0.6733613824447029,0.32663861755529716,2.1618991319360958e-16,d3ec140f158eea3beef2e7b7d61cd485e31d12f8712a552bd2553fa50aa23c86,1
subj05,lateral,4,11,A:L,B:C,8.059800797552619,5.893033845951465,0.7311637091255285,0.26883629087447153,1.3284187118378643e-16,d3ec140f158eea3beef2e7b7d61cd485e31d12f8712a552bd2553fa50aa23c86,1
subj05,lateral,4,12,A:L,B:D,7.973058088810051,4.898155543451121,0.614338374171077,0.38566162582892305,1.463672932855431e-16,d3ec140f158eea3beef2e7b7d61cd485e31d12f8712a552bd2553fa50aa23c86,1
subj05,lateral,4,13,A:L,B:K,7.7967975152913445,5.1448626545488265,0.6598687017917994,0.34013129820820065,2.529443668408682e-16,d3ec140f158eea3beef2e7b7d61cd485e31d12f8712a552bd2553fa50aa23c86,1
subj05,lateral,4,14,A:L,B:W,8.477866240233663,5.338018648471628,0.6296417632940272,0.3703582367059728,2.98806118737005e-16,d3ec140f158eea3beef2e7b7d61cd485e31d12f8712a552bd2553fa50aa23c86,1
subj05,lateral,4,15,A:P,B:B,6.701923950289728,4.944590554293806,0.7377867297464706,0.26221327025352936,1.6479873021779667e-16,d3ec140f158eea3beef2e7b7d61cd485e31d12f8712a552bd2553fa50aa23c86,1
subj05,lateral,4,16,A:P,B:C,7.647452276869946,4.934723658259959,0.6452768163307467,0.3547231836692532,1.6176296413483726e-16,d3ec140f158eea3beef2e7b7d61cd485e31d12f8712a552bd2553fa50aa23c86,1
subj05,lateral,4,17,A:P,B:D,6.289081886727182,5.581739795265893,0.887528560734103,0.11247143926589696,1.7499023063916042e-16,d3ec140f158eea3beef2e7b7d61cd485e31d12f8712a552bd2553fa50aa23c86,1
subj05,lateral,4,18,A:P,B:K,7.1243368552411175,4.432863037170462,0.6222141270466969,0.3777858729533031,2.0599841277224584e-16,d3ec140f158eea3beef2e7b7d61cd485e31d12f8712a552bd2553fa50aa23c86,1
subj05,lateral,4,19,A:P,B:W,7.775368870452562,4.801987620949924,0.6175896862203049,0.38241031377969514,2.6281060661048627e-16,d3ec140f158eea3beef2e7b7d61cd485e31d12f8712a552bd2553fa50aa23c86,1
subj05,lateral,4,20,A:V,B:B,6.564223816429647,4.907758279856804,0.747652489784571,0.25234751021542906,2.0296264668928643e-16,d3ec140f158eea3beef2e7b7d61cd485e31d12f8712a552bd2553fa50aa23c86,1
subj05,lateral,4,21,A:V,B:C,7.424752332157938,5.051578166980668,0.6803699222533489,0.3196300777466511,9.6710833785707e-17,d3ec140f158eea3beef2e7b7d61cd485e31d12f8712a552bd2553fa50aa23c86,1
subj05,lateral,4,22,A:V,B:D,6.351626396728979,5.308067209163531,0.835702051351309,0.16429794864869096,1.0278236595162582e-16,d3ec140f158eea3beef2e7b7d61cd485e31d12f8712a552bd2553fa50aa23c86,1
subj05,lateral,4,23,A:V,B:K,6.810818303783115,4.672212498026873,0.6859986993679835,0.3140013006320164,2.8796409701215e-16,d3ec140f158eea3beef2e7b7d61cd485e31d12f8712a552bd2553fa50aa23c86,1
subj05,lateral,4,24,A:V,B:W,7.720398646257775,4.660606847485292,0.6036743775846831,0.3963256224153169,3.5475095083725705e-16,d3ec140f158eea3beef2e7b7d61cd485e31d12f8712a552bd2553fa50aa23c86,1
subj05,lateral,5,0,A:E,B:B,7.96544421442704,5.030219388490709,0.6315051933173994,0.3684948066826006,3.141475794776749e-16,3461addf3e3d3f7391c7ca3e6ed6f04cb4218b01ba586f5755021ec4660b7dca,1
subj05,lateral,5,1,A:E,B:C,8.542690994281012,5.289273394319571,0.6191577569480773,0.3808422430519227,2.2811613709095013e-16,3461addf3e3d3f7391c7ca3e6ed6f04cb4218b01ba586f5755021ec4660b7dca,1
subj05,lateral,5,2,A:E,B:D,7.925467558220971,5.232651335159095,0.6602325095295283,0.33976749047047167,2.38524477946811e-16,3461addf3e3d3f7391c7ca3e6ed6f04cb4218b01ba586f5755021ec4660b7dca,1
subj05,lateral,5,3,A:E,B:K,8.058741181958675,4.947487185969121,0.6139280409011268,0.38607195909887315,3.5626883387873676e-16,3461addf3e3d3f7391c7ca3e6ed6f04cb4218b01ba586f5755021ec4660b7dca,1
subj05,lateral,5,4,A:E,B:T,8.263258855340048,4.850142493768109,0.5869527481441239,0.4130472518558761,2.94469310047063e-16,3461addf3e3d3f7391c7ca3e6ed6f04cb4218b01ba586f5755021ec4660b7dca,1
subj05,lateral,5,5,A:H,B:B,7.601763372755647,5.597872428040139,0.7363913020632349,0.26360869793676506,3.8402440949436567e-16,3461addf3e3d3f7391c7ca3e6ed6f04cb4218b01ba586f5755021ec4660b7dca,1
subj05,lateral,5,6,A:H,B:C,8.234399552418381,5.789664924781312,0.703107116423678,0.29689288357632204,2.542047518663826e-16,3461addf3e3d3f7391c7ca3e6ed6f04cb4218b01ba586f5755021ec4660b7dca,1
subj05,lateral,5,7,A:H,B:D,7.922013877062556,5.273229144449146,0.6656425028132409,0.3343574971867591,2.8411517929982644e-16,3461addf3e3d3f7391c7ca3e6ed6f04cb4218b01ba586f5755021ec4660b7dca,1
subj05,lateral,5,8,A:H,B:K,8.116294888129733,4.890630802721544,0.602569382967369,0.39743061703263105,3.8489177123235407e-16,3461addf3e3d3f7391c7ca3e6ed6f04cb4218b01ba586f5755021ec4660b7dca,1
subj05,lateral,5,9,A:H,B:T,8.172607245755348,5.038391945186705,0.6164975011864815,0.3835024988135185,3.01950305037213e-16,3461addf3e3d3f7391c7ca3e6ed6f04cb4218b01ba586f5755021ec4660b7dca,1
subj05,lateral,5,10,A:L,B:B,8.368086526725609,5.203636735784788,0.6218430843378177,0.37815691566218235,2.3830763751231387e-16,3461addf3e3d3f7391c7ca3e6ed6f04cb4218b01ba586f5755021ec4660b7dca,1
subj05,lateral,5,11,A:L,B:C,8.548366728292496,6.01919492204125,0.704133913922942,0.29586608607705794,2.2681509448396753e-16,3461addf3e3d3f7391c7ca3e6ed6f04cb4218b01ba586f5755021ec4660b7dca,1
subj05,lateral,5,12,A:L,B:D,8.626853149723685,4.911453910211973,0.5693216083513936,0.4306783916486065,2.40692882291782e-16,3461addf3e3d3f7391c7ca3e6ed6f04cb4218b01ba586f5755021ec4660b7dca,1
subj05,lateral,5,13,A:L,B:K,8.372705016428801,5.260232729478035,0.628259650752831,0.37174034924716903,2.638948087829718e-16,3461addf3e3d3f7391c7ca3e6ed6f04cb4218b01ba586f5755021ec4660b7dca,1
subj05,lateral,5,14,A:L,B:T,8.726411840371972,4.899628994087745,0.5614712076067789,0.43852879239322107,2.6150956400350367e-16,3461addf3e3d3f7391c7ca3e6ed6f04cb4218b01ba586f5755021ec4660b7dca,1
subj05,lateral,5,15,A:P,B:B,6.741709260930716,5.122760199880693,0.7598607417807095,0.2401392582192905,1.3530843112619095e-16,3461addf3e3d3f7391c7ca3e6ed6f04cb4218b01ba586f5755021ec4660b7dca,1
subj05,lateral,5,16,A:P,B:C,7.501108958042973,5.256353684646595,0.7007435452608022,0.29925645473919776,1.4517467089580904e-16,3461addf3e3d3f7391c7ca3e6ed6f04cb4218b01ba586f5755021ec4660b7dca,1
subj05,lateral,5,17,A:P,B:D,6.375173133807711,5.700241286176867,0.8941312128369248,0.1058687871630752,2.080583968999683e-16,3461addf3e3d3f7391c7ca3e6ed6f04cb4218b01ba586f5755021ec4660b7dca,1
subj05,lateral,5,18,A:P,B:K,7.223744931885702,4.492255029167934,0.6218734287445647,0.37812657125543525,1.726049858596923e-16,3461addf3e3d3f7391c7ca3e6ed6f04cb4218b01ba586f5755021ec4660b7dca,1
subj05,lateral,5,19,A:P,B:T,6.792609379668017,5.3486160948754335,0.7874169992588096,0.21258300074119044,2.529714718951803e-16,3461addf3e3d3f7391c7ca3e6ed6f04cb4218b01ba586f5755021ec4660b7dca,1
subj05,lateral,5,20,A:R,B:B,8.250899041624297,4.830991530026435,0.5855109250101055,0.4144890749898945,2.14102824011575e-16,3461addf3e3d3f7391c7ca3e6ed6f04cb4218b01ba586f5755021ec4660b7dca,1
subj05,lateral,5,21,A:R,B:C,8.781997312102469,5.1473207790673605,0.5861218804945247,0.41387811950547526,1.3064636178450328e-16,3461addf3e3d3f7391c7ca3e6ed6f04cb4218b01ba586f5755021ec4660b7dca,1
subj05,lateral,5,22,A:R,B:D,7.956209679623248,5.436617429467654,0.6833175152976984,0.31668248470230165,1.7867651802561113e-16,3461addf3e3d3f7391c7ca3e6ed6f04cb4218b01ba586f5755021ec4660b7dca,1
subj05,lateral,5,23,A:R,B:K,8.17098142072244,5.031938696377457,0.6158303926155002,0.38416960738449984,2.7308342219478643e-16,3461addf3e3d3f7391c7ca3e6ed6f04cb4218b01ba586f5755021ec4660b7dca,1
subj05,lateral,5,24,A:R,B:T,8.37094725080021,4.93932958743371,0.5900562313257369,0.4099437686742631,2.1337098754514727e-16,3461addf3e3d3f7391c7ca3e6ed6f04cb4218b01ba586f5755021ec4660b7dca,1
subj06,lateral,0,0,A:H,B:C,7.958834551024578,5.172205995910312,0.6498697721068306,0.3501302278931694,2.3844316278387456e-16,e4c81d22f6eade6d34cb31ff0619ae26483755594bccbff91dc39b5eb47bbe7f,1
subj06,lateral,0,1,A:H,B:D,7.855506273825775,6.743954533210047,0.8585003051529126,0.14149969484708735,3.802059849681433e-16,e4c81d22f6eade6d34cb31ff0619ae26483755594bccbff91dc39b5eb47bbe7f,1
subj06,lateral,0,2,A:H,B:K,8.624905912616981,5.738077635133152,0.6652916209484883,0.33470837905151174,3.0208583030877367e-16,e4c81d22f6eade6d34cb31ff0619ae26483755594bccbff91dc39b5eb47bbe7f,1
subj06,lateral,0,3,A:H,B:T,8.502788022517134,5.795147175733401,0.6815584676916158,0.31844153230838423,3.3415110956003247e-16,e4c81d22f6eade6d34cb31ff0619ae26483755594bccbff91dc39b5eb47bbe7f,1
subj06,lateral,0,4,A:H,B:W,9.156115156472058,5.78203729596453,0.6314946019303241,0.36850539806967586,3.032513476441956e-16,e4c81d22f6eade6d34cb31ff0619ae26483755594bccbff91dc39b5eb47bbe7f,1
subj06,lateral,0,5,A:L,B:C,7.829756421479631,4.942129599618108,0.6311983839063242,0.3688016160936758,1.5959455978986625e-16,e4c81d22f6eade6d34cb31ff0619ae26483755594bccbff91dc39b5eb47bbe7f,1
subj06,lateral,0,6,A:L,B:D,8.13209890989403,6.057543826356566,0.7448930335791382,0.25510696642086184,2.896988204881268e-16,e4c81d22f6eade6d34cb31ff0619ae26483755594bccbff91dc39b5eb47bbe7f,1
subj06,lateral,0,7,A:L,B:K,8.685615852317309,5.2449578204876595,0.603867118885797,0.396132881114203,2.6281060661048627e-16,e4c81d22f6eade6d34cb31ff0619ae26483755594bccbff91dc39b5eb47bbe7f,1
subj06,lateral,0,8,A:L,B:T,8.410952409229795,5.547250024863933,0.6595269780359991,0.34047302196400087,2.529443668408682e-16,e4c81d22f6eade6d34cb31ff0619ae26483755594bccbff91dc39b5eb47bbe7f,1
subj06,lateral,0,9,A:L,B:W,8.901623809775021,5.8019360496439765,0.6517840085842287,0.34821599141577136,2.859583229930518e-16,e4c81d22f6eade6d34cb31ff0619ae26483755594bccbff91dc39b5eb47bbe7f,1
subj06,lateral,0,10,A:P,B:C,8.070831080687029,4.7696788968858295,0.590977415981281,0.40902258401871905,2.0925101928970236e-16,e4c81d22f6eade6d34cb31ff0619ae26483755594bccbff91dc39b5eb47bbe7f,1
subj06,lateral,0,11,A:P,B:D,8.472784435957637,5.7615288165193626,0.6800041780914453,0.31999582190855475,3.8077180297690916e-16,e4c81d22f6eade6d34cb31ff0619ae26483755594bccbff91dc39b5eb47bbe7f,1
subj06,lateral,0,12,A:P,B:K,8.424026312084179,5.843261630227815,0.6936423764305812,0.30635762356941876,3.014217564781263e-16,e4c81d22f6eade6d34cb31ff0619ae26483755594bccbff91dc39b5eb47bbe7f,1
subj06,lateral,0,13,A:P,B:T,8.493215248871682,5.61603227539459,0.6612374831946802,0.33876251680531977,3.123315408387617e-16,e4c81d22f6eade6d34cb31ff0619ae26483755594bccbff91dc39b5eb47bbe7f,1
subj06,lateral,0,14,A:P,B:W,8.999748843003937,5.836463796771124,0.6485140750686803,0.3514859249313197,2.8762528383324826e-16,e4c81d22f6eade6d34cb31ff0619ae26483755594bccbff91dc39b5eb47bbe7f,1
subj06,lateral,0,15,A:R,B:C,8.346403775999498,4.669432573688659,0.5594544307951942,0.4405455692048058,2.782604875684047e-16,e4c81d22f6eade6d34cb31ff0619ae26483755594bccbff91dc39b5eb47bbe7f,1
subj06,lateral,0,16,A:R,B:D,8.521573789751171,5.995329514503476,0.7035472158574759,0.29645278414252413,3.9302667565778437e-16,e4c81d22f6eade6d34cb31ff0619ae26483755594bccbff91dc39b5eb47bbe7f,1
subj06,lateral,0,17,A:R,B:K,8.994229147144146,5.271591152062485,0.5861081662274887,0.4138918337725113,3.514712392654884e-16,e4c81d22f6eade6d34cb31ff0619ae26483755594bccbff91dc39b5eb47bbe7f,1
subj06,lateral,0,18,A:R,B:T,8.70004516861652,5.617975016483625,0.6457409022138438,0.3542590977861561,3.7133924407628527e-16,e4c81d22f6eade6d34cb31ff0619ae26483755594bccbff91dc39b5eb47bbe7f,1
subj06,lateral,0,19,A:R,B:W,9.19505661939439,5.838546745052553,0.6349658285668169,0.36503417143318306,3.334463781479169e-16,e4c81d22f6eade6d34cb31ff0619ae26483755594bccbff91dc39b5eb47bbe7f,1
subj06,lateral,0,20,A:V,B:C,9.094128417821953,5.0359906547715605,0.5537628702166142,0.44623712978338587,3.0170635954840375e-16,e4c81d22f6eade6d34cb31ff0619ae26483755594bccbff91dc39b5eb47bbe7f,1
subj06,lateral,0,21,A:V,B:D,8.653841884851785,7.090171611193587,0.8193091236858231,0.18069087631417693,4.01222566455417e-16,e4c81d22f6eade6d34cb31ff0619ae26483755594bccbff91dc39b5eb47bbe7f,1
subj06,lateral,0,22,A:V,B:K,9.68642875847299,5.608675969906638,0.579024128474653,0.420975871525347,3.6800532239589234e-16,e4c81d22f6eade6d34cb31ff0619ae26483755594bccbff91dc39b5eb47bbe7f,1
subj06,lateral,0,23,A:V,B:T,9.359039096092038,6.021555731051775,0.6433946550737389,0.356605344926261,3.686287386450715e-16,e4c81d22f6eade6d34cb31ff0619ae26483755594bccbff91dc39b5eb47bbe7f,1
subj06,lateral,0,24,A:V,B:W,9.76432033313937,6.316174456299741,0.646862683812525,0.35313731618747496,3.718135825267477e-16,e4c81d22f6eade6d34cb31ff0619ae26483755594bccbff91dc39b5eb47bbe7f,1
subj06,lateral,1,0,A:E,B:B,8.751570145258734,6.683618109083574,0.7637050264294005,0.23629497357059945,2.0296264668928643e-16,8742a0e538001d792d3e0b55c30e3f0089d72c4a9ec9c4f4d9d52c302116c884,1
subj06,lateral,1,1,A:E,B:D,8.229072254364569,7.348770343540577,0.893025375933831,0.10697462406616899,2.1423834928313568e-16,8742a0e538001d792d3e0b55c30e3f0089d72c4a9ec9c4f4d9d52c302116c884,1
subj06,lateral,1,2,A:E,B:K,9.45864122969376,5.99776116928589,0.6341038869787091,0.3658961130212909,1.93421667571414e-16,8742a0e538001d792d3e0b55c30e3f0089d72c4a9ec9c4f4d9d52c302116c884,1
subj06,lateral,1,3,A:E,B:T,8.799482353794078,6.2095901512916205,0.7056767547939031,0.29432324520609693,2.0816681711721685e-16,8742a0e538001d792d3e0b55c30e3f0089d72c4a9ec9c4f4d9d52c302116c884,1
subj06,lateral,1,4,A:E,B:W,9.175823327004526,6.521249918838249,0.7106991586952373,0.2893008413047628,2.3071822230491534e-16,8742a0e538001d792d3e0b55c30e3f0089d72c4a9ec9c4f4d9d52c302116c884,1
subj06,lateral,1,5,A:L,B:B,8.51002388093852,5.341009579518796,0.627613935547472,0.37238606445252803,1.5959455978986625e-16,8742a0e538001d792d3e0b55c30e3f0089d72c4a9ec9c4f4d9d52c302116c884,1
subj06,lateral,1,6,A:L,B:D,8.314880584594352,5.680754821394045,0.6832034162846832,0.3167965837153169,1.960237527853792e-16,8742a0e538001d792d3e0b55c30e3f0089d72c4a9ec9c4f4d9d52c302116c884,1
subj06,lateral,1,7,A:L,B:K,8.783449135374665,5.289254483322198,0.6021842219157544,0.3978157780842457,1.3341107732434132e-16,8742a0e538001d792d3e0b55c30e3f0089d72c4a9ec9c4f4d9d52c302116c884,1
subj06,lateral,1,8,A:L,B:T,8.086895247011219,5.502561544664466,0.6804294326302941,0.3195705673697059,1.8908485888147197e-16,8742a0e538001d792d3e0b55c30e3f0089d72c4a9ec9c4f4d9d52c302116c884,1
subj06,lateral,1,9,A:L,B:W,8.623351443171252,5.660954236443368,0.6564679955061118,0.3435320044938882,1.8214596497756474e-16,8742a0e538001d792d3e0b55c30e3f0089d72c4a9ec9c4f4d9d52c302116c884,1
subj06,lateral,1,10,A:P,B:B,8.378853020576678,5.420060241896964,0.6468737700239461,0.35312622997605386,2.0990154059319366e-16,8742a0e538001d792d3e0b55c30e3f0089d72c4a9ec9c4f4d9d52c302116c884,1
subj06,lateral,1,11,A:P,B:D,8.396510165909447,5.4352711702544125,0.6473250270477943,0.35267497295220573,2.7186369475074024e-16,8742a0e538001d792d3e0b55c30e3f0089d72c4a9ec9c4f4d9d52c302116c884,1
subj06,lateral,1,12,A:P,B:K,8.338654335297916,5.85041680250551,0.701602029207569,0.298397970792431,1.726049858596923e-16,8742a0e538001d792d3e0b55c30e3f0089d72c4a9ec9c4f4d9d52c302116c884,1
subj06,lateral,1,13,A:P,B:T,7.987516627262893,5.523674284542425,0.6915383769830398,0.3084616230169602,2.1337098754514727e-16,8742a0e538001d792d3e0b55c30e3f0089d72c4a9ec9c4f4d9d52c302116c884,1
subj06,lateral,1,14,A:P,B:W,8.509293450081257,5.712780333910776,0.671357776932258,0.3286422230677421,1.929879867024198e-16,8742a0e538001d792d3e0b55c30e3f0089d72c4a9ec9c4f4d9d52c302116c884,1
subj06,lateral,1,15,A:R,B:B,8.958815006261844,5.09448499512397,0.5686561215476751,0.43134387845232497,1.700029006457271e-16,8742a0e538001d792d3e0b55c30e3f0089d72c4a9ec9c4f4d9d52c302116c884,1
subj06,lateral,1,16,A:R,B:D,8.764342839552443,5.464591747509768,0.6235027368907469,0.3764972631092531,2.3741655885180235e-16,8742a0e538001d792d3e0b55c30e3f0089d72c4a9ec9c4f4d9d52c302116c884,1
subj06,lateral,1,17,A:R,B:K,9.10163042715753,5.249073172457056,0.5767178984541959,0.42328210154580415,1.8388068845354155e-16,8742a0e538001d792d3e0b55c30e3f0089d72c4a9ec9c4f4d9d52c302116c884,1
subj06,lateral,1,18,A:R,B:T,8.429650030075557,5.466654603933763,0.6485031507155895,0.35149684928441044,2.2871244828581716e-16,8742a0e538001d792d3e0b55c30e3f0089d72c4a9ec9c4f4d9d52c302116c884,1
subj06,lateral,1,19,A:R,B:W,8.991887556418195,5.551738921418381,0.6174164085777165,0.38258359142228354,1.9149720871525222e-16,8742a0e538001d792d3e0b55c30e3f0089d72c4a9ec9c4f4d9d52c302116c884,1
subj06,lateral,1,20,A:V,B:B,9.06311415718351,6.021292479912293,0.6643734565717414,0.3356265434282586,2.091425990724538e-16,8742a0e538001d792d3e0b55c30e3f0089d72c4a9ec9c4f4d9d52c302116c884,1
subj06,lateral,1,21,A:V,B:D,8.726783289795488,6.534568039429624,0.748794581282969,0.2512054187170309,2.4765888125000135e-16,8742a0e538001d792d3e0b55c30e3f0089d72c4a9ec9c4f4d9d52c302116c884,1
subj06,lateral,1,22,A:V,B:K,9.586430210010903,5.538470827203234,0.5777406924028433,0.42225930759715663,1.6306400674181987e-16,8742a0e538001d792d3e0b55c30e3f0089d72c4a9ec9c4f4d9d52c302116c884,1
subj06,lateral,1,23,A:V,B:T,8.943421710958079,5.756768013482002,0.6436874162411937,0.35631258375880626,2.329950468671349e-16,8742a0e538001d792d3e0b55c30e3f0089d72c4a9ec9c4f4d9d52c302116c884,1
subj06,lateral,1,24,A:V,B:W,9.436150897400195,5.900572920757474,0.6253156594160839,0.37468434058391614,2.0990154059319366e-16,8742a0e538001d792d3e0b55c30e3f0089d72c4a9ec9c4f4d9d52c302116c884,1
subj06,lateral,2,0,A:E,B:B,8.784091820827141,6.64073388933791,0.7559955001372691,0.24400449986273084,1.7694179454963432e-16,399a10af2d33ce75a6232d028390ce83be34e4712f2afe4722a23ceb6c54afe8,1
subj06,lateral,2,1,A:E,B:C,8.953602357674356,5.636270981870765,0.6294975761392594,0.37050242386074067,1.3444106938820255e-16,399a10af2d33ce75a6232d028390ce83be34e4712f2afe4722a23ceb6c54afe8,1
subj06,lateral,2,2,A:E,B:K,9.54200882848457,5.866301547085182,0.6147868496592921,0.3852131503407079,1.4682807920884944e-16,399a10af2d33ce75a6232d028390ce83be34e4712f2afe4722a23ceb6c54afe8,1
subj06,lateral,2,3,A:E,B:T,8.89292566826202,6.200544001263546,0.6972445551178597,0.3027554448821404,1.5525775109992423e-16,399a10af2d33ce75a6232d028390ce83be34e4712f2afe4722a23ceb6c54afe8,1
subj06,lateral,2,4,A:E,B:W,9.00810037792779,6.776066406537369,0.7522192384912263,0.24778076150877373,1.6046192152785466e-16,399a10af2d33ce75a6232d028390ce83be34e4712f2afe4722a23ceb6c54afe8,1
subj06,lateral,2,5,A:H,B:B,7.934039329032332,5.8664529863271495,0.739403063564426,0.26059693643557397,2.356513421897244e-16,399a10af2d33ce75a6232d028390ce83be34e4712f2afe4722a23ceb6c54afe8,1
subj06,lateral,2,6,A:H,B:C,7.788563737462255,5.232347052481658,0.6717987075479095,0.3282012924520905,1.4956568969437534e-16,399a10af2d33ce75a6232d028390ce83be34e4712f2afe4722a23ceb6c54afe8,1
subj06,lateral,2,7,A:H,B:K,8.372808899459663,5.609289836248061,0.6699412232626085,0.33005877673739153,2.398526256081057e-16,399a10af2d33ce75a6232d028390ce83be34e4712f2afe4722a23ceb6c54afe8,1
subj06,lateral,2,8,A:H,B:T,7.963012312522179,5.4978125443811106,0.6904186918982361,0.30958130810176393,2.2285775655439544e-16,399a10af2d33ce75a6232d028390ce83be34e4712f2afe4722a23ceb6c54afe8,1
subj06,lateral,2,9,A:H,B:W,8.57774751231604,5.439469734200043,0.6341373101026793,0.36586268989732074,2.018513394624888e-16,399a10af2d33ce75a6232d028390ce83be34e4712f2afe4722a23ceb6c54afe8,1
subj06,lateral,2,10,A:P,B:B,8.154629690076787,5.482895424963298,0.672365960607056,0.32763403939294394,2.1597307275911248e-16,399a10af2d33ce75a6232d028390ce83be34e4712f2afe4722a23ceb6c54afe8,1
subj06,lateral,2,11,A:P,B:C,8.014217305923774,4.796600739221908,0.5985114398727948,0.4014885601272052,1.7650811368064012e-16,399a10af2d33ce75a6232d028390ce83be34e4712f2afe4722a23ceb6c54afe8,1
subj06,lateral,2,12,A:P,B:K,8.157868142876374,5.8491987148066915,0.7170008894927209,0.2829991105072791,2.1564781210736683e-16,399a10af2d33ce75a6232d028390ce83be34e4712f2afe4722a23ceb6c54afe8,1
subj06,lateral,2,13,A:P,B:T,7.851812777682109,5.583943129609117,0.7111661074600307,0.2888338925399693,2.402592014227878e-16,399a10af2d33ce75a6232d028390ce83be34e4712f2afe4722a23ceb6c54afe8,1
subj06,lateral,2,14,A:P,B:W,8.202853704662658,5.922385615794635,0.7219908862239294,0.27800911377607057,2.404760418572849e-16,399a10af2d33ce75a6232d028390ce83be34e4712f2afe4722a23ceb6c54afe8,1
subj06,lateral,2,15,A:R,B:B,8.658415291666717,5.185330333368206,0.5988775265098247,0.40112247349017527,2.342960894741175e-16,399a10af2d33ce75a6232d028390ce83be34e4712f2afe4722a23ceb6c54afe8,1
subj06,lateral,2,16,A:R,B:C,8.470101298053406,4.559399092483294,0.5382933370030808,0.4617066629969192,1.6955566724957682e-16,399a10af2d33ce75a6232d028390ce83be34e4712f2afe4722a23ceb6c54afe8,1
subj06,lateral,2,17,A:R,B:K,8.922387022446324,5.143017253450169,0.5764171897623048,0.4235828102376952,2.3162624162437195e-16,399a10af2d33ce75a6232d028390ce83be34e4712f2afe4722a23ceb6c54afe8,1
subj06,lateral,2,18,A:R,B:T,8.252049150980849,5.480031750458052,0.664081326976426,0.335918673023574,2.7424893953020835e-16,399a10af2d33ce75a6232d028390ce83be34e4712f2afe4722a23ceb6c54afe8,1
subj06,lateral,2,19,A:R,B:W,8.551381779769844,5.876309074975601,0.6871765553582567,0.3128234446417432,1.9773137120704387e-16,399a10af2d33ce75a6232d028390ce83be34e4712f2afe4722a23ceb6c54afe8,1
subj06,lateral,2,20,A:V,B:B,8.791762499025259,5.998638993509023,0.6823022112089687,0.3176977887910312,2.656566373132607e-16,399a10af2d33ce75a6232d028390ce83be34e4712f2afe4722a23ceb6c54afe8,1
subj06,lateral,2,21,A:V,B:C,8.882279488690529,5.005876422087175,0.5635801517460657,0.4364198482539343,1.730386667286865e-16,399a10af2d33ce75a6232d028390ce83be34e4712f2afe4722a23ceb6c54afe8,1
subj06,lateral,2,22,A:V,B:K,9.401966464203177,5.393106232793941,0.5736147063837682,0.4263852936162318,2.513722736907642e-16,399a10af2d33ce75a6232d028390ce83be34e4712f2afe4722a23ceb6c54afe8,1
subj06,lateral,2,23,A:V,B:T,8.782423059536171,5.693773789338379,0.6483146793020793,0.3516853206979207,2.4492127076447545e-16,399a10af2d33ce75a6232d028390ce83be34e4712f2afe4722a23ceb6c54afe8,1
subj06,lateral,2,24,A:V,B:W,9.084473061695693,6.045861350042925,0.6655159092864781,0.3344840907135219,2.4722520038100715e-16,399a10af2d33ce75a6232d028390ce83be34e4712f2afe4722a23ceb6c54afe8,1
subj06,lateral,3,0,A:E,B:B,8.41159839825294,6.656895068718077,0.7913947805806673,0.20860521941933277,2.1684043449710089e-16,0789218cca5a22c6f3d37e0732ddf58ec2b6a0ebad6346167d8f310c117bbb67,1
subj06,lateral,3,1,A:E,B:C,8.463751623321642,5.803281113234109,0.6856629744714298,0.3143370255285702,1.7520707107365752e-16,0789218cca5a22c6f3d37e0732ddf58ec2b6a0ebad6346167d8f310c117bbb67,1
subj06,lateral,3,2,A:E,B:D,8.039392819393747,7.2641415152908575,0.9035684259347646,0.09643157406523536,2.1206994493816467e-16,0789218cca5a22c6f3d37e0732ddf58ec2b6a0ebad6346167d8f310c117bbb67,1
subj06,lateral,3,3,A:E,B:T,8.541359842327578,6.208114662429001,0.7268297761749899,0.2731702238250101,2.1510571102112408e-16,0789218cca5a22c6f3d37e0732ddf58ec2b6a0ebad6346167d8f310c117bbb67,1
subj06,lateral,3,4,A:E,B:W,8.82542386586216,6.529893800113782,0.7398957715076129,0.2601042284923871,2.0209528495129803e-16,0789218cca5a22c6f3d37e0732ddf58ec2b6a0ebad6346167d8f310c117bbb67,1
subj06,lateral,3,5,A:H,B:B,7.899003943363682,5.908743127620271,0.7480364828257212,0.2519635171742788,1.979753166958531e-16,0789218cca5a22c6f3d37e0732ddf58ec2b6a0ebad6346167d8f310c117bbb67,1
subj06,lateral,3,6,A:H,B:C,7.667468637891487,5.362961586988128,0.6994435634839341,0.3005564365160659,1.5899824859499923e-16,0789218cca5a22c6f3d37e0732ddf58ec2b6a0ebad6346167d8f310c117bbb67,1
subj06,lateral,3,7,A:H,B:D,7.7109259359304385,6.338728511724372,0.8220450519681343,0.1779549480318657,3.203139793336862e-16,0789218cca5a22c6f3d37e0732ddf58ec2b6a0ebad6346167d8f310c117bbb67,1
subj06,lateral,3,8,A:H,B:T,7.954758143651715,5.5186599433249315,0.6937558431904169,0.30624415680958306,2.2372511829238384e-16,0789218cca5a22c6f3d37e0732ddf58ec2b6a0ebad6346167d8f310c117bbb67,1
subj06,lateral,3,9,A:H,B:W,8.600825739483524,5.365788397616122,0.6238689819029324,0.3761310180970676,1.9287956648517124e-16,0789218cca5a22c6f3d37e0732ddf58ec2b6a0ebad6346167d8f310c117bbb67,1
subj06,lateral,3,10,A:L,B:B,8.099670269050618,5.285269269932929,0.6525289418420274,0.34747105815797263,1.7867651802561113e-16,0789218cca5a22c6f3d37e0732ddf58ec2b6a0ebad6346167d8f310c117bbb67,1
subj06,lateral,3,11,A:L,B:C,7.579470603242882,5.131693555611229,0.6770517130069257,0.3229482869930744,1.3097162243624894e-16,0789218cca5a22c6f3d37e0732ddf58ec2b6a0ebad6346167d8f310c117bbb67,1
subj06,lateral,3,12,A:L,B:D,7.894199164880863,5.792296483909604,0.7337408599567579,0.26625914004324214,3.2439329000766293e-16,0789218cca5a22c6f3d37e0732ddf58ec2b6a0ebad6346167d8f310c117bbb67,1
subj06,lateral,3,13,A:L,B:T,7.808364600250085,5.384649296024658,0.6896001367369806,0.3103998632630194,1.734723475976807e-16,0789218cca5a22c6f3d37e0732ddf58ec2b6a0ebad6346167d8f310c117bbb67,1
subj06,lateral,3,14,A:L,B:W,8.218692538607948,5.6080480171222895,0.682352818380545,0.31764718161945504,1.7867651802561113e-16,0789218cca5a22c6f3d37e0732ddf58ec2b6a0ebad6346167d8f310c117bbb67,1
subj06,lateral,3,15,A:R,B:B,8.524360180038741,5.1778659186968445,0.6074198895093277,0.3925801104906723,1.9727058528373753e-16,0789218cca5a22c6f3d37e0732ddf58ec2b6a0ebad6346167d8f310c117bbb67,1
subj06,lateral,3,16,A:R,B:C,8.117531579731109,4.88104667609167,0.601296912509622,0.398703087490378,1.7190025444757673e-16,0789218cca5a22c6f3d37e0732ddf58ec2b6a0ebad6346167d8f310c117bbb67,1
subj06,lateral,3,17,A:R,B:D,8.42086938183407,5.558265925124427,0.6600584420790332,0.3399415579209668,3.099327435321375e-16,0789218cca5a22c6f3d37e0732ddf58ec2b6a0ebad6346167d8f310c117bbb67,1
subj06,lateral,3,18,A:R,B:T,8.133497478393917,5.454127498378623,0.6705759131132877,0.3294240868867123,2.293087594806842e-16,0789218cca5a22c6f3d37e0732ddf58ec2b6a0ebad6346167d8f310c117bbb67,1
subj06,lateral,3,19,A:R,B:W,8.61111500367662,5.548160977113691,0.6443022738338573,0.3556977261661427,2.0494131565407248e-16,0789218cca5a22c6f3d37e0732ddf58ec2b6a0ebad6346167d8f310c117bbb67,1
subj06,lateral,3,20,A:V,B:B,8.669477869646158,6.080327629575342,0.7013487687492659,0.2986512312507341,3.099734011136057e-16,0789218cca5a22c6f3d37e0732ddf58ec2b6a0ebad6346167d8f310c117bbb67,1
subj06,lateral,3,21,A:V,B:C,8.702709696703337,5.161104358686467,0.5930456764105941,0.40695432358940586,2.3706080501395554e-16,0789218cca5a22c6f3d37e0732ddf58ec2b6a0ebad6346167d8f310c117bbb67,1
subj06,lateral,3,22,A:V,B:D,8.433566774505188,6.582972836378815,0.7805680576668048,0.21943194233319516,3.66948225277719e-16,0789218cca5a22c6f3d37e0732ddf58ec2b6a0ebad6346167d8f310c117bbb67,1
subj06,lateral,3,23,A:V,B:T,8.681142617615317,5.761446824927097,0.6636737902722936,0.3363262097277065,2.9934821982324777e-16,0789218cca5a22c6f3d37e0732ddf58ec2b6a0ebad6346167d8f310c117bbb67,1
subj06,lateral,3,24,A:V,B:W,9.09140224608664,5.910585055524699,0.6501290885098487,0.3498709114901512,2.5104701303901855e-16,0789218cca5a22c6f3d37e0732ddf58ec2b6a0ebad6346167d8f310c117bbb67,1
subj06,lateral,4,0,A:E,B:B,8.677836029361552,6.783434174493607,0.7816965141472809,0.21830348585271908,2.39120789141678e-16,305dfcdc4bacb03a22ac9f2fbfba2d0ac952e9d585fbb571a3a0e17b34c154ab,1
subj06,lateral,4,1,A:E,B:C,8.582949484551754,5.662861217234062,0.6597803269641177,0.3402196730358823,1.8523594116914843e-16,305dfcdc4bacb03a22ac9f2fbfba2d0ac952e9d585fbb571a3a0e17b34c154ab,1
subj06,lateral,4,2,A:E,B:D,8.113530146454591,7.376466901354049,0.9091562819394193,0.09084371806058066,2.015396313378992e-16,305dfcdc4bacb03a22ac9f2fbfba2d0ac952e9d585fbb571a3a0e17b34c154ab,1
subj06,lateral,4,3,A:E,B:K,9.120743055911738,5.905221228789521,0.6474495764862017,0.35255042351379823,2.2394195872688094e-16,305dfcdc4bacb03a22ac9f2fbfba2d0ac952e9d585fbb571a3a0e17b34c154ab,1
subj06,lateral,4,4,A:E,B:W,9.050239369895339,6.61766480964044,0.7312143402144036,0.26878565978559643,2.8622937353617317e-16,305dfcdc4bacb03a22ac9f2fbfba2d0ac952e9d585fbb571a3a0e17b34c154ab,1
subj06,lateral,4,5,A:H,B:B,8.39670184374046,5.862482579687667,0.6981887280013409,0.30181127199865904,2.636779683484747e-16,305dfcdc4bacb03a22ac9f2fbfba2d0ac952e9d585fbb571a3a0e17b34c154ab,1
subj06,lateral,4,6,A:H,B:C,7.980890631268917,5.059040447494712,0.6338942207369095,0.36610577926309046,2.2963402013242984e-16,305dfcdc4bacb03a22ac9f2fbfba2d0ac952e9d585fbb571a3a0e17b34c154ab,1
subj06,lateral,4,7,A:H,B:D,8.06532068284927,6.224606346159218,0.7717741911236969,0.22822580887630312,3.3995836744640795e-16,305dfcdc4bacb03a22ac9f2fbfba2d0ac952e9d585fbb571a3a0e17b34c154ab,1
subj06,lateral,4,8,A:H,B:K,8.384544430588603,5.595756681811394,0.6673894721574714,0.33261052784252865,2.514264837993885e-16,305dfcdc4bacb03a22ac9f2fbfba2d0ac952e9d585fbb571a3a0e17b34c154ab,1
subj06,lateral,4,9,A:H,B:W,8.96292938593586,5.377704296958603,0.5999940494228375,0.4000059505771625,3.010287331906003e-16,305dfcdc4bacb03a22ac9f2fbfba2d0ac952e9d585fbb571a3a0e17b34c154ab,1
subj06,lateral,4,10,A:L,B:B,8.521609155693561,5.329208693550477,0.6253758646029737,0.3746241353970263,2.260019428546034e-16,305dfcdc4bacb03a22ac9f2fbfba2d0ac952e9d585fbb571a3a0e17b34c154ab,1
subj06,lateral,4,11,A:L,B:C,7.8395433632474,4.89643231602619,0.6245813166849968,0.3754186833150031,1.571008947931496e-16,305dfcdc4bacb03a22ac9f2fbfba2d0ac952e9d585fbb571a3a0e17b34c154ab,1
subj06,lateral,4,12,A:L,B:D,8.215874536643758,5.69556946511664,0.6932395863293356,0.3067604136706645,2.949029909160572e-16,305dfcdc4bacb03a22ac9f2fbfba2d0ac952e9d585fbb571a3a0e17b34c154ab,1
subj06,lateral,4,13,A:L,B:K,8.428067695363493,5.169694103611933,0.6133901969553378,0.3866098030446622,1.9488534050426942e-16,305dfcdc4bacb03a22ac9f2fbfba2d0ac952e9d585fbb571a3a0e17b34c154ab,1
subj06,lateral,4,14,A:L,B:W,8.563904037172664,5.662008334230517,0.6611480359487779,0.33885196405122203,2.990229591715021e-16,305dfcdc4bacb03a22ac9f2fbfba2d0ac952e9d585fbb571a3a0e17b34c154ab,1
subj06,lateral,4,15,A:P,B:B,8.58431195698311,5.409819207526217,0.6301983472449966,0.3698016527550035,2.5595302786951546e-16,305dfcdc4bacb03a22ac9f2fbfba2d0ac952e9d585fbb571a3a0e17b34c154ab,1
subj06,lateral,4,16,A:P,B:C,8.069577262197678,4.717380640799788,0.5845883232196789,0.41541167678032104,2.1139231858036123e-16,305dfcdc4bacb03a22ac9f2fbfba2d0ac952e9d585fbb571a3a0e17b34c154ab,1
subj06,lateral,4,17,A:P,B:D,8.519450600587637,5.412701278391015,0.6353345458705599,0.3646654541294401,3.2412223946454155e-16,305dfcdc4bacb03a22ac9f2fbfba2d0ac952e9d585fbb571a3a0e17b34c154ab,1
subj06,lateral,4,18,A:P,B:K,8.128549286089434,5.79853571492606,0.7133543158616534,0.28664568413834657,2.6365086329416254e-16,305dfcdc4bacb03a22ac9f2fbfba2d0ac952e9d585fbb571a3a0e17b34c154ab,1
subj06,lateral,4,19,A:P,B:W,8.660640644232984,5.685979431669287,0.6565310425915791,0.34346895740842087,3.201920065892816e-16,305dfcdc4bacb03a22ac9f2fbfba2d0ac952e9d585fbb571a3a0e17b34c154ab,1
subj06,lateral,4,20,A:V,B:B,9.147220121712724,6.0610796518676455,0.662614386799382,0.33738561320061794,3.314406041288187e-16,305dfcdc4bacb03a22ac9f2fbfba2d0ac952e9d585fbb571a3a0e17b34c154ab,1
subj06,lateral,4,21,A:V,B:C,8.979392378381345,4.918743405003438,0.5477813194627438,0.4522186805372562,3.0235688085189505e-16,305dfcdc4bacb03a22ac9f2fbfba2d0ac952e9d585fbb571a3a0e17b34c154ab,1
subj06,lateral,4,22,A:V,B:D,8.725941256770884,6.571764581659934,0.7531295923589425,0.2468704076410575,4.078090946532664e-16,305dfcdc4bacb03a22ac9f2fbfba2d0ac952e9d585fbb571a3a0e17b34c154ab,1
subj06,lateral,4,23,A:V,B:K,9.379164521697646,5.401793190877797,0.5759354341616839,0.42406456583831603,2.9154196418135214e-16,305dfcdc4bacb03a22ac9f2fbfba2d0ac952e9d585fbb571a3a0e17b34c154ab,1
subj06,lateral,4,24,A:V,B:W,9.443128010718713,5.967927505215995,0.6319862971720721,0.3680137028279279,3.658911281595456e-16,305dfcdc4bacb03a22ac9f2fbfba2d0ac952e9d585fbb571a3a0e17b34c154ab,1
subj06,lateral,5,0,A:E,B:B,8.548550697059271,7.286858769062069,0.8524086745568195,0.14759132544318052,1.708702623837155e-16,5be5c1905a0fd1b2a22f806ed39e8f82666b78fd174ae0c8370382d748a7a0d8,1
subj06,lateral,5,1,A:E,B:C,8.701485606326239,5.743908756510939,0.66010667791428,0.33989332208571993,1.5720931501039814e-16,5be5c1905a0fd1b2a22f806ed39e8f82666b78fd174ae0c8370382d748a7a0d8,1
subj06,lateral,5,2,A:E,B:D,8.705717776427024,7.452953783467872,0.8560987129227491,0.14390128707725097,2.5522119140308774e-16,5be5c1905a0fd1b2a22f806ed39e8f82666b78fd174ae0c8370382d748a7a0d8,1
subj06,lateral,5,3,A:E,B:K,9.428869861587794,5.9922571672738725,0.6355223112884065,0.3644776887115935,1.9233746539892849e-16,5be5c1905a0fd1b2a22f806ed39e8f82666b78fd174ae0c8370382d748a7a0d8,1
subj06,lateral,5,4,A:E,B:T,8.760339956482285,6.4935605646013075,0.7412452709436629,0.2587547290563371,1.6132928326584306e-16,5be5c1905a0fd1b2a22f806ed39e8f82666b78fd174ae0c8370382d748a7a0d8,1
subj06,lateral,5,5,A:H,B:B,7.948209592283629,6.309297576032593,0.7938011073786803,0.20619889262131974,1.8892222855559915e-16,5be5c1905a0fd1b2a22f806ed39e8f82666b78fd174ae0c8370382d748a7a0d8,1
subj06,lateral,5,6,A:H,B:C,7.643778850938989,5.204442940749234,0.6808730396628236,0.3191269603371764,1.6534083130403943e-16,5be5c1905a0fd1b2a22f806ed39e8f82666b78fd174ae0c8370382d748a7a0d8,1
subj06,lateral,5,7,A:H,B:D,7.897826052777393,6.765029758007511,0.8565685940409492,0.14343140595905082,4.259830335695547e-16,5be5c1905a0fd1b2a22f806ed39e8f82666b78fd174ae0c8370382d748a7a0d8,1
subj06,lateral,5,8,A:H,B:K,8.354377506198645,5.64095303958265,0.6752092583076676,0.3247907416923323,1.8404331877941438e-16,5be5c1905a0fd1b2a22f806ed39e8f82666b78fd174ae0c8370382d748a7a0d8,1
subj06,lateral,5,9,A:H,B:T,7.952833668537627,5.698031544771457,0.7164781488280787,0.28352185117192136,2.553296116203363e-16,5be5c1905a0fd1b2a22f806ed39e8f82666b78fd174ae0c8370382d748a7a0d8,1
subj06,lateral,5,10,A:L,B:B,8.272464270849225,5.480153172273088,0.6624571582115172,0.3375428417884829,1.8041124150158794e-16,5be5c1905a0fd1b2a22f806ed39e8f82666b78fd174ae0c8370382d748a7a0d8,1
subj06,lateral,5,11,A:L,B:C,7.516734684991185,4.949419501242414,0.6584533988042732,0.34154660119572683,1.43982048506075e-16,5be5c1905a0fd1b2a22f806ed39e8f82666b78fd174ae0c8370382d748a7a0d8,1
subj06,lateral,5,12,A:L,B:D,8.259189881149783,5.950759512198506,0.7205015985623623,0.27949840143763766,4.1465312086708117e-16,5be5c1905a0fd1b2a22f806ed39e8f82666b78fd174ae0c8370382d748a7a0d8,1
subj06,lateral,5,13,A:L,B:K,8.283825414620324,5.336542278404301,0.6442123066700208,0.3557876933299791,1.5243882545146192e-16,5be5c1905a0fd1b2a22f806ed39e8f82666b78fd174ae0c8370382d748a7a0d8,1
subj06,lateral,5,14,A:L,B:T,7.848543546417344,5.440584832798624,0.693196744163076,0.306803255836924,1.927711462679227e-16,5be5c1905a0fd1b2a22f806ed39e8f82666b78fd174ae0c8370382d748a7a0d8,1
subj06,lateral,5,15,A:P,B:B,8.311756781784739,5.610359518923815,0.6749908191754298,0.32500918082457025,2.0079424234431542e-16,5be5c1905a0fd1b2a22f806ed39e8f82666b78fd174ae0c8370382d748a7a0d8,1
subj06,lateral,5,16,A:P,B:C,7.741420281293472,4.812915600680966,0.621709637998985,0.3782903620010149,2.3809079707781677e-16,5be5c1905a0fd1b2a22f806ed39e8f82666b78fd174ae0c8370382d748a7a0d8,1
subj06,lateral,5,17,A:P,B:D,8.509011561393388,5.772189302167207,0.6783619061415385,0.32163809385846154,4.488596994089988e-16,5be5c1905a0fd1b2a22f806ed39e8f82666b78fd174ae0c8370382d748a7a0d8,1
subj06,lateral,5,18,A:P,B:K,7.965507489393254,5.978865130825249,0.750594376916551,0.24940562308344907,2.0800418679134403e-16,5be5c1905a0fd1b2a22f806ed39e8f82666b78fd174ae0c8370382d748a7a0d8,1
subj06,lateral,5,19,A:P,B:T,7.89629538846287,5.56271598125409,0.7044716170802919,0.29552838291970807,2.8536201179818477e-16,5be5c1905a0fd1b2a22f806ed39e8f82666b78fd174ae0c8370382d748a7a0d8,1
subj06,lateral,5,20,A:R,B:B,8.611298636334139,5.371737451273674,0.6238010871680142,0.3761989128319858,2.1190731461229184e-16,5be5c1905a0fd1b2a22f806ed39e8f82666b78fd174ae0c8370382d748a7a0d8,1
subj06,lateral,5,21,A:R,B:C,7.99945510099799,4.642311423896513,0.5803284555365966,0.4196715444634034,2.1499729080387553e-16,5be5c1905a0fd1b2a22f806ed39e8f82666b78fd174ae0c8370382d748a7a0d8,1
subj06,lateral,5,22,A:R,B:D,8.528089401554046,5.953295807324222,0.6980808393307149,0.30191916066928515,3.563772540959853e-16,5be5c1905a0fd1b2a22f806ed39e8f82666b78fd174ae0c8370382d748a7a0d8,1
subj06,lateral,5,23,A:R,B:K,8.613244468413777,5.239918917496744,0.6083559960143256,0.3916440039856744,2.1667780417122806e-16,5be5c1905a0fd1b2a22f806ed39e8f82666b78fd174ae0c8370382d748a7a0d8,1
subj06,lateral,5,24,A:R,B:T,8.122912508281697,5.455472028265121,0.6716152639466456,0.3283847360533544,2.822720356066011e-16,5be5c1905a0fd1b2a22f806ed39e8f82666b78fd174ae0c8370382d748a7a0d8,1
subj07,lateral,0,0,A:H,B:C,8.871456570650315,6.7919767316975515,0.765598825582671,0.23440117441732894,4.440892098500626e-16,d01d656f700cf9a1a1db110cac2386ea3e5c3cd62e6ded783bf90ab1b5c0e6f1,1
subj07,lateral,0,1,A:H,B:D,8.90346629124985,6.326340459906895,0.7105480329750107,0.2894519670249893,4.158999533654395e-16,d01d656f700cf9a1a1db110cac2386ea3e5c3cd62e6ded783bf90ab1b5c0e6f1,1
subj07,lateral,0,2,A:H,B:K,9.697248591169433,6.368413194260386,0.6567237226505288,0.34327627734947125,3.642919299551295e-16,d01d656f700cf9a1a1db110cac2386ea3e5c3cd62e6ded783bf90ab1b5c0e6f1,1
subj07,lateral,0,3,A:H,B:T,9.292866411292792,6.401699444756326,0.6888831886119563,0.3111168113880437,2.4029308274067795e-16,d01d656f700cf9a1a1db110cac2386ea3e5c3cd62e6ded783bf90ab1b5c0e6f1,1
subj07,lateral,0,4,A:H,B:W,11.147937022874894,6.522193139701078,0.5850583050763501,0.41494169492364985,3.2482697087665713e-16,d01d656f700cf9a1a1db110cac2386ea3e5c3cd62e6ded783bf90ab1b5c0e6f1,1
subj07,lateral,0,5,A:L,B:C,9.36494529446722,5.6886154074825,0.6074371209454171,0.3925628790545828,5.406374133098968e-16,d01d656f700cf9a1a1db110cac2386ea3e5c3cd62e6ded783bf90ab1b5c0e6f1,1
subj07,lateral,0,6,A:L,B:D,9.129705079510002,5.583156525568847,0.6115374458370236,0.38846255416297637,5.303917027799088e-16,d01d656f700cf9a1a1db110cac2386ea3e5c3cd62e6ded783bf90ab1b5c0e6f1,1
subj07,lateral,0,7,A:L,B:K,9.980676008921796,5.496205897749429,0.5506847324606402,0.4493152675393598,4.2674197509029455e-16,d01d656f700cf9a1a1db110cac2386ea3e5c3cd62e6ded783bf90ab1b5c0e6f1,1
subj07,lateral,0,8,A:L,B:T,9.436565219315932,5.789578118868372,0.6135260006487896,0.38647399935121046,3.359942532532578e-16,d01d656f700cf9a1a1db110cac2386ea3e5c3cd62e6ded783bf90ab1b5c0e6f1,1
subj07,lateral,0,9,A:L,B:W,11.300498879390156,5.860297288381007,0.5185874845816776,0.4814125154183225,4.215378046623641e-16,d01d656f700cf9a1a1db110cac2386ea3e5c3cd62e6ded783bf90ab1b5c0e6f1,1
subj07,lateral,0,10,A:P,B:C,9.521207530094944,5.943277558260783,0.6242146848994812,0.3757853151005189,4.560662557242384e-16,d01d656f700cf9a1a1db110cac2386ea3e5c3cd62e6ded783bf90ab1b5c0e6f1,1
subj07,lateral,0,11,A:P,B:D,9.452237659046506,5.575997687211476,0.5899129802216542,0.41008701977834583,4.956972332603726e-16,d01d656f700cf9a1a1db110cac2386ea3e5c3cd62e6ded783bf90ab1b5c0e6f1,1
subj07,lateral,0,12,A:P,B:K,10.227577462469059,5.579626103760861,0.5455471859524663,0.4544528140475337,3.703634621210483e-16,d01d656f700cf9a1a1db110cac2386ea3e5c3cd62e6ded783bf90ab1b5c0e6f1,1
subj07,lateral,0,13,A:P,B:T,9.733527936422831,5.808597695383184,0.5967618044889386,0.4032381955110614,2.9444220499275087e-16,d01d656f700cf9a1a1db110cac2386ea3e5c3cd62e6ded783bf90ab1b5c0e6f1,1
subj07,lateral,0,14,A:P,B:W,11.561550184270196,5.85562224797312,0.5064737993301152,0.4935262006698848,4.0072112295064244e-16,d01d656f700cf9a1a1db110cac2386ea3e5c3cd62e6ded783bf90ab1b5c0e6f1,1
subj07,lateral,0,15,A:R,B:C,9.191797064522957,5.306381949289942,0.5772953767409286,0.42270462325907143,4.594848806993568e-16,d01d656f700cf9a1a1db110cac2386ea3e5c3cd62e6ded783bf90ab1b5c0e6f1,1
subj07,lateral,0,16,A:R,B:D,9.110266858625097,4.910240975449366,0.5389788303292807,0.46102116967071927,4.570996359198887e-16,d01d656f700cf9a1a1db110cac2386ea3e5c3cd62e6ded783bf90ab1b5c0e6f1,1
subj07,lateral,0,17,A:R,B:K,9.912996356676619,4.913140863292118,0.49562621497212705,0.5043737850278729,3.920475055707584e-16,d01d656f700cf9a1a1db110cac2386ea3e5c3cd62e6ded783bf90ab1b5c0e6f1,1
subj07,lateral,0,18,A:R,B:T,9.461954536658151,5.0619829438283235,0.5349828013035619,0.46501719869643815,2.8080836267374565e-16,d01d656f700cf9a1a1db110cac2386ea3e5c3cd62e6ded783bf90ab1b5c0e6f1,1
subj07,lateral,0,19,A:R,B:W,11.268676630902448,5.257904835955957,0.46659470390134705,0.533405296098653,3.6038880213418167e-16,d01d656f700cf9a1a1db110cac2386ea3e5c3cd62e6ded783bf90ab1b5c0e6f1,1
subj07,lateral,0,20,A:V,B:C,10.31634102933531,5.998688429698766,0.581474421274077,0.41852557872592294,4.588343593958655e-16,d01d656f700cf9a1a1db110cac2386ea3e5c3cd62e6ded783bf90ab1b5c0e6f1,1
subj07,lateral,0,21,A:V,B:D,10.565265349738752,5.024632245745,0.47558031714454235,0.5244196828554576,4.3742136648927676e-16,d01d656f700cf9a1a1db110cac2386ea3e5c3cd62e6ded783bf90ab1b5c0e6f1,1
subj07,lateral,0,22,A:V,B:K,10.973385161988,5.635210771543716,0.5135344005844419,0.48646559941555817,3.9118014383277e-16,d01d656f700cf9a1a1db110cac2386ea3e5c3cd62e6ded783bf90ab1b5c0e6f1,1
subj07,lateral,0,23,A:V,B:T,10.844647211328056,5.225917554100451,0.48188912486167224,0.5181108751383278,3.178880769727499e-16,d01d656f700cf9a1a1db110cac2386ea3e5c3cd62e6ded783bf90ab1b5c0e6f1,1
subj07,lateral,0,24,A:V,B:W,12.330267868238396,5.688362067970859,0.4613332109859139,0.538666789014086,3.7269449679189215e-16,d01d656f700cf9a1a1db110cac2386ea3e5c3cd62e6ded783bf90ab1b5c0e6f1,1
subj07,lateral,1,0,A:E,B:B,9.408115577355508,6.219061795320669,0.6610316108668344,0.3389683891331656,2.448128505472269e-16,cf8e6dc9462b48cdc6455ddd414fff8d47819c19a9f4d68626138445e1ff1fe8,1
subj07,lateral,1,1,A:E,B:D,9.571341704988804,6.128727504459824,0.6403206251914911,0.3596793748085088,4.227304270520982e-16,cf8e6dc9462b48cdc6455ddd414fff8d47819c19a9f4d68626138445e1ff1fe8,1
subj07,lateral,1,2,A:E,B:K,10.290094438658159,6.249066317803359,0.6072895010882179,0.3927104989117821,3.3241638608405566e-16,cf8e6dc9462b48cdc6455ddd414fff8d47819c19a9f4d68626138445e1ff1fe8,1
subj07,lateral,1,3,A:E,B:T,9.549544735716369,6.198665331069372,0.6491058477254594,0.35089415227454057,2.92300905702092e-16,cf8e6dc9462b48cdc6455ddd414fff8d47819c19a9f4d68626138445e1ff1fe8,1
subj07,lateral,1,4,A:E,B:W,10.610707570284326,6.4071523422604635,0.60383836797123,0.3961616320287699,4.102621020685149e-16,cf8e6dc9462b48cdc6455ddd414fff8d47819c19a9f4d68626138445e1ff1fe8,1
subj07,lateral,1,5,A:L,B:B,9.031049349992568,6.040802046683282,0.6688925962616131,0.3311074037383869,3.436920886779049e-16,cf8e6dc9462b48cdc6455ddd414fff8d47819c19a9f4d68626138445e1ff1fe8,1
subj07,lateral,1,6,A:L,B:D,9.214964070130296,5.926052095797471,0.6430900924515138,0.35690990754848617,5.108760636751697e-16,cf8e6dc9462b48cdc6455ddd414fff8d47819c19a9f4d68626138445e1ff1fe8,1
subj07,lateral,1,7,A:L,B:K,10.154339914221572,5.717344462735502,0.5630444234713993,0.4369555765286008,3.8489177123235407e-16,cf8e6dc9462b48cdc6455ddd414fff8d47819c19a9f4d68626138445e1ff1fe8,1
subj07,lateral,1,8,A:L,B:T,9.169469216406926,6.033230000069029,0.6579693827068828,0.34203061729311723,3.5952144039619327e-16,cf8e6dc9462b48cdc6455ddd414fff8d47819c19a9f4d68626138445e1ff1fe8,1
subj07,lateral,1,9,A:L,B:W,10.277863822966157,6.234260574751742,0.6065716263744537,0.39342837362554633,4.18556248688029e-16,cf8e6dc9462b48cdc6455ddd414fff8d47819c19a9f4d68626138445e1ff1fe8,1
subj07,lateral,1,10,A:P,B:B,9.214073230659686,5.902619089398669,0.6406090923781457,0.3593909076218544,2.9024092157436954e-16,cf8e6dc9462b48cdc6455ddd414fff8d47819c19a9f4d68626138445e1ff1fe8,1
subj07,lateral,1,11,A:P,B:D,9.333589263649047,5.882744563439081,0.6302767774826178,0.3697232225173822,4.927698873946618e-16,cf8e6dc9462b48cdc6455ddd414fff8d47819c19a9f4d68626138445e1ff1fe8,1
subj07,lateral,1,12,A:P,B:K,10.242730699093405,5.707366337484745,0.5572114024231751,0.44278859757682487,3.3393426912553537e-16,cf8e6dc9462b48cdc6455ddd414fff8d47819c19a9f4d68626138445e1ff1fe8,1
subj07,lateral,1,13,A:P,B:T,9.218710695154655,6.097812636403911,0.6614604621022455,0.3385395378977545,2.927345865710862e-16,cf8e6dc9462b48cdc6455ddd414fff8d47819c19a9f4d68626138445e1ff1fe8,1
subj07,lateral,1,14,A:P,B:W,10.323619980627555,6.293828410292646,0.6096532439302415,0.39034675606975855,4.0809369772354387e-16,cf8e6dc9462b48cdc6455ddd414fff8d47819c19a9f4d68626138445e1ff1fe8,1
subj07,lateral,1,15,A:R,B:B,8.84451869031152,5.286498295385938,0.5977146389183262,0.4022853610816738,2.2833297752544723e-16,cf8e6dc9462b48cdc6455ddd414fff8d47819c19a9f4d68626138445e1ff1fe8,1
subj07,lateral,1,16,A:R,B:D,9.074452862385751,5.080294761666008,0.5598458484173948,0.4401541515826052,4.44360260393184e-16,cf8e6dc9462b48cdc6455ddd414fff8d47819c19a9f4d68626138445e1ff1fe8,1
subj07,lateral,1,17,A:R,B:K,9.954942565091248,4.981887060746587,0.500443576461852,0.499556423538148,3.142017895862992e-16,cf8e6dc9462b48cdc6455ddd414fff8d47819c19a9f4d68626138445e1ff1fe8,1
subj07,lateral,1,18,A:R,B:T,9.049439672349829,5.167988479286919,0.5710838092083739,0.42891619079162613,2.5110122314764283e-16,cf8e6dc9462b48cdc6455ddd414fff8d47819c19a9f4d68626138445e1ff1fe8,1
subj07,lateral,1,19,A:R,B:W,10.195921294422874,5.3539809484577665,0.5251100703755306,0.4748899296244694,3.7947076036992655e-16,cf8e6dc9462b48cdc6455ddd414fff8d47819c19a9f4d68626138445e1ff1fe8,1
subj07,lateral,1,20,A:V,B:B,10.478368316695038,4.910388316791944,0.4686214655165624,0.5313785344834375,3.413068438984368e-16,cf8e6dc9462b48cdc6455ddd414fff8d47819c19a9f4d68626138445e1ff1fe8,1
subj07,lateral,1,21,A:V,B:D,10.595412086079287,4.860851083385916,0.4587694224533573,0.5412305775466427,5.0133508455729725e-16,cf8e6dc9462b48cdc6455ddd414fff8d47819c19a9f4d68626138445e1ff1fe8,1
subj07,lateral,1,22,A:V,B:K,11.098505097356263,5.336553726504947,0.4808353629333512,0.5191646370666487,3.982274579539258e-16,cf8e6dc9462b48cdc6455ddd414fff8d47819c19a9f4d68626138445e1ff1fe8,1
subj07,lateral,1,23,A:V,B:T,10.487594927356842,5.1328702357294524,0.48942300606408673,0.5105769939359133,3.408731630294426e-16,cf8e6dc9462b48cdc6455ddd414fff8d47819c19a9f4d68626138445e1ff1fe8,1
subj07,lateral,1,24,A:V,B:W,11.355927223852733,5.6036042719567485,0.4934519358477898,0.5065480641522102,4.3151246464923076e-16,cf8e6dc9462b48cdc6455ddd414fff8d47819c19a9f4d68626138445e1ff1fe8,1
subj07,lateral,2,0,A:E,B:B,9.102601544383226,6.433419727834193,0.7067671474430235,0.29323285255697656,1.7997756063259374e-16,cbc4b14624dec34401284823ffb066c7a893af02bd6d5181046af136200d54d5,1
subj07,lateral,2,1,A:E,B:C,8.679017383071836,7.250055680291108,0.8353544370624404,0.16464556293755964,4.36282954208167e-16,cbc4b14624dec34401284823ffb066c7a893af02bd6d5181046af136200d54d5,1
subj07,lateral,2,2,A:E,B:K,9.661403385931285,7.255891728202637,0.7510184016090768,0.24898159839092313,4.1880019417683823e-16,cbc4b14624dec34401284823ffb066c7a893af02bd6d5181046af136200d54d5,1
subj07,lateral,2,3,A:E,B:T,8.881231031692092,6.789864983398515,0.7645184501077976,0.23548154989220232,2.2724877535296173e-16,cbc4b14624dec34401284823ffb066c7a893af02bd6d5181046af136200d54d5,1
subj07,lateral,2,4,A:E,B:W,10.110606874218789,7.1058270454046735,0.7028091521908487,0.29719084780915134,3.907464629637758e-16,cbc4b14624dec34401284823ffb066c7a893af02bd6d5181046af136200d54d5,1
subj07,lateral,2,5,A:H,B:B,8.382449379934624,6.217533594762023,0.7417323162899333,0.25826768371006675,2.0599841277224584e-16,cbc4b14624dec34401284823ffb066c7a893af02bd6d5181046af136200d54d5,1
subj07,lateral,2,6,A:H,B:C,8.145255048249826,6.798559232720699,0.8346649911449375,0.16533500885506247,5.421010862427522e-16,cbc4b14624dec34401284823ffb066c7a893af02bd6d5181046af136200d54d5,1
subj07,lateral,2,7,A:H,B:K,9.348011349267683,6.578928583737108,0.7037784121060675,0.29622158789393244,3.957337929572091e-16,cbc4b14624dec34401284823ffb066c7a893af02bd6d5181046af136200d54d5,1
subj07,lateral,2,8,A:H,B:T,8.122103350779515,6.609607070711145,0.8137802223455813,0.18621977765441863,2.47198095326695e-16,cbc4b14624dec34401284823ffb066c7a893af02bd6d5181046af136200d54d5,1
subj07,lateral,2,9,A:H,B:W,9.623856486868583,6.691447752409707,0.695297956857519,0.3047020431424809,4.805184028455756e-16,cbc4b14624dec34401284823ffb066c7a893af02bd6d5181046af136200d54d5,1
subj07,lateral,2,10,A:P,B:B,8.815161366315378,5.597766915586187,0.635015819106438,0.36498418089356194,2.8709673527416157e-16,cbc4b14624dec34401284823ffb066c7a893af02bd6d5181046af136200d54d5,1
subj07,lateral,2,11,A:P,B:C,8.717539416116214,6.057142619796985,0.6948225101912446,0.3051774898087553,5.793976409762536e-16,cbc4b14624dec34401284823ffb066c7a893af02bd6d5181046af136200d54d5,1
subj07,lateral,2,12,A:P,B:K,9.738111463152954,5.9963059773004765,0.615756556082695,0.3842434439173051,4.694595406862234e-16,cbc4b14624dec34401284823ffb066c7a893af02bd6d5181046af136200d54d5,1
subj07,lateral,2,13,A:P,B:T,8.504503163450824,6.1194588943012995,0.7195551317566024,0.2804448682433976,3.4954678040932663e-16,cbc4b14624dec34401284823ffb066c7a893af02bd6d5181046af136200d54d5,1
subj07,lateral,2,14,A:P,B:W,10.000018053728768,6.124753739900065,0.6124742682455748,0.3875257317544251,5.134781488891349e-16,cbc4b14624dec34401284823ffb066c7a893af02bd6d5181046af136200d54d5,1
subj07,lateral,2,15,A:R,B:B,8.614887426491508,5.217905809468495,0.605684735174019,0.39431526482598106,2.5847379792054426e-16,cbc4b14624dec34401284823ffb066c7a893af02bd6d5181046af136200d54d5,1
subj07,lateral,2,16,A:R,B:C,8.586483290025832,5.5997800805392455,0.6521622288654566,0.3478377711345434,5.2562121322097255e-16,cbc4b14624dec34401284823ffb066c7a893af02bd6d5181046af136200d54d5,1
subj07,lateral,2,17,A:R,B:K,9.71621830175721,5.3649197763801295,0.5521613049194115,0.44783869508058854,4.182851981449076e-16,cbc4b14624dec34401284823ffb066c7a893af02bd6d5181046af136200d54d5,1
subj07,lateral,2,18,A:R,B:T,8.608857263790002,5.29742294706346,0.6153456590975349,0.3846543409024651,2.706168622523819e-16,cbc4b14624dec34401284823ffb066c7a893af02bd6d5181046af136200d54d5,1
subj07,lateral,2,19,A:R,B:W,9.94681971988307,5.565474729226831,0.5595230320804745,0.44047696791952556,4.375839968151496e-16,cbc4b14624dec34401284823ffb066c7a893af02bd6d5181046af136200d54d5,1
subj07,lateral,2,20,A:V,B:B,9.970670205115516,5.076871822374283,0.5091805984887116,0.49081940151128844,2.7907363919776884e-16,cbc4b14624dec34401284823ffb066c7a893af02bd6d5181046af136200d54d5,1
subj07,lateral,2,21,A:V,B:C,9.440137774376105,6.3019914688520515,0.6675740989668498,0.3324259010331501,4.874572967494828e-16,cbc4b14624dec34401284823ffb066c7a893af02bd6d5181046af136200d54d5,1
subj07,lateral,2,22,A:V,B:K,10.32958133315323,6.342954927205335,0.6140573100332103,0.38594268996678965,4.380176776841438e-16,cbc4b14624dec34401284823ffb066c7a893af02bd6d5181046af136200d54d5,1
subj07,lateral,2,23,A:V,B:T,9.653049369852386,5.72187177101747,0.5927527718740931,0.4072472281259069,3.0878077872387166e-16,cbc4b14624dec34401284823ffb066c7a893af02bd6d5181046af136200d54d5,1
subj07,lateral,2,24,A:V,B:W,10.67087513341201,6.308107546723987,0.5911518472343861,0.40884815276561387,4.727121472036799e-16,cbc4b14624dec34401284823ffb066c7a893af02bd6d5181046af136200d54d5,1
subj07,lateral,3,0,A:E,B:B,9.914086975071081,6.181006679537678,0.6234569754209123,0.3765430245790877,2.2724877535296173e-16,2055f62d0b1e5180f1273753d3ec9c49580cf48cbe500a3ba5737c51ef9d1a2b,1
subj07,lateral,3,1,A:E,B:C,9.154393602456212,6.792754208590074,0.7420212090036759,0.25797879099632415,3.694961003830599e-16,2055f62d0b1e5180f1273753d3ec9c49580cf48cbe500a3ba5737c51ef9d1a2b,1
subj07,lateral,3,2,A:E,B:D,10.023780187247384,6.13187725319935,0.6117330127610485,0.3882669872389514,3.4954678040932663e-16,2055f62d0b1e5180f1273753d3ec9c49580cf48cbe500a3ba5737c51ef9d1a2b,1
subj07,lateral,3,3,A:E,B:T,9.949490259909387,6.200777285530158,0.6232256249866042,0.3767743750133959,2.5153490401663703e-16,2055f62d0b1e5180f1273753d3ec9c49580cf48cbe500a3ba5737c51ef9d1a2b,1
subj07,lateral,3,4,A:E,B:W,11.619735733093709,6.412867031422101,0.5518943957699373,0.4481056042300628,2.8275992658421956e-16,2055f62d0b1e5180f1273753d3ec9c49580cf48cbe500a3ba5737c51ef9d1a2b,1
subj07,lateral,3,5,A:H,B:B,9.238937425316493,6.159183663678739,0.6666549820763341,0.3333450179236659,1.5005358067199381e-16,2055f62d0b1e5180f1273753d3ec9c49580cf48cbe500a3ba5737c51ef9d1a2b,1
subj07,lateral,3,6,A:H,B:C,8.397343504629692,6.799161570542375,0.8096800573650234,0.1903199426349767,3.5561831257524545e-16,2055f62d0b1e5180f1273753d3ec9c49580cf48cbe500a3ba5737c51ef9d1a2b,1
subj07,lateral,3,7,A:H,B:D,9.233685038652661,6.294020378708361,0.6816368927856302,0.31836310721436983,3.5388358909926865e-16,2055f62d0b1e5180f1273753d3ec9c49580cf48cbe500a3ba5737c51ef9d1a2b,1
subj07,lateral,3,8,A:H,B:T,9.109912772627483,6.422696371616401,0.7050228176623875,0.2949771823376125,2.0729945537922845e-16,2055f62d0b1e5180f1273753d3ec9c49580cf48cbe500a3ba5737c51ef9d1a2b,1
subj07,lateral,3,9,A:H,B:W,10.962752190988626,6.539168945568444,0.5964897164184406,0.4035102835815594,2.662800535624399e-16,2055f62d0b1e5180f1273753d3ec9c49580cf48cbe500a3ba5737c51ef9d1a2b,1
subj07,lateral,3,10,A:L,B:B,9.378503351207925,5.597896347960229,0.5968858930182326,0.4031141069817675,3.0791341698588326e-16,2055f62d0b1e5180f1273753d3ec9c49580cf48cbe500a3ba5737c51ef9d1a2b,1
subj07,lateral,3,11,A:L,B:C,8.905457114238203,5.782393108638919,0.6493089612877846,0.3506910387122154,4.978656376053436e-16,2055f62d0b1e5180f1273753d3ec9c49580cf48cbe500a3ba5737c51ef9d1a2b,1
subj07,lateral,3,12,A:L,B:D,9.428226709502974,5.655389775615189,0.5998359977825908,0.4001640022174092,4.510281037539698e-16,2055f62d0b1e5180f1273753d3ec9c49580cf48cbe500a3ba5737c51ef9d1a2b,1
subj07,lateral,3,13,A:L,B:T,9.305622142428843,5.800534150272528,0.6233365229633685,0.37666347703663144,2.8102520310824275e-16,2055f62d0b1e5180f1273753d3ec9c49580cf48cbe500a3ba5737c51ef9d1a2b,1
subj07,lateral,3,14,A:L,B:W,11.154168486789091,5.875921370076163,0.5267915198730913,0.47320848012690875,3.677613769070831e-16,2055f62d0b1e5180f1273753d3ec9c49580cf48cbe500a3ba5737c51ef9d1a2b,1
subj07,lateral,3,15,A:R,B:B,9.321377940260614,5.1220223961060505,0.5494919773591805,0.45050802264081946,2.5153490401663703e-16,2055f62d0b1e5180f1273753d3ec9c49580cf48cbe500a3ba5737c51ef9d1a2b,1
subj07,lateral,3,16,A:R,B:C,8.828314279936494,5.351124643596381,0.6061320965608934,0.3938679034391066,4.380176776841438e-16,2055f62d0b1e5180f1273753d3ec9c49580cf48cbe500a3ba5737c51ef9d1a2b,1
subj07,lateral,3,17,A:R,B:D,9.486256753883723,4.971544699545398,0.5240786570013533,0.47592134299864675,3.7903707950093235e-16,2055f62d0b1e5180f1273753d3ec9c49580cf48cbe500a3ba5737c51ef9d1a2b,1
subj07,lateral,3,18,A:R,B:T,9.39922857153204,5.072054184105291,0.5396245176404476,0.4603754823595524,2.0643209364124004e-16,2055f62d0b1e5180f1273753d3ec9c49580cf48cbe500a3ba5737c51ef9d1a2b,1
subj07,lateral,3,19,A:R,B:W,11.179341846325562,5.272065436074859,0.47158996554056426,0.5284100344594358,3.0878077872387166e-16,2055f62d0b1e5180f1273753d3ec9c49580cf48cbe500a3ba5737c51ef9d1a2b,1
subj07,lateral,3,20,A:V,B:B,11.563312240521425,5.007061795511192,0.4330127641079256,0.5669872358920744,2.237793284010081e-16,2055f62d0b1e5180f1273753d3ec9c49580cf48cbe500a3ba5737c51ef9d1a2b,1
subj07,lateral,3,21,A:V,B:C,10.61901023829223,6.282352043633905,0.5916137100028115,0.40838628999718857,3.5735303605122226e-16,2055f62d0b1e5180f1273753d3ec9c49580cf48cbe500a3ba5737c51ef9d1a2b,1
subj07,lateral,3,22,A:V,B:D,11.633281274871456,5.002973950000023,0.43005699181422957,0.5699430081857705,3.434752482434078e-16,2055f62d0b1e5180f1273753d3ec9c49580cf48cbe500a3ba5737c51ef9d1a2b,1
subj07,lateral,3,23,A:V,B:T,11.49088968907429,5.26197141805252,0.4579255010215337,0.5420744989784663,2.220446049250313e-16,2055f62d0b1e5180f1273753d3ec9c49580cf48cbe500a3ba5737c51ef9d1a2b,1
subj07,lateral,3,24,A:V,B:W,12.848978596995936,5.773540054219126,0.4493384443467722,0.5506615556532278,2.888314587501384e-16,2055f62d0b1e5180f1273753d3ec9c49580cf48cbe500a3ba5737c51ef9d1a2b,1
subj07,lateral,4,0,A:E,B:B,9.023516436664938,6.168253290769178,0.6835753371829557,0.31642466281704434,2.448128505472269e-16,48b0f8225fd3ec36e4a1ec66617fab2a1aeaa595732b3f493b976c9cd62bd16f,1
subj07,lateral,4,1,A:E,B:C,8.95270854840142,6.803551982224996,0.7599434233162685,0.24005657668373145,4.2099570357612137e-16,48b0f8225fd3ec36e4a1ec66617fab2a1aeaa595732b3f493b976c9cd62bd16f,1
subj07,lateral,4,2,A:E,B:D,9.053509692497647,6.137029263601007,0.6778618979870941,0.322138102012906,3.4846257823684113e-16,48b0f8225fd3ec36e4a1ec66617fab2a1aeaa595732b3f493b976c9cd62bd16f,1
subj07,lateral,4,3,A:E,B:K,9.890340710239235,6.319864671724679,0.6389936258901449,0.36100637410985514,2.6172640443800077e-16,48b0f8225fd3ec36e4a1ec66617fab2a1aeaa595732b3f493b976c9cd62bd16f,1
subj07,lateral,4,4,A:E,B:W,10.729135637137578,6.565512047541826,0.6119329897197046,0.3880670102802954,3.813139040631519e-16,48b0f8225fd3ec36e4a1ec66617fab2a1aeaa595732b3f493b976c9cd62bd16f,1
subj07,lateral,4,5,A:H,B:B,8.44181149941147,6.159861801023695,0.7296848314432437,0.2703151685567563,2.3950025990204793e-16,48b0f8225fd3ec36e4a1ec66617fab2a1aeaa595732b3f493b976c9cd62bd16f,1
subj07,lateral,4,6,A:H,B:C,8.477800590882257,6.656056514645401,0.7851159558770333,0.21488404412296666,4.296693209560054e-16,48b0f8225fd3ec36e4a1ec66617fab2a1aeaa595732b3f493b976c9cd62bd16f,1
subj07,lateral,4,7,A:H,B:D,8.35837428866605,6.285191042639019,0.7519633394692234,0.24803666053077653,3.4051402105980677e-16,48b0f8225fd3ec36e4a1ec66617fab2a1aeaa595732b3f493b976c9cd62bd16f,1
subj07,lateral,4,8,A:H,B:K,9.428116831837338,6.213455004762985,0.6590345787592575,0.34096542124074253,2.0347764272121704e-16,48b0f8225fd3ec36e4a1ec66617fab2a1aeaa595732b3f493b976c9cd62bd16f,1
subj07,lateral,4,9,A:H,B:W,10.262407284483608,6.529944712733003,0.6362975597943813,0.3637024402056187,3.452099717193846e-16,48b0f8225fd3ec36e4a1ec66617fab2a1aeaa595732b3f493b976c9cd62bd16f,1
subj07,lateral,4,10,A:L,B:B,8.726661206573734,5.693684487918486,0.6524470645920656,0.3475529354079344,2.6150956400350367e-16,48b0f8225fd3ec36e4a1ec66617fab2a1aeaa595732b3f493b976c9cd62bd16f,1
subj07,lateral,4,11,A:L,B:C,9.075445744644222,5.759952758826419,0.6346743643115925,0.36532563568840754,4.434386885465713e-16,48b0f8225fd3ec36e4a1ec66617fab2a1aeaa595732b3f493b976c9cd62bd16f,1
subj07,lateral,4,12,A:L,B:D,8.731111300709584,5.700730015489314,0.652921468888618,0.347078531111382,4.5026916223323e-16,48b0f8225fd3ec36e4a1ec66617fab2a1aeaa595732b3f493b976c9cd62bd16f,1
subj07,lateral,4,13,A:L,B:K,9.812831599466367,5.528953441156745,0.5634411826100649,0.436558817389935,2.8601253310167607e-16,48b0f8225fd3ec36e4a1ec66617fab2a1aeaa595732b3f493b976c9cd62bd16f,1
subj07,lateral,4,14,A:L,B:W,10.590436553766887,5.929959096619975,0.5599352837358497,0.4400647162641504,4.0831053815804097e-16,48b0f8225fd3ec36e4a1ec66617fab2a1aeaa595732b3f493b976c9cd62bd16f,1
subj07,lateral,4,15,A:P,B:B,8.843919590449303,5.485956448245095,0.6203082685384738,0.37969173146152624,3.367531947739977e-16,48b0f8225fd3ec36e4a1ec66617fab2a1aeaa595732b3f493b976c9cd62bd16f,1
subj07,lateral,4,16,A:P,B:C,8.933231369798108,5.956183472127128,0.6667445659433019,0.3332554340566981,4.742300302451596e-16,48b0f8225fd3ec36e4a1ec66617fab2a1aeaa595732b3f493b976c9cd62bd16f,1
subj07,lateral,4,17,A:P,B:D,8.756806290538318,5.637991118914635,0.6438410228403081,0.35615897715969186,4.145175955955205e-16,48b0f8225fd3ec36e4a1ec66617fab2a1aeaa595732b3f493b976c9cd62bd16f,1
subj07,lateral,4,18,A:P,B:K,9.807999766933676,5.5138102740197725,0.5621747965990809,0.43782520340091907,2.7484525072507537e-16,48b0f8225fd3ec36e4a1ec66617fab2a1aeaa595732b3f493b976c9cd62bd16f,1
subj07,lateral,4,19,A:P,B:W,10.535242395519862,6.005697458803698,0.570057833824273,0.429942166175727,4.047326709888388e-16,48b0f8225fd3ec36e4a1ec66617fab2a1aeaa595732b3f493b976c9cd62bd16f,1
subj07,lateral,4,20,A:V,B:B,10.069705303476038,4.940452638092374,0.49062534495293936,0.5093746550470606,3.6331614799989254e-16,48b0f8225fd3ec36e4a1ec66617fab2a1aeaa595732b3f493b976c9cd62bd16f,1
subj07,lateral,4,21,A:V,B:C,9.97109232424978,5.775159514245895,0.5791902558359288,0.42080974416407124,4.959140736948697e-16,48b0f8225fd3ec36e4a1ec66617fab2a1aeaa595732b3f493b976c9cd62bd16f,1
subj07,lateral,4,22,A:V,B:D,10.080946597534755,4.9335100342795135,0.4893895614411824,0.5106104385588176,4.3064510291124236e-16,48b0f8225fd3ec36e4a1ec66617fab2a1aeaa595732b3f493b976c9cd62bd16f,1
subj07,lateral,4,23,A:V,B:K,10.758320130259717,5.324839568908909,0.4949508384614654,0.5050491615385345,3.2526065174565133e-16,48b0f8225fd3ec36e4a1ec66617fab2a1aeaa595732b3f493b976c9cd62bd16f,1
subj07,lateral,4,24,A:V,B:W,11.504842659771294,5.674040444573805,0.4931871397436912,0.5068128602563088,4.320545657354735e-16,48b0f8225fd3ec36e4a1ec66617fab2a1aeaa595732b3f493b976c9cd62bd16f,1
subj07,lateral,5,0,A:E,B:B,9.29377804255671,6.437462462549821,0.6926636759638904,0.30733632403610955,4.440892098500626e-16,022e3a1acb620f8c20e723d3b3fb28280d191d71e89263ca359daf730c32dc17,1
subj07,lateral,5,1,A:E,B:C,8.738251748760558,7.090618198774219,0.8114458592681265,0.18855414073187354,6.2363308961366215e-16,022e3a1acb620f8c20e723d3b3fb28280d191d71e89263ca359daf730c32dc17,1
subj07,lateral,5,2,A:E,B:D,9.191312888894517,6.364687850761726,0.6924677603405184,0.3075322396594816,6.166941957097549e-16,022e3a1acb620f8c20e723d3b3fb28280d191d71e89263ca359daf730c32dc17,1
subj07,lateral,5,3,A:E,B:K,9.64582051571738,6.643367763648225,0.6887301865946179,0.31126981340538207,5.18031798013574e-16,022e3a1acb620f8c20e723d3b3fb28280d191d71e89263ca359daf730c32dc17,1
subj07,lateral,5,4,A:E,B:T,9.247457063514984,6.379152224881063,0.6898277203199394,0.3101722796800606,4.579669976578771e-16,022e3a1acb620f8c20e723d3b3fb28280d191d71e89263ca359daf730c32dc17,1
subj07,lateral,5,5,A:H,B:B,8.585069402942056,6.414195186411435,0.7471337604112235,0.2528662395887765,3.673276960380889e-16,022e3a1acb620f8c20e723d3b3fb28280d191d71e89263ca359daf730c32dc17,1
subj07,lateral,5,6,A:H,B:C,7.981685650900863,7.06800449330478,0.8855277948094888,0.11447220519051118,5.984795992119984e-16,022e3a1acb620f8c20e723d3b3fb28280d191d71e89263ca359daf730c32dc17,1
subj07,lateral,5,7,A:H,B:D,8.326807550324313,6.533287331866144,0.7846089023171534,0.21539109768284662,5.737597896793289e-16,022e3a1acb620f8c20e723d3b3fb28280d191d71e89263ca359daf730c32dc17,1
subj07,lateral,5,8,A:H,B:K,8.999197266774615,6.574246762927235,0.7305370210295987,0.2694629789704013,4.30374052368121e-16,022e3a1acb620f8c20e723d3b3fb28280d191d71e89263ca359daf730c32dc17,1
subj07,lateral,5,9,A:H,B:T,8.32423649199987,6.629194170989722,0.7963726375819341,0.20362736241806595,3.400058012914542e-16,022e3a1acb620f8c20e723d3b3fb28280d191d71e89263ca359daf730c32dc17,1
subj07,lateral,5,10,A:L,B:B,8.873662626922798,5.777085984986673,0.6510373706860261,0.3489626293139739,4.800847219765814e-16,022e3a1acb620f8c20e723d3b3fb28280d191d71e89263ca359daf730c32dc17,1
subj07,lateral,5,11,A:L,B:C,8.605942192357906,6.072318064843743,0.7055959625473633,0.2944040374526367,6.262351748276274e-16,022e3a1acb620f8c20e723d3b3fb28280d191d71e89263ca359daf730c32dc17,1
subj07,lateral,5,12,A:L,B:D,8.689959700085804,5.811666035088873,0.6687794000968139,0.33122059990318614,6.4813605871183455e-16,022e3a1acb620f8c20e723d3b3fb28280d191d71e89263ca359daf730c32dc17,1
subj07,lateral,5,13,A:L,B:K,9.338068718701736,5.854744990402863,0.6269760018661378,0.37302399813386217,5.5012418231914495e-16,022e3a1acb620f8c20e723d3b3fb28280d191d71e89263ca359daf730c32dc17,1
subj07,lateral,5,14,A:L,B:T,8.687819673566471,5.918801585006729,0.6812758329935477,0.3187241670064524,4.501607420159814e-16,022e3a1acb620f8c20e723d3b3fb28280d191d71e89263ca359daf730c32dc17,1
subj07,lateral,5,15,A:P,B:B,9.146176776450341,5.766362035439043,0.6304669345869549,0.36953306541304515,4.527628272299467e-16,022e3a1acb620f8c20e723d3b3fb28280d191d71e89263ca359daf730c32dc17,1
subj07,lateral,5,16,A:P,B:C,8.619249147288214,6.43666852426482,0.7467783346638638,0.2532216653361362,6.522560269672795e-16,022e3a1acb620f8c20e723d3b3fb28280d191d71e89263ca359daf730c32dc17,1
subj07,lateral,5,17,A:P,B:D,8.896882676956288,5.909586295203115,0.664231114400268,0.33576888559973195,6.574601973952099e-16,022e3a1acb620f8c20e723d3b3fb28280d191d71e89263ca359daf730c32dc17,1
subj07,lateral,5,18,A:P,B:K,9.486253876160918,6.022908230275611,0.6349090282531084,0.3650909717468916,5.436189692842319e-16,022e3a1acb620f8c20e723d3b3fb28280d191d71e89263ca359daf730c32dc17,1
subj07,lateral,5,19,A:P,B:T,8.829024534984338,6.11110616003255,0.6921609670261711,0.30783903297382886,4.718447854656915e-16,022e3a1acb620f8c20e723d3b3fb28280d191d71e89263ca359daf730c32dc17,1
subj07,lateral,5,20,A:R,B:B,8.728211448811772,5.155711593024801,0.5906950837822199,0.40930491621778003,3.2612801348363973e-16,022e3a1acb620f8c20e723d3b3fb28280d191d71e89263ca359daf730c32dc17,1
subj07,lateral,5,21,A:R,B:C,8.496388511886572,5.4215400196954135,0.6380993538737783,0.3619006461262218,5.204170427930421e-16,022e3a1acb620f8c20e723d3b3fb28280d191d71e89263ca359daf730c32dc17,1
subj07,lateral,5,22,A:R,B:D,8.681822263441648,4.9561325758875086,0.5708631696777905,0.4291368303222095,5.321264262558856e-16,022e3a1acb620f8c20e723d3b3fb28280d191d71e89263ca359daf730c32dc17,1
subj07,lateral,5,23,A:R,B:K,9.33204582140489,5.003689970040736,0.5361836049458507,0.4638163950541493,4.2825985813177425e-16,022e3a1acb620f8c20e723d3b3fb28280d191d71e89263ca359daf730c32dc17,1
subj07,lateral,5,24,A:R,B:T,8.69278583583952,5.0588856012523165,0.5819636761778967,0.4180363238221034,2.992397996059992e-16,022e3a1acb620f8c20e723d3b3fb28280d191d71e89263ca359daf730c32dc17,1
subj08,lateral,0,0,A:H,B:C,24.537645413574513,14.600860314220625,0.5950391762586665,0.40496082374133346,1.4181364416110398e-16,f590907c1bcf91247d5d8a781e790d1aaf10509acdeac6358bcc3a582f0eed66,1
subj08,lateral,0,1,A:H,B:D,24.50363374176607,15.513064675390472,0.6330924155525836,0.36690758444741645,1.3877787807814457e-16,f590907c1bcf91247d5d8a781e790d1aaf10509acdeac6358bcc3a582f0eed66,1
subj08,lateral,0,2,A:H,B:K,24.69110835322713,13.954363449801885,0.5651574344161853,0.43484256558381473,1.5785983631388945e-16,f590907c1bcf91247d5d8a781e790d1aaf10509acdeac6358bcc3a582f0eed66,1
subj08,lateral,0,3,A:H,B:T,24.525029559272504,12.764870949119047,0.5204834072990082,0.4795165927009918,1.474514954580286e-16,f590907c1bcf91247d5d8a781e790d1aaf10509acdeac6358bcc3a582f0eed66,1
subj08,lateral,0,4,A:H,B:W,24.50913812668394,16.951987985905888,0.6916598983727492,0.3083401016272508,1.3444106938820255e-16,f590907c1bcf91247d5d8a781e790d1aaf10509acdeac6358bcc3a582f0eed66,1
subj08,lateral,0,5,A:L,B:C,19.322654288503262,14.461633376800515,0.748428924974609,0.251571075025391,2.45029690981724e-16,f590907c1bcf91247d5d8a781e790d1aaf10509acdeac6358bcc3a582f0eed66,1
subj08,lateral,0,6,A:L,B:D,19.1748918546898,15.512234167092835,0.8089867877559292,0.1910132122440707,2.5782327661705295e-16,f590907c1bcf91247d5d8a781e790d1aaf10509acdeac6358bcc3a582f0eed66,1
subj08,lateral,0,7,A:L,B:K,19.214619459526784,14.226599535583025,0.7404049591275849,0.25959504087241514,2.45029690981724e-16,f590907c1bcf91247d5d8a781e790d1aaf10509acdeac6358bcc3a582f0eed66,1
subj08,lateral,0,8,A:L,B:T,19.168296155986397,12.81475992859631,0.6685393330900811,0.331460666909919,2.5034228162690297e-16,f590907c1bcf91247d5d8a781e790d1aaf10509acdeac6358bcc3a582f0eed66,1
subj08,lateral,0,9,A:L,B:W,19.576832022176873,16.493575739752355,0.8425048404700123,0.1574951595299877,2.1597307275911248e-16,f590907c1bcf91247d5d8a781e790d1aaf10509acdeac6358bcc3a582f0eed66,1
subj08,lateral,0,10,A:P,B:C,21.90042077967536,13.156321566908458,0.6007337347197527,0.3992662652802473,2.693158196453993e-16,f590907c1bcf91247d5d8a781e790d1aaf10509acdeac6358bcc3a582f0eed66,1
subj08,lateral,0,11,A:P,B:D,22.019174810847947,13.916725403765918,0.6320275633994111,0.3679724366005888,2.957703526540456e-16,f590907c1bcf91247d5d8a781e790d1aaf10509acdeac6358bcc3a582f0eed66,1
subj08,lateral,0,12,A:P,B:K,21.30574195979415,13.706805378485393,0.6433385612362792,0.35666143876372075,2.865546341879188e-16,f590907c1bcf91247d5d8a781e790d1aaf10509acdeac6358bcc3a582f0eed66,1
subj08,lateral,0,13,A:P,B:T,20.91595650245436,12.82099184772108,0.6129765973751482,0.38702340262485174,3.017334646027159e-16,f590907c1bcf91247d5d8a781e790d1aaf10509acdeac6358bcc3a582f0eed66,1
subj08,lateral,0,14,A:P,B:W,22.30611171303466,15.097721409995213,0.6768423651878692,0.3231576348121308,3.3458479042902667e-16,f590907c1bcf91247d5d8a781e790d1aaf10509acdeac6358bcc3a582f0eed66,1
subj08,lateral,0,15,A:R,B:C,17.734045758540603,14.105478968589818,0.7953897920781393,0.20461020792186072,3.5648567431323386e-16,f590907c1bcf91247d5d8a781e790d1aaf10509acdeac6358bcc3a582f0eed66,1
subj08,lateral,0,16,A:R,B:D,17.70322778164895,15.028596735096789,0.8489184526380741,0.15108154736192597,3.465110143263672e-16,f590907c1bcf91247d5d8a781e790d1aaf10509acdeac6358bcc3a582f0eed66,1
subj08,lateral,0,17,A:R,B:K,17.29863437656376,14.25875489822237,0.82427055152632,0.17572944847367997,3.507394027990607e-16,f590907c1bcf91247d5d8a781e790d1aaf10509acdeac6358bcc3a582f0eed66,1
subj08,lateral,0,18,A:R,B:T,17.268115267939095,12.822283410752803,0.7425409902468824,0.2574590097531177,3.601990667539967e-16,f590907c1bcf91247d5d8a781e790d1aaf10509acdeac6358bcc3a582f0eed66,1
subj08,lateral,0,19,A:R,B:W,18.125404504259336,16.053573168792983,0.885694615257856,0.11430538474214398,2.2741140567883456e-16,f590907c1bcf91247d5d8a781e790d1aaf10509acdeac6358bcc3a582f0eed66,1
subj08,lateral,0,20,A:V,B:C,19.07489801512615,14.555371606050166,0.7630641901470688,0.23693580985293114,3.41740524767431e-16,f590907c1bcf91247d5d8a781e790d1aaf10509acdeac6358bcc3a582f0eed66,1
subj08,lateral,0,21,A:V,B:D,19.09334914120227,15.393397067106172,0.8062177543220099,0.1937822456779901,3.2851325826310784e-16,f590907c1bcf91247d5d8a781e790d1aaf10509acdeac6358bcc3a582f0eed66,1
subj08,lateral,0,22,A:V,B:K,19.261740328279537,13.920842756308867,0.7227198850703372,0.27728011492966276,3.108407628515941e-16,f590907c1bcf91247d5d8a781e790d1aaf10509acdeac6358bcc3a582f0eed66,1
subj08,lateral,0,23,A:V,B:T,19.0426317833463,12.736820345546231,0.6688581962019133,0.33114180379808666,3.1138286393783687e-16,f590907c1bcf91247d5d8a781e790d1aaf10509acdeac6358bcc3a582f0eed66,1
subj08,lateral,0,24,A:V,B:W,19.89054412550061,15.901679637656557,0.7994592574905911,0.20054074250940893,2.1369624819689292e-16,f590907c1bcf91247d5d8a781e790d1aaf10509acdeac6358bcc3a582f0eed66,1
subj08,lateral,1,0,A:E,B:B,25.940751476976725,15.279442958578496,0.5890131198450248,0.4109868801549752,1.960237527853792e-16,c159e2f09440c7e8c860afd1083cc13ec617420357114cb13d5f17175b187f84,1
subj08,lateral,1,1,A:E,B:D,26.334532411340934,14.525283087110656,0.5515679131958068,0.4484320868041932,2.181414771040835e-16,c159e2f09440c7e8c860afd1083cc13ec617420357114cb13d5f17175b187f84,1
subj08,lateral,1,2,A:E,B:K,26.125739635276222,13.831571307184205,0.5294231474506528,0.4705768525493473,1.929879867024198e-16,c159e2f09440c7e8c860afd1083cc13ec617420357114cb13d5f17175b187f84,1
subj08,lateral,1,3,A:E,B:T,25.673352027071196,13.504833349812737,0.5260253252311035,0.4739746747688965,1.929879867024198e-16,c159e2f09440c7e8c860afd1083cc13ec617420357114cb13d5f17175b187f84,1
subj08,lateral,1,4,A:E,B:W,26.09890888288269,15.739155458018487,0.6030579871613414,0.3969420128386586,1.5742615544489524e-16,c159e2f09440c7e8c860afd1083cc13ec617420357114cb13d5f17175b187f84,1
subj08,lateral,1,5,A:L,B:B,19.834982637901504,14.939884717442991,0.7532088628550268,0.24679113714497322,1.8821749714348357e-16,c159e2f09440c7e8c860afd1083cc13ec617420357114cb13d5f17175b187f84,1
subj08,lateral,1,6,A:L,B:D,19.28716623954592,15.580096014928984,0.8077960142731568,0.19220398572684314,1.8951853975046618e-16,c159e2f09440c7e8c860afd1083cc13ec617420357114cb13d5f17175b187f84,1
subj08,lateral,1,7,A:L,B:K,19.35583341693268,14.472770168614352,0.7477213642453352,0.25227863575466475,1.8865117801247777e-16,c159e2f09440c7e8c860afd1083cc13ec617420357114cb13d5f17175b187f84,1
subj08,lateral,1,8,A:L,B:T,19.21631317373264,13.508425645602877,0.7029665640580812,0.2970334359419187,1.6132928326584306e-16,c159e2f09440c7e8c860afd1083cc13ec617420357114cb13d5f17175b187f84,1
subj08,lateral,1,9,A:L,B:W,19.914357656843634,15.573539925964692,0.7820257220605252,0.2179742779394748,2.2724877535296173e-16,c159e2f09440c7e8c860afd1083cc13ec617420357114cb13d5f17175b187f84,1
subj08,lateral,1,10,A:P,B:B,20.423157236535992,15.4896472983258,0.7584354915808809,0.24156450841911917,2.3201926491189795e-16,c159e2f09440c7e8c860afd1083cc13ec617420357114cb13d5f17175b187f84,1
subj08,lateral,1,11,A:P,B:D,21.977630816531597,13.119670361597883,0.5969556259780856,0.40304437402191445,2.983724378680108e-16,c159e2f09440c7e8c860afd1083cc13ec617420357114cb13d5f17175b187f84,1
subj08,lateral,1,12,A:P,B:K,21.13454092435679,13.33598053585609,0.631004031910949,0.36899596808905105,2.727852665973529e-16,c159e2f09440c7e8c860afd1083cc13ec617420357114cb13d5f17175b187f84,1
subj08,lateral,1,13,A:P,B:T,20.293943134038365,13.427879981763036,0.6616693410971914,0.3383306589028086,2.1369624819689292e-16,c159e2f09440c7e8c860afd1083cc13ec617420357114cb13d5f17175b187f84,1
subj08,lateral,1,14,A:P,B:W,20.926746919558987,15.543354959386816,0.7427506539422697,0.25724934605773025,2.2171934427328566e-16,c159e2f09440c7e8c860afd1083cc13ec617420357114cb13d5f17175b187f84,1
subj08,lateral,1,15,A:R,B:B,17.43000206568316,15.17002506142311,0.8703398315305093,0.12966016846949072,2.5169753434250985e-16,c159e2f09440c7e8c860afd1083cc13ec617420357114cb13d5f17175b187f84,1
subj08,lateral,1,16,A:R,B:D,17.326561314406412,15.226043056617977,0.8787688901639167,0.12123110983608328,2.749536709423239e-16,c159e2f09440c7e8c860afd1083cc13ec617420357114cb13d5f17175b187f84,1
subj08,lateral,1,17,A:R,B:K,16.96452221900217,14.615823283556297,0.8615523086871809,0.13844769131281906,2.8254308614972246e-16,c159e2f09440c7e8c860afd1083cc13ec617420357114cb13d5f17175b187f84,1
subj08,lateral,1,18,A:R,B:T,16.95776852573823,13.471684482603402,0.7944255437946505,0.20557445620534956,2.9739665591277387e-16,c159e2f09440c7e8c860afd1083cc13ec617420357114cb13d5f17175b187f84,1
subj08,lateral,1,19,A:R,B:W,18.100168407007814,15.126421622639068,0.8357061261807153,0.16429387381928476,2.9826401765076227e-16,c159e2f09440c7e8c860afd1083cc13ec617420357114cb13d5f17175b187f84,1
subj08,lateral,1,20,A:V,B:B,19.402989184918436,15.208423767630563,0.7838185973660066,0.21618140263399344,2.49366499671666e-16,c159e2f09440c7e8c860afd1083cc13ec617420357114cb13d5f17175b187f84,1
subj08,lateral,1,21,A:V,B:D,19.0660177414308,15.568127442286782,0.8165379710340329,0.18346202896596706,3.0444397003392965e-16,c159e2f09440c7e8c860afd1083cc13ec617420357114cb13d5f17175b187f84,1
subj08,lateral,1,22,A:V,B:K,19.317028836079263,14.216441599542925,0.7359538426007965,0.2640461573992035,2.710505431213761e-16,c159e2f09440c7e8c860afd1083cc13ec617420357114cb13d5f17175b187f84,1
subj08,lateral,1,23,A:V,B:T,19.059428623465003,13.402532863244396,0.7031969912646739,0.29680300873532606,2.8687989483966447e-16,c159e2f09440c7e8c860afd1083cc13ec617420357114cb13d5f17175b187f84,1
subj08,lateral,1,24,A:V,B:W,19.947559721644662,15.243264055026845,0.7641668588908502,0.2358331411091497,2.2345406774926246e-16,c159e2f09440c7e8c860afd1083cc13ec617420357114cb13d5f17175b187f84,1
subj08,lateral,2,0,A:E,B:B,26.61451656696501,14.772492248153862,0.5550539387399606,0.44494606126003944,1.4455125464662988e-16,a3ea6e52638ffa790018d2b09598ce08cf7db18d0835a37432f33b7c53d62667,1
subj08,lateral,2,1,A:E,B:C,26.61877097675918,14.395052482763774,0.5407857671314757,0.4592142328685243,1.6436504934880247e-16,a3ea6e52638ffa790018d2b09598ce08cf7db18d0835a37432f33b7c53d62667,1
subj08,lateral,2,2,A:E,B:K,26.539333885261335,13.734318803643097,0.5175080453421054,0.48249195465789463,1.6219664500383146e-16,a3ea6e52638ffa790018d2b09598ce08cf7db18d0835a37432f33b7c53d62667,1
subj08,lateral,2,3,A:E,B:T,26.331498923837447,12.635540314609173,0.4798640727273767,0.5201359272726234,1.6653345369377348e-16,a3ea6e52638ffa790018d2b09598ce08cf7db18d0835a37432f33b7c53d62667,1
subj08,lateral,2,4,A:E,B:W,26.736526887198174,15.570457768366342,0.5823665068413092,0.4176334931586908,1.457167719820518e-16,a3ea6e52638ffa790018d2b09598ce08cf7db18d0835a37432f33b7c53d62667,1
subj08,lateral,2,5,A:H,B:B,25.054571604352155,15.239688825181132,0.6082598044715277,0.39174019552847233,1.8062808193608504e-16,a3ea6e52638ffa790018d2b09598ce08cf7db18d0835a37432f33b7c53d62667,1
subj08,lateral,2,6,A:H,B:C,25.028909658595314,14.924839699222694,0.5963040301317031,0.4036959698682969,1.734723475976807e-16,a3ea6e52638ffa790018d2b09598ce08cf7db18d0835a37432f33b7c53d62667,1
subj08,lateral,2,7,A:H,B:K,25.12300402652224,13.972225277591672,0.5561526504888212,0.4438473495111787,1.7867651802561113e-16,a3ea6e52638ffa790018d2b09598ce08cf7db18d0835a37432f33b7c53d62667,1
subj08,lateral,2,8,A:H,B:T,25.045367075766922,12.61566316565229,0.5037124481940132,0.49628755180598677,1.7538833612436994e-16,a3ea6e52638ffa790018d2b09598ce08cf7db18d0835a37432f33b7c53d62667,1
subj08,lateral,2,9,A:H,B:W,25.024255540617553,16.263096697589976,0.6498933273436606,0.3501066726563394,1.726049858596923e-16,a3ea6e52638ffa790018d2b09598ce08cf7db18d0835a37432f33b7c53d62667,1
subj08,lateral,2,10,A:P,B:B,20.841391480604297,14.984387337383625,0.7189725000525325,0.28102749994746745,1.9510218093876652e-16,a3ea6e52638ffa790018d2b09598ce08cf7db18d0835a37432f33b7c53d62667,1
subj08,lateral,2,11,A:P,B:C,21.58653753989201,13.495715792170506,0.625191315060619,0.37480868493938096,2.5760643618255585e-16,a3ea6e52638ffa790018d2b09598ce08cf7db18d0835a37432f33b7c53d62667,1
subj08,lateral,2,12,A:P,B:K,21.168468884280493,13.311653713128981,0.6288434834800022,0.37115651651999776,2.38524477946811e-16,a3ea6e52638ffa790018d2b09598ce08cf7db18d0835a37432f33b7c53d62667,1
subj08,lateral,2,13,A:P,B:T,20.6144238842269,12.664386520835079,0.6143458867422057,0.3856541132577943,2.25730892311482e-16,a3ea6e52638ffa790018d2b09598ce08cf7db18d0835a37432f33b7c53d62667,1
subj08,lateral,2,14,A:P,B:W,21.30149300821114,15.357860011636065,0.7209757553480421,0.27902424465195785,1.8388068845354155e-16,a3ea6e52638ffa790018d2b09598ce08cf7db18d0835a37432f33b7c53d62667,1
subj08,lateral,2,15,A:R,B:B,17.738389433306715,14.939905903931397,0.8422357599094814,0.15776424009051856,2.273571955702103e-16,a3ea6e52638ffa790018d2b09598ce08cf7db18d0835a37432f33b7c53d62667,1
subj08,lateral,2,16,A:R,B:C,18.06388864140053,14.169144654378815,0.7843906113274318,0.21560938867256813,2.5500435096859064e-16,a3ea6e52638ffa790018d2b09598ce08cf7db18d0835a37432f33b7c53d62667,1
subj08,lateral,2,17,A:R,B:K,17.432166051652057,14.155549145549422,0.8120361579625897,0.1879638420374104,2.250803710079907e-16,a3ea6e52638ffa790018d2b09598ce08cf7db18d0835a37432f33b7c53d62667,1
subj08,lateral,2,18,A:R,B:T,17.43243596013515,12.665193243883172,0.7265303181291584,0.27346968187084164,2.250803710079907e-16,a3ea6e52638ffa790018d2b09598ce08cf7db18d0835a37432f33b7c53d62667,1
subj08,lateral,2,19,A:R,B:W,18.473805780204184,15.07619825727282,0.8160851335477334,0.18391486645226668,2.3337451762750483e-16,a3ea6e52638ffa790018d2b09598ce08cf7db18d0835a37432f33b7c53d62667,1
subj08,lateral,2,20,A:V,B:B,19.310923806348487,14.886236230552834,0.7708712633239725,0.2291287366760275,2.6259376617598917e-16,a3ea6e52638ffa790018d2b09598ce08cf7db18d0835a37432f33b7c53d62667,1
subj08,lateral,2,21,A:V,B:C,19.10232091834286,14.792924926420769,0.774404586210044,0.225595413789956,2.6042536183101817e-16,a3ea6e52638ffa790018d2b09598ce08cf7db18d0835a37432f33b7c53d62667,1
subj08,lateral,2,22,A:V,B:K,19.24973249776376,13.797403483605981,0.7167581931441813,0.2832418068558186,2.491496592371689e-16,a3ea6e52638ffa790018d2b09598ce08cf7db18d0835a37432f33b7c53d62667,1
subj08,lateral,2,23,A:V,B:T,19.033092973003054,12.597574153406988,0.6618774032825698,0.33812259671743017,2.738694687698384e-16,a3ea6e52638ffa790018d2b09598ce08cf7db18d0835a37432f33b7c53d62667,1
subj08,lateral,2,24,A:V,B:W,19.925914992812032,15.106016180879035,0.7581090347082329,0.24189096529176712,2.1640675362810669e-16,a3ea6e52638ffa790018d2b09598ce08cf7db18d0835a37432f33b7c53d62667,1
subj08,lateral,3,0,A:E,B:B,25.94708683770672,15.119436122253836,0.5827026446869569,0.4172973553130431,1.5959455978986625e-16,a8226fe7d81667d6019e54d6b5c8fde770e158ea2b70cc177964cf62b4f0c865,1
subj08,lateral,3,1,A:E,B:C,26.113013446618588,14.124098574923648,0.5408835178596593,0.45911648214034073,1.470178145890344e-16,a8226fe7d81667d6019e54d6b5c8fde770e158ea2b70cc177964cf62b4f0c865,1
subj08,lateral,3,2,A:E,B:D,26.33154799601907,15.179062893879424,0.5764591924551594,0.4235408075448406,1.6306400674181987e-16,a8226fe7d81667d6019e54d6b5c8fde770e158ea2b70cc177964cf62b4f0c865,1
subj08,lateral,3,3,A:E,B:T,25.551239374947723,12.49203101893376,0.48890117757582624,0.5110988224241738,1.7780915628762273e-16,a8226fe7d81667d6019e54d6b5c8fde770e158ea2b70cc177964cf62b4f0c865,1
subj08,lateral,3,4,A:E,B:W,26.152527884182344,15.441002353201904,0.5904210262802542,0.40957897371974583,1.986258379993444e-16,a8226fe7d81667d6019e54d6b5c8fde770e158ea2b70cc177964cf62b4f0c865,1
subj08,lateral,3,5,A:H,B:B,24.214606438144102,15.658959474122609,0.6466741267971139,0.3533258732028861,1.9721637517511326e-16,a8226fe7d81667d6019e54d6b5c8fde770e158ea2b70cc177964cf62b4f0c865,1
subj08,lateral,3,6,A:H,B:C,24.21803505417652,14.98559050154972,0.6187781324135699,0.38122186758643,1.966742740888705e-16,a8226fe7d81667d6019e54d6b5c8fde770e158ea2b70cc177964cf62b4f0c865,1
subj08,lateral,3,7,A:H,B:D,24.135088520672376,16.460661743998273,0.6820220166128356,0.31797798338716443,2.1684043449710089e-16,a8226fe7d81667d6019e54d6b5c8fde770e158ea2b70cc177964cf62b4f0c865,1
subj08,lateral,3,8,A:H,B:T,24.21215277657188,12.344628112901628,0.5098525615139234,0.4901474384860765,1.8702487475374951e-16,a8226fe7d81667d6019e54d6b5c8fde770e158ea2b70cc177964cf62b4f0c865,1
subj08,lateral,3,9,A:H,B:W,24.135967478568915,16.417547168380597,0.6802108588751726,0.3197891411248273,2.1434676950038423e-16,a8226fe7d81667d6019e54d6b5c8fde770e158ea2b70cc177964cf62b4f0c865,1
subj08,lateral,3,10,A:L,B:B,19.47093714358364,15.226945054156799,0.7820345236528389,0.21796547634716115,2.1261204602440742e-16,a8226fe7d81667d6019e54d6b5c8fde770e158ea2b70cc177964cf62b4f0c865,1
subj08,lateral,3,11,A:L,B:C,19.211925955385837,14.879856108696186,0.7745114229177421,0.2254885770822579,2.719179048593645e-16,a8226fe7d81667d6019e54d6b5c8fde770e158ea2b70cc177964cf62b4f0c865,1
subj08,lateral,3,12,A:L,B:D,19.041963314459565,16.440395014934012,0.8633770973841733,0.13662290261582666,2.512096433648914e-16,a8226fe7d81667d6019e54d6b5c8fde770e158ea2b70cc177964cf62b4f0c865,1
subj08,lateral,3,13,A:L,B:T,19.023284790110626,12.49639521148062,0.6568999701869022,0.34310002981309784,2.607506224827638e-16,a8226fe7d81667d6019e54d6b5c8fde770e158ea2b70cc177964cf62b4f0c865,1
subj08,lateral,3,14,A:L,B:W,19.66175526598894,15.650023424205019,0.7959626804671175,0.20403731953288257,2.1337098754514727e-16,a8226fe7d81667d6019e54d6b5c8fde770e158ea2b70cc177964cf62b4f0c865,1
subj08,lateral,3,15,A:R,B:B,17.61718751789118,15.198125412732647,0.8626873839708042,0.13731261602919573,2.1163626406917047e-16,a8226fe7d81667d6019e54d6b5c8fde770e158ea2b70cc177964cf62b4f0c865,1
subj08,lateral,3,16,A:R,B:C,17.875003332654117,14.190262004569572,0.7938606634353322,0.20613933656466776,2.914335439641036e-16,a8226fe7d81667d6019e54d6b5c8fde770e158ea2b70cc177964cf62b4f0c865,1
subj08,lateral,3,17,A:R,B:D,18.125059617098316,15.32110414307396,0.8452995171734917,0.15470048282650822,3.174543961037557e-16,a8226fe7d81667d6019e54d6b5c8fde770e158ea2b70cc177964cf62b4f0c865,1
subj08,lateral,3,18,A:R,B:T,17.122360303550217,12.459578576042329,0.7276787986676645,0.2723212013323355,2.9463194037293583e-16,a8226fe7d81667d6019e54d6b5c8fde770e158ea2b70cc177964cf62b4f0c865,1
subj08,lateral,3,19,A:R,B:W,18.356014757850716,14.997854469802391,0.81705395575518,0.18294604424481992,2.498001805406602e-16,a8226fe7d81667d6019e54d6b5c8fde770e158ea2b70cc177964cf62b4f0c865,1
subj08,lateral,3,20,A:V,B:B,19.408389955261146,15.28634373905335,0.787615241361615,0.21238475863838507,2.7733891572179203e-16,a8226fe7d81667d6019e54d6b5c8fde770e158ea2b70cc177964cf62b4f0c865,1
subj08,lateral,3,21,A:V,B:C,19.17685082013526,14.904270058788212,0.7772011264299488,0.2227988735700512,3.480288973678469e-16,a8226fe7d81667d6019e54d6b5c8fde770e158ea2b70cc177964cf62b4f0c865,1
subj08,lateral,3,22,A:V,B:D,19.289753760552443,16.129755472598642,0.836182549182354,0.16381745081764595,3.0747973611688906e-16,a8226fe7d81667d6019e54d6b5c8fde770e158ea2b70cc177964cf62b4f0c865,1
subj08,lateral,3,23,A:V,B:T,19.070426995027006,12.399384192241053,0.650189122428902,0.34981087757109797,3.2938062000109625e-16,a8226fe7d81667d6019e54d6b5c8fde770e158ea2b70cc177964cf62b4f0c865,1
subj08,lateral,3,24,A:V,B:W,20.01661143415022,15.173126791941671,0.7580267440299555,0.24197325597004443,2.419939248987646e-16,a8226fe7d81667d6019e54d6b5c8fde770e158ea2b70cc177964cf62b4f0c865,1
subj08,lateral,4,0,A:E,B:B,27.079018414751044,16.451976961234198,0.6075544064873539,0.3924455935126461,1.960237527853792e-16,d7ffd1b10c531f15395baf2dfe42373d32eebf2586854b861fba7fbb5dfaa781,1
subj08,lateral,4,1,A:E,B:C,26.440693548119615,13.936156758834953,0.5270722847520031,0.4729277152479969,2.0990154059319366e-16,d7ffd1b10c531f15395baf2dfe42373d32eebf2586854b861fba7fbb5dfaa781,1
subj08,lateral,4,2,A:E,B:D,26.50328331334408,14.725536639929013,0.5556117883898137,0.44438821161018627,2.220446049250313e-16,d7ffd1b10c531f15395baf2dfe42373d32eebf2586854b861fba7fbb5dfaa781,1
subj08,lateral,4,3,A:E,B:K,26.149465425371158,14.69635628275226,0.5620136413378961,0.4379863586621039,1.942890293094024e-16,d7ffd1b10c531f15395baf2dfe42373d32eebf2586854b861fba7fbb5dfaa781,1
subj08,lateral,4,4,A:E,B:W,27.332693862809137,17.23905149948875,0.6307117617464506,0.3692882382535494,2.246466901389965e-16,d7ffd1b10c531f15395baf2dfe42373d32eebf2586854b861fba7fbb5dfaa781,1
subj08,lateral,4,5,A:H,B:B,24.156810266659768,17.95696331748855,0.7433499340048222,0.25665006599517776,1.715207836872068e-16,d7ffd1b10c531f15395baf2dfe42373d32eebf2586854b861fba7fbb5dfaa781,1
subj08,lateral,4,6,A:H,B:C,24.127363069280523,14.603435261647682,0.6052644551215416,0.39473554487845836,1.8496489062602706e-16,d7ffd1b10c531f15395baf2dfe42373d32eebf2586854b861fba7fbb5dfaa781,1
subj08,lateral,4,7,A:H,B:D,24.070579117795944,15.554288998884573,0.6461950467733002,0.3538049532266998,1.7672495411513722e-16,d7ffd1b10c531f15395baf2dfe42373d32eebf2586854b861fba7fbb5dfaa781,1
subj08,lateral,4,8,A:H,B:K,24.262237248373552,14.600839131074954,0.6017927770471265,0.3982072229528734,1.8995222061946038e-16,d7ffd1b10c531f15395baf2dfe42373d32eebf2586854b861fba7fbb5dfaa781,1
subj08,lateral,4,9,A:H,B:W,24.069937954391587,19.156261818983122,0.7958583796635023,0.20414162033649777,1.7564075194265172e-16,d7ffd1b10c531f15395baf2dfe42373d32eebf2586854b861fba7fbb5dfaa781,1
subj08,lateral,4,10,A:L,B:B,19.985764774846817,16.90336499397055,0.8457702361855255,0.1542297638144745,3.174543961037557e-16,d7ffd1b10c531f15395baf2dfe42373d32eebf2586854b861fba7fbb5dfaa781,1
subj08,lateral,4,11,A:L,B:C,19.07909275304302,14.509607773770673,0.7604977847521844,0.23950221524781556,2.220446049250313e-16,d7ffd1b10c531f15395baf2dfe42373d32eebf2586854b861fba7fbb5dfaa781,1
subj08,lateral,4,12,A:L,B:D,18.991346592072315,15.485734333784361,0.8154100215436368,0.18458997845636313,1.6219664500383146e-16,d7ffd1b10c531f15395baf2dfe42373d32eebf2586854b861fba7fbb5dfaa781,1
subj08,lateral,4,13,A:L,B:K,19.03014651603848,14.793400931356915,0.7773666334565072,0.22263336654349272,1.8041124150158794e-16,d7ffd1b10c531f15395baf2dfe42373d32eebf2586854b861fba7fbb5dfaa781,1
subj08,lateral,4,14,A:L,B:W,20.56998878076495,17.38822502369818,0.8453201024571269,0.15467989754287312,3.86843335142828e-16,d7ffd1b10c531f15395baf2dfe42373d32eebf2586854b861fba7fbb5dfaa781,1
subj08,lateral,4,15,A:P,B:B,21.789327126095262,16.463749362267865,0.7555877823574737,0.24441221764252627,2.5240226575462543e-16,d7ffd1b10c531f15395baf2dfe42373d32eebf2586854b861fba7fbb5dfaa781,1
subj08,lateral,4,16,A:P,B:C,21.59703897797149,12.991677463997283,0.6015490122163742,0.39845098778362575,2.658463726934457e-16,d7ffd1b10c531f15395baf2dfe42373d32eebf2586854b861fba7fbb5dfaa781,1
subj08,lateral,4,17,A:P,B:D,21.888066639829677,13.493221628796032,0.6164647545545406,0.3835352454454593,3.0834709785487746e-16,d7ffd1b10c531f15395baf2dfe42373d32eebf2586854b861fba7fbb5dfaa781,1
subj08,lateral,4,18,A:P,B:K,20.854888492266138,14.378459285666802,0.6894527051055168,0.3105472948944832,2.5999168096202396e-16,d7ffd1b10c531f15395baf2dfe42373d32eebf2586854b861fba7fbb5dfaa781,1
subj08,lateral,4,19,A:P,B:W,22.799353192282098,16.319913597988357,0.7158059906503347,0.2841940093496653,2.931682674400804e-16,d7ffd1b10c531f15395baf2dfe42373d32eebf2586854b861fba7fbb5dfaa781,1
subj08,lateral,4,20,A:V,B:B,21.404608991134555,16.008897853281407,0.7479182572273119,0.2520817427726881,2.723515857283587e-16,d7ffd1b10c531f15395baf2dfe42373d32eebf2586854b861fba7fbb5dfaa781,1
subj08,lateral,4,21,A:V,B:C,19.74808485952581,14.623310062845283,0.7404925676016371,0.2595074323983629,3.235259282696745e-16,d7ffd1b10c531f15395baf2dfe42373d32eebf2586854b861fba7fbb5dfaa781,1
subj08,lateral,4,22,A:V,B:D,19.72655285572673,15.512249367910625,0.7863639167654846,0.2136360832345155,3.0401028916493544e-16,d7ffd1b10c531f15395baf2dfe42373d32eebf2586854b861fba7fbb5dfaa781,1
subj08,lateral,4,23,A:V,B:K,20.36694110815746,13.980931736471234,0.6864522100901803,0.3135477899098197,2.5153490401663703e-16,d7ffd1b10c531f15395baf2dfe42373d32eebf2586854b861fba7fbb5dfaa781,1
subj08,lateral,4,24,A:V,B:W,22.351870076536084,15.973611576048475,0.7146431829351407,0.28535681706485927,3.157196726277789e-16,d7ffd1b10c531f15395baf2dfe42373d32eebf2586854b861fba7fbb5dfaa781,1
subj08,lateral,5,0,A:E,B:B,26.201196120327293,15.66642369190798,0.5979278052788486,0.4020721947211514,2.706168622523819e-16,e9c20d5fb65d0ca1f287d7bd3eec77946c5609104af9f9b1ab00e8980736db1a,1
subj08,lateral,5,1,A:E,B:C,26.083026170545814,14.299788617875382,0.5482411635971665,0.45175883640283354,2.3505503099485736e-16,e9c20d5fb65d0ca1f287d7bd3eec77946c5609104af9f9b1ab00e8980736db1a,1
subj08,lateral,5,2,A:E,B:D,26.203985778786862,15.005413930435061,0.5726386076190945,0.42736139238090554,2.706168622523819e-16,e9c20d5fb65d0ca1f287d7bd3eec77946c5609104af9f9b1ab00e8980736db1a,1
subj08,lateral,5,3,A:E,B:K,25.944866060978633,13.793249403122214,0.5316369477762467,0.46836305222375324,2.671474153004283e-16,e9c20d5fb65d0ca1f287d7bd3eec77946c5609104af9f9b1ab00e8980736db1a,1
subj08,lateral,5,4,A:E,B:T,25.67375122016594,13.39082114551528,0.5215763380536773,0.4784236619463227,2.688821387764051e-16,e9c20d5fb65d0ca1f287d7bd3eec77946c5609104af9f9b1ab00e8980736db1a,1
subj08,lateral,5,5,A:H,B:B,24.110611589775107,16.48456693339475,0.6837058807909115,0.3162941192090885,2.5283594662361963e-16,e9c20d5fb65d0ca1f287d7bd3eec77946c5609104af9f9b1ab00e8980736db1a,1
subj08,lateral,5,6,A:H,B:C,24.133286592874793,14.950441991453156,0.6194946524965722,0.38050534750342774,1.940721888749053e-16,e9c20d5fb65d0ca1f287d7bd3eec77946c5609104af9f9b1ab00e8980736db1a,1
subj08,lateral,5,7,A:H,B:D,24.065226542961017,15.931077117974878,0.6619957260545571,0.3380042739454429,2.3050138187041824e-16,e9c20d5fb65d0ca1f287d7bd3eec77946c5609104af9f9b1ab00e8980736db1a,1
subj08,lateral,5,8,A:H,B:K,24.273062414042183,13.976096516810566,0.5757862884546974,0.42421371154530263,1.984089975648473e-16,e9c20d5fb65d0ca1f287d7bd3eec77946c5609104af9f9b1ab00e8980736db1a,1
subj08,lateral,5,9,A:H,B:T,24.16002976615056,13.261658386084665,0.5489090251314561,0.45109097486854394,2.47198095326695e-16,e9c20d5fb65d0ca1f287d7bd3eec77946c5609104af9f9b1ab00e8980736db1a,1
subj08,lateral,5,10,A:L,B:B,19.533595896867396,15.889705672571308,0.813455226393802,0.1865447736061981,2.636779683484747e-16,e9c20d5fb65d0ca1f287d7bd3eec77946c5609104af9f9b1ab00e8980736db1a,1
subj08,lateral,5,11,A:L,B:C,19.15636786964502,14.830589481371206,0.774185878152382,0.22581412184761798,2.0946785972419946e-16,e9c20d5fb65d0ca1f287d7bd3eec77946c5609104af9f9b1ab00e8980736db1a,1
subj08,lateral,5,12,A:L,B:D,19.013945221486686,15.886655111309366,0.8355265004843219,0.16447349951567808,2.0946785972419946e-16,e9c20d5fb65d0ca1f287d7bd3eec77946c5609104af9f9b1ab00e8980736db1a,1
subj08,lateral,5,13,A:L,B:K,19.04360695362349,14.242030887748601,0.7478641479228136,0.25213585207718636,2.0307106690653498e-16,e9c20d5fb65d0ca1f287d7bd3eec77946c5609104af9f9b1ab00e8980736db1a,1
subj08,lateral,5,14,A:L,B:T,18.977186639194414,13.432296360643706,0.7078128394912551,0.29218716050874494,2.183583175385806e-16,e9c20d5fb65d0ca1f287d7bd3eec77946c5609104af9f9b1ab00e8980736db1a,1
subj08,lateral,5,15,A:P,B:B,20.682390060988865,15.844714202105237,0.7660968657578674,0.23390313424213263,2.3462135012586316e-16,e9c20d5fb65d0ca1f287d7bd3eec77946c5609104af9f9b1ab00e8980736db1a,1
subj08,lateral,5,16,A:P,B:C,21.305146984399652,13.33325309343071,0.6258230982022216,0.37417690179777835,2.229119666630197e-16,e9c20d5fb65d0ca1f287d7bd3eec77946c5609104af9f9b1ab00e8980736db1a,1
subj08,lateral,5,17,A:P,B:D,21.713624504275916,13.682344322407756,0.630127149878335,0.3698728501216651,2.5717275531356165e-16,e9c20d5fb65d0ca1f287d7bd3eec77946c5609104af9f9b1ab00e8980736db1a,1
subj08,lateral,5,18,A:P,B:K,20.77199991621682,13.37125801301424,0.6437154856030604,0.35628451439693964,2.3765711620882257e-16,e9c20d5fb65d0ca1f287d7bd3eec77946c5609104af9f9b1ab00e8980736db1a,1
subj08,lateral,5,19,A:P,B:T,20.123985942131814,13.429724487795323,0.6673491288661006,0.3326508711338993,2.3483819056036026e-16,e9c20d5fb65d0ca1f287d7bd3eec77946c5609104af9f9b1ab00e8980736db1a,1
subj08,lateral,5,20,A:R,B:B,17.679263467104533,15.66886478015061,0.8862849297599623,0.11371507024003764,3.174543961037557e-16,e9c20d5fb65d0ca1f287d7bd3eec77946c5609104af9f9b1ab00e8980736db1a,1
subj08,lateral,5,21,A:R,B:C,17.39117699124817,14.439021517959182,0.8302498172047462,0.16975018279525375,2.6150956400350367e-16,e9c20d5fb65d0ca1f287d7bd3eec77946c5609104af9f9b1ab00e8980736db1a,1
subj08,lateral,5,22,A:R,B:D,17.316344460074763,15.430026029346427,0.8910671686465059,0.10893283135349409,2.7885679876327174e-16,e9c20d5fb65d0ca1f287d7bd3eec77946c5609104af9f9b1ab00e8980736db1a,1
subj08,lateral,5,23,A:R,B:K,16.89406118896725,14.286730604655299,0.8456658493687308,0.15433415063126923,2.6695767992024333e-16,e9c20d5fb65d0ca1f287d7bd3eec77946c5609104af9f9b1ab00e8980736db1a,1
subj08,lateral,5,24,A:R,B:T,16.92004658114542,13.352819446309159,0.7891715535339399,0.2108284464660602,2.7842311789427754e-16,e9c20d5fb65d0ca1f287d7bd3eec77946c5609104af9f9b1ab00e8980736db1a,1
