subject,roi,fold,pair,s1,s2,AXIS_SINGULAR_GAP,s2_over_s1
subj01,ventral,0,0,10.098123909109164,6.5394271365333925,0.3524116761298201,0.64758832387018
subj01,ventral,0,1,9.746910042619366,7.611813543000641,0.21905367857944683,0.7809463214205532
subj01,ventral,0,2,10.000268102585899,7.707894517410111,0.2292312127694876,0.7707687872305125
subj01,ventral,0,3,9.697737970195046,6.823904267330918,0.29634062208079315,0.7036593779192069
subj01,ventral,0,4,9.88757048364111,6.593841696469888,0.3331181095113976,0.6668818904886025
subj01,ventral,0,5,9.95219714750509,6.402994685599844,0.356625015491679,0.643374984508321
subj01,ventral,0,6,9.416061511252492,7.719332980090215,0.1801951409445056,0.8198048590554944
subj01,ventral,0,7,10.126673588398456,7.223284384407674,0.2867070986979403,0.7132929013020597
subj01,ventral,0,8,9.38090061552439,6.922344261793893,0.26208105751188193,0.7379189424881181
subj01,ventral,0,9,9.632550311062708,6.61552175877295,0.3132118135759735,0.6867881864240265
subj01,ventral,0,10,9.94878669067207,6.630485446743089,0.333538284325686,0.666461715674314
subj01,ventral,0,11,9.573080739777135,7.7138554601602705,0.19421389311923298,0.805786106880767
subj01,ventral,0,12,10.107415671683544,7.447323584559611,0.2631822192270493,0.7368177807729507
subj01,ventral,0,13,9.533186550279202,6.923555842487999,0.2737417015840075,0.7262582984159924
subj01,ventral,0,14,9.561872550892105,6.929565053146267,0.2752920501434887,0.7247079498565113
subj01,ventral,0,15,9.57684433411702,5.710119688676881,0.4037577004008648,0.5962422995991352
subj01,ventral,0,16,9.161022580624644,6.971572747291727,0.23899622712027302,0.761003772879727
subj01,ventral,0,17,9.766064664116273,6.60501184651401,0.32367723605363874,0.6763227639463613
subj01,ventral,0,18,8.881230937229166,6.428120155149289,0.27621292582278206,0.7237870741772179
subj01,ventral,0,19,8.930647246792773,6.4087080321701,0.28239153836563935,0.7176084616343607
subj01,ventral,0,20,9.923826198712177,6.212067014353798,0.3740250091078839,0.6259749908921161
subj01,ventral,0,21,9.404983360312183,7.538178695141845,0.19849101201475947,0.8015089879852405
subj01,ventral,0,22,9.474592327886935,7.873054648024556,0.16903499638169248,0.8309650036183075
subj01,ventral,0,23,9.295383971507794,6.822280943043394,0.2660571135140791,0.7339428864859209
subj01,ventral,0,24,9.471928154886506,6.622783755420476,0.3007987764345716,0.6992012235654285
subj01,ventral,1,0,8.88600290656116,6.693543745385247,0.24673176277683484,0.7532682372231652
subj01,ventral,1,1,9.273015430144804,7.217999623671839,0.221612464893836,0.778387535106164
subj01,ventral,1,2,10.01311218817751,7.677021700870881,0.2333031372668383,0.7666968627331617
subj01,ventral,1,3,9.385906368894412,6.799143418410033,0.27560076233629427,0.7243992376637057
subj01,ventral,1,4,9.147802114658273,6.5390968365419795,0.2851729022358443,0.7148270977641558
subj01,ventral,1,5,9.460339123595205,6.6354558788341995,0.29860274646132,0.70139725353868
subj01,ventral,1,6,9.84340151751416,7.13852196372698,0.2747911429778054,0.7252088570221946
subj01,ventral,1,7,10.891903991009723,7.094238568435661,0.3486686465202677,0.6513313534797323
subj01,ventral,1,8,9.796784239493421,6.936088500095465,0.29200354621118807,0.7079964537888119
subj01,ventral,1,9,9.865004757928855,6.235901508141615,0.3678764824589061,0.6321235175410939
subj01,ventral,1,10,9.303844924665984,6.833230111941356,0.26554772061759463,0.7344522793824054
subj01,ventral,1,11,9.683388803021664,7.335550670721377,0.24246038035441206,0.7575396196455879
subj01,ventral,1,12,10.6585864964808,7.421832684983161,0.3036757090226114,0.6963242909773886
subj01,ventral,1,13,9.734104547254306,7.004340573605765,0.28043298285906787,0.7195670171409321
subj01,ventral,1,14,9.56229826564104,6.670420636190329,0.30242495570774214,0.6975750442922578
subj01,ventral,1,15,8.969991620667843,6.231755763834627,0.3052662669744329,0.6947337330255672
subj01,ventral,1,16,9.5824060266476,6.465043118466906,0.32532152149592247,0.6746784785040776
subj01,ventral,1,17,10.516540680909394,6.643222414129106,0.36830725847060114,0.6316927415293988
subj01,ventral,1,18,9.349566849998014,6.514609992571884,0.3032179889089442,0.6967820110910559
subj01,ventral,1,19,9.154355140199318,6.178252745061838,0.32510235287558237,0.6748976471244176
subj01,ventral,1,20,9.440879532471367,6.618034131601903,0.2990023748487043,0.7009976251512957
subj01,ventral,1,21,9.712927304864854,7.274021136367865,0.2510989830301138,0.7489010169698862
subj01,ventral,1,22,10.263650843773929,7.938548723328176,0.2265375309270377,0.7734624690729623
subj01,ventral,1,23,9.780099765544263,6.916447408362723,0.2928040026002922,0.7071959973997077
subj01,ventral,1,24,9.696253812754376,6.4489332103962065,0.3349046616422798,0.6650953383577202
subj01,ventral,2,0,8.549933049333072,6.910799304497191,0.19171305031022903,0.808286949689771
subj01,ventral,2,1,9.035472070292931,6.896642044558867,0.23671480682964727,0.7632851931703527
subj01,ventral,2,2,9.157723468049872,7.726698461296273,0.15626427372984805,0.8437357262701519
subj01,ventral,2,3,8.825688239110999,6.823970899168649,0.22680580660800462,0.7731941933919954
subj01,ventral,2,4,8.751767720367734,6.698403923504,0.2346227485088527,0.7653772514911473
subj01,ventral,2,5,9.329568666892888,6.937531613242503,0.2563931023026627,0.7436068976973372
subj01,ventral,2,6,10.069998597517198,6.489086953471518,0.3556020002752105,0.6443979997247895
subj01,ventral,2,7,9.95813078843927,7.662316467576847,0.2305467129963498,0.7694532870036502
subj01,ventral,2,8,9.626031694452568,6.790328398830894,0.29458694773006766,0.7054130522699323
subj01,ventral,2,9,9.842323975411253,6.2370190264758065,0.36630626648162146,0.6336937335183785
subj01,ventral,2,10,9.108118660317613,7.030765148054365,0.22807712434774186,0.7719228756522581
subj01,ventral,2,11,9.83445679162055,6.634445610597337,0.32538769032467385,0.6746123096753261
subj01,ventral,2,12,9.985315013833308,7.442327204980294,0.2546727674920668,0.7453272325079332
subj01,ventral,2,13,9.382862375725386,6.924610262482995,0.2619938367211045,0.7380061632788956
subj01,ventral,2,14,9.356187352825335,6.741868694577251,0.27942136680905877,0.7205786331909413
subj01,ventral,2,15,8.788369105008073,6.3631134105769505,0.2759619749071628,0.7240380250928372
subj01,ventral,2,16,9.75770936289905,5.554698609251521,0.4307374402468162,0.5692625597531838
subj01,ventral,2,17,9.932454187619859,6.463456015670729,0.34925891490876493,0.6507410850912351
subj01,ventral,2,18,9.022769947814202,6.317682788975047,0.29980673058105317,0.7001932694189468
subj01,ventral,2,19,9.109716328443668,5.944683624515195,0.34743482560989875,0.6525651743901012
subj01,ventral,2,20,9.442894122247585,6.714922897003497,0.28889143412261203,0.711108565877388
subj01,ventral,2,21,10.20822470795723,6.196249839801116,0.3930139650069431,0.6069860349930569
subj01,ventral,2,22,9.725984739564266,7.897399940258543,0.18801024762739302,0.811989752372607
subj01,ventral,2,23,9.557207557151795,6.820342526425373,0.28636659969557604,0.713633400304424
subj01,ventral,2,24,9.684066913016084,6.409277503703103,0.33816261687653437,0.6618373831234656
subj01,ventral,3,0,8.848973158487372,6.839512259882689,0.22708407660580776,0.7729159233941922
subj01,ventral,3,1,9.278849878457958,7.207160700162889,0.2232700394371895,0.7767299605628105
subj01,ventral,3,2,9.361595488611822,7.191327710183567,0.23182669888571225,0.7681733011142877
subj01,ventral,3,3,9.324406445425257,6.775157764516115,0.2733952767749474,0.7266047232250525
subj01,ventral,3,4,9.14130297838629,6.549300298605933,0.28354849258457926,0.7164515074154207
subj01,ventral,3,5,9.691871464824871,6.845132698513606,0.2937243623837829,0.706275637616217
subj01,ventral,3,6,10.409900952259964,6.7364042951191685,0.3528848808444511,0.6471151191555489
subj01,ventral,3,7,10.236765500649563,7.0900110472828874,0.3073973368997269,0.6926026631002731
subj01,ventral,3,8,10.120733100841603,6.7913945573299905,0.32896219180355196,0.6710378081964481
subj01,ventral,3,9,10.224817736382038,6.1330919640889405,0.4001759129391502,0.5998240870608498
subj01,ventral,3,10,9.209587289988834,6.800651444946667,0.2615682732776495,0.7384317267223506
subj01,ventral,3,11,10.061745188619337,6.540918008895298,0.3499221172591793,0.6500778827408207
subj01,ventral,3,12,9.701249426216853,7.156991554615806,0.2622608449511042,0.7377391550488959
subj01,ventral,3,13,9.600216010270174,6.831198655037553,0.2884328177897628,0.7115671822102372
subj01,ventral,3,14,9.77215626815222,6.0781428602535055,0.37801415639838115,0.6219858436016188
subj01,ventral,3,15,8.743867862597192,6.3361755988076265,0.2753578052212706,0.7246421947787294
subj01,ventral,3,16,9.90032534888234,5.616304026312952,0.4327152059758336,0.5672847940241664
subj01,ventral,3,17,9.460949344787833,6.431500161531487,0.3202056234372835,0.6797943765627166
subj01,ventral,3,18,9.114017076391743,6.426593462292475,0.29486708128521794,0.7051329187147821
subj01,ventral,3,19,9.09980501627853,5.930379053185008,0.3482960302362276,0.6517039697637724
subj01,ventral,3,20,9.333976502741844,6.681324185222333,0.28419316426823,0.7158068357317701
subj01,ventral,3,21,10.247604851949822,6.30133093340481,0.38509231918658043,0.6149076808134195
subj01,ventral,3,22,9.673101866941735,7.243322504795556,0.25118926643893424,0.7488107335610658
subj01,ventral,3,23,9.589315346208826,6.897267994908794,0.28073405181782285,0.7192659481821772
subj01,ventral,3,24,9.646793455443259,6.330567658673994,0.3437645692411985,0.6562354307588014
subj01,ventral,4,0,8.71184643659965,6.70429706871355,0.230439021451539,0.7695609785484611
subj01,ventral,4,1,9.229623341959666,6.936410210336383,0.24846226618998513,0.7515377338100149
subj01,ventral,4,2,9.014558573358075,7.248345793756751,0.19592892599547226,0.8040710740045277
subj01,ventral,4,3,9.228977008732022,7.673592203840741,0.16853274240683982,0.8314672575931602
subj01,ventral,4,4,8.963384473529098,6.825301824010928,0.23853519346764734,0.7614648065323527
subj01,ventral,4,5,9.48760067592923,6.762378039749549,0.2872404445829786,0.7127595554170214
subj01,ventral,4,6,10.269794115323794,6.536934930630018,0.3634794566255123,0.6365205433744877
subj01,ventral,4,7,9.856522316357328,7.179847259061249,0.27156384081371376,0.7284361591862862
subj01,ventral,4,8,10.074122517517443,7.580933007125329,0.24748453337318643,0.7525154666268136
subj01,ventral,4,9,10.064981305291033,6.365816000421001,0.367528283726213,0.6324717162737871
subj01,ventral,4,10,9.149651230558497,6.701405418514984,0.2675780475507886,0.7324219524492114
subj01,ventral,4,11,10.057429998288876,6.3189334680570886,0.3717148944479691,0.6282851055520309
subj01,ventral,4,12,9.447938505780245,7.233140791736129,0.23442126689214837,0.7655787331078516
subj01,ventral,4,13,10.128629359514658,7.017833422063736,0.30712901292302636,0.6928709870769736
subj01,ventral,4,14,9.737504935643097,6.315780913013308,0.3513963839037384,0.6486036160962616
subj01,ventral,4,15,9.130094525391263,6.893563936694536,0.2449624790276618,0.7550375209723382
subj01,ventral,4,16,9.844695311669824,6.813052923052306,0.30794679699470573,0.6920532030052943
subj01,ventral,4,17,9.380818222693868,7.472416929117998,0.20343654980533665,0.7965634501946633
subj01,ventral,4,18,9.978465258361219,7.384053581715645,0.2600010732583999,0.7399989267416001
subj01,ventral,4,19,9.381223510466686,6.996830277149529,0.25416655201284516,0.7458334479871548
subj01,ventral,4,20,9.250550368476436,6.655638638217184,0.28051430746240386,0.7194856925375962
subj01,ventral,4,21,10.126123467764799,6.307748999277191,0.3770815634080414,0.6229184365919586
subj01,ventral,4,22,9.444711502184864,7.322878391770925,0.22465832968249913,0.7753416703175009
subj01,ventral,4,23,9.574029904240069,7.837239667960934,0.18140639350937887,0.8185936064906211
subj01,ventral,4,24,9.610596282875298,6.60225609761745,0.3130232606501511,0.6869767393498489
subj01,ventral,5,0,8.690308606129332,6.556941616459673,0.24548805875144422,0.7545119412485558
subj01,ventral,5,1,9.242326592185067,6.8789535717453205,0.2557119137553653,0.7442880862446347
subj01,ventral,5,2,9.149228338338219,7.135487819462323,0.22009949302911952,0.7799005069708805
subj01,ventral,5,3,9.397126580051166,7.662602163320567,0.18458029717432567,0.8154197028256743
subj01,ventral,5,4,9.096642218686725,6.821895439188344,0.2500644440896549,0.7499355559103451
subj01,ventral,5,5,9.644955826499094,6.600977713054746,0.31560311609527036,0.6843968839047296
subj01,ventral,5,6,10.438386955025859,6.4702251497086944,0.38015086262026143,0.6198491373797386
subj01,ventral,5,7,10.147313456709858,7.052568883177199,0.3049816669934716,0.6950183330065284
subj01,ventral,5,8,10.393031218044156,7.55575903583,0.27299756179776935,0.7270024382022306
subj01,ventral,5,9,10.089874957647664,6.750163924601018,0.33099627567884754,0.6690037243211524
subj01,ventral,5,10,9.420582709826578,6.53005603807757,0.3068309849595513,0.6931690150404487
subj01,ventral,5,11,10.266171622444634,6.341954487304518,0.38224737316495994,0.6177526268350401
subj01,ventral,5,12,9.839787790101234,7.118722165965704,0.27653702317370144,0.7234629768262986
subj01,ventral,5,13,10.493659767828532,7.055397081212117,0.32765143550369746,0.6723485644963025
subj01,ventral,5,14,9.781737228579436,6.817538943836409,0.30303393103655335,0.6969660689634467
subj01,ventral,5,15,9.63967323150763,6.69560097032231,0.30541203944159745,0.6945879605584026
subj01,ventral,5,16,10.33412564520543,6.722044001681771,0.34952948778975834,0.6504705122102417
subj01,ventral,5,17,10.046772809602256,7.274980897128361,0.2758887819006657,0.7241112180993343
subj01,ventral,5,18,10.542328102135947,7.424298175204392,0.2957629374388207,0.7042370625611793
subj01,ventral,5,19,10.050107591549414,6.893614419801328,0.3140755601862619,0.6859244398137381
subj01,ventral,5,20,9.145309319113741,6.216563745348742,0.32024565507520963,0.6797543449247904
subj01,ventral,5,21,10.212610600938202,5.6754372609756025,0.4442716477945201,0.5557283522054799
subj01,ventral,5,22,9.816241837053536,6.483237009091432,0.3395398038565995,0.6604601961434006
subj01,ventral,5,23,10.392549980212785,6.540929986969369,0.37061356458009115,0.6293864354199088
subj01,ventral,5,24,9.651576020399938,6.316774309034643,0.3455188773643529,0.6544811226356472
subj02,ventral,0,0,11.728116762360852,7.510201907591754,0.35964127406248964,0.6403587259375104
subj02,ventral,0,1,9.873606644967344,6.855405349453789,0.3056837692690499,0.6943162307309502
subj02,ventral,0,2,9.743698074781365,7.201345931994373,0.26092271366321446,0.7390772863367855
subj02,ventral,0,3,9.146333244576708,6.330727009383724,0.3078398916705216,0.6921601083294784
subj02,ventral,0,4,10.693130608009705,5.992429505909258,0.43960008293355923,0.5603999170664408
subj02,ventral,0,5,11.595367311583011,7.054462330399016,0.39161372461637584,0.6083862753836241
subj02,ventral,0,6,9.541588389838893,6.611271289316196,0.3071099884840216,0.6928900115159784
subj02,ventral,0,7,9.7987609902123,6.406984067299195,0.3461434487789888,0.6538565512210113
subj02,ventral,0,8,8.973147724783535,5.786385968338425,0.35514424304454284,0.6448557569554572
subj02,ventral,0,9,10.596911886029446,5.312611263790701,0.4986642032199362,0.5013357967800638
subj02,ventral,0,10,11.589102945435384,7.805112158882002,0.3265128288504666,0.6734871711495334
subj02,ventral,0,11,9.71783044778649,7.164055379545795,0.2627927171565737,0.7372072828434263
subj02,ventral,0,12,10.458746962407368,6.2200381662291235,0.40527883611810694,0.5947211638818931
subj02,ventral,0,13,9.673118610288437,5.6070955090620185,0.4203425249951708,0.5796574750048292
subj02,ventral,0,14,10.767638488304764,5.9653534997254045,0.4459924052795184,0.5540075947204816
subj02,ventral,0,15,11.706380047922535,6.015594224055676,0.4861268642031462,0.5138731357968538
subj02,ventral,0,16,9.488344527972274,5.80782756406283,0.38789874809657615,0.6121012519034238
subj02,ventral,0,17,9.82783255756976,5.430248137576061,0.4474622857312029,0.552537714268797
subj02,ventral,0,18,8.675696270082717,5.266940547223688,0.39290860545842154,0.6070913945415785
subj02,ventral,0,19,10.070708201999956,5.3016923811122,0.4735531727491291,0.5264468272508709
subj02,ventral,0,20,11.700371722049692,7.59194801721136,0.35113616921211893,0.6488638307878811
subj02,ventral,0,21,9.496385684812836,7.4086346418189555,0.21984690937023876,0.7801530906297612
subj02,ventral,0,22,10.216982141627525,6.557196730938408,0.35820610821838317,0.6417938917816168
subj02,ventral,0,23,9.726475773274814,5.451027698141228,0.4395680588524287,0.5604319411475712
subj02,ventral,0,24,10.790611618461186,5.865106318609359,0.45646210557935335,0.5435378944206466
subj02,ventral,1,0,10.710197047938172,5.304146566900975,0.5047573314328441,0.4952426685671559
subj02,ventral,1,1,10.178505544655668,6.358077221717473,0.3753427559848559,0.6246572440151441
subj02,ventral,1,2,10.432487511140442,6.170103008544882,0.40856837815946845,0.5914316218405316
subj02,ventral,1,3,9.837924186145372,5.4262612918406825,0.4484343252530427,0.5515656747469573
subj02,ventral,1,4,10.907719725851443,5.001889060669161,0.5414358650218509,0.4585641349781491
subj02,ventral,1,5,10.008602349392259,6.551790046586354,0.34538411879415004,0.65461588120585
subj02,ventral,1,6,9.80278465563536,6.941780482637436,0.2918562707947694,0.7081437292052306
subj02,ventral,1,7,9.868352134448998,7.055379164201537,0.2850499183574709,0.7149500816425292
subj02,ventral,1,8,9.505418887130096,6.010978112906456,0.36762617362975486,0.6323738263702452
subj02,ventral,1,9,10.577400884091036,5.689606007816182,0.4620979132620711,0.5379020867379288
subj02,ventral,1,10,10.476163634177103,6.362968710663011,0.3926241577685305,0.6073758422314696
subj02,ventral,1,11,10.042293642124575,7.111578107519701,0.2918372673660281,0.7081627326339719
subj02,ventral,1,12,10.596386932836966,6.48217821953842,0.3882652397817877,0.6117347602182124
subj02,ventral,1,13,10.100880039617573,5.621064847431343,0.44350741466243954,0.5564925853375604
subj02,ventral,1,14,10.829864369057589,5.840065516318097,0.4607443530868247,0.5392556469131753
subj02,ventral,1,15,9.868137192886946,5.630875524503157,0.4293882001800756,0.5706117998199244
subj02,ventral,1,16,9.747530033088788,5.937792397448507,0.39084133341552324,0.6091586665844768
subj02,ventral,1,17,10.018810387172426,5.724945803524974,0.4285802822603667,0.5714197177396333
subj02,ventral,1,18,9.231986553904536,5.2195868983526745,0.4346193132024087,0.5653806867975913
subj02,ventral,1,19,10.168716657018408,5.180641327432665,0.49053145031266,0.50946854968734
subj02,ventral,1,20,10.406358062332677,7.128958699000694,0.31494201369016944,0.6850579863098305
subj02,ventral,1,21,9.940911841586157,7.840755160214091,0.2112639881370247,0.7887360118629753
subj02,ventral,1,22,10.39077548488033,7.430397046838671,0.28490447535406,0.7150955246459401
subj02,ventral,1,23,10.532404084770757,5.618681049808744,0.4665338507157136,0.5334661492842864
subj02,ventral,1,24,11.118541596742753,6.053703428412609,0.45553080179273875,0.5444691982072613
subj02,ventral,2,0,10.752069276323517,5.3292781882684235,0.504348600133771,0.495651399866229
subj02,ventral,2,1,12.42556845268421,6.911394977422305,0.44377635488143125,0.5562236451185687
subj02,ventral,2,2,10.916710203310055,5.705801238560274,0.4773332686957085,0.5226667313042915
subj02,ventral,2,3,9.379339732310479,5.744240025615325,0.3875645632253576,0.6124354367746424
subj02,ventral,2,4,10.566413075997902,5.201202774050381,0.5077607948277969,0.49223920517220304
subj02,ventral,2,5,10.135776715790106,6.633477632288245,0.34553830275737774,0.6544616972426223
subj02,ventral,2,6,12.276660574588263,7.360335076763638,0.4004611407112646,0.5995388592887354
subj02,ventral,2,7,10.228162729116525,7.060043344295348,0.30974471845295215,0.6902552815470478
subj02,ventral,2,8,9.205085454979592,6.2420753321399385,0.32188838847082957,0.6781116115291704
subj02,ventral,2,9,10.286809152736954,5.967574753966947,0.41988087215760317,0.5801191278423968
subj02,ventral,2,10,10.423928042673905,6.237322890657933,0.40163411862367776,0.5983658813763223
subj02,ventral,2,11,12.196537911876792,7.5472423984384225,0.38119797167284336,0.6188020283271566
subj02,ventral,2,12,10.920925926686223,6.001531412164534,0.45045580819303294,0.5495441918069671
subj02,ventral,2,13,9.569703004785714,5.739631054042551,0.40022892547739275,0.5997710745226073
subj02,ventral,2,14,10.375774565241171,5.882105975843885,0.43309234998715845,0.5669076500128416
subj02,ventral,2,15,9.971540146232895,5.6952572185503545,0.4288487901538519,0.5711512098461481
subj02,ventral,2,16,12.336390656101026,6.151013366016467,0.5013927867974535,0.49860721320254653
subj02,ventral,2,17,10.483959365195872,5.447631908315951,0.4803841069433435,0.5196158930566565
subj02,ventral,2,18,8.851573570514129,5.520626826215074,0.3763112533340874,0.6236887466659127
subj02,ventral,2,19,9.885443905170725,5.370192019816643,0.45675762552173443,0.5432423744782656
subj02,ventral,2,20,10.24522349987237,6.630775692180382,0.3527934561639397,0.6472065438360602
subj02,ventral,2,21,12.307374664388876,7.457496355223501,0.3940627827962688,0.6059372172037313
subj02,ventral,2,22,10.731789046429629,6.440731667402114,0.39984548340102827,0.6001545165989717
subj02,ventral,2,23,9.711152751765315,5.620089912927879,0.42127468730154133,0.5787253126984586
subj02,ventral,2,24,10.428998538730244,5.904335371581192,0.43385404172277703,0.5661459582772229
subj02,ventral,3,0,11.362796351593838,5.133676795501912,0.5482030446861066,0.45179695531389336
subj02,ventral,3,1,12.461782147787046,6.981290175028003,0.4397839657092918,0.5602160342907082
subj02,ventral,3,2,10.451695504617238,6.282017230296556,0.398947546116192,0.601052453883808
subj02,ventral,3,3,10.248455814193294,5.448717529743306,0.468337705842741,0.531662294157259
subj02,ventral,3,4,10.993158359117432,4.9807529795289405,0.5469224751594671,0.45307752484053293
subj02,ventral,3,5,10.793246860134841,6.5645322356999944,0.39179263471251846,0.6082073652874815
subj02,ventral,3,6,12.381361328001644,7.4064702363000094,0.40180485488703394,0.598195145112966
subj02,ventral,3,7,10.369088041084474,6.730763365926925,0.35088183847429527,0.6491181615257047
subj02,ventral,3,8,9.97455039109311,6.2727343861217815,0.37112610191201284,0.6288738980879872
subj02,ventral,3,9,10.713429289466786,5.91602456893149,0.4477935673922823,0.5522064326077177
subj02,ventral,3,10,10.708132498889416,5.897242661247936,0.4492744031828554,0.5507255968171446
subj02,ventral,3,11,12.24182280401503,6.938731547832738,0.4331945773992908,0.5668054226007092
subj02,ventral,3,12,10.052855258600529,6.451013471040958,0.3582904254468484,0.6417095745531516
subj02,ventral,3,13,9.79214903500446,5.727737845049373,0.4150683548040214,0.5849316451959786
subj02,ventral,3,14,10.540688449623433,5.340890582163267,0.49330723437195695,0.5066927656280431
subj02,ventral,3,15,10.608179758023539,5.521904978657027,0.47946725030931797,0.5205327496906821
subj02,ventral,3,16,12.38441522009919,6.1820563299286295,0.5008196818291824,0.4991803181708176
subj02,ventral,3,17,10.07235334537212,5.899704356350294,0.4142675347007168,0.5857324652992831
subj02,ventral,3,18,9.799364113664806,5.12337449984005,0.47717275933285125,0.5228272406671487
subj02,ventral,3,19,10.3362957205243,5.135713751074872,0.5031378851828779,0.496862114817122
subj02,ventral,3,20,11.254967244988316,6.6157707215180315,0.4121910284133484,0.5878089715866516
subj02,ventral,3,21,12.534979008119072,7.866616784224763,0.37242680828348806,0.6275731917165119
subj02,ventral,3,22,10.313733092451152,7.569908893615767,0.2660359904837609,0.7339640095162391
subj02,ventral,3,23,10.966519734781256,5.424918963269745,0.5053199105579367,0.4946800894420634
subj02,ventral,3,24,11.234767779851127,5.86620451753303,0.47785262388300437,0.5221473761169956
subj02,ventral,4,0,10.777165465133365,5.232054243446445,0.5145240870270242,0.4854759129729757
subj02,ventral,4,1,11.893270334384011,7.04112416389153,0.40797409241297544,0.5920259075870246
subj02,ventral,4,2,9.886750126614587,6.390188166406221,0.3536614069769816,0.6463385930230183
subj02,ventral,4,3,10.52206233884979,5.862138470215627,0.4428717221555216,0.5571282778444784
subj02,ventral,4,4,10.595321193476309,5.004542613061027,0.5276648511474673,0.4723351488525327
subj02,ventral,4,5,10.191199487620157,6.820880123436994,0.3307088010863968,0.6692911989136032
subj02,ventral,4,6,11.826364836855678,7.617589452654791,0.3558807327746783,0.6441192672253218
subj02,ventral,4,7,9.878915768669016,6.917558940064932,0.29976536878632243,0.7002346312136776
subj02,ventral,4,8,9.971098780238345,7.246993722012628,0.273200087399054,0.726799912600946
subj02,ventral,4,9,10.446366067564009,5.919711101638081,0.43332340994455504,0.566676590055445
subj02,ventral,4,10,10.01277410209265,6.188660837609594,0.3819234535296091,0.6180765464703909
subj02,ventral,4,11,11.718445291168905,6.981320062081951,0.40424519732637926,0.5957548026736208
subj02,ventral,4,12,9.508642582971465,6.57278709610802,0.30875652978282264,0.6912434702171774
subj02,ventral,4,13,9.948963141101359,6.413273488391118,0.35538272708072743,0.6446172729192725
subj02,ventral,4,14,10.1745349630053,5.3682955729659065,0.47237926917691303,0.527620730823087
subj02,ventral,4,15,10.330583109190115,6.49554564500856,0.3712314613460585,0.6287685386539414
subj02,ventral,4,16,11.720397406886429,7.684462694019046,0.34435135369181524,0.6556486463081848
subj02,ventral,4,17,9.703845798020065,7.05755503906874,0.27270535971328647,0.7272946402867135
subj02,ventral,4,18,10.591466236379357,6.187946331643788,0.4157611237630581,0.5842388762369419
subj02,ventral,4,19,10.396885965166693,5.882381636653333,0.43421697070051285,0.5657830292994871
subj02,ventral,4,20,10.293771034731463,6.641655759564617,0.35478885850914216,0.6452111414908579
subj02,ventral,4,21,11.832765944534717,7.587132865235754,0.35880309804149585,0.6411969019585041
subj02,ventral,4,22,9.49700544074312,7.41220930637366,0.21952142150255835,0.7804785784974416
subj02,ventral,4,23,10.4426582509367,6.525410196728778,0.3751198172033014,0.6248801827966985
subj02,ventral,4,24,10.489418558866623,5.8163564652264474,0.4455024906685674,0.5544975093314326
subj02,ventral,5,0,11.288942992078786,5.210661863146341,0.5384278344923388,0.46157216550766117
subj02,ventral,5,1,12.278967553093898,7.660285841672653,0.37614577051777354,0.6238542294822265
subj02,ventral,5,2,10.193496540306052,6.828158766691072,0.3301455747111029,0.6698544252888972
subj02,ventral,5,3,10.73296494346058,6.398550976831148,0.40384124884991074,0.5961587511500893
subj02,ventral,5,4,9.68090728632127,5.9306907879133535,0.38738275117114496,0.612617248828855
subj02,ventral,5,5,10.709427713522338,6.613126194901954,0.38249490338761594,0.6175050966123841
subj02,ventral,5,6,12.285554362240578,7.8963425995140915,0.35726607308959923,0.6427339269104008
subj02,ventral,5,7,10.21323011582939,7.074963148447731,0.30727467527806784,0.6927253247219322
subj02,ventral,5,8,10.276776724844426,7.372916676510234,0.2825652562163797,0.7174347437836203
subj02,ventral,5,9,9.552995395247251,6.439517619898221,0.32591639025577557,0.6740836097442244
subj02,ventral,5,10,10.495132880662878,5.93079310399251,0.43490061808365416,0.5650993819163458
subj02,ventral,5,11,12.204337825314749,7.158075976569302,0.4134810033100099,0.5865189966899901
subj02,ventral,5,12,9.82993403133409,6.680898958574004,0.32035159775458927,0.6796484022454108
subj02,ventral,5,13,10.248893731100747,6.467538825855484,0.36895249423560367,0.6310475057643963
subj02,ventral,5,14,9.160636359575511,5.975507567604234,0.3476973287605612,0.6523026712394389
subj02,ventral,5,15,10.753816332459325,6.1434515762291735,0.4287189416016176,0.5712810583983824
subj02,ventral,5,16,12.201909838029403,7.704657792657224,0.3685695194497913,0.6314304805502087
subj02,ventral,5,17,9.910942631897159,7.148403462235761,0.27873626881569297,0.721263731184307
subj02,ventral,5,18,10.78635564932465,6.211912341480041,0.4240953531076107,0.5759046468923893
subj02,ventral,5,19,9.665863541260789,5.853159246185197,0.39445045740613394,0.6055495425938661
subj02,ventral,5,20,10.375035356189409,5.499189328347372,0.4699594613847042,0.5300405386152958
subj02,ventral,5,21,12.266761787433474,6.50159900156589,0.4699824522372017,0.5300175477627983
subj02,ventral,5,22,9.801795909177704,6.143869448152054,0.37318941293203506,0.6268105870679649
subj02,ventral,5,23,10.279909297041076,5.80970454550027,0.43484865696504643,0.5651513430349536
subj02,ventral,5,24,9.070607631849672,5.468852464453263,0.39707981136231135,0.6029201886376887
subj03,ventral,0,0,10.96653873449268,6.672031101740149,0.3916010089168028,0.6083989910831973
subj03,ventral,0,1,10.553317937501351,8.106244287921658,0.23187718441457972,0.7681228155854203
subj03,ventral,0,2,11.748279498011419,7.385796582630804,0.37132951391895586,0.6286704860810441
subj03,ventral,0,3,11.716065646579064,7.352622066128508,0.37243249671655976,0.6275675032834402
subj03,ventral,0,4,11.05875697002637,7.903595648973745,0.2853088579127262,0.7146911420872738
subj03,ventral,0,5,11.232917068938743,6.316707604904694,0.4376609774524508,0.5623390225475492
subj03,ventral,0,6,10.200728886509072,8.621316380645688,0.15483329901574283,0.8451667009842572
subj03,ventral,0,7,12.091915779351583,6.903324207529622,0.42909590725748453,0.5709040927425155
subj03,ventral,0,8,11.984761626654732,6.999355987541576,0.41597870649553476,0.5840212935044653
subj03,ventral,0,9,11.315629035851458,7.6169363548200195,0.32686584805076424,0.6731341519492358
subj03,ventral,0,10,10.199934331679286,6.598168125734676,0.35311660730580663,0.6468833926941934
subj03,ventral,0,11,10.049926684985024,7.673082934530996,0.23650359101675084,0.7634964089832491
subj03,ventral,0,12,11.432724639922972,6.682692704247972,0.4154768076096166,0.5845231923903834
subj03,ventral,0,13,11.589054127457578,6.309879718460811,0.45553108570689876,0.5444689142931013
subj03,ventral,0,14,10.84529002318658,7.066549820518337,0.34842223625089996,0.6515777637491
subj03,ventral,0,15,10.423513829830322,6.288963626348261,0.3966560865156318,0.6033439134843682
subj03,ventral,0,16,10.57459446450181,6.977205821334005,0.34019164094131393,0.6598083590586861
subj03,ventral,0,17,11.571825581221677,6.487268166004786,0.43939112109224315,0.5606088789077568
subj03,ventral,0,18,11.573514534187934,6.387545696563729,0.44808937011354294,0.5519106298864571
subj03,ventral,0,19,11.105180910184314,6.697583151640642,0.3968956286431644,0.6031043713568356
subj03,ventral,0,20,10.314082222913674,6.275628782808245,0.3915475320851754,0.6084524679148245
subj03,ventral,0,21,10.352555244432656,7.133803595511945,0.3109137380021879,0.6890862619978121
subj03,ventral,0,22,11.286159081501474,6.795403843286804,0.3978993389855031,0.6021006610144969
subj03,ventral,0,23,11.4298841568278,6.455062472717504,0.4352469032801629,0.5647530967198371
subj03,ventral,0,24,10.954800434423504,6.7629960246518745,0.3826454379396664,0.6173545620603336
subj03,ventral,1,0,11.031771334115717,7.370469843001757,0.33188699985027764,0.6681130001497224
subj03,ventral,1,1,9.717735335769309,8.252618785729393,0.15076728264527584,0.8492327173547242
subj03,ventral,1,2,10.710081942209104,7.74901350297992,0.2764748631436169,0.7235251368563831
subj03,ventral,1,3,11.103968160829659,7.165328884076878,0.35470556288577254,0.6452944371142274
subj03,ventral,1,4,10.584554183819764,7.43276668920883,0.29777234259228036,0.7022276574077196
subj03,ventral,1,5,11.44993901833284,7.7746608728588775,0.32098670041730043,0.6790132995826995
subj03,ventral,1,6,10.036165815349968,8.794209648519969,0.12374807169192739,0.8762519283080726
subj03,ventral,1,7,11.926134878506016,6.931307457801081,0.4188135948141009,0.5811864051858991
subj03,ventral,1,8,11.842720280351775,7.064890234939109,0.4034402512520329,0.596559748747967
subj03,ventral,1,9,11.108113543788463,7.707870792989466,0.3061044287488739,0.6938955712511261
subj03,ventral,1,10,11.185904394505952,6.5832583754660865,0.4114683852742826,0.5885316147257175
subj03,ventral,1,11,9.757030174670314,7.731778743314009,0.20756842964511357,0.7924315703548864
subj03,ventral,1,12,11.089696932027575,6.649182725744057,0.40041799460354055,0.5995820053964594
subj03,ventral,1,13,11.285236035699194,6.302653253877919,0.4415133866991885,0.5584866133008115
subj03,ventral,1,14,10.469417517566448,7.078845121604083,0.32385492223167,0.67614507776833
subj03,ventral,1,15,11.340640045624248,6.572170140218651,0.4204762593840986,0.5795237406159014
subj03,ventral,1,16,10.401008104034249,7.080879876119164,0.3192121566204052,0.6807878433795947
subj03,ventral,1,17,11.375831086359183,6.412742400440321,0.436283612884348,0.563716387115652
subj03,ventral,1,18,11.347180732005253,6.454554120192686,0.43117552521329683,0.5688244747867032
subj03,ventral,1,19,10.912106151250846,6.632079597821836,0.39222735685524784,0.6077726431447522
subj03,ventral,1,20,11.009947096848114,7.015100125932092,0.36283979711942954,0.6371602028805704
subj03,ventral,1,21,10.234966823621997,7.224424639749597,0.29414283756388526,0.7058571624361147
subj03,ventral,1,22,11.008816397431096,6.925733707217012,0.3708920689391159,0.6291079310608841
subj03,ventral,1,23,11.180691945892685,6.636183761936276,0.40646036989024364,0.5935396301097563
subj03,ventral,1,24,10.767088871321388,6.764271249804145,0.3717641480771021,0.6282358519228979
subj03,ventral,2,0,11.496743894915184,7.359152634680741,0.35989244416103155,0.6401075558389684
subj03,ventral,2,1,10.249771962524267,7.3388502656168635,0.28399867895114767,0.7160013210488524
subj03,ventral,2,2,11.607854774109708,7.691748121761963,0.33736695785359705,0.662633042146403
subj03,ventral,2,3,11.615937277394924,7.060598378336013,0.39216283544538255,0.6078371645546174
subj03,ventral,2,4,10.95449366483024,7.4218179099612875,0.32248644829753503,0.677513551702465
subj03,ventral,2,5,12.185835525374731,8.06569090787169,0.33810932446311187,0.6618906755368881
subj03,ventral,2,6,12.053477257787621,6.391239636244344,0.46975968016905384,0.5302403198309461
subj03,ventral,2,7,13.02158129771692,7.180627529639035,0.44855948248788974,0.5514405175121103
subj03,ventral,2,8,12.601562329603842,7.2938593853086005,0.4211940397125426,0.5788059602874573
subj03,ventral,2,9,11.787597533266354,7.959558186367619,0.3247514462633661,0.675248553736634
subj03,ventral,2,10,11.988196248252288,6.949009331177168,0.4203457144614031,0.5796542855385969
subj03,ventral,2,11,11.310331679434858,6.05526862258522,0.4646250177087837,0.5353749822912163
subj03,ventral,2,12,12.489194557699811,6.602926109761581,0.47130889191803327,0.5286911080819667
subj03,ventral,2,13,12.209231873190516,6.433508968269368,0.4730619391055792,0.5269380608944207
subj03,ventral,2,14,11.242578744803648,7.373063677598124,0.34418394169522937,0.6558160583047706
subj03,ventral,2,15,12.068774673910141,7.16885630076934,0.4059996565958991,0.5940003434041009
subj03,ventral,2,16,11.599596159770801,5.922963155382679,0.4893819514230647,0.5106180485769354
subj03,ventral,2,17,12.773624909281992,6.438583959794098,0.49594699973415673,0.5040530002658432
subj03,ventral,2,18,12.34076219196296,6.572915024465825,0.46738176117302555,0.5326182388269745
subj03,ventral,2,19,11.601766680210847,7.1553404911488565,0.3832542328787104,0.6167457671212896
subj03,ventral,2,20,11.41008402575824,7.11941275792081,0.37604203949342074,0.6239579605065793
subj03,ventral,2,21,10.777782194574762,6.107353541257572,0.4333385634447275,0.5666614365552725
subj03,ventral,2,22,11.927527159544102,6.79582116381081,0.4302405626154481,0.5697594373845519
subj03,ventral,2,23,11.742970363843574,6.436497738144282,0.45188503941369385,0.5481149605863062
subj03,ventral,2,24,11.053332695135598,6.888538065423268,0.37679085073999374,0.6232091492600063
subj03,ventral,3,0,10.96478750374833,7.437149830254532,0.3217242169342424,0.6782757830657575
subj03,ventral,3,1,9.56383227043313,7.5292266866319855,0.21273957199052806,0.7872604280094719
subj03,ventral,3,2,9.742114943437016,8.327287216677888,0.1452279853988232,0.8547720146011768
subj03,ventral,3,3,11.07653571253147,7.163711607531858,0.35325341844678276,0.6467465815532173
subj03,ventral,3,4,10.482439172419495,7.580000264183775,0.27688583358273816,0.7231141664172619
subj03,ventral,3,5,11.402405630007346,7.73205960294575,0.32189225205271277,0.6781077479472872
subj03,ventral,3,6,10.929044506168056,6.5554531218357015,0.40018058137324064,0.5998194186267594
subj03,ventral,3,7,10.68624450001354,8.019883521650074,0.24951337940659016,0.7504866205934099
subj03,ventral,3,8,11.649654784329412,7.249537091948752,0.3777036979927937,0.6222963020072063
subj03,ventral,3,9,11.007377934521049,7.774149681466016,0.2937328283164575,0.7062671716835426
subj03,ventral,3,10,11.387046744036452,7.67241558973829,0.3262155006295696,0.6737844993704304
subj03,ventral,3,11,10.890086240415583,6.523434356571719,0.40097495900796704,0.599025040992033
subj03,ventral,3,12,9.993412926552855,8.796433707594902,0.11977681976670217,0.8802231802332978
subj03,ventral,3,13,11.76380888762125,6.972391252283158,0.40730155352829445,0.5926984464717056
subj03,ventral,3,14,10.99219909056061,7.713788050918883,0.29824887746593076,0.7017511225340692
subj03,ventral,3,15,11.359305028071294,6.571361863128976,0.4214996562826931,0.5785003437173069
subj03,ventral,3,16,10.430419474012671,6.003443732454546,0.42442931011431606,0.5755706898856839
subj03,ventral,3,17,10.498747288576121,7.120931553367336,0.32173512156867023,0.6782648784313298
subj03,ventral,3,18,11.405091883825413,6.372686353910142,0.4412419979756742,0.5587580020243258
subj03,ventral,3,19,10.943640457045156,6.652331426828226,0.39212810828907724,0.6078718917109228
subj03,ventral,3,20,11.022230941566367,6.939899938656818,0.3703724794510076,0.6296275205489924
subj03,ventral,3,21,10.239208091370902,6.117906778061868,0.40250195879721035,0.5974980412027896
subj03,ventral,3,22,10.391778978168169,7.0977087230224685,0.31698809819436413,0.6830119018056359
subj03,ventral,3,23,11.252456188524423,6.44241108592051,0.4274662368834046,0.5725337631165953
subj03,ventral,3,24,10.758159390620968,6.761210322292599,0.3715272216372751,0.6284727783627249
subj03,ventral,4,0,11.256163332740604,7.467139802815081,0.3366176749500833,0.6633823250499167
subj03,ventral,4,1,9.809363789103086,7.634940178596853,0.22166815883836746,0.7783318411616326
subj03,ventral,4,2,9.95521208186086,8.387376952381066,0.15748887282235877,0.8425111271776412
subj03,ventral,4,3,11.183078751555204,8.072863834314989,0.2781179482267068,0.7218820517732932
subj03,ventral,4,4,10.7807101905745,7.530338526309392,0.3014988443995911,0.6985011556004089
subj03,ventral,4,5,11.556544153547131,7.734654590899733,0.3307121499184788,0.6692878500815213
subj03,ventral,4,6,11.057098921102321,6.570821678600684,0.40573728014132526,0.5942627198586747
subj03,ventral,4,7,10.804188069198261,7.9776603404035065,0.2616140806409066,0.7383859193590934
subj03,ventral,4,8,12.143592018387642,7.326988354509636,0.39663747403443544,0.6033625259655646
subj03,ventral,4,9,11.142442138154713,7.72624736448051,0.3065930010061471,0.6934069989938529
subj03,ventral,4,10,11.658851977438026,7.78372762082907,0.33237615196659315,0.6676238480334069
subj03,ventral,4,11,11.377991607523802,6.254046030833646,0.45033831570959326,0.5496616842904067
subj03,ventral,4,12,10.554377398968912,8.492073525072932,0.19539796578597352,0.8046020342140264
subj03,ventral,4,13,12.51234005421637,6.908659965396896,0.44785228538694993,0.5521477146130501
subj03,ventral,4,14,11.281148806628655,7.727952344290564,0.31496760864020157,0.6850323913597984
subj03,ventral,4,15,11.218049958129587,6.620157851965459,0.40986554020755545,0.5901344597924445
subj03,ventral,4,16,10.165260882704935,6.196381662242908,0.39043554968811817,0.6095644503118818
subj03,ventral,4,17,9.849029485473881,7.724163577393968,0.2157436843106046,0.7842563156893955
subj03,ventral,4,18,11.48759292446519,6.743836793144212,0.41294605079695806,0.5870539492030419
subj03,ventral,4,19,10.489973628186057,7.078270187966076,0.3252347013583425,0.6747652986416575
subj03,ventral,4,20,11.135745594876408,7.053763320968842,0.36656569056190536,0.6334343094380946
subj03,ventral,4,21,10.322378076118529,6.26621556167057,0.39294845475890344,0.6070515452410965
subj03,ventral,4,22,10.483821509396689,7.1305570209632565,0.31985135243173385,0.6801486475682661
subj03,ventral,4,23,11.563894771560904,6.914458452914318,0.4020649106978168,0.5979350893021832
subj03,ventral,4,24,10.82401720746317,6.860858485674598,0.3661449021954594,0.6338550978045406
subj03,ventral,5,0,11.254946662372818,7.347373638958556,0.3471871649536942,0.6528128350463058
subj03,ventral,5,1,9.685398773566645,7.326057096242649,0.2435977838891985,0.7564022161108015
subj03,ventral,5,2,10.257222014158392,8.242464288786111,0.19642333202803275,0.8035766679719673
subj03,ventral,5,3,10.963947810587346,7.677516360371256,0.29974891407660154,0.7002510859233985
subj03,ventral,5,4,11.610198307040662,7.140378163716926,0.3849908524485017,0.6150091475514983
subj03,ventral,5,5,11.593658584874351,7.740074716124282,0.3323872132803394,0.6676127867196606
subj03,ventral,5,6,10.93319840452424,6.450363312110346,0.41002046487685284,0.5899795351231472
subj03,ventral,5,7,10.978063320553124,8.142167952091937,0.2583238305022185,0.7416761694977815
subj03,ventral,5,8,11.87419879768716,7.1985945989861895,0.39376165738539587,0.6062383426146042
subj03,ventral,5,9,12.05368960623139,7.358955371302482,0.38948524379637867,0.6105147562036214
subj03,ventral,5,10,11.489534305091103,7.7714737674249665,0.32360411126660155,0.6763958887333985
subj03,ventral,5,11,10.915435893543064,6.330781984611768,0.42001565064784174,0.5799843493521583
subj03,ventral,5,12,10.165065505605213,9.031486232549135,0.11151716360617656,0.8884828363938234
subj03,ventral,5,13,11.868542116017412,7.073725779226383,0.40399370789779615,0.5960062921022039
subj03,ventral,5,14,11.968013362689495,7.368571130314249,0.38431125475796113,0.6156887452420389
subj03,ventral,5,15,11.309054786015201,6.695775600173696,0.4079279190995073,0.5920720809004927
subj03,ventral,5,16,10.047003934233306,6.213387256848605,0.38156814732821615,0.6184318526717838
subj03,ventral,5,17,10.125515447717389,7.917901565145974,0.21802483972004413,0.7819751602799558
subj03,ventral,5,18,11.252363792054956,6.678856595702335,0.4064485721286289,0.5935514278713712
subj03,ventral,5,19,11.602474582257194,6.5753095665090715,0.43328386372298494,0.566716136277015
subj03,ventral,5,20,11.471700653961879,6.646143022476844,0.42064884510549666,0.5793511548945034
subj03,ventral,5,21,10.344239827681367,5.9655824169841924,0.4232942665327432,0.5767057334672567
subj03,ventral,5,22,10.749148631581038,7.260718552721639,0.3245308255028104,0.6754691744971896
subj03,ventral,5,23,11.493753383649596,6.493030988598599,0.43508175511793734,0.5649182448820627
subj03,ventral,5,24,11.710420662389497,6.615222004255286,0.43509954125717476,0.5649004587428252
subj04,ventral,0,0,10.162314820785719,8.003780057847296,0.21240581511245996,0.7875941848875401
subj04,ventral,0,1,10.250998256147613,8.470363607907354,0.17370353635290073,0.8262964636470993
subj04,ventral,0,2,11.524220780891712,7.666080536252801,0.33478534627140133,0.6652146537285987
subj04,ventral,0,3,12.031156802456424,9.038478697348914,0.2487440031116949,0.7512559968883051
subj04,ventral,0,4,11.096948429870087,8.05407341022745,0.27420826895545564,0.7257917310445443
subj04,ventral,0,5,10.544149500359717,7.3604168587950864,0.3019430482710831,0.6980569517289169
subj04,ventral,0,6,11.152922016924446,7.1038048025069305,0.36305438236482074,0.6369456176351792
subj04,ventral,0,7,12.06956696099278,6.627495459008464,0.4508920261656745,0.5491079738343255
subj04,ventral,0,8,12.255137945366652,8.61835903161234,0.2967554449380379,0.703244555061962
subj04,ventral,0,9,11.624637150120076,7.134413877158594,0.3862678219521975,0.6137321780478026
subj04,ventral,0,10,10.1881965804286,7.479738435729256,0.2658427449174135,0.7341572550825864
subj04,ventral,0,11,10.557340242804262,7.601663685838499,0.27996412817899957,0.7200358718210005
subj04,ventral,0,12,11.078097217428365,7.82719083282654,0.29345349844803764,0.7065465015519624
subj04,ventral,0,13,12.174021578780392,8.405279808807107,0.3095724568570087,0.6904275431429914
subj04,ventral,0,14,10.852275994735574,7.915249053810152,0.27063695600353055,0.7293630439964695
subj04,ventral,0,15,10.425250819893582,6.9753076818262185,0.3309218356151339,0.6690781643848661
subj04,ventral,0,16,10.814161837785576,7.063395983984281,0.34683833200052633,0.6531616679994736
subj04,ventral,0,17,11.752884721407062,6.591948900215126,0.4391207727743343,0.5608792272256656
subj04,ventral,0,18,12.263105186134691,8.128143486934803,0.33718716723355613,0.6628128327664439
subj04,ventral,0,19,11.29419376487494,7.103462841225371,0.37105179979139247,0.6289482002086075
subj04,ventral,0,20,9.836859335815213,7.146662123582881,0.2734813135364801,0.7265186864635199
subj04,ventral,0,21,10.479916380026461,6.892519200950383,0.3423116224393978,0.6576883775606022
subj04,ventral,0,22,11.408646136971416,6.474927959949178,0.4324543085821367,0.5675456914178634
subj04,ventral,0,23,12.381893570699306,7.3237276124739035,0.4085131187199929,0.591486881280007
subj04,ventral,0,24,11.039853885566218,6.82916045411085,0.38140843847222783,0.6185915615277722
subj04,ventral,1,0,12.670826973530207,7.730869047715012,0.3898686278437025,0.6101313721562975
subj04,ventral,1,1,11.81287126595664,8.731032400833083,0.260888212166086,0.7391117878339141
subj04,ventral,1,2,13.038035647505438,7.077938698517649,0.45713151199491714,0.5428684880050828
subj04,ventral,1,3,12.518905598421215,10.138472717835318,0.19014704295606302,0.809852957043937
subj04,ventral,1,4,12.50988218169246,8.160962712432081,0.34763872321873573,0.6523612767812643
subj04,ventral,1,5,11.578181144386377,6.7976040706645,0.4128953428958672,0.5871046571041327
subj04,ventral,1,6,11.05142091968682,7.320277130959578,0.3376166572463676,0.6623833427536324
subj04,ventral,1,7,11.64076996623655,6.672748432725574,0.4267777430462473,0.5732222569537526
subj04,ventral,1,8,12.39812269533217,8.108248106196717,0.3460100125279909,0.6539899874720091
subj04,ventral,1,9,11.543050514597946,7.057050141429742,0.3886321356295697,0.6113678643704302
subj04,ventral,1,10,11.170710795218385,7.385394701551952,0.33886080868611645,0.6611391913138835
subj04,ventral,1,11,10.696579279768336,7.769857668204315,0.27361285650447753,0.7263871434955225
subj04,ventral,1,12,10.96297226605285,7.675511123137916,0.29986951194747147,0.7001304880525285
subj04,ventral,1,13,12.405965499639795,8.038425753608841,0.3520515792307954,0.6479484207692046
subj04,ventral,1,14,11.05403847654908,7.74075836688934,0.299734808838308,0.700265191161692
subj04,ventral,1,15,11.561739437383062,6.3115080184631385,0.4541039388886527,0.5458960611113473
subj04,ventral,1,16,10.610261504224692,7.509325202801736,0.2922582351234468,0.7077417648765533
subj04,ventral,1,17,11.310712345905744,6.734102453391716,0.40462614135622244,0.5953738586437776
subj04,ventral,1,18,12.357800291885994,7.745266828027306,0.3732487461289717,0.6267512538710284
subj04,ventral,1,19,11.19750222191096,7.134925959169931,0.3628109360667501,0.6371890639332499
subj04,ventral,1,20,11.18169646047068,6.9135972987565095,0.38170408012797286,0.6182959198720271
subj04,ventral,1,21,10.737392975365415,7.279781407463535,0.3220159284320327,0.6779840715679673
subj04,ventral,1,22,11.263749445781905,6.762211850102103,0.39964823590474624,0.6003517640952537
subj04,ventral,1,23,12.678362870807943,7.161194890938861,0.43516406937463636,0.5648359306253636
subj04,ventral,1,24,11.274924873646281,6.963225158256977,0.3824149396744416,0.6175850603255584
subj04,ventral,2,0,13.130479308943762,7.682249365655895,0.4149300124616801,0.58506998753832
subj04,ventral,2,1,11.69377334032354,8.392976840318987,0.2822695809078533,0.7177304190921467
subj04,ventral,2,2,13.23235205878325,6.96967058754277,0.4732855839550834,0.5267144160449166
subj04,ventral,2,3,12.89265663987622,10.120569989703492,0.21501283463943566,0.7849871653605643
subj04,ventral,2,4,12.801174216319165,8.104471868056786,0.36689621349539475,0.6331037865046052
subj04,ventral,2,5,11.221232686293616,8.286614509053763,0.2615236898905409,0.738476310109459
subj04,ventral,2,6,10.154835298314076,8.19898262371563,0.19260309174321721,0.8073969082567828
subj04,ventral,2,7,11.233550895584244,7.78693676651137,0.3068143066345737,0.6931856933654262
subj04,ventral,2,8,12.391367908148228,8.846362774498315,0.28608666613141337,0.7139133338685866
subj04,ventral,2,9,11.288759034502725,8.079235474999813,0.2843114597178833,0.7156885402821167
subj04,ventral,2,10,11.457305714578276,7.365058996895113,0.3571735641544581,0.6428264358455419
subj04,ventral,2,11,10.379935275369657,7.316477630831799,0.2951326345750032,0.7048673654249968
subj04,ventral,2,12,10.964576020870998,7.585316595588995,0.3081979110591787,0.6918020889408213
subj04,ventral,2,13,12.578276478081161,8.03249643993164,0.3613992780386863,0.6386007219613137
subj04,ventral,2,14,11.119082778284827,7.746355905370031,0.30332779602123405,0.696672203978766
subj04,ventral,2,15,12.059059022806608,6.172873294244309,0.48811318672792736,0.5118868132720726
subj04,ventral,2,16,10.646224359531837,6.778136107154444,0.363329582558928,0.636670417441072
subj04,ventral,2,17,11.518013099557626,6.5654893472208515,0.42998073621977273,0.5700192637802273
subj04,ventral,2,18,12.708789692551411,7.696234386005779,0.39441641791298804,0.6055835820870119
subj04,ventral,2,19,11.485940332965178,7.0515620445295415,0.3860701135377455,0.6139298864622544
subj04,ventral,2,20,11.395529631364871,6.729829422244007,0.40943250204703663,0.5905674979529634
subj04,ventral,2,21,9.94480048315476,7.211767880369732,0.2748202548069658,0.7251797451930342
subj04,ventral,2,22,11.143535851873292,6.573835657936238,0.4100763217959102,0.5899236782040899
subj04,ventral,2,23,12.772763513056772,7.016074530879235,0.4507003497162415,0.5492996502837585
subj04,ventral,2,24,11.247146630879309,6.839332984529551,0.3919050574345675,0.6080949425654325
subj04,ventral,3,0,12.602346241636441,7.718130887552748,0.38756397106015933,0.6124360289398407
subj04,ventral,3,1,11.315360109230143,8.490123201849807,0.24968157266826532,0.7503184273317347
subj04,ventral,3,2,11.57811969110197,8.33063114829722,0.2804849690144863,0.7195150309855137
subj04,ventral,3,3,12.36015223649599,10.2740795935573,0.168774025030138,0.831225974969862
subj04,ventral,3,4,12.311673767038526,8.115617433580022,0.34081932423294153,0.6591806757670585
subj04,ventral,3,5,10.77042818652189,8.2786686036736,0.2313519518162219,0.7686480481837781
subj04,ventral,3,6,10.129168168647732,7.979305770202762,0.21224471374651704,0.787755286253483
subj04,ventral,3,7,9.878812032625396,8.485938116290445,0.14099609464527693,0.859003905354723
subj04,ventral,3,8,12.106074390243347,8.827391440340335,0.2708295723463753,0.7291704276536247
subj04,ventral,3,9,10.90031131762173,8.048203056094732,0.2616538352364492,0.7383461647635509
subj04,ventral,3,10,11.524727423576472,6.790826632624592,0.4107603257728769,0.5892396742271231
subj04,ventral,3,11,10.36582966288129,7.294870467314057,0.2962579258430171,0.7037420741569829
subj04,ventral,3,12,10.687502402529494,7.055179420610398,0.3398664014390683,0.6601335985609317
subj04,ventral,3,13,12.314884604452239,8.198761207264653,0.33423970499077765,0.6657602950092223
subj04,ventral,3,14,11.352510546893654,7.007642607003878,0.38272309212508476,0.6172769078749153
subj04,ventral,3,15,11.648774431583368,6.089620743918452,0.47723077825186144,0.5227692217481386
subj04,ventral,3,16,10.30225455101514,6.954988779388616,0.324906141180204,0.675093858819796
subj04,ventral,3,17,10.37882216743934,7.0796237681335334,0.317877919679183,0.682122080320817
subj04,ventral,3,18,12.43797790859876,7.6167927450144655,0.38761808382464324,0.6123819161753568
subj04,ventral,3,19,11.059099026869799,7.037445371673483,0.36365111167058756,0.6363488883294124
subj04,ventral,3,20,10.939470858634051,6.7848061186615976,0.3797866271286199,0.6202133728713801
subj04,ventral,3,21,9.870344146347655,7.071973865905714,0.28351293926032234,0.7164870607396776
subj04,ventral,3,22,10.121347784202664,6.951800593006562,0.3131546567486903,0.6868453432513097
subj04,ventral,3,23,12.485870390937064,7.053372025356103,0.43509168327777686,0.5649083167222232
subj04,ventral,3,24,10.846866438062142,6.863161610533535,0.36726780497172967,0.6327321950282703
subj04,ventral,4,0,13.421966058956786,7.772151918016928,0.4209378950984313,0.5790621049015686
subj04,ventral,4,1,12.290904740382278,8.362356455985482,0.3196305208915489,0.6803694791084511
subj04,ventral,4,2,12.212730135083364,8.56834454475555,0.29840875463698574,0.7015912453630143
subj04,ventral,4,3,13.931688896595178,7.075985434429752,0.49209421148077165,0.5079057885192283
subj04,ventral,4,4,13.30837242568781,8.233229861406725,0.381349604740926,0.618650395259074
subj04,ventral,4,5,10.948465614750647,8.461761821402796,0.22712806349755219,0.7728719365024478
subj04,ventral,4,6,10.288078639035453,8.128073379721732,0.20995225008468923,0.7900477499153108
subj04,ventral,4,7,9.941248575070805,8.64023590382076,0.13087014789193918,0.8691298521080608
subj04,ventral,4,8,11.40372372421791,8.064205150942653,0.292844570250608,0.707155429749392
subj04,ventral,4,9,11.173750717884172,8.423831644872488,0.24610528214221702,0.753894717857783
subj04,ventral,4,10,11.771680574905188,7.026795545148725,0.4030762642227641,0.5969237357772359
subj04,ventral,4,11,10.705263351726884,7.333858620854837,0.31492963975783,0.68507036024217
subj04,ventral,4,12,10.803712149421274,7.296568388555176,0.3246239544667956,0.6753760455332044
subj04,ventral,4,13,11.956544821986405,6.971037380907193,0.41696890826784383,0.5830310917321562
subj04,ventral,4,14,11.700946760772862,7.4417401418973315,0.36400529854168867,0.6359947014583114
subj04,ventral,4,15,11.038360968383044,7.776401899256693,0.2955111794649147,0.7044888205350853
subj04,ventral,4,16,10.162325409945941,7.71263950532137,0.24105564482584332,0.7589443551741567
subj04,ventral,4,17,10.277573756309259,7.661664591732137,0.2545259442162847,0.7454740557837153
subj04,ventral,4,18,10.941369489901737,8.136969958638536,0.256311564457402,0.743688435542598
subj04,ventral,4,19,10.913105867152318,8.219810943474066,0.24679453827941691,0.7532054617205831
subj04,ventral,4,20,11.150461753935058,6.887654682931338,0.3822987034146234,0.6177012965853765
subj04,ventral,4,21,10.03320623044758,7.179636732048066,0.28441252306165515,0.7155874769383448
subj04,ventral,4,22,10.182306479714068,7.0784889896037,0.3048245990526821,0.6951754009473179
subj04,ventral,4,23,11.369400657746127,6.790826171841658,0.40271027679766247,0.5972897232023375
subj04,ventral,4,24,11.202160480366894,7.11530162230847,0.364827737044218,0.635172262955782
subj04,ventral,5,0,12.920914669526127,7.812889975189792,0.3953299611507821,0.6046700388492179
subj04,ventral,5,1,11.798314073169763,8.428057019815355,0.285655817640812,0.714344182359188
subj04,ventral,5,2,12.156291533729455,8.639431328785074,0.2893037070710524,0.7106962929289475
subj04,ventral,5,3,13.40293109470364,7.21374620086706,0.4617784610026328,0.5382215389973672
subj04,ventral,5,4,13.367583816769766,10.078450550678385,0.24605293755219482,0.7539470624478052
subj04,ventral,5,5,10.972733608665232,8.397625007271902,0.23468250421752257,0.7653174957824774
subj04,ventral,5,6,10.349196453821143,8.127496281544756,0.2146736881640785,0.7853263118359215
subj04,ventral,5,7,10.427452061417343,8.752893464023884,0.1605913494044724,0.8394086505955276
subj04,ventral,5,8,11.446878546064239,7.973416499810184,0.30344185380112465,0.6965581461988753
subj04,ventral,5,9,12.830673300532107,8.86402776415667,0.30915334242131576,0.6908466575786842
subj04,ventral,5,10,11.614425683665324,7.175272493720273,0.3822103056019664,0.6177896943980337
subj04,ventral,5,11,10.568981770897922,7.544343449483784,0.2861806735008845,0.7138193264991155
subj04,ventral,5,12,11.035950483616004,7.681870092621847,0.30392310983758325,0.6960768901624167
subj04,ventral,5,13,11.794542298745732,7.138179165720224,0.3947896421144447,0.6052103578855553
subj04,ventral,5,14,12.971380677744449,8.39040401725681,0.35316029760404893,0.6468397023959511
subj04,ventral,5,15,11.232853766733449,7.485043957719993,0.33364716454448523,0.6663528354555148
subj04,ventral,5,16,10.440211282234316,7.446203704770889,0.28677653129091435,0.7132234687090856
subj04,ventral,5,17,10.749868159852797,7.814546257833548,0.2730565490078944,0.7269434509921057
subj04,ventral,5,18,11.20743692501957,7.764126150689938,0.3072344548861799,0.69276554511382
subj04,ventral,5,19,12.987833848722737,8.111426240250736,0.37545965441739626,0.6245403455826037
subj04,ventral,5,20,11.698154020111623,6.537221740895365,0.44117492985162565,0.5588250701483743
subj04,ventral,5,21,10.545332902503032,7.11471039326927,0.32532140435504625,0.6746785956449538
subj04,ventral,5,22,10.779816812481299,7.602732201876715,0.29472528762511335,0.7052747123748866
subj04,ventral,5,23,11.561413098918319,7.042812878555683,0.39083459622988426,0.6091654037701157
subj04,ventral,5,24,13.020519205280573,7.894576121112923,0.3936819264541144,0.6063180735458856
subj05,ventral,0,0,12.802914739613811,7.8432134326624405,0.3873884508193621,0.6126115491806379
subj05,ventral,0,1,13.506448514576432,8.002550895157988,0.40750146964825923,0.5924985303517407
subj05,ventral,0,2,12.624801742464436,6.8852927427034185,0.45462171342111163,0.5453782865788883
subj05,ventral,0,3,12.818975736727058,7.306199017894608,0.43004814363116756,0.5699518563688324
subj05,ventral,0,4,12.846045750758773,7.875980658165094,0.386894550200408,0.6131054497995919
subj05,ventral,0,5,12.781310688020909,7.206395103046077,0.4361771434129864,0.5638228565870136
subj05,ventral,0,6,13.701395160377471,6.971381030361882,0.4911918860261657,0.5088081139738343
subj05,ventral,0,7,12.395663678950752,6.55772884864916,0.47096589432440555,0.5290341056755944
subj05,ventral,0,8,12.69351347260534,6.815042865123807,0.463108233994333,0.536891766005667
subj05,ventral,0,9,12.31478749753504,8.078451717609,0.3440039692746624,0.6559960307253376
subj05,ventral,0,10,11.770642124131294,7.006687452061346,0.4047319272670131,0.5952680727329869
subj05,ventral,0,11,12.549633458624234,7.154210972973028,0.4299266989302717,0.5700733010697283
subj05,ventral,0,12,11.558685387704573,5.949851223556181,0.4852484496303298,0.5147515503696702
subj05,ventral,0,13,11.833675224671374,6.315209892791442,0.4663357094991748,0.5336642905008252
subj05,ventral,0,14,11.633325475743888,7.343620593339315,0.36874278909748026,0.6312572109025197
subj05,ventral,0,15,12.124107683471104,6.346149440585898,0.476567710691183,0.523432289308817
subj05,ventral,0,16,12.983508052857276,6.303210928600007,0.5145217376583472,0.4854782623416528
subj05,ventral,0,17,11.648394466694056,5.73975248595994,0.5072494752498757,0.49275052475012426
subj05,ventral,0,18,12.104166067044526,5.747418891278383,0.5251701885579193,0.47482981144208064
subj05,ventral,0,19,12.126533424498605,6.468085259598156,0.4666171251768441,0.5333828748231559
subj05,ventral,0,20,13.539862288011559,7.2311008173987625,0.4659398549569215,0.5340601450430785
subj05,ventral,0,21,14.394751109734143,7.031513338172019,0.5115224094831964,0.4884775905168036
subj05,ventral,0,22,13.48500802899028,5.927351911006352,0.5604487666404322,0.4395512333595678
subj05,ventral,0,23,13.330820404426882,7.083923870453622,0.46860555798192277,0.5313944420180772
subj05,ventral,0,24,13.023820802993447,8.223023864703228,0.368616630319943,0.6313833696800569
subj05,ventral,1,0,13.353640038057266,6.769290005593354,0.4930752973495477,0.5069247026504523
subj05,ventral,1,1,14.050246931343345,7.469589929474185,0.4683659322163944,0.5316340677836057
subj05,ventral,1,2,13.184394833422848,6.492001350570487,0.5075995953858221,0.49240040461417794
subj05,ventral,1,3,13.129719186288659,7.5700524652803995,0.42344140359180027,0.5765585964081997
subj05,ventral,1,4,13.06283232493877,7.563443043934444,0.420995167373099,0.579004832626901
subj05,ventral,1,5,12.434388228696237,6.243673564449135,0.497870466193109,0.502129533806891
subj05,ventral,1,6,13.210160368175355,6.939045780856529,0.47471903538935006,0.5252809646106499
subj05,ventral,1,7,11.941782913495002,6.543901761324307,0.45201635227104436,0.5479836477289556
subj05,ventral,1,8,12.429760377402632,6.682122264202768,0.4624094060291862,0.5375905939708138
subj05,ventral,1,9,11.755560477256612,7.687947557662982,0.3460160770269702,0.6539839229730299
subj05,ventral,1,10,12.103559091280545,5.825727562489797,0.5186764885803982,0.48132351141960183
subj05,ventral,1,11,12.414404153423957,7.44170927437483,0.4005584817115554,0.5994415182884446
subj05,ventral,1,12,11.684394131881762,5.978422642544129,0.4883412374603535,0.5116587625396465
subj05,ventral,1,13,12.057154192072526,6.372794354843358,0.47145120205616886,0.5285487979438311
subj05,ventral,1,14,11.486956726654299,7.223942071398289,0.3711178475465241,0.6288821524534759
subj05,ventral,1,15,11.981139526277905,5.271844717474223,0.5599880373722691,0.44001196262773085
subj05,ventral,1,16,12.6782598716144,6.297856841934784,0.5032554226124378,0.49674457738756217
subj05,ventral,1,17,11.418433736963598,5.7263235397098535,0.4985018373253175,0.5014981626746825
subj05,ventral,1,18,12.01040283534083,5.71336202232965,0.5242988848369035,0.4757011151630966
subj05,ventral,1,19,11.638867033998343,6.291032889810678,0.4594806460599717,0.5405193539400284
subj05,ventral,1,20,13.143328654161603,6.178256126027554,0.5299321588468902,0.47006784115310984
subj05,ventral,1,21,13.821461550860532,6.996167562928985,0.4938185417523084,0.5061814582476916
subj05,ventral,1,22,12.975233245706171,5.864522001253625,0.5480218436000492,0.45197815639995076
subj05,ventral,1,23,12.945053977204825,6.99254926256642,0.45982849705534456,0.5401715029446554
subj05,ventral,1,24,12.407887603448494,7.7886155170713804,0.37228513297406807,0.6277148670259319
subj05,ventral,2,0,13.337999506241356,6.737152548629982,0.49489032853259496,0.505109671467405
subj05,ventral,2,1,13.361331699544266,7.251535331749364,0.45727450715135665,0.5427254928486434
subj05,ventral,2,2,13.422970625367599,6.7209179522479605,0.49929727630139226,0.5007027236986077
subj05,ventral,2,3,13.231211085185382,7.6592257275250795,0.4211243643372223,0.5788756356627778
subj05,ventral,2,4,13.082979460048609,7.616063919487709,0.4178647193672647,0.5821352806327353
subj05,ventral,2,5,14.018131624094888,7.224967430429135,0.4845984026850917,0.5154015973149083
subj05,ventral,2,6,13.266649237828213,8.9734430829249,0.3236089292736982,0.6763910707263018
subj05,ventral,2,7,14.233460059188165,6.9406200431251435,0.5123729568029562,0.4876270431970437
subj05,ventral,2,8,14.264327631392458,7.461525049171456,0.4769101466268638,0.5230898533731362
subj05,ventral,2,9,13.793067874987443,8.021020700819223,0.4184744993994655,0.5815255006005344
subj05,ventral,2,10,12.535221448817463,5.962536960320255,0.5243373254580401,0.4756626745419599
subj05,ventral,2,11,11.650535753499518,8.04780309099058,0.3092332180025945,0.6907667819974055
subj05,ventral,2,12,12.636125521257137,5.921771595007424,0.5313617623498977,0.46863823765010226
subj05,ventral,2,13,12.723227523828053,6.4218638559915915,0.49526455893642324,0.5047354410635767
subj05,ventral,2,14,11.927724701464836,7.502688391897547,0.37098746159222246,0.6290125384077776
subj05,ventral,2,15,12.228060473530059,5.406499233641777,0.5578612613713219,0.44213873862867814
subj05,ventral,2,16,11.839103749103987,6.812474842997875,0.4245784995748973,0.5754215004251026
subj05,ventral,2,17,12.071094065560423,5.924509111006034,0.509198662620895,0.49080133737910503
subj05,ventral,2,18,12.434284648693868,5.8806030657443475,0.5270654298265511,0.4729345701734488
subj05,ventral,2,19,11.970326141793038,6.429954498482369,0.46284216300231695,0.537157836997683
subj05,ventral,2,20,13.584942091910063,6.106992240278418,0.5504587212105101,0.44954127878948985
subj05,ventral,2,21,13.097835529725106,7.62307054017545,0.4179900547021572,0.5820099452978428
subj05,ventral,2,22,13.719038452922009,5.974061686067704,0.5645422449562933,0.4354577550437066
subj05,ventral,2,23,13.534954662849954,7.0062999059329,0.4823551256389923,0.5176448743610077
subj05,ventral,2,24,12.860839110803584,7.894437859351713,0.38616463581135296,0.613835364188647
subj05,ventral,3,0,13.483050398232162,6.898481822139669,0.48835896786055427,0.5116410321394458
subj05,ventral,3,1,13.924760095320456,7.2058282565434135,0.48251688307614016,0.5174831169238598
subj05,ventral,3,2,14.526821169551953,7.5442888995483575,0.48066484666575926,0.5193351533342407
subj05,ventral,3,3,13.431255124702501,7.726344956847776,0.4247488499687841,0.575251150031216
subj05,ventral,3,4,13.547580424846116,7.613557316109984,0.43801349928531874,0.5619865007146813
subj05,ventral,3,5,12.591102937074892,6.9764592147198625,0.44592151699614313,0.5540784830038569
subj05,ventral,3,6,12.685188363708221,7.920483420049286,0.3756116824635061,0.6243883175364939
subj05,ventral,3,7,13.424679578835448,8.09616967167781,0.3969189637537607,0.6030810362462393
subj05,ventral,3,8,12.749769359672397,7.440669240546776,0.416407541921373,0.5835924580786269
subj05,ventral,3,9,12.683913498308701,7.645043204311771,0.3972646371854257,0.6027353628145743
subj05,ventral,3,10,12.475500776095018,6.315663810382425,0.4937546857851021,0.5062453142148979
subj05,ventral,3,11,12.69137039021416,7.134146878351005,0.43787418860205374,0.5621258113979463
subj05,ventral,3,12,13.691226028283044,6.829288954416709,0.5011923007984158,0.49880769920158424
subj05,ventral,3,13,12.705849039798613,6.693313849160571,0.47321002884615887,0.5267899711538411
subj05,ventral,3,14,12.127323522521783,7.7830099602863845,0.35822525507524616,0.6417747449247538
subj05,ventral,3,15,11.970612991125238,5.391158509821258,0.5496338814212647,0.45036611857873526
subj05,ventral,3,16,12.142639967181626,6.430992549528136,0.47037937656807555,0.5296206234319245
subj05,ventral,3,17,13.018439213365935,6.437665315123337,0.5054963802024874,0.49450361979751256
subj05,ventral,3,18,12.170141071482888,5.912795691288028,0.5141555338957484,0.4858444661042515
subj05,ventral,3,19,12.016748516676335,6.330830232282118,0.47316612114363055,0.5268338788563695
subj05,ventral,3,20,13.422303052983025,6.363380072106903,0.5259099688787998,0.4740900311212002
subj05,ventral,3,21,13.548421404097184,7.316577596702883,0.45996825914417794,0.5400317408558221
subj05,ventral,3,22,14.412024470306887,7.1768729023030415,0.5020218764484086,0.4979781235515914
subj05,ventral,3,23,13.39322649097966,7.210106134788851,0.4616602549322332,0.5383397450677667
subj05,ventral,3,24,13.08163595236263,7.851313067236834,0.3998217733754596,0.6001782266245405
subj05,ventral,4,0,14.424798779990907,6.808232832736978,0.5280188696856629,0.4719811303143371
subj05,ventral,4,1,14.625518871276523,7.042782261892101,0.5184593227852159,0.48154067721478405
subj05,ventral,4,2,15.445279534853816,7.349510987107606,0.5241581111871301,0.47584188881287
subj05,ventral,4,3,14.18599364059379,6.504919789566305,0.541454764863829,0.45854523513617096
subj05,ventral,4,4,13.997757062005409,7.598815678938076,0.45714048005849445,0.5428595199415056
subj05,ventral,4,5,13.40076375038501,7.088114482805608,0.47106637988435823,0.5289336201156417
subj05,ventral,4,6,13.312185311595348,7.854125561718468,0.4100047905074407,0.5899952094925592
subj05,ventral,4,7,14.253378496471994,8.050351232257256,0.4351969791407781,0.5648030208592218
subj05,ventral,4,8,13.03890933605749,6.995585910610933,0.4634838136909576,0.5365161863090424
subj05,ventral,4,9,13.074503819577114,7.624403860517067,0.416849467809198,0.583150532190802
subj05,ventral,4,10,13.531191300644744,6.243652837407689,0.5385733082415155,0.46142669175848444
subj05,ventral,4,11,13.466907215063612,7.056803732858348,0.47598928097129434,0.5240107190287057
subj05,ventral,4,12,14.622428895839228,6.812197110055145,0.5341268431817414,0.46587315681825864
subj05,ventral,4,13,12.992316778540077,6.511957185551273,0.49878398929532497,0.501216010704675
subj05,ventral,4,14,12.707761064841272,7.735728526068493,0.39125952348356363,0.6087404765164364
subj05,ventral,4,15,13.023636730694108,5.810206179338435,0.5538722171476926,0.44612778285230736
subj05,ventral,4,16,12.770258101287547,7.026652664000819,0.44976424060744985,0.5502357593925501
subj05,ventral,4,17,13.792923940088118,7.16058490864091,0.48085083773795073,0.5191491622620493
subj05,ventral,4,18,12.53996330336801,5.937379285624653,0.5265233922949377,0.47347660770506234
subj05,ventral,4,19,12.288762166914317,7.184168865354928,0.4153871018272902,0.5846128981727098
subj05,ventral,4,20,13.997162714082751,6.282146210983786,0.5511843121846954,0.4488156878153046
subj05,ventral,4,21,13.913940435611233,7.132174753148711,0.4874079858143795,0.5125920141856205
subj05,ventral,4,22,14.997949917776625,6.970835017123496,0.535214142243456,0.4647858577565439
subj05,ventral,4,23,13.740311255521803,5.976563774757286,0.5650343239236671,0.4349656760763328
subj05,ventral,4,24,13.172910270198622,7.817461762963383,0.4065501394442042,0.5934498605557958
subj05,ventral,5,0,13.669315594388902,7.047191883019313,0.48445173905326283,0.5155482609467372
subj05,ventral,5,1,14.126957427325811,7.314931306411188,0.48220051316485907,0.5177994868351409
subj05,ventral,5,2,14.401631829549686,7.857606522404497,0.454394709196632,0.545605290803368
subj05,ventral,5,3,13.742338431552371,6.650582664534443,0.516051602304836,0.48394839769516396
subj05,ventral,5,4,13.499409486568984,7.853235668152445,0.4182533927898185,0.5817466072101816
subj05,ventral,5,5,12.744805292072376,7.04773812443697,0.4470109222601573,0.5529890777398427
subj05,ventral,5,6,12.879529659388059,7.9236629327802195,0.38478631267372737,0.6152136873262726
subj05,ventral,5,7,13.336668656375823,8.177396964392553,0.3868486070182745,0.6131513929817255
subj05,ventral,5,8,12.642139058393923,6.988991895956071,0.4471669814994138,0.5528330185005862
subj05,ventral,5,9,12.815457198574205,7.4336394912253185,0.41994738259885456,0.5800526174011454
subj05,ventral,5,10,12.512837372923544,6.259338790523471,0.49976663134230304,0.500233368657697
subj05,ventral,5,11,12.716343323935694,7.114146301523008,0.4405509413911304,0.5594490586088696
subj05,ventral,5,12,13.45454674746946,6.881967044070938,0.488502498579872,0.511497501420128
subj05,ventral,5,13,12.225217348261124,6.547021849176137,0.46446581171766527,0.5355341882823347
subj05,ventral,5,14,12.576588386519381,6.706273962668343,0.46676525011690156,0.5332347498830985
subj05,ventral,5,15,12.100273783417467,5.744070201298296,0.5252941954776164,0.47470580452238365
subj05,ventral,5,16,12.126743882094216,6.994218672953188,0.4232401755197844,0.5767598244802156
subj05,ventral,5,17,12.614913931973492,7.273980475622656,0.42338247293259923,0.5766175270674008
subj05,ventral,5,18,11.89150518284041,5.879803201435673,0.5055459245041324,0.4944540754958676
subj05,ventral,5,19,12.102022624626349,6.3518722589995935,0.47513961459019266,0.5248603854098073
subj05,ventral,5,20,12.317003894003108,5.539289337920599,0.5502729896336589,0.4497270103663411
subj05,ventral,5,21,12.525039124300799,6.487044792871118,0.48207388987032385,0.5179261101296762
subj05,ventral,5,22,13.064842211858139,6.658685052851931,0.49033559342888505,0.5096644065711149
subj05,ventral,5,23,12.044247898538,5.822148825191774,0.5166033716477639,0.48339662835223607
subj05,ventral,5,24,12.415567481229342,5.969946407099702,0.5191563803969933,0.4808436196030067
subj06,ventral,0,0,9.760553886719961,7.595421683972982,0.22182472714922666,0.7781752728507734
subj06,ventral,0,1,10.244430859038477,8.163404584672277,0.2031373243668435,0.7968626756331565
subj06,ventral,0,2,11.046529113031575,7.409504906021173,0.3292458807463613,0.6707541192536387
subj06,ventral,0,3,11.243075161327079,7.90017319039235,0.297329860644652,0.7026701393553481
subj06,ventral,0,4,11.200694748935094,7.983030162358775,0.28727366102734286,0.7127263389726571
subj06,ventral,0,5,9.16957258471257,7.13617161978024,0.22175526134363108,0.7782447386563689
subj06,ventral,0,6,10.331138828167955,6.848669403039311,0.3370847573583713,0.6629152426416287
subj06,ventral,0,7,10.572930573499441,6.869270086821817,0.3502964916804313,0.6497035083195687
subj06,ventral,0,8,10.87122041947573,7.258319788556862,0.33233625034833963,0.6676637496516603
subj06,ventral,0,9,10.977041095572927,7.122925400310847,0.35110697515894845,0.6488930248410515
subj06,ventral,0,10,9.232610683367803,7.08743787122344,0.23234737017654283,0.7676526298234572
subj06,ventral,0,11,9.819560345352688,7.5947222160394805,0.22657207156592896,0.773427928434071
subj06,ventral,0,12,10.292013684331884,7.315398526060604,0.2892160124896404,0.7107839875103595
subj06,ventral,0,13,10.96026514843106,7.1558435053940315,0.34711036562665853,0.6528896343733415
subj06,ventral,0,14,10.883919973220374,7.296482188331932,0.3296089822155296,0.6703910177844704
subj06,ventral,0,15,9.738835739367206,6.794540685151886,0.3023251580590504,0.6976748419409495
subj06,ventral,0,16,10.548559322519951,6.954803822220632,0.3406868549932755,0.6593131450067244
subj06,ventral,0,17,11.384295723452887,5.947792971010964,0.47754405582087406,0.522455944179126
subj06,ventral,0,18,11.38491332273508,6.874233492025301,0.3961979949115806,0.6038020050884194
subj06,ventral,0,19,11.43194812991077,6.822518401192541,0.4032059694758436,0.5967940305241564
subj06,ventral,0,20,9.78128610303997,6.9324168123346155,0.2912571272012932,0.7087428727987068
subj06,ventral,0,21,10.200258969152213,7.636581234913264,0.25133457317035424,0.7486654268296458
subj06,ventral,0,22,11.116163360659575,6.6430865185595005,0.4023939462720046,0.5976060537279955
subj06,ventral,0,23,11.322267296301673,7.169299599617309,0.3667964717668251,0.6332035282331749
subj06,ventral,0,24,11.393564129757761,7.081253265459493,0.3784865574272194,0.6215134425727805
subj06,ventral,1,0,10.769232829442604,7.20031702200689,0.33139926157771027,0.6686007384222897
subj06,ventral,1,1,10.494657162372626,8.622566690803023,0.1783851003996363,0.8216148996003637
subj06,ventral,1,2,11.958294219903653,6.8960111492626535,0.4233281919268404,0.5766718080731597
subj06,ventral,1,3,11.44694191409889,7.905135599848686,0.3094107003275571,0.690589299672443
subj06,ventral,1,4,11.592023554910558,8.186090929808449,0.29381691720763486,0.7061830827923651
subj06,ventral,1,5,8.942061449445973,7.181031413146713,0.19693781420036746,0.8030621857996325
subj06,ventral,1,6,9.940478998309246,7.027097320186965,0.2930826249537684,0.7069173750462315
subj06,ventral,1,7,10.415373895407514,6.7662760222681495,0.35035687722630615,0.6496431227736938
subj06,ventral,1,8,10.14241327324289,7.373047890907575,0.27304797267937114,0.7269520273206289
subj06,ventral,1,9,10.622131639033245,7.2293947479622,0.3194026402952609,0.6805973597047391
subj06,ventral,1,10,9.497108872235462,6.788188027590566,0.2852363683609389,0.7147636316390611
subj06,ventral,1,11,9.581395796781248,7.819013528276976,0.18393794660860607,0.8160620533913939
subj06,ventral,1,12,10.39836739820385,7.133257218787093,0.31400219422721615,0.6859978057727838
subj06,ventral,1,13,10.370990571691884,7.376980091846388,0.28869088821831457,0.7113091117816854
subj06,ventral,1,14,10.601947101403466,7.578881523325649,0.28514248837155864,0.7148575116284414
subj06,ventral,1,15,9.857050405805746,6.787246754716327,0.31143227686867886,0.6885677231313212
subj06,ventral,1,16,10.31206732854842,7.3181263288102025,0.29033373273753244,0.7096662672624675
subj06,ventral,1,17,11.493657735526014,5.818833434544675,0.4937352783214427,0.5062647216785573
subj06,ventral,1,18,10.816152936755348,7.207059313293019,0.3336762751567557,0.6663237248432443
subj06,ventral,1,19,11.151317067898372,7.241715454210269,0.3505955027449439,0.6494044972550561
subj06,ventral,1,20,9.580412042781363,7.2377914103010905,0.2445219080368665,0.7554780919631335
subj06,ventral,1,21,9.821067273356446,8.023845796227876,0.18299655496752867,0.8170034450324714
subj06,ventral,1,22,11.214595846893516,6.413859124406036,0.42807933411325755,0.5719206658867424
subj06,ventral,1,23,10.659959762860023,7.499192246322676,0.2965083909181029,0.7034916090818971
subj06,ventral,1,24,11.000122957418561,7.532155613549045,0.3152662345042875,0.6847337654957125
subj06,ventral,2,0,10.578591135307414,7.067508146470596,0.33190459333645345,0.6680954066635466
subj06,ventral,2,1,10.335602389650965,6.881048396553506,0.3342382826719904,0.6657617173280096
subj06,ventral,2,2,11.571494036932684,6.995572885818488,0.39544773877160977,0.6045522612283902
subj06,ventral,2,3,11.498583545439137,7.493740112068373,0.3482901539606822,0.6517098460393178
subj06,ventral,2,4,11.559330215487082,7.810688670065391,0.32429573993822725,0.6757042600617728
subj06,ventral,2,5,9.716966156659725,7.4733305605882085,0.23089877641837764,0.7691012235816224
subj06,ventral,2,6,9.52722593266688,7.198562979487595,0.24442193033281423,0.7555780696671858
subj06,ventral,2,7,10.873013945933517,7.282095929618204,0.3302596717130404,0.6697403282869596
subj06,ventral,2,8,10.754209316812238,7.818848095334402,0.2729499803289988,0.7270500196710011
subj06,ventral,2,9,10.803206115089736,8.144295507611908,0.24612236211654862,0.7538776378834514
subj06,ventral,2,10,9.221213026165701,6.78981696874234,0.2636742097296897,0.7363257902703103
subj06,ventral,2,11,8.758429208402745,6.836632499161019,0.21942253154229696,0.780577468457703
subj06,ventral,2,12,10.030060819189433,7.177152398092511,0.2844358047798434,0.7155641952201566
subj06,ventral,2,13,10.346141598573288,7.11386257777406,0.312413955483168,0.6875860445168319
subj06,ventral,2,14,10.440978387382687,7.408580510467896,0.29043234880930957,0.7095676511906904
subj06,ventral,2,15,9.624837270694442,6.911603149126377,0.28189922024232855,0.7181007797576715
subj06,ventral,2,16,9.37124339817504,6.7011036206553865,0.2849290818803871,0.7150709181196129
subj06,ventral,2,17,11.184288150551668,6.025006355426248,0.4612972882740809,0.5387027117259191
subj06,ventral,2,18,10.804194316474966,7.084803339574493,0.3442543578866306,0.6557456421133694
subj06,ventral,2,19,10.982273855665492,7.250249806762272,0.33982252655063394,0.6601774734493661
subj06,ventral,2,20,9.247296318135916,7.269496374813755,0.21387872468661726,0.7861212753133827
subj06,ventral,2,21,9.198559750168393,6.786884944189043,0.26217960979545746,0.7378203902045426
subj06,ventral,2,22,10.755802092124474,6.606969088245064,0.3857297641165446,0.6142702358834554
subj06,ventral,2,23,10.604494563525117,7.240170191455449,0.31725457087238196,0.682745429127618
subj06,ventral,2,24,10.862972551389284,7.2885255579939505,0.32904869974454565,0.6709513002554544
subj06,ventral,3,0,10.446899504460939,7.029907021528546,0.327081971208137,0.672918028791863
subj06,ventral,3,1,10.15520933578164,6.756229266302927,0.3347031023282295,0.6652968976717706
subj06,ventral,3,2,10.437089453839764,7.84852597812141,0.2480158369023111,0.7519841630976889
subj06,ventral,3,3,11.427745959670915,7.252564388870796,0.365354776483004,0.6346452235169959
subj06,ventral,3,4,11.599923860333025,7.400491557189814,0.36202240236279004,0.63797759763721
subj06,ventral,3,5,9.664085465282772,7.512343216674742,0.2226534788354203,0.7773465211645797
subj06,ventral,3,6,9.437585455593256,7.139988642745562,0.24345176249355238,0.7565482375064476
subj06,ventral,3,7,9.901065932830962,7.98583972968405,0.19343636494695077,0.8065636350530493
subj06,ventral,3,8,10.722034945739248,7.71385643200626,0.28056040937717575,0.7194395906228243
subj06,ventral,3,9,10.87217108584172,7.898984189850908,0.27346763332878776,0.7265323666712122
subj06,ventral,3,10,8.803172646957671,7.156036206638771,0.18710713811663587,0.8128928618833641
subj06,ventral,3,11,8.367268703143079,6.99364896581343,0.16416584504016973,0.8358341549598303
subj06,ventral,3,12,9.786623038241393,6.700866112622224,0.3153035437823161,0.6846964562176838
subj06,ventral,3,13,10.090928820345772,7.177299236581471,0.28873750232879586,0.7112624976712042
subj06,ventral,3,14,10.517186406791213,6.990114433512045,0.3353626946273053,0.6646373053726947
subj06,ventral,3,15,9.48386730339855,6.866346453385536,0.27599720306873377,0.7240027969312662
subj06,ventral,3,16,9.175306336855352,6.5667202495619135,0.284305067484807,0.715694932515193
subj06,ventral,3,17,10.039469076492098,6.9479786713553215,0.30793365481603513,0.6920663451839648
subj06,ventral,3,18,10.729570479666263,6.826605006452013,0.363757848518802,0.636242151481198
subj06,ventral,3,19,11.005784837365239,6.836033910531178,0.3788690210149783,0.6211309789850217
subj06,ventral,3,20,9.301151716690407,7.200119880715455,0.22588942745711432,0.7741105725428856
subj06,ventral,3,21,9.180282205575434,6.655311919385453,0.27504277424679796,0.724957225753202
subj06,ventral,3,22,9.757491911204744,7.424243763872397,0.23912375931903423,0.7608762406809657
subj06,ventral,3,23,10.658712837023975,7.027144239111387,0.34071361649767085,0.6592863835023292
subj06,ventral,3,24,10.98282130543091,6.964121810570105,0.36590775567600226,0.6340922443239978
subj06,ventral,4,0,11.441870712182121,7.226280221482662,0.36843542430619625,0.6315645756938038
subj06,ventral,4,1,11.121709279195702,6.8215558239677,0.38664501537294094,0.6133549846270591
subj06,ventral,4,2,11.268776837211176,7.959164054308542,0.2936976062897794,0.7063023937102205
subj06,ventral,4,3,12.292006846669482,6.8688852540129215,0.4411909023729477,0.5588090976270523
subj06,ventral,4,4,12.331904953041857,7.566113179100259,0.38646030699142236,0.6135396930085776
subj06,ventral,4,5,10.43604249984301,7.591504902135714,0.27256860996398646,0.7274313900360135
subj06,ventral,4,6,10.005316452975332,7.31615215330259,0.2687735377798122,0.7312264622201877
subj06,ventral,4,7,10.531753486550278,7.926045095304341,0.24741448749000752,0.7525855125099925
subj06,ventral,4,8,11.317909706546947,7.320268801745849,0.3532137124657062,0.6467862875342938
subj06,ventral,4,9,11.37316490191774,7.961122221621581,0.3000081955833438,0.6999918044166562
subj06,ventral,4,10,9.671311176909672,7.128101182060333,0.2629643435443657,0.7370356564556343
subj06,ventral,4,11,9.087083236372578,6.989958119639723,0.23078088559140295,0.769219114408597
subj06,ventral,4,12,10.357049976160472,6.653848115955463,0.3575537309107247,0.6424462690892754
subj06,ventral,4,13,10.66734593462087,6.759534212585847,0.36633402028823503,0.633665979711765
subj06,ventral,4,14,10.969953994554302,7.084533356248695,0.3541875052743526,0.6458124947256474
subj06,ventral,4,15,9.826224446435091,6.908475267750703,0.2969349208935416,0.7030650791064583
subj06,ventral,4,16,9.170775987918358,6.875252365770638,0.2503085480630928,0.7496914519369072
subj06,ventral,4,17,9.772428347796101,7.481941873645823,0.23438252936045656,0.7656174706395434
subj06,ventral,4,18,10.412207352008176,7.141928393180079,0.3140812364053974,0.6859187635946026
subj06,ventral,4,19,10.863773322808301,7.241999983679293,0.33338079058821657,0.6666192094117834
subj06,ventral,4,20,10.10133774324846,7.448365527407919,0.26263573036291515,0.7373642696370848
subj06,ventral,4,21,9.978896564596276,6.710238930389592,0.32755702126459774,0.6724429787354023
subj06,ventral,4,22,10.30104992086141,7.655170564889949,0.25685530856549843,0.7431446914345016
subj06,ventral,4,23,11.417843660229241,6.50288436782483,0.4304630049826529,0.5695369950173471
subj06,ventral,4,24,11.491854234546551,7.186019528300728,0.3746858094755257,0.6253141905244742
subj06,ventral,5,0,10.553272365634689,7.108207189724994,0.32644520642981656,0.6735547935701834
subj06,ventral,5,1,10.341445884164038,6.9450084275329464,0.3284296504255842,0.6715703495744157
subj06,ventral,5,2,10.53230431151558,7.900949990968751,0.24983652605534915,0.7501634739446509
subj06,ventral,5,3,11.565331809702752,6.915417909199113,0.4020562468084648,0.5979437531915351
subj06,ventral,5,4,11.597092357893976,7.320225184385265,0.3687878859218973,0.6312121140781027
subj06,ventral,5,5,9.70648955271266,7.480238031824441,0.22935702024899937,0.7706429797510006
subj06,ventral,5,6,9.502496730185149,7.290605893940742,0.23276943934305458,0.7672305606569454
subj06,ventral,5,7,9.946956322988852,7.917337819813979,0.20404417565241856,0.7959558243475815
subj06,ventral,5,8,10.829696660691958,7.250469525426443,0.33050114397542346,0.6694988560245765
subj06,ventral,5,9,10.792788675791968,7.7372924128323906,0.28310535439399465,0.7168946456060054
subj06,ventral,5,10,8.891918131254378,7.2340765544330665,0.18644363930816366,0.8135563606918363
subj06,ventral,5,11,8.590042588040577,7.133702961453316,0.1695381148185271,0.8304618851814729
subj06,ventral,5,12,9.839716886876976,6.784859691199849,0.31046189954421616,0.6895381004557839
subj06,ventral,5,13,10.232660528131278,6.8097333146328065,0.33450999415921967,0.6654900058407803
subj06,ventral,5,14,10.233824274645517,7.269593743553276,0.28965032538580665,0.7103496746141933
subj06,ventral,5,15,9.266559921080809,6.799841213223005,0.2661957327061774,0.7338042672938225
subj06,ventral,5,16,8.815029718162148,6.905266274533919,0.21664855419527687,0.7833514458047232
subj06,ventral,5,17,9.375412805512985,7.460890417174236,0.2042067296719949,0.7957932703280051
subj06,ventral,5,18,10.033935496119717,7.149045349401784,0.28751332394289025,0.7124866760571098
subj06,ventral,5,19,10.424043922505144,7.044598102802963,0.3241971968677219,0.675802803132278
subj06,ventral,5,20,9.620145418358522,6.8283270075297935,0.2902054271966602,0.7097945728033398
subj06,ventral,5,21,9.381354749232901,6.666626479670256,0.28937486558480524,0.7106251344151948
subj06,ventral,5,22,10.188489888595978,6.842820995535005,0.32837730906577184,0.6716226909342282
subj06,ventral,5,23,11.166213792376507,5.845567105690706,0.4764951473809644,0.5235048526190357
subj06,ventral,5,24,10.899136505792606,6.823646521657498,0.3739277861112293,0.6260722138887708
subj07,ventral,0,0,10.1655665733093,6.034480889646013,0.4063802694981961,0.5936197305018039
subj07,ventral,0,1,10.266618082059715,5.99003420726345,0.4165523486521168,0.5834476513478832
subj07,ventral,0,2,10.93511234312315,6.069131118596355,0.44498685261216386,0.5550131473878361
subj07,ventral,0,3,11.619524572860048,6.066082210757868,0.47794058416757124,0.5220594158324288
subj07,ventral,0,4,12.301328278373994,6.198012279466907,0.4961509733576374,0.5038490266423626
subj07,ventral,0,5,9.363001634512852,5.178226172633269,0.4469480648656656,0.5530519351343345
subj07,ventral,0,6,9.491848713622101,5.090666673798278,0.4636801715463,0.5363198284537
subj07,ventral,0,7,10.26641285830771,5.073255764611245,0.5058394948040783,0.49416050519592175
subj07,ventral,0,8,11.00537655816862,5.041677700808767,0.5418895778657717,0.4581104221342283
subj07,ventral,0,9,11.716796811749166,5.2135236299338885,0.5550384875919362,0.44496151240806375
subj07,ventral,0,10,10.179879596613599,5.759090936489254,0.43426728363221,0.56573271636779
subj07,ventral,0,11,10.419472769691971,5.455448423468549,0.47641799695112336,0.5235820030488766
subj07,ventral,0,12,10.955952752728827,5.7811337490001735,0.47232943775152264,0.5276705622484774
subj07,ventral,0,13,11.681268205630756,5.692279986745888,0.5127001720581998,0.4872998279418001
subj07,ventral,0,14,12.359537986342605,5.832943343228749,0.5280613765923774,0.4719386234076226
subj07,ventral,0,15,9.60548379804466,5.538548418412489,0.4233972452756681,0.576602754724332
subj07,ventral,0,16,9.818984991012757,5.297039230271908,0.46053087614246807,0.539469123857532
subj07,ventral,0,17,10.563745144782382,5.2920182559433036,0.4990395751304997,0.5009604248695003
subj07,ventral,0,18,11.101669396850031,5.634782649200111,0.4924382588082731,0.5075617411917269
subj07,ventral,0,19,11.425637206435526,6.509990957702939,0.43022950579630115,0.5697704942036989
subj07,ventral,0,20,11.151867784895316,5.192245623962766,0.5344057404450742,0.46559425955492584
subj07,ventral,0,21,11.321238400173351,4.968237522599159,0.5611577685244147,0.4388422314755853
subj07,ventral,0,22,11.927501447870265,5.0710561079475225,0.5748433877697836,0.4251566122302164
subj07,ventral,0,23,12.77568174365044,4.490270261285906,0.6485298905072063,0.3514701094927937
subj07,ventral,0,24,13.353167794590627,4.795915952736672,0.6408405835595431,0.35915941644045685
subj07,ventral,1,0,12.27125108796432,5.253682621832662,0.5718706606056256,0.42812933939437436
subj07,ventral,1,1,11.37930311793758,5.801039249578453,0.4902113785479465,0.5097886214520535
subj07,ventral,1,2,11.903154373122865,5.7733499899197716,0.5149731063762472,0.4850268936237528
subj07,ventral,1,3,12.801854970393935,5.639299434816543,0.5594935696539131,0.440506430346087
subj07,ventral,1,4,13.379989901733909,5.8076755705507574,0.5659432022592078,0.4340567977407922
subj07,ventral,1,5,10.841133691932182,4.789039109889107,0.5582529239120958,0.4417470760879042
subj07,ventral,1,6,10.007919941934512,5.026174014940757,0.49778035354975,0.50221964645025
subj07,ventral,1,7,10.562322259203187,5.072897948591513,0.5197175560354274,0.48028244396457265
subj07,ventral,1,8,11.517408852322783,5.031776335901802,0.5631155930626692,0.43688440693733077
subj07,ventral,1,9,12.188708848793626,5.144792791764882,0.5779050221325053,0.42209497786749467
subj07,ventral,1,10,11.703095373633765,5.021761353895549,0.5709031505280887,0.4290968494719113
subj07,ventral,1,11,10.837466791595412,5.448454224012084,0.49725758530236724,0.5027424146976327
subj07,ventral,1,12,11.212989837287104,5.76899099587021,0.48550822933181464,0.5144917706681854
subj07,ventral,1,13,12.145504299475549,5.672006538693151,0.5329953867013927,0.4670046132986073
subj07,ventral,1,14,12.801414027870722,5.733477849904271,0.5521215205272187,0.44787847947278125
subj07,ventral,1,15,11.10352150451197,5.412024670872564,0.5125848435855812,0.48741515641441874
subj07,ventral,1,16,10.618620471032603,4.977842062751892,0.5312157472497157,0.4687842527502844
subj07,ventral,1,17,11.161895730225552,4.982183690767953,0.5536435914486655,0.4463564085513345
subj07,ventral,1,18,11.880278550656117,5.379738547719886,0.5471706724062647,0.45282932759373534
subj07,ventral,1,19,12.18622224108674,6.216319592700917,0.4898895269001298,0.5101104730998701
subj07,ventral,1,20,12.68058504848431,5.071971148454496,0.6000207301901468,0.39997926980985316
subj07,ventral,1,21,12.113033563558966,4.9751741538296255,0.5892710007180187,0.41072899928198126
subj07,ventral,1,22,12.531966777703735,5.128723717146116,0.5907486982593274,0.4092513017406726
subj07,ventral,1,23,13.570006936426218,4.458861367171342,0.6714179006642702,0.3285820993357298
subj07,ventral,1,24,14.065651284622806,4.82162041127761,0.657206032361344,0.342793967638656
subj07,ventral,2,0,11.141717866175293,5.0742400126572225,0.5445729219134232,0.45542707808657673
subj07,ventral,2,1,10.255120610033105,5.61546940792906,0.4524228800941491,0.5475771199058509
subj07,ventral,2,2,10.872253793290971,5.822179004841262,0.4644919889164103,0.5355080110835897
subj07,ventral,2,3,11.573704319643765,5.675745772331429,0.5095998985650493,0.49040010143495066
subj07,ventral,2,4,12.133320029770733,5.786115710031404,0.5231218087189334,0.47687819128106657
subj07,ventral,2,5,10.731985814831187,5.411782213486402,0.49573337992978617,0.5042666200702138
subj07,ventral,2,6,9.672054538127616,6.142432250309496,0.36492994057304073,0.6350700594269593
subj07,ventral,2,7,10.47265440474544,6.083115827382751,0.41914288467054456,0.5808571153294554
subj07,ventral,2,8,11.094904934054593,6.135545924806871,0.4469942769879455,0.5530057230120544
subj07,ventral,2,9,11.651800834964567,6.285637978556446,0.4605436474939918,0.5394563525060082
subj07,ventral,2,10,10.71844061986617,4.943901112411944,0.5387480989306751,0.4612519010693249
subj07,ventral,2,11,9.61910881425945,5.797851311697545,0.39725691603542734,0.6027430839645727
subj07,ventral,2,12,10.40040071664997,5.77725494146268,0.44451612020930215,0.5554838797906979
subj07,ventral,2,13,11.11425677473675,5.663864132489499,0.4903965017828507,0.5096034982171492
subj07,ventral,2,14,11.683923554271196,5.79860838029768,0.5037105169882825,0.49628948301171744
subj07,ventral,2,15,10.155078367107691,5.439705971597717,0.464336386687381,0.535663613312619
subj07,ventral,2,16,9.48135953842312,5.443808013229247,0.42584098924123004,0.57415901075877
subj07,ventral,2,17,10.43611855064983,5.101110613480162,0.5112061453956434,0.48879385460435665
subj07,ventral,2,18,10.906688825498534,5.480792789228346,0.4974833446779092,0.5025166553220908
subj07,ventral,2,19,11.071840084303693,6.39852921274468,0.42208980946033214,0.5779101905396679
subj07,ventral,2,20,11.331803612634497,4.906409183220524,0.5670231014460859,0.43297689855391414
subj07,ventral,2,21,10.56149990317203,5.268068969367786,0.5012006800487135,0.4987993199512864
subj07,ventral,2,22,11.341892552984145,5.105093505481825,0.5498905071060091,0.4501094928939909
subj07,ventral,2,23,12.192945279587747,4.482593293247043,0.6323617312749391,0.36763826872506095
subj07,ventral,2,24,12.656080207827015,4.808020299537308,0.6201019414712748,0.37989805852872516
subj07,ventral,3,0,11.399071009485956,5.069295867226809,0.5552886842262588,0.4447113157737413
subj07,ventral,3,1,10.323648220465872,5.765385636919848,0.4415360235260249,0.5584639764739752
subj07,ventral,3,2,10.359121321972387,5.912157646905123,0.42928000714065945,0.5707199928593405
subj07,ventral,3,3,11.730382443310353,5.724891144958157,0.5119604008969912,0.48803959910300876
subj07,ventral,3,4,12.42388131120929,5.777977234237069,0.5349297784240773,0.46507022157592265
subj07,ventral,3,5,11.055531966455952,5.425947597210009,0.5092097229085762,0.49079027709142375
subj07,ventral,3,6,9.786827500288329,6.329652875327556,0.3532477327161352,0.6467522672838648
subj07,ventral,3,7,9.990720673384025,6.203194092709912,0.3791044414607995,0.6208955585392005
subj07,ventral,3,8,11.270443121323702,6.275545925030253,0.4431855200833313,0.5568144799166688
subj07,ventral,3,9,12.008525549082597,6.289854991303085,0.4762175451436996,0.5237824548563004
subj07,ventral,3,10,10.079287956400423,4.799067519000162,0.5238683982678838,0.47613160173211627
subj07,ventral,3,11,8.92383120007677,5.400845778768478,0.39478396019839374,0.6052160398016062
subj07,ventral,3,12,9.144836952717831,5.255803840002323,0.42527090781642574,0.5747290921835743
subj07,ventral,3,13,10.627289105930824,5.140378530622345,0.5163038777449248,0.48369612225507524
subj07,ventral,3,14,11.379110138425533,5.219215889684346,0.5413335642072886,0.4586664357927114
subj07,ventral,3,15,10.429739408997857,5.541787166431605,0.46865526077759523,0.5313447392224048
subj07,ventral,3,16,9.695247967107614,5.447369975269585,0.4381402111889769,0.5618597888110232
subj07,ventral,3,17,9.992873578460097,5.124623783162895,0.4871721589464359,0.5128278410535642
subj07,ventral,3,18,11.093563498606322,5.582417796902746,0.4967876825508718,0.5032123174491282
subj07,ventral,3,19,11.334489042760076,6.566695863428738,0.4206447384919194,0.5793552615080806
subj07,ventral,3,20,12.007096855295398,5.167827850238959,0.569602218378056,0.430397781621944
subj07,ventral,3,21,11.033963937007453,5.771417769709009,0.47694067130744233,0.5230593286925577
subj07,ventral,3,22,11.323932219159326,5.410526851837173,0.5222042354966654,0.47779576450333466
subj07,ventral,3,23,12.685412989913791,4.969586227910188,0.6082440333742763,0.3917559666257236
subj07,ventral,3,24,13.329985367957114,5.0288743231254625,0.6227396966830908,0.3772603033169092
subj07,ventral,4,0,11.222998894277989,5.114165627339482,0.5443138081438355,0.45568619185616455
subj07,ventral,4,1,10.176057650682946,5.694610100518451,0.4403913287444604,0.5596086712555396
subj07,ventral,4,2,10.199361450686913,5.794661020046732,0.4318604112557978,0.5681395887442021
subj07,ventral,4,3,10.866510264251133,5.747110481246683,0.47111719020285253,0.5288828097971475
subj07,ventral,4,4,12.110095258425838,5.9706898977868095,0.5069659015578276,0.49303409844217233
subj07,ventral,4,5,10.856073845398843,5.425268493181053,0.5002550120382188,0.4997449879617813
subj07,ventral,4,6,9.649505386161108,6.1680841940125655,0.36078752773602696,0.639212472263973
subj07,ventral,4,7,9.819434143688865,6.0300304105199025,0.38590856435495147,0.6140914356450485
subj07,ventral,4,8,10.531208806607074,5.9482307111781205,0.4351806311687299,0.56481936883127
subj07,ventral,4,9,11.595353680970394,6.559634239187279,0.43428769663554456,0.5657123033644554
subj07,ventral,4,10,9.928774360076154,4.85980853022842,0.5105328861364974,0.4894671138635026
subj07,ventral,4,11,8.86715766789205,5.238525880307726,0.4092215254865252,0.5907784745134749
subj07,ventral,4,12,9.009784755061832,5.149442106230894,0.4284611401689857,0.5715388598310144
subj07,ventral,4,13,9.774452147071553,5.065403678908521,0.4817710903187421,0.5182289096812579
subj07,ventral,4,14,11.122689304381847,5.355112758927874,0.5185415494058441,0.48145845059415593
subj07,ventral,4,15,10.825525883203012,5.213221145416864,0.5184325268201754,0.4815674731798247
subj07,ventral,4,16,9.693199143682419,5.855076001381907,0.39596041362691115,0.6040395863730889
subj07,ventral,4,17,9.917232051683506,5.613632503661327,0.43395168385634564,0.5660483161436544
subj07,ventral,4,18,10.436519263526662,5.86929987160836,0.4376190257109694,0.5623809742890306
subj07,ventral,4,19,11.779111991325392,5.984593288903613,0.4919317098512259,0.5080682901487741
subj07,ventral,4,20,11.341903356990494,5.125008356646467,0.5481350708664161,0.4518649291335839
subj07,ventral,4,21,10.574805179390369,5.191176850683385,0.5090995283014138,0.4909004716985862
subj07,ventral,4,22,10.726215665974076,5.034625705670923,0.5306242329583334,0.4693757670416666
subj07,ventral,4,23,11.29456919247111,5.131970297400015,0.5456249627634355,0.45437503723656447
subj07,ventral,4,24,12.71510683988439,4.839802810465474,0.6193659344423189,0.3806340655576811
subj07,ventral,5,0,11.170876500687381,5.084963631347061,0.5448017323408627,0.45519826765913723
subj07,ventral,5,1,10.351095687747073,5.673468797191942,0.4518967877083958,0.5481032122916042
subj07,ventral,5,2,10.265987476597132,5.773138817564959,0.4376440814168437,0.5623559185831563
subj07,ventral,5,3,11.053557003648555,5.82280905233335,0.4732185259087768,0.5267814740912232
subj07,ventral,5,4,11.614814219633567,5.644699003863306,0.514008670554406,0.485991329445594
subj07,ventral,5,5,10.76479717318619,5.343192888312346,0.5036420285166548,0.49635797148334515
subj07,ventral,5,6,9.805261377651417,6.0807492088854636,0.37984833094353054,0.6201516690564695
subj07,ventral,5,7,9.851907926436636,5.9535512411800555,0.39569560681700244,0.6043043931829976
subj07,ventral,5,8,10.656490662869947,6.02583321548365,0.4345386857533448,0.5654613142466551
subj07,ventral,5,9,11.096931664742238,6.116361281405451,0.4488241014551184,0.5511758985448816
subj07,ventral,5,10,9.839018776868388,4.7596378546862415,0.5162487273755195,0.4837512726244804
subj07,ventral,5,11,8.968656090728818,5.2641945375753885,0.41304533429293244,0.5869546657070676
subj07,ventral,5,12,9.041629546744545,5.077762488494276,0.4384018431365026,0.5615981568634975
subj07,ventral,5,13,9.939562472419649,5.109445334212837,0.48594866741966225,0.5140513325803377
subj07,ventral,5,14,10.484753549993403,5.064739407937716,0.5169424456389914,0.48305755436100856
subj07,ventral,5,15,10.733599150690129,4.988478755443675,0.5352464084590922,0.46475359154090784
subj07,ventral,5,16,9.66016053226435,5.955204674565404,0.38352942948770036,0.6164705705122997
subj07,ventral,5,17,9.891314605943434,5.507382330858414,0.4432102758566418,0.5567897241433583
subj07,ventral,5,18,10.507888348928052,5.92623356228745,0.4360205052148268,0.5639794947851732
subj07,ventral,5,19,11.108872668569328,5.727933163874012,0.484382138965349,0.515617861034651
subj07,ventral,5,20,10.03081479442243,5.407062046499968,0.46095485189233776,0.5390451481076622
subj07,ventral,5,21,9.442435860156023,5.420522451334248,0.4259402413092291,0.574059758690771
subj07,ventral,5,22,9.620433704636167,5.037371784988412,0.47638828563821806,0.523611714361782
subj07,ventral,5,23,10.443859637726037,5.120571457297772,0.5097050673870714,0.49029493261292856
subj07,ventral,5,24,10.844550526111378,5.326395458131823,0.5088412889674873,0.4911587110325128
subj08,ventral,0,0,23.223268557474775,14.346159140344772,0.3822506463790931,0.6177493536209069
subj08,ventral,0,1,23.140295032548245,16.844196330269607,0.2720837696072063,0.7279162303927936
subj08,ventral,0,2,23.160636884388172,15.852749765616931,0.3155304906013724,0.6844695093986276
subj08,ventral,0,3,23.047820306629326,15.323592754499325,0.33513917799455656,0.6648608220054434
subj08,ventral,0,4,24.824027781258394,18.945276522823015,0.2368169787045481,0.7631830212954519
subj08,ventral,0,5,20.77204888270399,13.5058491628345,0.34980659639790035,0.6501934036020997
subj08,ventral,0,6,20.36327224101503,16.531510507704336,0.18817023550826398,0.811829764491736
subj08,ventral,0,7,19.996624001612403,16.019154047011195,0.19890707322798537,0.8010929267720146
subj08,ventral,0,8,20.259244337453765,14.977684283284713,0.26069876872973496,0.739301231270265
subj08,ventral,0,9,22.34829654664184,18.559714197591003,0.16952443516864502,0.830475564831355
subj08,ventral,0,10,21.138055557863016,14.536899490371605,0.3122877622031742,0.6877122377968258
subj08,ventral,0,11,21.254088692178666,16.74724673069646,0.21204588099515587,0.7879541190048441
subj08,ventral,0,12,21.543357550591736,15.382291001566934,0.2859845098219416,0.7140154901780584
subj08,ventral,0,13,22.959257548457956,12.324502570236708,0.46320117084689977,0.5367988291531002
subj08,ventral,0,14,23.597188782747246,18.202606800952445,0.22861121430443332,0.7713887856955667
subj08,ventral,0,15,18.799834118977916,13.979844153963771,0.25638470714741557,0.7436152928525844
subj08,ventral,0,16,20.447778216465935,14.311739625697944,0.30008338929590095,0.699916610704099
subj08,ventral,0,17,19.137677858916838,15.007044448777394,0.2158377542244423,0.7841622457755577
subj08,ventral,0,18,18.877809353039005,14.607537462564968,0.22620590189330395,0.7737940981066961
subj08,ventral,0,19,21.072454022387774,18.298766630097703,0.13162621635540186,0.8683737836445982
subj08,ventral,0,20,20.200126826488404,14.16483183820722,0.29877510374673033,0.7012248962532697
subj08,ventral,0,21,20.274392611607997,16.483455604776296,0.18698153278639873,0.8130184672136013
subj08,ventral,0,22,20.081068104031555,15.748986636009542,0.21572963378139667,0.7842703662186034
subj08,ventral,0,23,19.89541728364791,15.288622800636896,0.2315505333380139,0.7684494666619861
subj08,ventral,0,24,21.695474751002322,19.18377787031921,0.11577054245227206,0.884229457547728
subj08,ventral,1,0,26.653229081279083,16.798378029541084,0.36974323154937844,0.6302567684506216
subj08,ventral,1,1,26.429932261689515,15.438112239084155,0.4158852892157475,0.5841147107842525
subj08,ventral,1,2,26.488562775904267,15.562930642299689,0.41246602263914633,0.5875339773608537
subj08,ventral,1,3,26.324272606750167,16.363425842067635,0.37839019955021796,0.621609800449782
subj08,ventral,1,4,28.308699095298728,17.555343842799207,0.37986045265800816,0.6201395473419918
subj08,ventral,1,5,20.752034841718743,17.096109222140313,0.17617191024702594,0.8238280897529741
subj08,ventral,1,6,20.852574472218187,15.244361005611244,0.26894585481896954,0.7310541451810305
subj08,ventral,1,7,20.59513741297426,15.812427352418407,0.23222520756491302,0.767774792435087
subj08,ventral,1,8,21.329606843909122,15.36621883133125,0.27958265036098284,0.7204173496390172
subj08,ventral,1,9,22.482197982016995,18.288441473488547,0.18653676619532217,0.8134632338046778
subj08,ventral,1,10,23.3601789713765,14.527248774471035,0.37811911491468264,0.6218808850853174
subj08,ventral,1,11,21.574318031677738,15.348753173456226,0.2885636917505558,0.7114363082494443
subj08,ventral,1,12,21.995600158634268,14.973347502116598,0.31925715169727337,0.6807428483027267
subj08,ventral,1,13,23.84419710780694,12.503683117185771,0.4756089684776226,0.5243910315223774
subj08,ventral,1,14,23.010479112821407,18.55395339417144,0.19367374737394308,0.806326252626057
subj08,ventral,1,15,19.09334134822763,17.310608148271253,0.09336936722821752,0.9066306327717825
subj08,ventral,1,16,20.449552792596712,13.795837519602808,0.3253721653709087,0.6746278346290914
subj08,ventral,1,17,19.86378292263852,14.863095556874095,0.251748993897089,0.748251006102911
subj08,ventral,1,18,20.242721017168044,14.919584203484744,0.26296547826592565,0.7370345217340744
subj08,ventral,1,19,20.762486749928467,18.711611349281068,0.09877792700599629,0.9012220729940037
subj08,ventral,1,20,20.712792213766317,16.19760604668237,0.21799022171829754,0.7820097782817025
subj08,ventral,1,21,19.937696428375748,15.432659137221277,0.22595575709251983,0.7740442429074802
subj08,ventral,1,22,20.05379741626731,15.507935238097707,0.22668335995466254,0.7733166400453374
subj08,ventral,1,23,19.79567771096374,16.360386779617027,0.1735374247603604,0.8264625752396396
subj08,ventral,1,24,21.585506322438565,18.50514892571011,0.1427048942338852,0.8572951057661148
subj08,ventral,2,0,26.728593307121663,16.842106062736583,0.3698843081933118,0.6301156918066882
subj08,ventral,2,1,26.541899613356424,14.470767762939953,0.454795324609774,0.545204675390226
subj08,ventral,2,2,26.672126317325777,15.117328182480563,0.4332162347078945,0.5667837652921055
subj08,ventral,2,3,26.50318850364598,15.005874328312048,0.433808716024952,0.566191283975048
subj08,ventral,2,4,28.524479409553884,17.248304946576507,0.3953156971271692,0.6046843028728308
subj08,ventral,2,5,23.26538341124701,17.15253881743769,0.262744201793564,0.737255798206436
subj08,ventral,2,6,23.38554910961322,14.297029898771186,0.3886382640938702,0.6113617359061297
subj08,ventral,2,7,23.380288041642284,15.189189613145897,0.35034206652661176,0.6496579334733882
subj08,ventral,2,8,23.24420018197924,14.990524989706671,0.35508536011798236,0.6449146398820176
subj08,ventral,2,9,24.36170383235376,18.843321147050908,0.22651874939773795,0.773481250602262
subj08,ventral,2,10,23.018960752065645,14.381507764638169,0.37523210020036984,0.6247678997996302
subj08,ventral,2,11,21.056131991830053,14.461706094391902,0.313183157286288,0.686816842713712
subj08,ventral,2,12,21.40396042159517,14.84696921322665,0.30634476420321505,0.693655235796785
subj08,ventral,2,13,22.8271788638182,12.047458371774828,0.4722318319032217,0.5277681680967783
subj08,ventral,2,14,22.825370944419433,18.132249536373614,0.20560986366765877,0.7943901363323412
subj08,ventral,2,15,18.182958492305907,17.18478316776334,0.054896199920653456,0.9451038000793466
subj08,ventral,2,16,18.59496479493641,13.998762597440233,0.24717455763873059,0.7528254423612694
subj08,ventral,2,17,18.684623922587992,14.787943663188608,0.20855010384708123,0.7914498961529188
subj08,ventral,2,18,18.573382419296166,14.508178589107981,0.21887256388824386,0.7811274361117562
subj08,ventral,2,19,20.304549732388054,18.0758879320249,0.10976169527207907,0.8902383047279209
subj08,ventral,2,20,21.54573126296544,16.265173369483314,0.24508603718448763,0.7549139628155124
subj08,ventral,2,21,21.15307230543461,14.040058773551674,0.33626384995882946,0.6637361500411705
subj08,ventral,2,22,20.996129808012867,15.15911047319647,0.278004536464086,0.7219954635359139
subj08,ventral,2,23,20.845219355860007,14.959019313185753,0.28237649804435977,0.7176235019556402
subj08,ventral,2,24,21.875391683188006,19.060885378506583,0.12866084161795688,0.8713391583820431
subj08,ventral,3,0,27.612416631742445,16.71773009239616,0.3945575168101029,0.6054424831898971
subj08,ventral,3,1,27.23016642236156,14.47055491939601,0.46858367683303204,0.531416323166968
subj08,ventral,3,2,27.3453443869387,15.514085001379804,0.4326608295052231,0.5673391704947769
subj08,ventral,3,3,27.060401597120517,15.510757656573796,0.42680977586732166,0.5731902241326783
subj08,ventral,3,4,29.675539400089217,17.265328448236886,0.41819664284906044,0.5818033571509396
subj08,ventral,3,5,22.954023072835582,17.50616289364923,0.23733792380968283,0.7626620761903171
subj08,ventral,3,6,23.1445995073018,14.374675631522354,0.37891880017248325,0.6210811998275168
subj08,ventral,3,7,22.852911936851033,16.050668891886193,0.297653229652367,0.702346770347633
subj08,ventral,3,8,22.859206085254037,15.547684638890914,0.3198501916074689,0.680149808392531
subj08,ventral,3,9,24.622857593976587,19.075349323632558,0.2252991249765055,0.7747008750234945
subj08,ventral,3,10,20.61637676957689,17.098640423076702,0.17062825276317362,0.8293717472368264
subj08,ventral,3,11,21.064530968141426,13.514248106819,0.35843584045339916,0.6415641595466008
subj08,ventral,3,12,20.517249792482563,15.58741793110324,0.2402774207674556,0.7597225792325444
subj08,ventral,3,13,20.254565904725936,15.429580079354265,0.23821719251192996,0.76178280748807
subj08,ventral,3,14,22.698649718844383,18.41116372716939,0.18888727059898752,0.8111127294010124
subj08,ventral,3,15,17.873726245979803,17.57399877093292,0.016769165585396494,0.9832308344146035
subj08,ventral,3,16,18.173633632121096,14.386988381869367,0.20835928174314025,0.7916407182568598
subj08,ventral,3,17,19.232062924373157,14.316770577651686,0.2555780087684836,0.7444219912315164
subj08,ventral,3,18,18.298797300361375,14.979667088040935,0.181385156512712,0.818614843487288
subj08,ventral,3,19,21.182794919578473,17.787801312603815,0.16027127769795815,0.8397287223020419
subj08,ventral,3,20,21.259156619674904,16.168105523700852,0.239475685091966,0.760524314908034
subj08,ventral,3,21,20.441600498134942,14.298643881769713,0.3005125071750474,0.6994874928249526
subj08,ventral,3,22,20.313679185261478,15.723881700993884,0.22594614409376448,0.7740538559062355
subj08,ventral,3,23,20.274848154407376,15.27124077186878,0.24678889550405364,0.7532111044959463
subj08,ventral,3,24,22.25021992338464,18.843785267058756,0.15309667356347226,0.8469033264365278
subj08,ventral,4,0,27.070346551129486,18.42186628212396,0.3194816975346285,0.6805183024653715
subj08,ventral,4,1,26.74968716915542,14.160192202225211,0.47064082982798117,0.5293591701720188
subj08,ventral,4,2,26.820344684800542,15.826240616037396,0.40991658377133594,0.590083416228664
subj08,ventral,4,3,26.882482272263896,15.18154668730475,0.43526246819221864,0.5647375318077814
subj08,ventral,4,4,29.258014781027583,19.37252222180731,0.337872977138235,0.662127022861765
subj08,ventral,4,5,23.799338673454674,18.795854573841716,0.21023626615279645,0.7897637338472036
subj08,ventral,4,6,23.906427216561017,13.858693853715298,0.42029422764959284,0.5797057723504071
subj08,ventral,4,7,23.615106483908903,16.11370154688121,0.317652810167893,0.682347189832107
subj08,ventral,4,8,23.835709471740312,15.248934967934106,0.3602483288356368,0.6397516711643633
subj08,ventral,4,9,25.912268679737913,20.184256953636368,0.22105404188636565,0.7789459581136343
subj08,ventral,4,10,21.43135656618911,17.973275752506243,0.161356132683568,0.838643867316432
subj08,ventral,4,11,21.093456573532016,13.464611485676759,0.36166879815363695,0.638331201846363
subj08,ventral,4,12,20.515801296733017,16.095823807101333,0.215442595963119,0.784557404036881
subj08,ventral,4,13,20.54624418498783,15.52971115817394,0.2441581527819685,0.7558418472180315
subj08,ventral,4,14,24.288175972129437,18.75055785666609,0.2279964589279053,0.7720035410720947
subj08,ventral,4,15,23.995476198374053,16.08049190853621,0.32985318667583546,0.6701468133241646
subj08,ventral,4,16,21.74722308318509,14.32869056523831,0.3411255078209399,0.65887449217906
subj08,ventral,4,17,21.78032423222283,16.050374938922687,0.2630791549385197,0.7369208450614804
subj08,ventral,4,18,21.973612957541196,15.248076102318759,0.30607332841521984,0.6939266715847802
subj08,ventral,4,19,24.689341356313733,19.594865343890294,0.20634313159272039,0.7936568684072796
subj08,ventral,4,20,21.55499441237516,17.17727052132636,0.20309557067365597,0.796904429326344
subj08,ventral,4,21,20.127305619666583,14.087439877771388,0.30008317337784074,0.6999168266221593
subj08,ventral,4,22,19.956293411063463,16.09517695787819,0.19347863722251787,0.8065213627774821
subj08,ventral,4,23,20.40283683861581,14.979287327502139,0.26582330457344483,0.7341766954265552
subj08,ventral,4,24,23.519970395401323,19.12183635863302,0.18699573013188137,0.8130042698681187
subj08,ventral,5,0,26.6336903352794,17.188049691149732,0.3546500888619939,0.6453499111380061
subj08,ventral,5,1,26.37476052804393,14.190076326402618,0.4619827425043537,0.5380172574956463
subj08,ventral,5,2,26.4704665672624,15.862134815935743,0.40076104153172015,0.5992389584682799
subj08,ventral,5,3,26.520436606611312,15.576931025345646,0.41264424653316406,0.587355753466836
subj08,ventral,5,4,26.31904057374725,15.077495288181614,0.4271259529414179,0.5728740470585821
subj08,ventral,5,5,22.926359536036554,17.610016799441652,0.231887785247303,0.768112214752697
subj08,ventral,5,6,23.101877361531123,13.936917220993166,0.39671927943827207,0.603280720561728
subj08,ventral,5,7,22.8920375549707,16.099555210642695,0.29671811991471714,0.7032818800852828
subj08,ventral,5,8,23.094352854316575,15.60683646371772,0.3242141677591698,0.6757858322408302
subj08,ventral,5,9,22.895245195624828,15.059171574530755,0.342257685128068,0.657742314871932
subj08,ventral,5,10,20.353833023509484,17.36586890873217,0.1468010527219171,0.8531989472780829
subj08,ventral,5,11,20.858993363528306,13.151352157259971,0.36951165724732676,0.6304883427526733
subj08,ventral,5,12,20.35532828519623,15.780460711036163,0.22475037052029367,0.7752496294797063
subj08,ventral,5,13,20.092628548224237,15.916344575308049,0.2078515492829973,0.7921484507170027
subj08,ventral,5,14,20.392483253539186,14.671018924567067,0.280567317762987,0.719432682237013
subj08,ventral,5,15,22.993717175818414,15.172716682925987,0.340136413485918,0.659863586514082
subj08,ventral,5,16,21.21628382293541,14.177284925059695,0.3317734131302653,0.6682265868697347
subj08,ventral,5,17,21.20743070179593,16.021162638113395,0.24454957022414506,0.755450429775855
subj08,ventral,5,18,21.48960004648465,15.437333832520169,0.281636987234415,0.718363012765585
subj08,ventral,5,19,22.96690702561949,12.11130837709628,0.4726626287298431,0.5273373712701569
subj08,ventral,5,20,18.075186058064308,17.641411519954538,0.023998344289033732,0.9760016557109663
subj08,ventral,5,21,18.39009261851114,13.854240900620189,0.24664648579992704,0.7533535142000729
subj08,ventral,5,22,19.62877635414029,14.147554503717581,0.2792441949274416,0.7207558050725583
subj08,ventral,5,23,18.736607096226756,15.101759198329498,0.193997124411562,0.806002875588438
subj08,ventral,5,24,18.50291552457311,14.51943925801694,0.21528911274906087,0.7847108872509392
subj01,lateral,0,0,8.5921804743433,5.245499882980731,0.3895030605276428,0.6104969394723572
subj01,lateral,0,1,8.90680645235346,4.914577995136196,0.44822220832724957,0.5517777916727504
subj01,lateral,0,2,8.429544666022903,5.1950502922291815,0.3837092633047012,0.6162907366952989
subj01,lateral,0,3,9.040293585093622,5.246995127478601,0.41959903424704287,0.5804009657529571
subj01,lateral,0,4,9.1874328734214,4.8635939369688925,0.47062536358345225,0.5293746364165478
subj01,lateral,0,5,7.890687328586196,5.59028833460503,0.2915334112463606,0.7084665887536394
subj01,lateral,0,6,8.011458970317916,5.610190644921921,0.2997292171491588,0.7002707828508412
subj01,lateral,0,7,7.39854852412681,5.956566662675856,0.1949006425717995,0.8050993574282005
subj01,lateral,0,8,8.249611316914505,5.777128607517744,0.2997089940864646,0.7002910059135353
subj01,lateral,0,9,8.083206835378178,5.907509788340178,0.26916260975972023,0.7308373902402797
subj01,lateral,0,10,10.072492081757225,5.37998377385602,0.46587361596441784,0.5341263840355822
subj01,lateral,0,11,10.189836221903036,5.358171669397494,0.4741650844318662,0.5258349155681338
subj01,lateral,0,12,9.63794930892966,5.8492898502080495,0.3930980893634062,0.6069019106365938
subj01,lateral,0,13,10.117314739963522,5.996356914240917,0.4073173496762702,0.5926826503237298
subj01,lateral,0,14,10.160607561503912,5.8209973875989,0.4271014452272271,0.572898554772773
subj01,lateral,0,15,9.644239361881944,5.543073303482548,0.42524515459548984,0.5747548454045102
subj01,lateral,0,16,9.733747996821839,5.579839439925294,0.4267532463602751,0.5732467536397249
subj01,lateral,0,17,9.13599809538549,6.080747471108732,0.33441892088615227,0.6655810791138477
subj01,lateral,0,18,9.671593424030055,6.1736801669461725,0.36166876580987806,0.6383312341901219
subj01,lateral,0,19,9.68357152153143,6.057069552658867,0.37450045789500624,0.6254995421049938
subj01,lateral,0,20,9.092709178860094,5.288201173140434,0.4184130308010809,0.5815869691989191
subj01,lateral,0,21,9.260249523312147,5.199389805434158,0.4385259498305103,0.5614740501694897
subj01,lateral,0,22,8.643303710089377,5.7132013200406515,0.33900259534191773,0.6609974046580822
subj01,lateral,0,23,9.248556171309179,5.746622682193545,0.378646507006068,0.621353492993932
subj01,lateral,0,24,9.425225074352912,5.341366736896775,0.43329027214095617,0.5667097278590438
subj01,lateral,1,0,8.91218409718962,5.30036233379521,0.4052678584740374,0.5947321415259625
subj01,lateral,1,1,9.00352754775658,5.985068812328549,0.3352529016452161,0.6647470983547838
subj01,lateral,1,2,8.524853780984756,5.877524306330156,0.31054250813775147,0.6894574918622485
subj01,lateral,1,3,9.06473304392845,5.911004940368499,0.34791185667318864,0.6520881433268114
subj01,lateral,1,4,9.110344398001345,5.614505165786391,0.3837219625837506,0.6162780374162494
subj01,lateral,1,5,8.00803041742277,5.805975163981823,0.2749808802736336,0.7250191197263663
subj01,lateral,1,6,8.384367239459513,6.07486423756326,0.275453464278973,0.724546535721027
subj01,lateral,1,7,7.687401174126224,6.199945134123539,0.19349270401147678,0.8065072959885232
subj01,lateral,1,8,8.476527867075621,5.964467486780953,0.2963548778093408,0.7036451221906592
subj01,lateral,1,9,8.217149565063158,6.108725632375904,0.2565882385361022,0.7434117614638979
subj01,lateral,1,10,10.446703324176644,5.109365656960522,0.5109111938561521,0.48908880614384787
subj01,lateral,1,11,10.710730046229493,5.466551049472838,0.4896191925407332,0.5103808074592667
subj01,lateral,1,12,10.020788629974989,5.8754217465823055,0.4136767111315699,0.5863232888684301
subj01,lateral,1,13,10.448075022833445,5.972056127345879,0.42840608300625516,0.5715939169937448
subj01,lateral,1,14,10.410442479141187,5.819114383091777,0.44103102296072366,0.5589689770392763
subj01,lateral,1,15,9.872690302067284,5.563343640958579,0.43649162783991635,0.5635083721600836
subj01,lateral,1,16,10.191791562352954,5.8233909157194415,0.4286195042263002,0.5713804957736999
subj01,lateral,1,17,9.483446931686803,6.179206928786666,0.3484218371971654,0.6515781628028346
subj01,lateral,1,18,9.977414336595652,6.201653629061996,0.37843078177927675,0.6215692182207233
subj01,lateral,1,19,9.919208337520363,6.085251784430631,0.3865184017344833,0.6134815982655167
subj01,lateral,1,20,9.255082091978531,4.68994336429533,0.4932575078550465,0.5067424921449535
subj01,lateral,1,21,9.525344875488443,5.126754239513581,0.4617775727253456,0.5382224272746544
subj01,lateral,1,22,8.742731066395992,5.560065152243387,0.36403566459749204,0.635964335402508
subj01,lateral,1,23,9.274642526196242,5.587630769106554,0.39753680496857075,0.6024631950314292
subj01,lateral,1,24,9.357388774633888,5.20495587541693,0.44375979231229745,0.5562402076877025
subj01,lateral,2,0,8.81559509694042,5.329861499953386,0.39540536499876316,0.6045946350012369
subj01,lateral,2,1,8.575466585727456,6.0206990633646145,0.297915862282626,0.702084137717374
subj01,lateral,2,2,8.395917008925524,5.95981296459882,0.2901534212090154,0.7098465787909846
subj01,lateral,2,3,8.928214045517109,5.8757264194105145,0.34189229901351437,0.6581077009864856
subj01,lateral,2,4,8.987422796098643,5.766865539655009,0.3583404641697338,0.6416595358302662
subj01,lateral,2,5,8.833104281659793,4.755385956462918,0.46164046015662424,0.5383595398433757
subj01,lateral,2,6,8.653415091814587,5.424125546758589,0.37318093617289183,0.6268190638271082
subj01,lateral,2,7,8.525963969632022,5.275795457181564,0.3812083330432763,0.6187916669567237
subj01,lateral,2,8,9.031451046130133,5.213956781888258,0.4226889172895008,0.5773110827104991
subj01,lateral,2,9,9.16913572704413,4.946993330403108,0.46047332293139925,0.5395266770686008
subj01,lateral,2,10,10.252350418494677,5.110214691755642,0.5015567666769275,0.4984432333230725
subj01,lateral,2,11,10.219587029705362,5.51818159309418,0.4600386906971452,0.5399613093028548
subj01,lateral,2,12,9.789707581799775,5.9392980422079305,0.3933120072708005,0.6066879927291995
subj01,lateral,2,13,10.202659364390469,5.936813258820003,0.41811119564171767,0.5818888043582824
subj01,lateral,2,14,10.18778850094163,5.9449402777431954,0.41646410531650513,0.5835358946834949
subj01,lateral,2,15,9.721407915774892,5.485521576706224,0.43572766164817656,0.5642723383518234
subj01,lateral,2,16,9.817508489820089,5.646109256678715,0.4248938758206072,0.5751061241793928
subj01,lateral,2,17,9.305345331545222,6.155966176480308,0.33844839098969115,0.6615516090103088
subj01,lateral,2,18,9.755482188288786,6.127178190963834,0.37192461913165514,0.6280753808683449
subj01,lateral,2,19,9.749680440828177,6.1195437968480455,0.3723339104303785,0.6276660895696216
subj01,lateral,2,20,9.135084145846745,4.670285405678587,0.48875288600358135,0.5112471139964186
subj01,lateral,2,21,9.02018771759575,5.250032906008499,0.4179685533852894,0.5820314466147106
subj01,lateral,2,22,8.60639865568976,5.574933432195953,0.35223388373831377,0.6477661162616862
subj01,lateral,2,23,9.094322935077688,5.538018142906105,0.3910466801717113,0.6089533198282887
subj01,lateral,2,24,9.25168114342249,5.251294153734327,0.4323956833004615,0.5676043166995385
subj01,lateral,3,0,8.741012745755597,5.360959555408214,0.38668896713240086,0.6133110328675991
subj01,lateral,3,1,8.515897144884603,5.82595723713789,0.3158727567960973,0.6841272432039027
subj01,lateral,3,2,8.69036016152364,5.757608161455204,0.3374718591127126,0.6625281408872874
subj01,lateral,3,3,8.87652235265154,5.914295665802417,0.3337147780588042,0.6662852219411959
subj01,lateral,3,4,9.069884810515038,5.868011884922093,0.3530224465343706,0.6469775534656294
subj01,lateral,3,5,8.69233398734296,4.799352898856677,0.4478637261470754,0.5521362738529246
subj01,lateral,3,6,8.456180534347792,5.329217569289856,0.36978431957036173,0.6302156804296383
subj01,lateral,3,7,8.809431437440093,4.950918747666138,0.43799792497110224,0.5620020750288978
subj01,lateral,3,8,8.91182104256146,5.27221540001047,0.4084020117963325,0.5915979882036675
subj01,lateral,3,9,9.180777383533059,5.084778049305924,0.44614951034253947,0.5538504896574605
subj01,lateral,3,10,7.671661835197372,5.550341853469191,0.2765137498625948,0.7234862501374052
subj01,lateral,3,11,7.704290395405439,5.623316658546615,0.27010582805910865,0.7298941719408913
subj01,lateral,3,12,7.889367158802706,5.562894582793149,0.29488709666829904,0.705112903331701
subj01,lateral,3,13,8.082590512675846,5.740973064896346,0.28971125582907664,0.7102887441709234
subj01,lateral,3,14,8.13246426175616,5.922406421098476,0.2717574611487361,0.7282425388512639
subj01,lateral,3,15,9.49745062887454,5.473533217017142,0.4236839515252356,0.5763160484747645
subj01,lateral,3,16,9.510487754851715,5.570354362654469,0.41429351404056136,0.5857064859594386
subj01,lateral,3,17,9.639784065932744,5.546432888763453,0.4246310030569361,0.5753689969430639
subj01,lateral,3,18,9.508759826488797,6.194430725362854,0.3485553491311381,0.6514446508688618
subj01,lateral,3,19,9.634659472948046,6.235836266888811,0.3527704550017948,0.6472295449982052
subj01,lateral,3,20,8.938762726775868,4.671904674107108,0.4773432501891431,0.522656749810857
subj01,lateral,3,21,8.720118756235806,5.196613510904439,0.4040661995356071,0.5959338004643929
subj01,lateral,3,22,8.959915141814546,4.997530722536093,0.4422345922436937,0.5577654077563063
subj01,lateral,3,23,8.886911455896072,5.601546953125698,0.3696857473009569,0.6303142526990432
subj01,lateral,3,24,9.176359938359006,5.392010147675466,0.4124020653183194,0.5875979346816805
subj01,lateral,4,0,8.746871486669603,5.318619667101271,0.3919403440182072,0.6080596559817928
subj01,lateral,4,1,8.4934947180159,5.929168387000483,0.3019165156571086,0.6980834843428915
subj01,lateral,4,2,8.674297623758351,5.8352759978585125,0.3272912400565941,0.6727087599434058
subj01,lateral,4,3,8.334197566930612,5.990391821913236,0.28122752384913435,0.7187724761508656
subj01,lateral,4,4,8.96112512208842,5.651447161744014,0.36933732262998187,0.6306626773700181
subj01,lateral,4,5,8.694053843896032,4.828611712892917,0.44460756747175956,0.5553924325282404
subj01,lateral,4,6,8.488281145929559,5.4175788707582795,0.3617578426515471,0.6382421573484529
subj01,lateral,4,7,8.832802602405865,5.038062203914869,0.4296190653527557,0.5703809346472443
subj01,lateral,4,8,8.366059208886997,5.427640732853835,0.35123089649087996,0.6487691035091201
subj01,lateral,4,9,9.051601197320291,4.941226728985266,0.45410468034670964,0.5458953196532904
subj01,lateral,4,10,7.697584302001528,5.776142035623956,0.24961626803852704,0.750383731961473
subj01,lateral,4,11,7.758175012216803,5.909852426306174,0.23824192970641603,0.761758070293584
subj01,lateral,4,12,7.933124766250326,5.846414423761067,0.2630376306908335,0.7369623693091665
subj01,lateral,4,13,7.300624024154871,6.313927229319494,0.1351523912984409,0.8648476087015591
subj01,lateral,4,14,7.9452785579177245,6.0773606152123145,0.23509785454205,0.76490214545795
subj01,lateral,4,15,9.98700879785207,5.2391304846283395,0.47540544013988134,0.5245945598601187
subj01,lateral,4,16,9.960459919284194,5.520605535486979,0.4457479292900246,0.5542520707099754
subj01,lateral,4,17,10.088988019431051,5.468049284365186,0.45801806149101304,0.541981938508987
subj01,lateral,4,18,9.516100537783334,6.097608614467097,0.359232430315678,0.640767569684322
subj01,lateral,4,19,9.990037091595203,5.9019602150478105,0.4092153851947922,0.5907846148052078
subj01,lateral,4,20,8.861618317622538,4.787459851360764,0.4597533227265897,0.5402466772734102
subj01,lateral,4,21,8.682700860163385,5.3439471486264125,0.3845293953239045,0.6154706046760955
subj01,lateral,4,22,8.915605894477112,5.143776029252522,0.42305928614017124,0.5769407138598287
subj01,lateral,4,23,8.292179715675896,5.765064951553864,0.30475880296524027,0.6952411970347597
subj01,lateral,4,24,9.009441757181108,5.2652780332755915,0.41558221084243935,0.5844177891575607
subj01,lateral,5,0,9.042500724797202,5.320001863745841,0.4116669685016638,0.5883330314983363
subj01,lateral,5,1,8.767746964452394,5.942298277499793,0.3222548162496008,0.6777451837503993
subj01,lateral,5,2,8.999324325489429,5.827151590147089,0.35249010043538137,0.6475098995646186
subj01,lateral,5,3,8.60613272553658,5.821196408722305,0.32359904333692907,0.676400956663071
subj01,lateral,5,4,9.12138809993452,5.9038641706875055,0.35274498727557846,0.6472550127244215
subj01,lateral,5,5,9.043727362147965,4.836171456880974,0.4652457705522493,0.5347542294477506
subj01,lateral,5,6,8.812383378868317,5.443759234966541,0.38226028068406315,0.6177397193159369
subj01,lateral,5,7,9.195085333261925,5.04997618379808,0.45079615895129294,0.549203841048707
subj01,lateral,5,8,8.691163705846527,5.2463169299658325,0.396361970901935,0.603638029098065
subj01,lateral,5,9,9.223103512688509,5.30075601992627,0.4252741484865852,0.5747258515134148
subj01,lateral,5,10,7.929898844214171,5.7720501693364605,0.2721155360578306,0.7278844639421694
subj01,lateral,5,11,8.052514132922314,5.785493188926656,0.2815295827581416,0.7184704172418585
subj01,lateral,5,12,8.231947938214619,5.771411158548032,0.29890091605708563,0.7010990839429144
subj01,lateral,5,13,7.553958800519337,6.084420613921983,0.1945388140714141,0.8054611859285858
subj01,lateral,5,14,8.33796112009992,5.887644437620708,0.29387480310652336,0.7061251968934766
subj01,lateral,5,15,10.08881009371027,5.417548671358372,0.4630141095890121,0.5369858904109879
subj01,lateral,5,16,10.033585039531213,5.707552052430759,0.43115526205801447,0.5688447379419855
subj01,lateral,5,17,10.198842774476592,5.656131501006326,0.44541438415334333,0.5545856158466567
subj01,lateral,5,18,9.592244341400779,6.083204758892125,0.3658204959775055,0.6341795040224946
subj01,lateral,5,19,10.059242732582065,6.158867768333691,0.3877404162457469,0.612259583754253
subj01,lateral,5,20,9.627947287822368,5.761804440758416,0.40155421830714955,0.5984457816928505
subj01,lateral,5,21,9.7187400077556,5.792832512295187,0.40395231195890824,0.5960476880410918
subj01,lateral,5,22,9.854313826836552,5.801943913425034,0.4112280149202856,0.5887719850797144
subj01,lateral,5,23,9.168073654980375,6.302760806007179,0.31253161316136147,0.6874683868386385
subj01,lateral,5,24,9.689104597009594,6.324800813161997,0.347225458262257,0.652774541737743
subj02,lateral,0,0,10.186824975564546,7.390900562614799,0.27446475419538646,0.7255352458046136
subj02,lateral,0,1,10.47680086500685,6.081608485173368,0.41951664792195204,0.5804833520780479
subj02,lateral,0,2,9.683316312054354,6.6992773895090565,0.30816290890245857,0.6918370910975414
subj02,lateral,0,3,9.194283820885891,5.597937319771702,0.391150259354042,0.608849740645958
subj02,lateral,0,4,9.39551243600449,6.999283282989897,0.25503975108712706,0.7449602489128729
subj02,lateral,0,5,9.454027375057077,7.1276995814279935,0.24606738497148034,0.7539326150285197
subj02,lateral,0,6,9.304571451033926,6.477668482310388,0.30381871788511144,0.6961812821148886
subj02,lateral,0,7,8.975782818442102,6.3141251063957196,0.2965376687343197,0.7034623312656803
subj02,lateral,0,8,8.022060642793495,5.770980937467432,0.28061115535798,0.71938884464202
subj02,lateral,0,9,8.275375250398136,7.11123797927807,0.1406748619724596,0.8593251380275404
subj02,lateral,0,10,9.145651539131432,6.574245144362044,0.28116164100142343,0.7188383589985765
subj02,lateral,0,11,8.908600127204497,5.98773654978679,0.3278700958300021,0.672129904169998
subj02,lateral,0,12,8.476011499295508,5.938938330108771,0.2993239413841768,0.7006760586158232
subj02,lateral,0,13,7.541298322085486,5.240935404729499,0.30503539564522086,0.6949646043547791
subj02,lateral,0,14,8.433416014949863,5.883021486751827,0.30241535857794377,0.6975846414220562
subj02,lateral,0,15,9.580590611366063,6.842216274201185,0.2858252114348953,0.7141747885651047
subj02,lateral,0,16,9.664215699322721,5.7930198381499505,0.4005701012492993,0.5994298987507006
subj02,lateral,0,17,9.294603747227846,5.697727557473854,0.38698542590659396,0.6130145740934061
subj02,lateral,0,18,8.209336910079786,5.355872525386713,0.34758768167858517,0.6524123183214148
subj02,lateral,0,19,8.676686540325878,6.495194907612724,0.25141989659006647,0.7485801034099335
subj02,lateral,0,20,9.63711244612796,5.28145699318249,0.45196686012473614,0.5480331398752639
subj02,lateral,0,21,9.411343415924026,4.532862594474895,0.5183617902195264,0.48163820978047356
subj02,lateral,0,22,8.699946357646482,5.032770189057334,0.4215171011216666,0.5784828988783334
subj02,lateral,0,23,7.345247569412384,4.928489162009347,0.32902341065631047,0.6709765893436895
subj02,lateral,0,24,8.137738806471285,5.780461710729812,0.2896722482499588,0.7103277517500413
subj02,lateral,1,0,9.962589122586591,6.764836764281207,0.3209760353416191,0.6790239646583809
subj02,lateral,1,1,10.050918659379017,6.2003143548590245,0.3831096872848334,0.6168903127151666
subj02,lateral,1,2,9.68833856310161,6.293900972062946,0.350363229869619,0.649636770130381
subj02,lateral,1,3,9.104690872928705,5.5412755597309475,0.3913823503654566,0.6086176496345433
subj02,lateral,1,4,9.813747166398157,6.301968888666967,0.35784275039766317,0.6421572496023369
subj02,lateral,1,5,8.776746522963977,7.228528075158239,0.17640004114906271,0.8235999588509373
subj02,lateral,1,6,9.068449672705345,6.441644488715158,0.28966419606390614,0.7103358039360939
subj02,lateral,1,7,8.9223941798553,6.1753279141727235,0.307884432172344,0.692115567827656
subj02,lateral,1,8,8.065211672184775,5.728890869285007,0.28967879553084125,0.7103212044691587
subj02,lateral,1,9,8.534714018185428,6.888381605018935,0.19289836890358047,0.8071016310964195
subj02,lateral,1,10,8.698616417031621,6.495052132714073,0.25332353775285893,0.7466764622471411
subj02,lateral,1,11,8.652165944474632,6.118849546301328,0.2927956322649022,0.7072043677350979
subj02,lateral,1,12,8.37116845694425,6.019639817244275,0.28090805385110607,0.7190919461488939
subj02,lateral,1,13,7.631600810265407,5.3099181818266805,0.30421961082081084,0.6957803891791892
subj02,lateral,1,14,8.641388347624726,5.846903800279617,0.32338374748696885,0.6766162525130311
subj02,lateral,1,15,9.216958412477311,6.464939014428368,0.2985821650582084,0.7014178349417916
subj02,lateral,1,16,9.350973385737639,5.809967392379546,0.37867779612750607,0.6213222038724939
subj02,lateral,1,17,9.145929534583653,5.617884554937931,0.3857502910234621,0.6142497089765379
subj02,lateral,1,18,8.176387780942287,5.336606968934803,0.3473148397665911,0.652685160233409
subj02,lateral,1,19,8.871354967517977,6.249405309689187,0.29555233303468614,0.7044476669653139
subj02,lateral,1,20,8.969094294828858,5.343302820666587,0.40425391404935124,0.5957460859506488
subj02,lateral,1,21,9.107418935749338,4.527595758821931,0.5028673007398654,0.49713269926013465
subj02,lateral,1,22,8.526227852737692,4.975929178820822,0.41639734889056507,0.5836026511094349
subj02,lateral,1,23,7.273239827385492,4.96794244771616,0.3169560518256712,0.6830439481743288
subj02,lateral,1,24,8.27040221940362,5.6217640895916015,0.3202550564708825,0.6797449435291175
subj02,lateral,2,0,10.12562943578456,6.776476148591331,0.3307600093834293,0.6692399906165707
subj02,lateral,2,1,10.279772381543578,7.305146238207658,0.28936692690556054,0.7106330730944395
subj02,lateral,2,2,9.75406897368919,6.394382096039322,0.34443952433721264,0.6555604756627874
subj02,lateral,2,3,9.135614369163841,5.562520225371605,0.39111700641095165,0.6088829935890483
subj02,lateral,2,4,9.760691231245838,6.361726175107331,0.34822995376165267,0.6517700462383473
subj02,lateral,2,5,9.339840485042988,7.673278071138676,0.17843585407836235,0.8215641459216376
subj02,lateral,2,6,10.008475610804416,7.518784070957917,0.2487583161174725,0.7512416838825274
subj02,lateral,2,7,9.41642727495096,6.7099700065652845,0.2874186981282421,0.7125813018717578
subj02,lateral,2,8,8.996003039226535,5.579948625012575,0.3797302423441231,0.6202697576558769
subj02,lateral,2,9,9.381399518874977,6.73756725278711,0.28181640284784687,0.7181835971521532
subj02,lateral,2,10,8.748126022018115,6.426922576924569,0.26533722070890614,0.7346627792910938
subj02,lateral,2,11,9.253808951613916,6.541555159793048,0.29309593552261914,0.7069040644773809
subj02,lateral,2,12,8.365293920808766,5.952972685621319,0.2883725614454227,0.7116274385545773
subj02,lateral,2,13,7.478785429773024,5.277773384562376,0.29430073450809596,0.705699265491904
subj02,lateral,2,14,8.37747101547803,5.911571268895429,0.29434894397445943,0.7056510560255406
subj02,lateral,2,15,9.294106537088334,6.457393868599453,0.30521628487568087,0.6947837151243191
subj02,lateral,2,16,9.508535132390064,6.946653355952738,0.2694297008705874,0.7305702991294126
subj02,lateral,2,17,9.088268739493392,5.750017972676385,0.36731426661169475,0.6326857333883052
subj02,lateral,2,18,8.077548478249255,5.365038972364886,0.33580850838449994,0.6641914916155001
subj02,lateral,2,19,8.753475986469239,6.224842393731062,0.28887194031797586,0.7111280596820241
subj02,lateral,2,20,9.110984721148538,5.483428875221813,0.39815189652402716,0.6018481034759728
subj02,lateral,2,21,9.804313438031803,5.248176268203946,0.4647074166513482,0.5352925833486518
subj02,lateral,2,22,8.743275347272766,4.92078799490195,0.4371916931065359,0.5628083068934642
subj02,lateral,2,23,7.339598534075622,5.016015238583363,0.316581797315553,0.683418202684447
subj02,lateral,2,24,8.178131097571896,5.787042365929002,0.2923759356649116,0.7076240643350884
subj02,lateral,3,0,9.990130195875842,6.991129655568459,0.3001963419401121,0.6998036580598879
subj02,lateral,3,1,10.002965149936161,7.292135836993149,0.2710025749675148,0.7289974250324852
subj02,lateral,3,2,10.089352270272014,6.350122244067692,0.37061150468715975,0.6293884953128402
subj02,lateral,3,3,9.15227523083477,5.806239114081772,0.3655960984958064,0.6344039015041937
subj02,lateral,3,4,9.623924893982101,6.719266601842524,0.3018163923905805,0.6981836076094194
subj02,lateral,3,5,9.311738202035677,7.763462669076202,0.16627137698319314,0.8337286230168068
subj02,lateral,3,6,9.816639679216346,7.427608500069434,0.24336547507238507,0.756634524927615
subj02,lateral,3,7,10.095720414545815,6.2045738633237795,0.3854253477162174,0.6145746522837826
subj02,lateral,3,8,9.06327324513428,5.79955674174753,0.3601035095282946,0.6398964904717054
subj02,lateral,3,9,9.341697557467585,6.985870492810494,0.25218404365637864,0.7478159563436214
subj02,lateral,3,10,8.664245008790445,7.463857528859593,0.13854496020287743,0.8614550397971226
subj02,lateral,3,11,9.133274846454999,7.205384308075087,0.2110842573765538,0.7889157426234462
subj02,lateral,3,12,8.966865087091309,6.61922411239372,0.2618129024911115,0.7381870975088886
subj02,lateral,3,13,8.006488873244685,5.955871562198005,0.2561194230718581,0.7438805769281419
subj02,lateral,3,14,8.25534814877703,7.1914822231632884,0.12886990426579953,0.8711300957342005
subj02,lateral,3,15,9.166557067476203,6.577017316760679,0.28249862316391966,0.7175013768360803
subj02,lateral,3,16,9.15431921930404,6.930896518620551,0.24288236486170145,0.7571176351382986
subj02,lateral,3,17,9.26355031214309,5.908472512197095,0.3621805557150161,0.6378194442849839
subj02,lateral,3,18,8.06050729526051,5.577553832877413,0.3080393542777446,0.6919606457222554
subj02,lateral,3,19,8.630326280029957,6.472269493509813,0.25005506356274776,0.7499449364372522
subj02,lateral,3,20,9.071350880915602,5.369514120205611,0.40807998822953173,0.5919200117704683
subj02,lateral,3,21,9.320884527340578,5.366391896259234,0.42426151933132406,0.575738480668676
subj02,lateral,3,22,9.14167623760346,4.581629711722584,0.49881951705131894,0.5011804829486811
subj02,lateral,3,23,7.378705204612358,5.047153411035558,0.31598386558652175,0.6840161344134782
subj02,lateral,3,24,8.217239210064145,5.7173374307002245,0.30422648233267213,0.6957735176673279
subj02,lateral,4,0,9.810444418968704,6.939301415821464,0.2926618693844107,0.7073381306155893
subj02,lateral,4,1,9.613651991354628,7.43317363453282,0.2268106187724155,0.7731893812275845
subj02,lateral,4,2,9.767092358061225,6.240466041777338,0.3610722809816785,0.6389277190183215
subj02,lateral,4,3,9.400725573134723,6.374807110610442,0.3218813738347722,0.6781186261652278
subj02,lateral,4,4,9.521148222751638,6.360588039578216,0.3319515786573913,0.6680484213426087
subj02,lateral,4,5,9.063677983194681,7.912423028105195,0.12701851910715198,0.872981480892848
subj02,lateral,4,6,9.543519922523341,7.5467592582400655,0.20922685555156517,0.7907731444484348
subj02,lateral,4,7,9.870028735201887,6.105736256767449,0.381386172160667,0.6186138278393329
subj02,lateral,4,8,9.173543110488783,6.724275925356116,0.26699249740618114,0.7330075025938189
subj02,lateral,4,9,9.163945312102745,6.891256991802269,0.24800326092070368,0.7519967390792963
subj02,lateral,4,10,8.714078746785564,7.322960142815409,0.1596403526285906,0.8403596473714093
subj02,lateral,4,11,8.952742920358471,7.258440529143223,0.18924953014817583,0.8107504698518242
subj02,lateral,4,12,8.776637176209137,6.517080577053256,0.25745129413357426,0.7425487058664257
subj02,lateral,4,13,8.635994822994867,6.292343779326705,0.27138171012189305,0.728618289878107
subj02,lateral,4,14,8.279586632786602,6.9079648739813795,0.16566307228113214,0.8343369277188678
subj02,lateral,4,15,8.687951087380863,6.617015726393513,0.23836867175683776,0.7616313282431623
subj02,lateral,4,16,8.778015412147159,6.7444412443777,0.23166673471037266,0.7683332652896273
subj02,lateral,4,17,8.483237567029141,6.102528763847412,0.28063681871112106,0.719363181288879
subj02,lateral,4,18,8.159922951272767,6.1068921564848395,0.2515992867883269,0.7484007132116731
subj02,lateral,4,19,8.364219401508842,6.001320260994296,0.2825008559780602,0.7174991440219398
subj02,lateral,4,20,9.028510790330303,5.581559491833394,0.38178514469835445,0.6182148553016455
subj02,lateral,4,21,9.32466978048815,5.384607505801321,0.42254174865595784,0.5774582513440422
subj02,lateral,4,22,9.07642576250942,4.497454228985508,0.5044906060310168,0.49550939396898314
subj02,lateral,4,23,8.472328924551073,5.049805858425066,0.40396484798981735,0.5960351520101826
subj02,lateral,4,24,8.124880761867548,5.776222460134043,0.2890698793705932,0.7109301206294069
subj02,lateral,5,0,9.700723685079307,6.896306092446831,0.289093647409621,0.710906352590379
subj02,lateral,5,1,9.755759847393055,7.224173746138622,0.2594965580185869,0.740503441981413
subj02,lateral,5,2,9.985608953342709,6.168243084570157,0.3822867375048448,0.6177132624951552
subj02,lateral,5,3,9.488306040535205,6.3683726738331154,0.32881879582860757,0.6711812041713924
subj02,lateral,5,4,8.925431083591802,5.701815659717614,0.36117195838309357,0.6388280416169064
subj02,lateral,5,5,9.024407308807692,7.696017145417702,0.14719971272722812,0.8528002872727719
subj02,lateral,5,6,9.582273323556992,7.385736517768563,0.22922919558018437,0.7707708044198156
subj02,lateral,5,7,9.981223098940546,6.094286160941926,0.3894249131062102,0.6105750868937898
subj02,lateral,5,8,9.227603238244857,6.666407574703276,0.27755806111454956,0.7224419388854505
subj02,lateral,5,9,8.847668833043818,5.735704621838519,0.35172702210359585,0.6482729778964041
subj02,lateral,5,10,8.53209325033031,7.242991500883868,0.151088567790388,0.848911432209612
subj02,lateral,5,11,8.936944521388689,7.147658533761652,0.20021227426720167,0.7997877257327983
subj02,lateral,5,12,8.87323004080064,6.528388847310546,0.26426016035965605,0.735739839640344
subj02,lateral,5,13,8.624852489064729,6.307971540264365,0.2686284723985586,0.7313715276014414
subj02,lateral,5,14,7.78749539578925,5.926499867977641,0.23897227969057447,0.7610277203094256
subj02,lateral,5,15,8.511552056504181,6.406909589893263,0.24726894139155692,0.7527310586084431
subj02,lateral,5,16,8.734827218278934,6.549676415662637,0.25016531500972816,0.7498346849902718
subj02,lateral,5,17,8.594251718745024,5.977489229011012,0.30447822281334397,0.695521777186656
subj02,lateral,5,18,8.170935786014983,5.970917984796788,0.2692491850179081,0.7307508149820918
subj02,lateral,5,19,7.435959827272844,5.358400364026655,0.279393583546045,0.720606416453955
subj02,lateral,5,20,8.991139032462304,6.550819849450453,0.2714137968728026,0.7285862031271974
subj02,lateral,5,21,9.07856213584523,6.858133137089538,0.24457936901579247,0.7554206309842075
subj02,lateral,5,22,9.270209659927213,5.823535510878345,0.37180110002775607,0.628198899972244
subj02,lateral,5,23,8.950837149593236,5.7059075018077605,0.3625280622978308,0.6374719377021691
subj02,lateral,5,24,7.98309824465969,5.5258400562722025,0.3078075846093057,0.6921924153906943
subj03,lateral,0,0,8.241503162458056,5.616523062519012,0.31850744314416235,0.6814925568558377
subj03,lateral,0,1,9.672553461238877,5.881093948198362,0.3919812413789335,0.6080187586210666
subj03,lateral,0,2,9.728531907776427,6.407591396006357,0.34136091069563146,0.6586390893043685
subj03,lateral,0,3,9.32581455358204,6.157730598515188,0.3397112323930989,0.660288767606901
subj03,lateral,0,4,8.793094243145315,6.203541011265149,0.29449851898253687,0.7055014810174631
subj03,lateral,0,5,8.180204620909992,5.49560002459472,0.3281830615157189,0.671816938484281
subj03,lateral,0,6,9.403387061736643,6.113225812686134,0.3498910794003701,0.6501089205996299
subj03,lateral,0,7,9.626364693913175,6.37842652542531,0.3374002826364517,0.6625997173635483
subj03,lateral,0,8,9.32608448444227,5.963411186762701,0.3605664631592352,0.6394335368407649
subj03,lateral,0,9,8.830574782725563,5.955924616349994,0.32553375483541364,0.6744662451645864
subj03,lateral,0,10,8.18683288190874,6.388776747374971,0.2196278048507761,0.7803721951492238
subj03,lateral,0,11,9.245580502758271,7.144073972920696,0.22729849458458823,0.7727015054154118
subj03,lateral,0,12,9.28083893315862,7.61187129101991,0.17982939410529097,0.820170605894709
subj03,lateral,0,13,8.810838958266059,7.458590707277151,0.1534755381858694,0.8465244618141307
subj03,lateral,0,14,8.579055040440545,7.111626912026727,0.17104775776545944,0.8289522422345406
subj03,lateral,0,15,7.654948463503591,4.513032922387957,0.41044241592158437,0.5895575840784156
subj03,lateral,0,16,9.102880675032132,4.978063514362346,0.4531331682709579,0.546866831729042
subj03,lateral,0,17,9.542146241553864,4.913959923772037,0.4850257165025552,0.5149742834974448
subj03,lateral,0,18,8.972674046790326,4.886469084173927,0.45540548350556675,0.5445945164944332
subj03,lateral,0,19,8.47960943021885,4.837008146268406,0.42957182331644633,0.5704281766835536
subj03,lateral,0,20,7.504380765157524,5.325031015110342,0.29041033740795735,0.7095896625920426
subj03,lateral,0,21,9.167410578051221,5.4136974493624415,0.409462748147878,0.590537251852122
subj03,lateral,0,22,9.385769075706818,5.728252763979915,0.3896874387410245,0.6103125612589755
subj03,lateral,0,23,8.817989156364076,5.686432162760545,0.35513277892198797,0.644867221078012
subj03,lateral,0,24,8.371478996977809,5.56100235049245,0.3357204440816216,0.6642795559183784
subj03,lateral,1,0,8.285809968619011,7.156164081890433,0.13633499814826863,0.8636650018517313
subj03,lateral,1,1,9.277546417120968,7.395482648532812,0.20286223145323837,0.7971377685467617
subj03,lateral,1,2,9.958196864933313,7.713838887446873,0.22537794822973403,0.774622051770266
subj03,lateral,1,3,9.691721716241423,7.428643704605583,0.23350629309169757,0.7664937069083024
subj03,lateral,1,4,9.009352291581616,7.451990415304881,0.17286058152392839,0.8271394184760716
subj03,lateral,1,5,8.550653107464472,5.869442629430384,0.3135679163143069,0.6864320836856931
subj03,lateral,1,6,9.50594355772616,6.172662500515483,0.35065230894427957,0.6493476910557204
subj03,lateral,1,7,10.326293586022734,6.303598186661538,0.38955849607124854,0.6104415039287514
subj03,lateral,1,8,10.000711130266291,6.066192227861828,0.39342391267526766,0.6065760873247323
subj03,lateral,1,9,9.355384781572289,6.0725661456842035,0.35090150886732063,0.6490984911326794
subj03,lateral,1,10,8.227879605730818,6.714226517530652,0.1839663632348106,0.8160336367651894
subj03,lateral,1,11,9.122624428942599,7.103327669983396,0.22135042110828834,0.7786495788917116
subj03,lateral,1,12,9.923639722908305,7.287240847143702,0.26566853990865746,0.7343314600913425
subj03,lateral,1,13,9.432599348828647,7.2838036747037025,0.2278052522597374,0.7721947477402625
subj03,lateral,1,14,8.804505285366613,7.2176717766660845,0.18022971845310826,0.8197702815468917
subj03,lateral,1,15,8.125145875565034,4.935775516191132,0.3925308429188182,0.6074691570811819
subj03,lateral,1,16,9.287104370643707,5.003025862195097,0.46129324464043603,0.5387067553595639
subj03,lateral,1,17,10.29897374348697,4.807772795761018,0.5331794297658605,0.46682057023413953
subj03,lateral,1,18,9.805360710897684,4.845994499239984,0.5057811087098364,0.4942188912901636
subj03,lateral,1,19,9.171208082457687,4.8066699922424405,0.4758956563817974,0.5241043436182026
subj03,lateral,1,20,8.168079469197766,5.513530963957562,0.32499053360715185,0.6750094663928481
subj03,lateral,1,21,9.408841687383262,5.430556502881339,0.42282411764208805,0.577175882357912
subj03,lateral,1,22,10.207661866970641,5.632392839148621,0.44821910124456704,0.551780898755433
subj03,lateral,1,23,9.740002599643695,5.612288408182506,0.42378984494441385,0.5762101550555861
subj03,lateral,1,24,9.139664282010363,5.515282529337058,0.3965552388841229,0.6034447611158771
subj03,lateral,2,0,8.955346255037872,7.173387147741968,0.19898271452021798,0.801017285479782
subj03,lateral,2,1,8.779405176325561,6.766009834971351,0.22933163476536061,0.7706683652346394
subj03,lateral,2,2,10.201104916471495,7.717886145638253,0.24342645146445313,0.7565735485355469
subj03,lateral,2,3,10.085868111258547,7.2756757911631755,0.2786267170159046,0.7213732829840954
subj03,lateral,2,4,9.309807717800522,7.274566881972855,0.21861255329003731,0.7813874467099626
subj03,lateral,2,5,9.720026261734874,5.950636461595738,0.3877962567836065,0.6122037432163935
subj03,lateral,2,6,9.462155917498832,5.617626263631347,0.4063058870925606,0.5936941129074395
subj03,lateral,2,7,10.954443918370824,6.470065039938931,0.4093661816015598,0.5906338183984402
subj03,lateral,2,8,10.732314760805165,6.140919211217587,0.4278103700755717,0.5721896299244283
subj03,lateral,2,9,9.956166660309755,6.220921443221151,0.37516901278673387,0.6248309872132661
subj03,lateral,2,10,9.225349038003808,6.506243552735851,0.2947428302242665,0.7052571697757335
subj03,lateral,2,11,8.655985398021663,6.611605058362225,0.23618112157706314,0.7638188784229368
subj03,lateral,2,12,10.263071119425584,7.353926814499201,0.2834574827626456,0.7165425172373544
subj03,lateral,2,13,9.91596939908062,7.219162345717181,0.2719660524177776,0.7280339475822224
subj03,lateral,2,14,9.274426636245103,7.025625520416377,0.24247333059277806,0.7575266694072219
subj03,lateral,2,15,8.830068650128249,4.958859392736294,0.43841213593913897,0.561587864060861
subj03,lateral,2,16,8.53419607350778,4.5748257715285305,0.46394180165019855,0.5360581983498014
subj03,lateral,2,17,10.520538758785703,4.88377532475417,0.5357865755044409,0.46421342449555913
subj03,lateral,2,18,10.093105150200243,4.8676597381819295,0.517724261687162,0.482275738312838
subj03,lateral,2,19,9.315086991587627,4.870902023831477,0.47709537997548,0.52290462002452
subj03,lateral,2,20,8.603992616825643,5.570256023848588,0.3525963733446719,0.647403626655328
subj03,lateral,2,21,8.119792505032834,5.506954277532627,0.3217863296236585,0.6782136703763415
subj03,lateral,2,22,10.230470287018791,5.689157862365975,0.4439006514114198,0.5560993485885802
subj03,lateral,2,23,9.774940858517835,5.701881828914005,0.41668375170317135,0.5833162482968287
subj03,lateral,2,24,9.01993202820256,5.624357800844581,0.37645230770487625,0.6235476922951237
subj03,lateral,3,0,8.30088938282779,7.103037849881187,0.14430399896963111,0.8556960010303689
subj03,lateral,3,1,8.252237894369443,6.705688107957234,0.18740974341850117,0.8125902565814989
subj03,lateral,3,2,9.12218120781859,7.564228114629622,0.1707873432566382,0.8292126567433618
subj03,lateral,3,3,9.26099271456601,7.549553657442047,0.18480082102128773,0.8151991789787123
subj03,lateral,3,4,8.628687375615415,7.647367931840417,0.11372754638766924,0.8862724536123308
subj03,lateral,3,5,8.393259714205296,6.074369362570326,0.2762800664574135,0.7237199335425865
subj03,lateral,3,6,8.141960734154322,5.895847624404995,0.27586882117070577,0.7241311788292942
subj03,lateral,3,7,9.593265576623974,6.032234500998783,0.37120113554475115,0.6287988644552488
subj03,lateral,3,8,9.478177235496958,6.396308569682622,0.32515415034362855,0.6748458496563715
subj03,lateral,3,9,8.845030967372336,6.533664349927773,0.2613180921548791,0.7386819078451209
subj03,lateral,3,10,8.295294793484581,5.923138430610278,0.2859640822816181,0.7140359177183818
subj03,lateral,3,11,7.9947275902030706,5.804100908935751,0.2740089210734042,0.7259910789265959
subj03,lateral,3,12,9.274906519422188,6.240626519077114,0.3271493889443648,0.6728506110556353
subj03,lateral,3,13,9.478549053715604,6.120165656119555,0.35431408104382367,0.6456859189561763
subj03,lateral,3,14,8.86879609976549,6.230450319842648,0.2974863499221282,0.7025136500778718
subj03,lateral,3,15,7.782612492674271,4.9386856983198655,0.3654205830023501,0.6345794169976499
subj03,lateral,3,16,7.566016248182036,4.628481802258969,0.38825378502575886,0.6117462149742412
subj03,lateral,3,17,9.014490255789273,4.977194468959705,0.4478673416099975,0.5521326583900025
subj03,lateral,3,18,9.187045694016929,4.895068977758868,0.46717702939620886,0.5328229706037911
subj03,lateral,3,19,8.65226951305177,4.865848002115545,0.43762177140049635,0.5623782285995037
subj03,lateral,3,20,7.745874506142009,5.527109836058776,0.2864446962475169,0.7135553037524831
subj03,lateral,3,21,7.36098417988133,5.483721266801714,0.2550287933250089,0.7449712066749912
subj03,lateral,3,22,9.071914816219167,5.414951734564723,0.40310818120959035,0.5968918187904096
subj03,lateral,3,23,9.030629013797137,5.692019840353441,0.3696984084212646,0.6303015915787354
subj03,lateral,3,24,8.49065984338136,5.659927675952028,0.3333936607572313,0.6666063392427687
subj03,lateral,4,0,8.320778723067988,7.1089771524158545,0.1456355962564674,0.8543644037435326
subj03,lateral,4,1,8.15997185462339,6.362467175577666,0.22028319595578857,0.7797168040442114
subj03,lateral,4,2,9.448027781960581,7.3887711644622796,0.21795624071196168,0.7820437592880384
subj03,lateral,4,3,9.576268191383567,7.646917091514208,0.20147212476832368,0.7985278752316763
subj03,lateral,4,4,8.644748272179259,7.16445417962253,0.1712362287425589,0.8287637712574412
subj03,lateral,4,5,8.691288603887466,5.990176308873218,0.3107838685515617,0.6892161314484383
subj03,lateral,4,6,8.220858538405784,5.5795527791829675,0.32129317721297596,0.678706822787024
subj03,lateral,4,7,10.014729926757761,5.933982463675581,0.40747453929626937,0.5925254607037306
subj03,lateral,4,8,10.048802834103757,6.391369976360599,0.36396702354737376,0.6360329764526262
subj03,lateral,4,9,8.90285758203595,6.200644994745354,0.3035219380284234,0.6964780619715766
subj03,lateral,4,10,8.564347142543726,5.844969207062454,0.31752308614075864,0.6824769138592414
subj03,lateral,4,11,7.973673147892273,5.58797441447296,0.2991969559286411,0.700803044071359
subj03,lateral,4,12,9.676544329423095,6.161367577727494,0.3632677774241305,0.6367322225758695
subj03,lateral,4,13,9.958605890191322,6.224565406461494,0.3749561459609173,0.6250438540390827
subj03,lateral,4,14,8.860999067300869,5.93991281150016,0.3296565357489079,0.670343464251092
subj03,lateral,4,15,8.326303301205877,6.459930901548974,0.22415378495599617,0.7758462150440039
subj03,lateral,4,16,7.634181169057116,6.330128459296106,0.17081762678708748,0.8291823732129125
subj03,lateral,4,17,9.430830633778532,6.79733190679257,0.27924356074782264,0.7207564392521774
subj03,lateral,4,18,9.55979327993798,7.076420361120241,0.2597726588951775,0.7402273411048226
subj03,lateral,4,19,8.40677737677441,6.831712063841584,0.18735661030876044,0.8126433896912395
subj03,lateral,4,20,8.098772448752209,5.445069953695937,0.3276672498021762,0.6723327501978238
subj03,lateral,4,21,7.354503072039099,5.333235514900418,0.2748340081362245,0.7251659918637755
subj03,lateral,4,22,9.520258299921164,5.356289523331333,0.4373798110734361,0.562620188926564
subj03,lateral,4,23,9.721602183020714,5.580026141369077,0.4260178480544201,0.5739821519455799
subj03,lateral,4,24,8.43967704831581,5.504445018970301,0.3477896147615331,0.6522103852384669
subj03,lateral,5,0,8.241316904173942,6.999549356281074,0.15067586434686864,0.8493241356531314
subj03,lateral,5,1,8.191595614693988,6.5022544463872975,0.20622858448680864,0.7937714155131914
subj03,lateral,5,2,9.171997539951034,7.416788206486948,0.191366092916926,0.808633907083074
subj03,lateral,5,3,9.514517512065412,7.66665177003699,0.19421539134119345,0.8057846086588065
subj03,lateral,5,4,9.228228315781177,7.185437785586385,0.22136324116530795,0.7786367588346921
subj03,lateral,5,5,8.531525089236316,5.938481693231747,0.303936678247134,0.696063321752866
subj03,lateral,5,6,8.30659959412228,5.614396178240727,0.3241041518103926,0.6758958481896074
subj03,lateral,5,7,9.765034460168796,5.909135116710985,0.39486797094120635,0.6051320290587936
subj03,lateral,5,8,9.978036827497856,6.3938926783757175,0.359203339402879,0.6407966605971209
subj03,lateral,5,9,9.505185385693792,6.130387790783758,0.3550480561893538,0.6449519438106462
subj03,lateral,5,10,8.337331411669913,5.872972780160284,0.2955812249540929,0.7044187750459071
subj03,lateral,5,11,7.989861964322857,5.712579647566199,0.2850214843417083,0.7149785156582917
subj03,lateral,5,12,9.341249061390993,6.242216031530553,0.3317578847853744,0.6682421152146256
subj03,lateral,5,13,9.822025759562566,6.318331398983723,0.3567180993358424,0.6432819006641576
subj03,lateral,5,14,9.371145241319471,6.005186068998777,0.35918333198800817,0.6408166680119918
subj03,lateral,5,15,8.193473070959016,6.384528734837107,0.220778700369876,0.779221299630124
subj03,lateral,5,16,7.65121126054331,6.46704959554399,0.1547678693837598,0.8452321306162401
subj03,lateral,5,17,9.094937530117903,6.884664851716301,0.2430223045603425,0.7569776954396575
subj03,lateral,5,18,9.479514435887666,7.101028906761426,0.2509079494748949,0.7490920505251051
subj03,lateral,5,19,8.85504468051129,7.025746248571754,0.20658263147622105,0.793417368523779
subj03,lateral,5,20,7.845179591549917,4.920976980627871,0.3727387724905265,0.6272612275094734
subj03,lateral,5,21,7.568796832472787,4.57654103778059,0.39534101138167327,0.6046589886183267
subj03,lateral,5,22,9.126592887973004,4.968847974274824,0.4555637536081229,0.5444362463918772
subj03,lateral,5,23,9.746788328131242,4.811815862906446,0.506317804294718,0.493682195705282
subj03,lateral,5,24,9.07696749220314,4.821746252729215,0.4687932663776796,0.5312067336223204
subj04,lateral,0,0,9.423402493661463,6.28365023053586,0.33318668763618225,0.6668133123638178
subj04,lateral,0,1,9.975178262858046,6.541065603403117,0.34426579344868785,0.6557342065513122
subj04,lateral,0,2,9.99910038486793,6.267695421355294,0.3731740676550795,0.6268259323449205
subj04,lateral,0,3,10.265501787563071,7.114075002551785,0.306991986385831,0.693008013614169
subj04,lateral,0,4,9.710334163347877,6.6548352736929015,0.3146646488426838,0.6853353511573163
subj04,lateral,0,5,9.692322223657628,6.039818490091705,0.3768450583133382,0.6231549416866617
subj04,lateral,0,6,10.105289166088232,6.50450568273728,0.356326615119003,0.643673384880997
subj04,lateral,0,7,10.337716021511126,5.876511257824576,0.4315464609787597,0.5684535390212403
subj04,lateral,0,8,9.870499739553638,7.7909927279562465,0.21067899969281909,0.7893210003071809
subj04,lateral,0,9,10.160733658619323,6.121491346532422,0.3975345135299775,0.6024654864700225
subj04,lateral,0,10,8.93990974782726,5.887553274301853,0.3414303454536827,0.6585696545463172
subj04,lateral,0,11,9.621826609205083,6.000888966310985,0.3763253891345321,0.6236746108654679
subj04,lateral,0,12,9.541491378683718,5.875921353441452,0.38417160166715403,0.615828398332846
subj04,lateral,0,13,10.297356766218929,6.02125641385408,0.41526194046154075,0.5847380595384593
subj04,lateral,0,14,9.305252303987846,6.187907297526196,0.33500918670691876,0.6649908132930813
subj04,lateral,0,15,9.693927871530338,6.1688778264616815,0.36363485387808775,0.6363651461219123
subj04,lateral,0,16,9.876930020946592,6.962649668346663,0.2950593298139646,0.7049406701860355
subj04,lateral,0,17,10.18281551494785,6.270470399345359,0.3842105466665255,0.6157894533334746
subj04,lateral,0,18,10.413288652879476,7.162159308699382,0.31220966330181327,0.6877903366981868
subj04,lateral,0,19,9.563178183175705,7.132009643830082,0.254221817556712,0.745778182443288
subj04,lateral,0,20,9.267790330685765,6.069848425164386,0.34505980297514444,0.6549401970248555
subj04,lateral,0,21,9.86488934032493,6.278845566481728,0.3635158642058407,0.6364841357941593
subj04,lateral,0,22,10.098866785207703,5.632861333011615,0.44222837543888205,0.557771624561118
subj04,lateral,0,23,9.996118631929447,7.107631471140747,0.28896087242925855,0.7110391275707415
subj04,lateral,0,24,9.600561827671454,6.391936906579304,0.33421220327377216,0.6657877967262278
subj04,lateral,1,0,12.284298956097773,6.8073257906041595,0.4458515040270094,0.5541484959729907
subj04,lateral,1,1,12.04364292838223,7.554323961165327,0.3727542400511814,0.6272457599488186
subj04,lateral,1,2,12.675216300118615,6.5693910560975946,0.4817136922518539,0.5182863077481461
subj04,lateral,1,3,11.446091714689466,8.448199491626628,0.26191404872419993,0.7380859512758001
subj04,lateral,1,4,12.00535528577738,7.312046269676259,0.39093462079054303,0.6090653792094569
subj04,lateral,1,5,10.766557881823143,5.491185211981464,0.48997764445663106,0.5100223555433689
subj04,lateral,1,6,10.48425737803996,6.405130062718878,0.38907164983045067,0.6109283501695494
subj04,lateral,1,7,10.857115738467346,5.896545033913915,0.4568958113781418,0.5431041886218582
subj04,lateral,1,8,9.721107432363485,7.530827236935739,0.22531179813277974,0.7746882018672202
subj04,lateral,1,9,10.451512832043415,6.098250085228037,0.4165198681542694,0.5834801318457307
subj04,lateral,1,10,9.846851396807123,5.423707380788618,0.44919374100158815,0.5508062589984118
subj04,lateral,1,11,9.928606579052119,5.716057716295806,0.4242839948602821,0.5757160051397179
subj04,lateral,1,12,10.142234514951975,5.485114863652224,0.4591808288828355,0.5408191711171645
subj04,lateral,1,13,9.815713878567893,5.930451093003537,0.3958207048035118,0.6041792951964882
subj04,lateral,1,14,9.655760113805455,5.787423583364795,0.40062475505267087,0.5993752449473292
subj04,lateral,1,15,10.70868663878155,6.396969158130771,0.40263737525345805,0.597362624746542
subj04,lateral,1,16,10.557125106051792,7.0012680042449675,0.3368205895152703,0.6631794104847297
subj04,lateral,1,17,11.085576318788348,6.267495788473423,0.43462607552022525,0.5653739244797747
subj04,lateral,1,18,10.719858968625973,6.769284493922377,0.36852858664146815,0.6314714133585319
subj04,lateral,1,19,10.216504696203721,7.181302573737036,0.297088115037476,0.702911884962524
subj04,lateral,1,20,10.739766784833142,5.847173659124288,0.45555860045473673,0.5444413995452633
subj04,lateral,1,21,10.669874856249592,6.368615326657231,0.4031218348426096,0.5968781651573903
subj04,lateral,1,22,11.119822621507595,5.697007732072022,0.4876709884694512,0.5123290115305488
subj04,lateral,1,23,10.362024436571035,6.8776365778994695,0.3362651651711996,0.6637348348288004
subj04,lateral,1,24,10.350342262240291,6.53860354911235,0.3682717553248239,0.6317282446751761
subj04,lateral,2,0,11.352993087880915,6.670168439034365,0.41247489649627006,0.5875251035037299
subj04,lateral,2,1,10.960931019390307,7.114683190839429,0.3509052124994417,0.6490947875005583
subj04,lateral,2,2,11.838175912613574,6.551658329535521,0.44656521596754356,0.5534347840324565
subj04,lateral,2,3,10.457955892359905,8.456183259565282,0.1914114625647852,0.8085885374352147
subj04,lateral,2,4,11.199523960611387,7.339581797028106,0.3446523421137058,0.6553476578862942
subj04,lateral,2,5,9.382234554234254,6.522641078204633,0.30478810346295065,0.6952118965370493
subj04,lateral,2,6,9.438467691539572,6.234230197931188,0.33948704369466554,0.6605129563053345
subj04,lateral,2,7,10.033226298774979,6.292104469071879,0.37287326312572827,0.6271267368742717
subj04,lateral,2,8,9.285394759608185,7.2004787154276055,0.22453714657884466,0.7754628534211554
subj04,lateral,2,9,9.593948756397332,6.666672180809907,0.30511697007298383,0.6948830299270162
subj04,lateral,2,10,9.064781543890994,5.513211821753301,0.3917987107511922,0.6082012892488078
subj04,lateral,2,11,8.890520160956104,5.55909587585103,0.3747164648178252,0.6252835351821747
subj04,lateral,2,12,9.571910255894013,5.534377998428781,0.42181050067608766,0.5781894993239123
subj04,lateral,2,13,9.137700967224855,6.046690646204786,0.3382700235110471,0.6617299764889529
subj04,lateral,2,14,9.14892743635037,5.897465102516125,0.3553927338974826,0.6446072661025174
subj04,lateral,2,15,9.724953629460174,6.457930964503319,0.3359422357614064,0.6640577642385935
subj04,lateral,2,16,9.756485024358986,6.202396477667644,0.3642796086723712,0.6357203913276288
subj04,lateral,2,17,10.193945692493449,6.484450894434324,0.36389195214083775,0.6361080478591623
subj04,lateral,2,18,9.632729920062257,7.140335246465264,0.2587422977993018,0.7412577022006982
subj04,lateral,2,19,9.470602760363374,7.2459973525976356,0.2348958629197518,0.7651041370802482
subj04,lateral,2,20,9.626381230795849,5.991930188176356,0.37755112284484277,0.6224488771551572
subj04,lateral,2,21,9.329135874695812,6.2383325874263145,0.3313064927752783,0.6686935072247218
subj04,lateral,2,22,10.293300719319037,5.683611530414299,0.4478339178659201,0.5521660821340799
subj04,lateral,2,23,9.392208791363636,6.917451460427081,0.2634904510653718,0.7365095489346282
subj04,lateral,2,24,9.5070402969768,6.641071194714745,0.30145755279626,0.6985424472037399
subj04,lateral,3,0,11.515828537653165,6.721683490765666,0.4163091723024654,0.5836908276975347
subj04,lateral,3,1,11.182983875284023,7.160983887485135,0.35965356229191003,0.64034643770809
subj04,lateral,3,2,11.410588871745082,7.520185305542364,0.3409467828462509,0.6590532171537491
subj04,lateral,3,3,10.71769771091593,8.536956035639463,0.20347109370843616,0.7965289062915638
subj04,lateral,3,4,11.479506032032647,7.242071853113664,0.3691303586665454,0.6308696413334546
subj04,lateral,3,5,9.666326673551657,6.593245286860528,0.31791615268905454,0.6820838473109455
subj04,lateral,3,6,9.779566111108327,6.309700799880433,0.35480769512735066,0.6451923048726493
subj04,lateral,3,7,9.995575813075371,6.779130365217702,0.32178690932944415,0.6782130906705559
subj04,lateral,3,8,9.844929081862837,7.066785185922305,0.2821903411227882,0.7178096588772118
subj04,lateral,3,9,9.871351660147004,6.774695475127586,0.31370133408592427,0.6862986659140757
subj04,lateral,3,10,10.305386193365239,5.491404203293829,0.4671326139306379,0.5328673860693621
subj04,lateral,3,11,9.933329400929255,6.019049299018568,0.39405519981492904,0.605944800185071
subj04,lateral,3,12,10.101386691582519,6.578592645581945,0.3487436085320956,0.6512563914679044
subj04,lateral,3,13,9.418635974913755,7.5894089235441315,0.1942135842431657,0.8057864157568343
subj04,lateral,3,14,10.176804870334676,6.262625244732823,0.384617733706545,0.6153822662934549
subj04,lateral,3,15,10.055095405661099,6.4746236619222035,0.3560853079248817,0.6439146920751183
subj04,lateral,3,16,10.140638692617781,6.223875385905347,0.3862442421465793,0.6137557578534207
subj04,lateral,3,17,10.006019262130192,7.201712523933366,0.2802619767893405,0.7197380232106595
subj04,lateral,3,18,10.337920908172228,6.790170336243424,0.3431783434446932,0.6568216565553068
subj04,lateral,3,19,9.806742227449734,7.2996458593071845,0.25565027712516164,0.7443497228748384
subj04,lateral,3,20,9.835642593137115,6.003044799935398,0.38966419905049593,0.610335800949504
subj04,lateral,3,21,9.623143543043978,6.2221381512275045,0.3534193765897701,0.6465806234102299
subj04,lateral,3,22,9.922441629706434,6.5788261693148895,0.33697506976319386,0.6630249302368062
subj04,lateral,3,23,9.720009714983936,6.94630476936746,0.2853603058997622,0.7146396941002379
subj04,lateral,3,24,9.71382358902314,6.696967297051587,0.3105735104537697,0.6894264895462303
subj04,lateral,4,0,11.527954969405048,6.768145686261794,0.41289277202901026,0.5871072279709898
subj04,lateral,4,1,10.926480123647123,7.426993284521624,0.32027577037841287,0.6797242296215872
subj04,lateral,4,2,11.312546730638225,7.770165628219017,0.31313736745283316,0.6868626325471668
subj04,lateral,4,3,11.830939537167929,6.881466143408937,0.4183499863396131,0.5816500136603868
subj04,lateral,4,4,11.269071896879803,7.448954364882262,0.338991317737112,0.661008682262888
subj04,lateral,4,5,9.714748772212705,6.538668343448302,0.32693387170741983,0.6730661282925802
subj04,lateral,4,6,9.492743358030998,6.547137258762018,0.3103008253959541,0.689699174604046
subj04,lateral,4,7,10.067533220241684,6.739654878989463,0.3305554864781793,0.6694445135218208
subj04,lateral,4,8,10.233796158993023,6.405006510294345,0.37413190464362545,0.6258680953563746
subj04,lateral,4,9,9.744818181439367,6.77837788586325,0.30441207217454275,0.6955879278254573
subj04,lateral,4,10,10.35260261613621,5.43500386496488,0.47501086765432826,0.5249891323456718
subj04,lateral,4,11,9.757100597569893,6.1123883386451325,0.37354460195198913,0.6264553980480109
subj04,lateral,4,12,10.218027462571385,6.477284024163646,0.3660925214881321,0.6339074785118679
subj04,lateral,4,13,10.507539016060313,5.910282275297503,0.43751983539971684,0.5624801646002832
subj04,lateral,4,14,10.11563444855473,6.177940464513744,0.3892681179877534,0.6107318820122466
subj04,lateral,4,15,9.41045982810058,5.504382458543958,0.41507826832145667,0.5849217316785433
subj04,lateral,4,16,9.01427754783709,5.783116465234953,0.3584492562443265,0.6415507437556734
subj04,lateral,4,17,9.69047908277064,5.881941957240064,0.39301845584724826,0.6069815441527517
subj04,lateral,4,18,9.7875561782546,5.628755572206303,0.4249069461576189,0.5750930538423811
subj04,lateral,4,19,9.313460768707353,5.990975686482149,0.35674011677684264,0.6432598832231573
subj04,lateral,4,20,10.05395206534321,5.885073679103777,0.4146507123909906,0.5853492876090094
subj04,lateral,4,21,9.608283883506678,6.2644696893141045,0.3480136759835411,0.6519863240164588
subj04,lateral,4,22,10.242732344406338,6.360041200911077,0.3790679100987774,0.6209320899012226
subj04,lateral,4,23,10.575796826693846,5.700239523836124,0.4610108706467932,0.5389891293532069
subj04,lateral,4,24,9.810859794078487,6.575745979102537,0.3297482466244761,0.6702517533755239
subj04,lateral,5,0,11.399251974183555,6.694034796286799,0.4127654330786697,0.5872345669213304
subj04,lateral,5,1,10.948228098267998,7.175476187570576,0.3445993156914834,0.6554006843085166
subj04,lateral,5,2,11.416162618106473,7.883185766316309,0.309471489674361,0.690528510325639
subj04,lateral,5,3,11.732228609445734,6.581255530666334,0.4390447246000901,0.5609552753999099
subj04,lateral,5,4,10.647774834375591,9.215427558823137,0.13452080813431755,0.8654791918656825
subj04,lateral,5,5,9.492156715280325,6.534673232353942,0.3115712868673431,0.688428713132657
subj04,lateral,5,6,9.470960246762012,6.300953495353647,0.33470806220437316,0.6652919377956268
subj04,lateral,5,7,10.38821701944569,6.527501807158766,0.37164368101475515,0.6283563189852448
subj04,lateral,5,8,9.937116873657446,6.345216046735845,0.3614630755167489,0.6385369244832511
subj04,lateral,5,9,10.33054724954991,7.044782003479899,0.3180630383558014,0.6819369616441986
subj04,lateral,5,10,10.104774731843817,5.474340777041872,0.45824217537574236,0.5417578246242576
subj04,lateral,5,11,9.60559784508909,6.033695297923458,0.3718563492632356,0.6281436507367644
subj04,lateral,5,12,10.274300207476424,6.6508626429674615,0.3526700107392474,0.6473299892607526
subj04,lateral,5,13,10.188051372199425,5.872269888323861,0.4236120653702457,0.5763879346297544
subj04,lateral,5,14,9.835467869318492,7.6736313246564825,0.21980007188125816,0.7801999281187418
subj04,lateral,5,15,9.185015068367713,5.69863983299885,0.37957207575800234,0.6204279242419977
subj04,lateral,5,16,8.97164243157574,5.739925035887141,0.3602146898225183,0.6397853101774817
subj04,lateral,5,17,10.048119653419471,5.79608734470298,0.42316696609693377,0.5768330339030663
subj04,lateral,5,18,9.439991305043579,5.825000171028475,0.38294432878171125,0.6170556712182887
subj04,lateral,5,19,10.229860578240293,5.9778856540420096,0.4156434871891181,0.5843565128108819
subj04,lateral,5,20,9.86179941100652,6.497581210467553,0.34113634442658036,0.6588636555734196
subj04,lateral,5,21,9.830908477719571,6.2789328151782415,0.3613069606528638,0.6386930393471363
subj04,lateral,5,22,10.351957711561838,7.073256680770357,0.3167227998941285,0.6832772001058715
subj04,lateral,5,23,10.220367186864348,6.42049911257786,0.3717936943762882,0.6282063056237118
subj04,lateral,5,24,10.624432869268407,7.0810480867320456,0.33351284027458467,0.6664871597254153
subj05,lateral,0,0,8.355112336659337,5.542295492308171,0.3366581717889657,0.6633418282110343
subj05,lateral,0,1,7.7648367492012165,5.2437312947032275,0.32468235146828295,0.675317648531717
subj05,lateral,0,2,8.04438366607557,4.972161138545753,0.3819090007461804,0.6180909992538196
subj05,lateral,0,3,8.183919534024868,4.963895539906766,0.39345743573489017,0.6065425642651099
subj05,lateral,0,4,8.954631674535927,4.960376831300705,0.4460546216092382,0.5539453783907617
subj05,lateral,0,5,8.396463239713503,5.761521514678679,0.31381566855102805,0.686184331448972
subj05,lateral,0,6,8.12619859601399,4.992503142577369,0.3856287065115221,0.614371293488478
subj05,lateral,0,7,8.049221327927176,5.274022619067845,0.34477853146249565,0.6552214685375044
subj05,lateral,0,8,8.466776953918124,4.806378002280932,0.43232495335114374,0.5676750466488563
subj05,lateral,0,9,8.982407482354521,5.222825497157395,0.41854948047977475,0.5814505195202252
subj05,lateral,0,10,7.560881851387317,4.977314097274928,0.34170190791148786,0.6582980920885121
subj05,lateral,0,11,6.157610313437602,5.593647412195007,0.0915879493075216,0.9084120506924784
subj05,lateral,0,12,7.119413898355342,4.4904442107553395,0.36926771292329574,0.6307322870767043
subj05,lateral,0,13,6.782932496356324,5.198487581180397,0.23359290631700425,0.7664070936829958
subj05,lateral,0,14,7.9515511978059665,4.793667572442913,0.39714057632357236,0.6028594236764276
subj05,lateral,0,15,8.635771736569213,4.940568092010688,0.4278950112716321,0.5721049887283679
subj05,lateral,0,16,7.542149047899224,5.419060845546375,0.28149645265154366,0.7185035473484563
subj05,lateral,0,17,7.914495293689205,5.025543182236591,0.36502038402324694,0.6349796159767531
subj05,lateral,0,18,8.144708420295329,4.872509383729882,0.4017576649412818,0.5982423350587183
subj05,lateral,0,19,8.795672146284323,5.087999931785599,0.4215336989413603,0.5784663010586397
subj05,lateral,0,20,7.4921660778077515,5.312970108433062,0.29086327595294503,0.709136724047055
subj05,lateral,0,21,6.347125668661383,5.598094837292002,0.1180110290028893,0.8819889709971107
subj05,lateral,0,22,6.894453246242767,5.073092924278096,0.26417763046797776,0.7358223695320223
subj05,lateral,0,23,6.986678239913548,5.161238947260487,0.2612742751232879,0.7387257248767121
subj05,lateral,0,24,8.098522344457699,4.799996354136755,0.40729973321346974,0.5927002667865303
subj05,lateral,1,0,7.61993096663977,5.127608685325798,0.3270793780449475,0.6729206219550524
subj05,lateral,1,1,7.497040628186534,5.292884216313661,0.29400353035115384,0.7059964696488462
subj05,lateral,1,2,7.9554363524982525,4.777372736205951,0.39948325591144873,0.6005167440885513
subj05,lateral,1,3,7.905519883230842,4.819556333555553,0.39035554843410397,0.6096444515658961
subj05,lateral,1,4,8.639211009132644,4.838310869963257,0.43995917395134776,0.5600408260486522
subj05,lateral,1,5,7.637373310718674,5.300376153016996,0.30599488366266164,0.6940051163373383
subj05,lateral,1,6,7.796063650610807,5.050680424276676,0.3521499245480167,0.6478500754519833
subj05,lateral,1,7,7.877058345716325,5.111941834766935,0.35103415381620295,0.648965846183797
subj05,lateral,1,8,8.056795382379,4.783425104202528,0.40628688241675515,0.5937131175832449
subj05,lateral,1,9,8.518622070297047,5.24843182700664,0.38388723156213156,0.6161127684378684
subj05,lateral,1,10,6.9072720601132875,5.251846415193786,0.23966417284747157,0.7603358271525285
subj05,lateral,1,11,6.415549780252943,5.8307411055627805,0.09115488067604165,0.9088451193239584
subj05,lateral,1,12,7.518945045635238,4.529271744445585,0.39761871952038863,0.6023812804796114
subj05,lateral,1,13,6.825984891643048,5.483418409218443,0.19668465485007006,0.80331534514993
subj05,lateral,1,14,7.973619511542503,5.040157749008776,0.36789587944186297,0.632104120558137
subj05,lateral,1,15,7.85252100240853,4.9508711267299885,0.3695182572308365,0.6304817427691635
subj05,lateral,1,16,7.427216172994841,5.556455135080025,0.2518791690373646,0.7481208309626354
subj05,lateral,1,17,7.900170481526737,5.051441024369158,0.36059088393331123,0.6394091160666888
subj05,lateral,1,18,7.978618387385805,4.88717799404874,0.38746562916514876,0.6125343708348513
subj05,lateral,1,19,8.584133878466846,5.1161857601002465,0.4039951109180494,0.5960048890819506
subj05,lateral,1,20,6.504769077595322,4.943549170280561,0.24001158053283442,0.7599884194671656
subj05,lateral,1,21,6.184481493202609,5.32610650981126,0.1387949797141107,0.8612050202858893
subj05,lateral,1,22,6.830363890469463,4.67475853159317,0.31559158391019987,0.6844084160898002
subj05,lateral,1,23,6.59835111877231,4.958034971186415,0.24859485620872693,0.7514051437912731
subj05,lateral,1,24,7.678641847591947,4.634507384476873,0.396441782744396,0.603558217255604
subj05,lateral,2,0,7.643033377792456,5.307428552185735,0.30558610831048283,0.6944138916895172
subj05,lateral,2,1,8.270597684540125,5.299184842793397,0.3592742574458751,0.6407257425541248
subj05,lateral,2,2,7.897017649352573,4.9686883468795076,0.3708145824788857,0.6291854175211143
subj05,lateral,2,3,7.89097567857844,4.892220824180042,0.3800233300096325,0.6199766699903675
subj05,lateral,2,4,8.524131075970606,4.877775196802197,0.42776863080477845,0.5722313691952216
subj05,lateral,2,5,7.508967657818686,5.858715524938186,0.21977084042467282,0.7802291595753272
subj05,lateral,2,6,8.149406116831265,5.847709965300754,0.28243728666028,0.71756271333972
subj05,lateral,2,7,8.19803382397341,4.895648976520171,0.40282644819006663,0.5971735518099334
subj05,lateral,2,8,8.09709281573115,4.976223017872606,0.3854309032737371,0.6145690967262629
subj05,lateral,2,9,8.710481331327621,4.970452925556417,0.429371037432803,0.570628962567197
subj05,lateral,2,10,7.017038231338999,5.141195205693749,0.2673268926008544,0.7326731073991456
subj05,lateral,2,11,7.629389215174907,5.230919889799517,0.3143723904666993,0.6856276095333007
subj05,lateral,2,12,7.519173146066789,4.427046811881023,0.41123222914519925,0.5887677708548008
subj05,lateral,2,13,6.931114395581853,5.219859348711507,0.24689464770068753,0.7531053522993124
subj05,lateral,2,14,7.880078098390094,4.84188261595166,0.38555398112858036,0.6144460188714196
subj05,lateral,2,15,7.944067391688817,5.149651996659362,0.3517612901865621,0.6482387098134379
subj05,lateral,2,16,8.55934796322756,5.124848667208557,0.40125711803915515,0.5987428819608448
subj05,lateral,2,17,7.944228381250858,5.194454006814963,0.346134859481838,0.653865140518162
subj05,lateral,2,18,8.00441040619003,5.017280255429176,0.3731855313729071,0.6268144686270929
subj05,lateral,2,19,8.559193809634282,5.122115594143701,0.4015656488140021,0.598434351185998
subj05,lateral,2,20,6.9286315903202125,5.00887996342682,0.2770751485149565,0.7229248514850435
subj05,lateral,2,21,7.477727522765455,5.203632798793908,0.3041157513493522,0.6958842486506478
subj05,lateral,2,22,7.205866737894461,4.651482919468202,0.35448668582686627,0.6455133141731337
subj05,lateral,2,23,6.898436986793894,5.012279525673647,0.2734180894499776,0.7265819105500224
subj05,lateral,2,24,7.799115723544049,4.705034808949922,0.39672201622213205,0.6032779837778679
subj05,lateral,3,0,7.706381227225859,5.037912912382561,0.34626736417034126,0.6537326358296587
subj05,lateral,3,1,8.33381072792952,5.255062225731838,0.3694286566743971,0.6305713433256028
subj05,lateral,3,2,7.600260196642548,5.22853187787661,0.31205883185600153,0.6879411681439984
subj05,lateral,3,3,7.935467448766992,4.85967851946237,0.3876002200453278,0.6123997799546722
subj05,lateral,3,4,8.519521472539036,4.960408056685947,0.4177597799741659,0.5822402200258341
subj05,lateral,3,5,7.419147610701561,5.4433872432397665,0.2663055745934896,0.7336944254065104
subj05,lateral,3,6,8.222957353309843,5.418153784091811,0.34109426191892667,0.6589057380810733
subj05,lateral,3,7,7.6058074312464425,5.21138482464991,0.31481504471960237,0.6851849552803977
subj05,lateral,3,8,7.913584166770834,4.885554461425282,0.3826369495203272,0.6173630504796729
subj05,lateral,3,9,8.46683218653,5.0404349764858765,0.4046846724439899,0.5953153275560101
subj05,lateral,3,10,7.796736955420237,5.115343990081108,0.34391220079254353,0.6560877992074564
subj05,lateral,3,11,8.135872161332184,5.750011963162443,0.2932519281103202,0.7067480718896798
subj05,lateral,3,12,7.983721955637952,4.8526959050088765,0.39217623910587274,0.6078237608941273
subj05,lateral,3,13,8.124451920216698,4.7716216421501985,0.41268387221584685,0.5873161277841531
subj05,lateral,3,14,8.426404695815119,5.32640322065631,0.3678913590155942,0.6321086409844058
subj05,lateral,3,15,7.9676785192403585,4.78354608615158,0.3996311379029327,0.6003688620970673
subj05,lateral,3,16,8.613177998497264,4.947583351867833,0.4255798089008453,0.5744201910991548
subj05,lateral,3,17,7.506576139371307,5.5090971429693045,0.2660972138716355,0.7339027861283645
subj05,lateral,3,18,8.015741197611472,4.892172115542229,0.3896793827375569,0.6103206172624431
subj05,lateral,3,19,8.528684209857987,5.103604203954091,0.40159536003748086,0.5984046399625191
subj05,lateral,3,20,6.694001527864653,4.993892829871928,0.25397494920128133,0.7460250507987186
subj05,lateral,3,21,7.411173980054343,5.207909792022394,0.2972894974482563,0.7027105025517437
subj05,lateral,3,22,6.35445000972412,5.449973362115501,0.14233751878203652,0.8576624812179635
subj05,lateral,3,23,6.704639019984375,5.159038522232404,0.230527026607254,0.769472973392746
subj05,lateral,3,24,7.612434863205058,4.921226837137182,0.3535278888330348,0.6464721111669652
subj05,lateral,4,0,7.566198388666862,5.169525745533155,0.3167604812905246,0.6832395187094754
subj05,lateral,4,1,8.260553273565739,5.404153738587829,0.3457879200559795,0.6542120799440204
subj05,lateral,4,2,7.500636939909804,5.39030701546692,0.28135342922867307,0.7186465707713269
subj05,lateral,4,3,7.804410209748226,4.909605454265469,0.370919092882503,0.629080907117497
subj05,lateral,4,4,8.543608602966566,5.0128626879250655,0.41326166484447013,0.5867383351555299
subj05,lateral,4,5,7.262579225904241,5.592166007616739,0.23000275333719666,0.7699972466628033
subj05,lateral,4,6,8.10133260661739,5.64411651116037,0.30331011140684416,0.6966898885931558
subj05,lateral,4,7,7.5841151365332315,5.276569434777081,0.30426037318981825,0.6957396268101818
subj05,lateral,4,8,7.77689102260811,4.957724643416352,0.36250557851411214,0.6374944214858879
subj05,lateral,4,9,8.506291597300294,5.080459302982245,0.4027409894348474,0.5972590105651526
subj05,lateral,4,10,7.70200867533977,5.186235209227882,0.32663861755529716,0.6733613824447029
subj05,lateral,4,11,8.059800797552619,5.893033845951465,0.26883629087447153,0.7311637091255285
subj05,lateral,4,12,7.973058088810051,4.898155543451121,0.38566162582892305,0.614338374171077
subj05,lateral,4,13,7.7967975152913445,5.1448626545488265,0.34013129820820065,0.6598687017917994
subj05,lateral,4,14,8.477866240233663,5.338018648471628,0.3703582367059728,0.6296417632940272
subj05,lateral,4,15,6.701923950289728,4.944590554293806,0.26221327025352936,0.7377867297464706
subj05,lateral,4,16,7.647452276869946,4.934723658259959,0.3547231836692532,0.6452768163307467
subj05,lateral,4,17,6.289081886727182,5.581739795265893,0.11247143926589696,0.887528560734103
subj05,lateral,4,18,7.1243368552411175,4.432863037170462,0.3777858729533031,0.6222141270466969
subj05,lateral,4,19,7.775368870452562,4.801987620949924,0.38241031377969514,0.6175896862203049
subj05,lateral,4,20,6.564223816429647,4.907758279856804,0.25234751021542906,0.747652489784571
subj05,lateral,4,21,7.424752332157938,5.051578166980668,0.3196300777466511,0.6803699222533489
subj05,lateral,4,22,6.351626396728979,5.308067209163531,0.16429794864869096,0.835702051351309
subj05,lateral,4,23,6.810818303783115,4.672212498026873,0.3140013006320164,0.6859986993679835
subj05,lateral,4,24,7.720398646257775,4.660606847485292,0.3963256224153169,0.6036743775846831
subj05,lateral,5,0,7.96544421442704,5.030219388490709,0.3684948066826006,0.6315051933173994
subj05,lateral,5,1,8.542690994281012,5.289273394319571,0.3808422430519227,0.6191577569480773
subj05,lateral,5,2,7.925467558220971,5.232651335159095,0.33976749047047167,0.6602325095295283
subj05,lateral,5,3,8.058741181958675,4.947487185969121,0.38607195909887315,0.6139280409011268
subj05,lateral,5,4,8.263258855340048,4.850142493768109,0.4130472518558761,0.5869527481441239
subj05,lateral,5,5,7.601763372755647,5.597872428040139,0.26360869793676506,0.7363913020632349
subj05,lateral,5,6,8.234399552418381,5.789664924781312,0.29689288357632204,0.703107116423678
subj05,lateral,5,7,7.922013877062556,5.273229144449146,0.3343574971867591,0.6656425028132409
subj05,lateral,5,8,8.116294888129733,4.890630802721544,0.39743061703263105,0.602569382967369
subj05,lateral,5,9,8.172607245755348,5.038391945186705,0.3835024988135185,0.6164975011864815
subj05,lateral,5,10,8.368086526725609,5.203636735784788,0.37815691566218235,0.6218430843378177
subj05,lateral,5,11,8.548366728292496,6.01919492204125,0.29586608607705794,0.704133913922942
subj05,lateral,5,12,8.626853149723685,4.911453910211973,0.4306783916486065,0.5693216083513936
subj05,lateral,5,13,8.372705016428801,5.260232729478035,0.37174034924716903,0.628259650752831
subj05,lateral,5,14,8.726411840371972,4.899628994087745,0.43852879239322107,0.5614712076067789
subj05,lateral,5,15,6.741709260930716,5.122760199880693,0.2401392582192905,0.7598607417807095
subj05,lateral,5,16,7.501108958042973,5.256353684646595,0.29925645473919776,0.7007435452608022
subj05,lateral,5,17,6.375173133807711,5.700241286176867,0.1058687871630752,0.8941312128369248
subj05,lateral,5,18,7.223744931885702,4.492255029167934,0.37812657125543525,0.6218734287445647
subj05,lateral,5,19,6.792609379668017,5.3486160948754335,0.21258300074119044,0.7874169992588096
subj05,lateral,5,20,8.250899041624297,4.830991530026435,0.4144890749898945,0.5855109250101055
subj05,lateral,5,21,8.781997312102469,5.1473207790673605,0.41387811950547526,0.5861218804945247
subj05,lateral,5,22,7.956209679623248,5.436617429467654,0.31668248470230165,0.6833175152976984
subj05,lateral,5,23,8.17098142072244,5.031938696377457,0.38416960738449984,0.6158303926155002
subj05,lateral,5,24,8.37094725080021,4.93932958743371,0.4099437686742631,0.5900562313257369
subj06,lateral,0,0,7.958834551024578,5.172205995910312,0.3501302278931694,0.6498697721068306
subj06,lateral,0,1,7.855506273825775,6.743954533210047,0.14149969484708735,0.8585003051529126
subj06,lateral,0,2,8.624905912616981,5.738077635133152,0.33470837905151174,0.6652916209484883
subj06,lateral,0,3,8.502788022517134,5.795147175733401,0.31844153230838423,0.6815584676916158
subj06,lateral,0,4,9.156115156472058,5.78203729596453,0.36850539806967586,0.6314946019303241
subj06,lateral,0,5,7.829756421479631,4.942129599618108,0.3688016160936758,0.6311983839063242
subj06,lateral,0,6,8.13209890989403,6.057543826356566,0.25510696642086184,0.7448930335791382
subj06,lateral,0,7,8.685615852317309,5.2449578204876595,0.396132881114203,0.603867118885797
subj06,lateral,0,8,8.410952409229795,5.547250024863933,0.34047302196400087,0.6595269780359991
subj06,lateral,0,9,8.901623809775021,5.8019360496439765,0.34821599141577136,0.6517840085842287
subj06,lateral,0,10,8.070831080687029,4.7696788968858295,0.40902258401871905,0.590977415981281
subj06,lateral,0,11,8.472784435957637,5.7615288165193626,0.31999582190855475,0.6800041780914453
subj06,lateral,0,12,8.424026312084179,5.843261630227815,0.30635762356941876,0.6936423764305812
subj06,lateral,0,13,8.493215248871682,5.61603227539459,0.33876251680531977,0.6612374831946802
subj06,lateral,0,14,8.999748843003937,5.836463796771124,0.3514859249313197,0.6485140750686803
subj06,lateral,0,15,8.346403775999498,4.669432573688659,0.4405455692048058,0.5594544307951942
subj06,lateral,0,16,8.521573789751171,5.995329514503476,0.29645278414252413,0.7035472158574759
subj06,lateral,0,17,8.994229147144146,5.271591152062485,0.4138918337725113,0.5861081662274887
subj06,lateral,0,18,8.70004516861652,5.617975016483625,0.3542590977861561,0.6457409022138438
subj06,lateral,0,19,9.19505661939439,5.838546745052553,0.36503417143318306,0.6349658285668169
subj06,lateral,0,20,9.094128417821953,5.0359906547715605,0.44623712978338587,0.5537628702166142
subj06,lateral,0,21,8.653841884851785,7.090171611193587,0.18069087631417693,0.8193091236858231
subj06,lateral,0,22,9.68642875847299,5.608675969906638,0.420975871525347,0.579024128474653
subj06,lateral,0,23,9.359039096092038,6.021555731051775,0.356605344926261,0.6433946550737389
subj06,lateral,0,24,9.76432033313937,6.316174456299741,0.35313731618747496,0.646862683812525
subj06,lateral,1,0,8.751570145258734,6.683618109083574,0.23629497357059945,0.7637050264294005
subj06,lateral,1,1,8.229072254364569,7.348770343540577,0.10697462406616899,0.893025375933831
subj06,lateral,1,2,9.45864122969376,5.99776116928589,0.3658961130212909,0.6341038869787091
subj06,lateral,1,3,8.799482353794078,6.2095901512916205,0.29432324520609693,0.7056767547939031
subj06,lateral,1,4,9.175823327004526,6.521249918838249,0.2893008413047628,0.7106991586952373
subj06,lateral,1,5,8.51002388093852,5.341009579518796,0.37238606445252803,0.627613935547472
subj06,lateral,1,6,8.314880584594352,5.680754821394045,0.3167965837153169,0.6832034162846832
subj06,lateral,1,7,8.783449135374665,5.289254483322198,0.3978157780842457,0.6021842219157544
subj06,lateral,1,8,8.086895247011219,5.502561544664466,0.3195705673697059,0.6804294326302941
subj06,lateral,1,9,8.623351443171252,5.660954236443368,0.3435320044938882,0.6564679955061118
subj06,lateral,1,10,8.378853020576678,5.420060241896964,0.35312622997605386,0.6468737700239461
subj06,lateral,1,11,8.396510165909447,5.4352711702544125,0.35267497295220573,0.6473250270477943
subj06,lateral,1,12,8.338654335297916,5.85041680250551,0.298397970792431,0.701602029207569
subj06,lateral,1,13,7.987516627262893,5.523674284542425,0.3084616230169602,0.6915383769830398
subj06,lateral,1,14,8.509293450081257,5.712780333910776,0.3286422230677421,0.671357776932258
subj06,lateral,1,15,8.958815006261844,5.09448499512397,0.43134387845232497,0.5686561215476751
subj06,lateral,1,16,8.764342839552443,5.464591747509768,0.3764972631092531,0.6235027368907469
subj06,lateral,1,17,9.10163042715753,5.249073172457056,0.42328210154580415,0.5767178984541959
subj06,lateral,1,18,8.429650030075557,5.466654603933763,0.35149684928441044,0.6485031507155895
subj06,lateral,1,19,8.991887556418195,5.551738921418381,0.38258359142228354,0.6174164085777165
subj06,lateral,1,20,9.06311415718351,6.021292479912293,0.3356265434282586,0.6643734565717414
subj06,lateral,1,21,8.726783289795488,6.534568039429624,0.2512054187170309,0.748794581282969
subj06,lateral,1,22,9.586430210010903,5.538470827203234,0.42225930759715663,0.5777406924028433
subj06,lateral,1,23,8.943421710958079,5.756768013482002,0.35631258375880626,0.6436874162411937
subj06,lateral,1,24,9.436150897400195,5.900572920757474,0.37468434058391614,0.6253156594160839
subj06,lateral,2,0,8.784091820827141,6.64073388933791,0.24400449986273084,0.7559955001372691
subj06,lateral,2,1,8.953602357674356,5.636270981870765,0.37050242386074067,0.6294975761392594
subj06,lateral,2,2,9.54200882848457,5.866301547085182,0.3852131503407079,0.6147868496592921
subj06,lateral,2,3,8.89292566826202,6.200544001263546,0.3027554448821404,0.6972445551178597
subj06,lateral,2,4,9.00810037792779,6.776066406537369,0.24778076150877373,0.7522192384912263
subj06,lateral,2,5,7.934039329032332,5.8664529863271495,0.26059693643557397,0.739403063564426
subj06,lateral,2,6,7.788563737462255,5.232347052481658,0.3282012924520905,0.6717987075479095
subj06,lateral,2,7,8.372808899459663,5.609289836248061,0.33005877673739153,0.6699412232626085
subj06,lateral,2,8,7.963012312522179,5.4978125443811106,0.30958130810176393,0.6904186918982361
subj06,lateral,2,9,8.57774751231604,5.439469734200043,0.36586268989732074,0.6341373101026793
subj06,lateral,2,10,8.154629690076787,5.482895424963298,0.32763403939294394,0.672365960607056
subj06,lateral,2,11,8.014217305923774,4.796600739221908,0.4014885601272052,0.5985114398727948
subj06,lateral,2,12,8.157868142876374,5.8491987148066915,0.2829991105072791,0.7170008894927209
subj06,lateral,2,13,7.851812777682109,5.583943129609117,0.2888338925399693,0.7111661074600307
subj06,lateral,2,14,8.202853704662658,5.922385615794635,0.27800911377607057,0.7219908862239294
subj06,lateral,2,15,8.658415291666717,5.185330333368206,0.40112247349017527,0.5988775265098247
subj06,lateral,2,16,8.470101298053406,4.559399092483294,0.4617066629969192,0.5382933370030808
subj06,lateral,2,17,8.922387022446324,5.143017253450169,0.4235828102376952,0.5764171897623048
subj06,lateral,2,18,8.252049150980849,5.480031750458052,0.335918673023574,0.664081326976426
subj06,lateral,2,19,8.551381779769844,5.876309074975601,0.3128234446417432,0.6871765553582567
subj06,lateral,2,20,8.791762499025259,5.998638993509023,0.3176977887910312,0.6823022112089687
subj06,lateral,2,21,8.882279488690529,5.005876422087175,0.4364198482539343,0.5635801517460657
subj06,lateral,2,22,9.401966464203177,5.393106232793941,0.4263852936162318,0.5736147063837682
subj06,lateral,2,23,8.782423059536171,5.693773789338379,0.3516853206979207,0.6483146793020793
subj06,lateral,2,24,9.084473061695693,6.045861350042925,0.3344840907135219,0.6655159092864781
subj06,lateral,3,0,8.41159839825294,6.656895068718077,0.20860521941933277,0.7913947805806673
subj06,lateral,3,1,8.463751623321642,5.803281113234109,0.3143370255285702,0.6856629744714298
subj06,lateral,3,2,8.039392819393747,7.2641415152908575,0.09643157406523536,0.9035684259347646
subj06,lateral,3,3,8.541359842327578,6.208114662429001,0.2731702238250101,0.7268297761749899
subj06,lateral,3,4,8.82542386586216,6.529893800113782,0.2601042284923871,0.7398957715076129
subj06,lateral,3,5,7.899003943363682,5.908743127620271,0.2519635171742788,0.7480364828257212
subj06,lateral,3,6,7.667468637891487,5.362961586988128,0.3005564365160659,0.6994435634839341
subj06,lateral,3,7,7.7109259359304385,6.338728511724372,0.1779549480318657,0.8220450519681343
subj06,lateral,3,8,7.954758143651715,5.5186599433249315,0.30624415680958306,0.6937558431904169
subj06,lateral,3,9,8.600825739483524,5.365788397616122,0.3761310180970676,0.6238689819029324
subj06,lateral,3,10,8.099670269050618,5.285269269932929,0.34747105815797263,0.6525289418420274
subj06,lateral,3,11,7.579470603242882,5.131693555611229,0.3229482869930744,0.6770517130069257
subj06,lateral,3,12,7.894199164880863,5.792296483909604,0.26625914004324214,0.7337408599567579
subj06,lateral,3,13,7.808364600250085,5.384649296024658,0.3103998632630194,0.6896001367369806
subj06,lateral,3,14,8.218692538607948,5.6080480171222895,0.31764718161945504,0.682352818380545
subj06,lateral,3,15,8.524360180038741,5.1778659186968445,0.3925801104906723,0.6074198895093277
subj06,lateral,3,16,8.117531579731109,4.88104667609167,0.398703087490378,0.601296912509622
subj06,lateral,3,17,8.42086938183407,5.558265925124427,0.3399415579209668,0.6600584420790332
subj06,lateral,3,18,8.133497478393917,5.454127498378623,0.3294240868867123,0.6705759131132877
subj06,lateral,3,19,8.61111500367662,5.548160977113691,0.3556977261661427,0.6443022738338573
subj06,lateral,3,20,8.669477869646158,6.080327629575342,0.2986512312507341,0.7013487687492659
subj06,lateral,3,21,8.702709696703337,5.161104358686467,0.40695432358940586,0.5930456764105941
subj06,lateral,3,22,8.433566774505188,6.582972836378815,0.21943194233319516,0.7805680576668048
subj06,lateral,3,23,8.681142617615317,5.761446824927097,0.3363262097277065,0.6636737902722936
subj06,lateral,3,24,9.09140224608664,5.910585055524699,0.3498709114901512,0.6501290885098487
subj06,lateral,4,0,8.677836029361552,6.783434174493607,0.21830348585271908,0.7816965141472809
subj06,lateral,4,1,8.582949484551754,5.662861217234062,0.3402196730358823,0.6597803269641177
subj06,lateral,4,2,8.113530146454591,7.376466901354049,0.09084371806058066,0.9091562819394193
subj06,lateral,4,3,9.120743055911738,5.905221228789521,0.35255042351379823,0.6474495764862017
subj06,lateral,4,4,9.050239369895339,6.61766480964044,0.26878565978559643,0.7312143402144036
subj06,lateral,4,5,8.39670184374046,5.862482579687667,0.30181127199865904,0.6981887280013409
subj06,lateral,4,6,7.980890631268917,5.059040447494712,0.36610577926309046,0.6338942207369095
subj06,lateral,4,7,8.06532068284927,6.224606346159218,0.22822580887630312,0.7717741911236969
subj06,lateral,4,8,8.384544430588603,5.595756681811394,0.33261052784252865,0.6673894721574714
subj06,lateral,4,9,8.96292938593586,5.377704296958603,0.4000059505771625,0.5999940494228375
subj06,lateral,4,10,8.521609155693561,5.329208693550477,0.3746241353970263,0.6253758646029737
subj06,lateral,4,11,7.8395433632474,4.89643231602619,0.3754186833150031,0.6245813166849968
subj06,lateral,4,12,8.215874536643758,5.69556946511664,0.3067604136706645,0.6932395863293356
subj06,lateral,4,13,8.428067695363493,5.169694103611933,0.3866098030446622,0.6133901969553378
subj06,lateral,4,14,8.563904037172664,5.662008334230517,0.33885196405122203,0.6611480359487779
subj06,lateral,4,15,8.58431195698311,5.409819207526217,0.3698016527550035,0.6301983472449966
subj06,lateral,4,16,8.069577262197678,4.717380640799788,0.41541167678032104,0.5845883232196789
subj06,lateral,4,17,8.519450600587637,5.412701278391015,0.3646654541294401,0.6353345458705599
subj06,lateral,4,18,8.128549286089434,5.79853571492606,0.28664568413834657,0.7133543158616534
subj06,lateral,4,19,8.660640644232984,5.685979431669287,0.34346895740842087,0.6565310425915791
subj06,lateral,4,20,9.147220121712724,6.0610796518676455,0.33738561320061794,0.662614386799382
subj06,lateral,4,21,8.979392378381345,4.918743405003438,0.4522186805372562,0.5477813194627438
subj06,lateral,4,22,8.725941256770884,6.571764581659934,0.2468704076410575,0.7531295923589425
subj06,lateral,4,23,9.379164521697646,5.401793190877797,0.42406456583831603,0.5759354341616839
subj06,lateral,4,24,9.443128010718713,5.967927505215995,0.3680137028279279,0.6319862971720721
subj06,lateral,5,0,8.548550697059271,7.286858769062069,0.14759132544318052,0.8524086745568195
subj06,lateral,5,1,8.701485606326239,5.743908756510939,0.33989332208571993,0.66010667791428
subj06,lateral,5,2,8.705717776427024,7.452953783467872,0.14390128707725097,0.8560987129227491
subj06,lateral,5,3,9.428869861587794,5.9922571672738725,0.3644776887115935,0.6355223112884065
subj06,lateral,5,4,8.760339956482285,6.4935605646013075,0.2587547290563371,0.7412452709436629
subj06,lateral,5,5,7.948209592283629,6.309297576032593,0.20619889262131974,0.7938011073786803
subj06,lateral,5,6,7.643778850938989,5.204442940749234,0.3191269603371764,0.6808730396628236
subj06,lateral,5,7,7.897826052777393,6.765029758007511,0.14343140595905082,0.8565685940409492
subj06,lateral,5,8,8.354377506198645,5.64095303958265,0.3247907416923323,0.6752092583076676
subj06,lateral,5,9,7.952833668537627,5.698031544771457,0.28352185117192136,0.7164781488280787
subj06,lateral,5,10,8.272464270849225,5.480153172273088,0.3375428417884829,0.6624571582115172
subj06,lateral,5,11,7.516734684991185,4.949419501242414,0.34154660119572683,0.6584533988042732
subj06,lateral,5,12,8.259189881149783,5.950759512198506,0.27949840143763766,0.7205015985623623
subj06,lateral,5,13,8.283825414620324,5.336542278404301,0.3557876933299791,0.6442123066700208
subj06,lateral,5,14,7.848543546417344,5.440584832798624,0.306803255836924,0.693196744163076
subj06,lateral,5,15,8.311756781784739,5.610359518923815,0.32500918082457025,0.6749908191754298
subj06,lateral,5,16,7.741420281293472,4.812915600680966,0.3782903620010149,0.621709637998985
subj06,lateral,5,17,8.509011561393388,5.772189302167207,0.32163809385846154,0.6783619061415385
subj06,lateral,5,18,7.965507489393254,5.978865130825249,0.24940562308344907,0.750594376916551
subj06,lateral,5,19,7.89629538846287,5.56271598125409,0.29552838291970807,0.7044716170802919
subj06,lateral,5,20,8.611298636334139,5.371737451273674,0.3761989128319858,0.6238010871680142
subj06,lateral,5,21,7.99945510099799,4.642311423896513,0.4196715444634034,0.5803284555365966
subj06,lateral,5,22,8.528089401554046,5.953295807324222,0.30191916066928515,0.6980808393307149
subj06,lateral,5,23,8.613244468413777,5.239918917496744,0.3916440039856744,0.6083559960143256
subj06,lateral,5,24,8.122912508281697,5.455472028265121,0.3283847360533544,0.6716152639466456
subj07,lateral,0,0,8.871456570650315,6.7919767316975515,0.23440117441732894,0.765598825582671
subj07,lateral,0,1,8.90346629124985,6.326340459906895,0.2894519670249893,0.7105480329750107
subj07,lateral,0,2,9.697248591169433,6.368413194260386,0.34327627734947125,0.6567237226505288
subj07,lateral,0,3,9.292866411292792,6.401699444756326,0.3111168113880437,0.6888831886119563
subj07,lateral,0,4,11.147937022874894,6.522193139701078,0.41494169492364985,0.5850583050763501
subj07,lateral,0,5,9.36494529446722,5.6886154074825,0.3925628790545828,0.6074371209454171
subj07,lateral,0,6,9.129705079510002,5.583156525568847,0.38846255416297637,0.6115374458370236
subj07,lateral,0,7,9.980676008921796,5.496205897749429,0.4493152675393598,0.5506847324606402
subj07,lateral,0,8,9.436565219315932,5.789578118868372,0.38647399935121046,0.6135260006487896
subj07,lateral,0,9,11.300498879390156,5.860297288381007,0.4814125154183225,0.5185874845816776
subj07,lateral,0,10,9.521207530094944,5.943277558260783,0.3757853151005189,0.6242146848994812
subj07,lateral,0,11,9.452237659046506,5.575997687211476,0.41008701977834583,0.5899129802216542
subj07,lateral,0,12,10.227577462469059,5.579626103760861,0.4544528140475337,0.5455471859524663
subj07,lateral,0,13,9.733527936422831,5.808597695383184,0.4032381955110614,0.5967618044889386
subj07,lateral,0,14,11.561550184270196,5.85562224797312,0.4935262006698848,0.5064737993301152
subj07,lateral,0,15,9.191797064522957,5.306381949289942,0.42270462325907143,0.5772953767409286
subj07,lateral,0,16,9.110266858625097,4.910240975449366,0.46102116967071927,0.5389788303292807
subj07,lateral,0,17,9.912996356676619,4.913140863292118,0.5043737850278729,0.49562621497212705
subj07,lateral,0,18,9.461954536658151,5.0619829438283235,0.46501719869643815,0.5349828013035619
subj07,lateral,0,19,11.268676630902448,5.257904835955957,0.533405296098653,0.46659470390134705
subj07,lateral,0,20,10.31634102933531,5.998688429698766,0.41852557872592294,0.581474421274077
subj07,lateral,0,21,10.565265349738752,5.024632245745,0.5244196828554576,0.47558031714454235
subj07,lateral,0,22,10.973385161988,5.635210771543716,0.48646559941555817,0.5135344005844419
subj07,lateral,0,23,10.844647211328056,5.225917554100451,0.5181108751383278,0.48188912486167224
subj07,lateral,0,24,12.330267868238396,5.688362067970859,0.538666789014086,0.4613332109859139
subj07,lateral,1,0,9.408115577355508,6.219061795320669,0.3389683891331656,0.6610316108668344
subj07,lateral,1,1,9.571341704988804,6.128727504459824,0.3596793748085088,0.6403206251914911
subj07,lateral,1,2,10.290094438658159,6.249066317803359,0.3927104989117821,0.6072895010882179
subj07,lateral,1,3,9.549544735716369,6.198665331069372,0.35089415227454057,0.6491058477254594
subj07,lateral,1,4,10.610707570284326,6.4071523422604635,0.3961616320287699,0.60383836797123
subj07,lateral,1,5,9.031049349992568,6.040802046683282,0.3311074037383869,0.6688925962616131
subj07,lateral,1,6,9.214964070130296,5.926052095797471,0.35690990754848617,0.6430900924515138
subj07,lateral,1,7,10.154339914221572,5.717344462735502,0.4369555765286008,0.5630444234713993
subj07,lateral,1,8,9.169469216406926,6.033230000069029,0.34203061729311723,0.6579693827068828
subj07,lateral,1,9,10.277863822966157,6.234260574751742,0.39342837362554633,0.6065716263744537
subj07,lateral,1,10,9.214073230659686,5.902619089398669,0.3593909076218544,0.6406090923781457
subj07,lateral,1,11,9.333589263649047,5.882744563439081,0.3697232225173822,0.6302767774826178
subj07,lateral,1,12,10.242730699093405,5.707366337484745,0.44278859757682487,0.5572114024231751
subj07,lateral,1,13,9.218710695154655,6.097812636403911,0.3385395378977545,0.6614604621022455
subj07,lateral,1,14,10.323619980627555,6.293828410292646,0.39034675606975855,0.6096532439302415
subj07,lateral,1,15,8.84451869031152,5.286498295385938,0.4022853610816738,0.5977146389183262
subj07,lateral,1,16,9.074452862385751,5.080294761666008,0.4401541515826052,0.5598458484173948
subj07,lateral,1,17,9.954942565091248,4.981887060746587,0.499556423538148,0.500443576461852
subj07,lateral,1,18,9.049439672349829,5.167988479286919,0.42891619079162613,0.5710838092083739
subj07,lateral,1,19,10.195921294422874,5.3539809484577665,0.4748899296244694,0.5251100703755306
subj07,lateral,1,20,10.478368316695038,4.910388316791944,0.5313785344834375,0.4686214655165624
subj07,lateral,1,21,10.595412086079287,4.860851083385916,0.5412305775466427,0.4587694224533573
subj07,lateral,1,22,11.098505097356263,5.336553726504947,0.5191646370666487,0.4808353629333512
subj07,lateral,1,23,10.487594927356842,5.1328702357294524,0.5105769939359133,0.48942300606408673
subj07,lateral,1,24,11.355927223852733,5.6036042719567485,0.5065480641522102,0.4934519358477898
subj07,lateral,2,0,9.102601544383226,6.433419727834193,0.29323285255697656,0.7067671474430235
subj07,lateral,2,1,8.679017383071836,7.250055680291108,0.16464556293755964,0.8353544370624404
subj07,lateral,2,2,9.661403385931285,7.255891728202637,0.24898159839092313,0.7510184016090768
subj07,lateral,2,3,8.881231031692092,6.789864983398515,0.23548154989220232,0.7645184501077976
subj07,lateral,2,4,10.110606874218789,7.1058270454046735,0.29719084780915134,0.7028091521908487
subj07,lateral,2,5,8.382449379934624,6.217533594762023,0.25826768371006675,0.7417323162899333
subj07,lateral,2,6,8.145255048249826,6.798559232720699,0.16533500885506247,0.8346649911449375
subj07,lateral,2,7,9.348011349267683,6.578928583737108,0.29622158789393244,0.7037784121060675
subj07,lateral,2,8,8.122103350779515,6.609607070711145,0.18621977765441863,0.8137802223455813
subj07,lateral,2,9,9.623856486868583,6.691447752409707,0.3047020431424809,0.695297956857519
subj07,lateral,2,10,8.815161366315378,5.597766915586187,0.36498418089356194,0.635015819106438
subj07,lateral,2,11,8.717539416116214,6.057142619796985,0.3051774898087553,0.6948225101912446
subj07,lateral,2,12,9.738111463152954,5.9963059773004765,0.3842434439173051,0.615756556082695
subj07,lateral,2,13,8.504503163450824,6.1194588943012995,0.2804448682433976,0.7195551317566024
subj07,lateral,2,14,10.000018053728768,6.124753739900065,0.3875257317544251,0.6124742682455748
subj07,lateral,2,15,8.614887426491508,5.217905809468495,0.39431526482598106,0.605684735174019
subj07,lateral,2,16,8.586483290025832,5.5997800805392455,0.3478377711345434,0.6521622288654566
subj07,lateral,2,17,9.71621830175721,5.3649197763801295,0.44783869508058854,0.5521613049194115
subj07,lateral,2,18,8.608857263790002,5.29742294706346,0.3846543409024651,0.6153456590975349
subj07,lateral,2,19,9.94681971988307,5.565474729226831,0.44047696791952556,0.5595230320804745
subj07,lateral,2,20,9.970670205115516,5.076871822374283,0.49081940151128844,0.5091805984887116
subj07,lateral,2,21,9.440137774376105,6.3019914688520515,0.3324259010331501,0.6675740989668498
subj07,lateral,2,22,10.32958133315323,6.342954927205335,0.38594268996678965,0.6140573100332103
subj07,lateral,2,23,9.653049369852386,5.72187177101747,0.4072472281259069,0.5927527718740931
subj07,lateral,2,24,10.67087513341201,6.308107546723987,0.40884815276561387,0.5911518472343861
subj07,lateral,3,0,9.914086975071081,6.181006679537678,0.3765430245790877,0.6234569754209123
subj07,lateral,3,1,9.154393602456212,6.792754208590074,0.25797879099632415,0.7420212090036759
subj07,lateral,3,2,10.023780187247384,6.13187725319935,0.3882669872389514,0.6117330127610485
subj07,lateral,3,3,9.949490259909387,6.200777285530158,0.3767743750133959,0.6232256249866042
subj07,lateral,3,4,11.619735733093709,6.412867031422101,0.4481056042300628,0.5518943957699373
subj07,lateral,3,5,9.238937425316493,6.159183663678739,0.3333450179236659,0.6666549820763341
subj07,lateral,3,6,8.397343504629692,6.799161570542375,0.1903199426349767,0.8096800573650234
subj07,lateral,3,7,9.233685038652661,6.294020378708361,0.31836310721436983,0.6816368927856302
subj07,lateral,3,8,9.109912772627483,6.422696371616401,0.2949771823376125,0.7050228176623875
subj07,lateral,3,9,10.962752190988626,6.539168945568444,0.4035102835815594,0.5964897164184406
subj07,lateral,3,10,9.378503351207925,5.597896347960229,0.4031141069817675,0.5968858930182326
subj07,lateral,3,11,8.905457114238203,5.782393108638919,0.3506910387122154,0.6493089612877846
subj07,lateral,3,12,9.428226709502974,5.655389775615189,0.4001640022174092,0.5998359977825908
subj07,lateral,3,13,9.305622142428843,5.800534150272528,0.37666347703663144,0.6233365229633685
subj07,lateral,3,14,11.154168486789091,5.875921370076163,0.47320848012690875,0.5267915198730913
subj07,lateral,3,15,9.321377940260614,5.1220223961060505,0.45050802264081946,0.5494919773591805
subj07,lateral,3,16,8.828314279936494,5.351124643596381,0.3938679034391066,0.6061320965608934
subj07,lateral,3,17,9.486256753883723,4.971544699545398,0.47592134299864675,0.5240786570013533
subj07,lateral,3,18,9.39922857153204,5.072054184105291,0.4603754823595524,0.5396245176404476
subj07,lateral,3,19,11.179341846325562,5.272065436074859,0.5284100344594358,0.47158996554056426
subj07,lateral,3,20,11.563312240521425,5.007061795511192,0.5669872358920744,0.4330127641079256
subj07,lateral,3,21,10.61901023829223,6.282352043633905,0.40838628999718857,0.5916137100028115
subj07,lateral,3,22,11.633281274871456,5.002973950000023,0.5699430081857705,0.43005699181422957
subj07,lateral,3,23,11.49088968907429,5.26197141805252,0.5420744989784663,0.4579255010215337
subj07,lateral,3,24,12.848978596995936,5.773540054219126,0.5506615556532278,0.4493384443467722
subj07,lateral,4,0,9.023516436664938,6.168253290769178,0.31642466281704434,0.6835753371829557
subj07,lateral,4,1,8.95270854840142,6.803551982224996,0.24005657668373145,0.7599434233162685
subj07,lateral,4,2,9.053509692497647,6.137029263601007,0.322138102012906,0.6778618979870941
subj07,lateral,4,3,9.890340710239235,6.319864671724679,0.36100637410985514,0.6389936258901449
subj07,lateral,4,4,10.729135637137578,6.565512047541826,0.3880670102802954,0.6119329897197046
subj07,lateral,4,5,8.44181149941147,6.159861801023695,0.2703151685567563,0.7296848314432437
subj07,lateral,4,6,8.477800590882257,6.656056514645401,0.21488404412296666,0.7851159558770333
subj07,lateral,4,7,8.35837428866605,6.285191042639019,0.24803666053077653,0.7519633394692234
subj07,lateral,4,8,9.428116831837338,6.213455004762985,0.34096542124074253,0.6590345787592575
subj07,lateral,4,9,10.262407284483608,6.529944712733003,0.3637024402056187,0.6362975597943813
subj07,lateral,4,10,8.726661206573734,5.693684487918486,0.3475529354079344,0.6524470645920656
subj07,lateral,4,11,9.075445744644222,5.759952758826419,0.36532563568840754,0.6346743643115925
subj07,lateral,4,12,8.731111300709584,5.700730015489314,0.347078531111382,0.652921468888618
subj07,lateral,4,13,9.812831599466367,5.528953441156745,0.436558817389935,0.5634411826100649
subj07,lateral,4,14,10.590436553766887,5.929959096619975,0.4400647162641504,0.5599352837358497
subj07,lateral,4,15,8.843919590449303,5.485956448245095,0.37969173146152624,0.6203082685384738
subj07,lateral,4,16,8.933231369798108,5.956183472127128,0.3332554340566981,0.6667445659433019
subj07,lateral,4,17,8.756806290538318,5.637991118914635,0.35615897715969186,0.6438410228403081
subj07,lateral,4,18,9.807999766933676,5.5138102740197725,0.43782520340091907,0.5621747965990809
subj07,lateral,4,19,10.535242395519862,6.005697458803698,0.429942166175727,0.570057833824273
subj07,lateral,4,20,10.069705303476038,4.940452638092374,0.5093746550470606,0.49062534495293936
subj07,lateral,4,21,9.97109232424978,5.775159514245895,0.42080974416407124,0.5791902558359288
subj07,lateral,4,22,10.080946597534755,4.9335100342795135,0.5106104385588176,0.4893895614411824
subj07,lateral,4,23,10.758320130259717,5.324839568908909,0.5050491615385345,0.4949508384614654
subj07,lateral,4,24,11.504842659771294,5.674040444573805,0.5068128602563088,0.4931871397436912
subj07,lateral,5,0,9.29377804255671,6.437462462549821,0.30733632403610955,0.6926636759638904
subj07,lateral,5,1,8.738251748760558,7.090618198774219,0.18855414073187354,0.8114458592681265
subj07,lateral,5,2,9.191312888894517,6.364687850761726,0.3075322396594816,0.6924677603405184
subj07,lateral,5,3,9.64582051571738,6.643367763648225,0.31126981340538207,0.6887301865946179
subj07,lateral,5,4,9.247457063514984,6.379152224881063,0.3101722796800606,0.6898277203199394
subj07,lateral,5,5,8.585069402942056,6.414195186411435,0.2528662395887765,0.7471337604112235
subj07,lateral,5,6,7.981685650900863,7.06800449330478,0.11447220519051118,0.8855277948094888
subj07,lateral,5,7,8.326807550324313,6.533287331866144,0.21539109768284662,0.7846089023171534
subj07,lateral,5,8,8.999197266774615,6.574246762927235,0.2694629789704013,0.7305370210295987
subj07,lateral,5,9,8.32423649199987,6.629194170989722,0.20362736241806595,0.7963726375819341
subj07,lateral,5,10,8.873662626922798,5.777085984986673,0.3489626293139739,0.6510373706860261
subj07,lateral,5,11,8.605942192357906,6.072318064843743,0.2944040374526367,0.7055959625473633
subj07,lateral,5,12,8.689959700085804,5.811666035088873,0.33122059990318614,0.6687794000968139
subj07,lateral,5,13,9.338068718701736,5.854744990402863,0.37302399813386217,0.6269760018661378
subj07,lateral,5,14,8.687819673566471,5.918801585006729,0.3187241670064524,0.6812758329935477
subj07,lateral,5,15,9.146176776450341,5.766362035439043,0.36953306541304515,0.6304669345869549
subj07,lateral,5,16,8.619249147288214,6.43666852426482,0.2532216653361362,0.7467783346638638
subj07,lateral,5,17,8.896882676956288,5.909586295203115,0.33576888559973195,0.664231114400268
subj07,lateral,5,18,9.486253876160918,6.022908230275611,0.3650909717468916,0.6349090282531084
subj07,lateral,5,19,8.829024534984338,6.11110616003255,0.30783903297382886,0.6921609670261711
subj07,lateral,5,20,8.728211448811772,5.155711593024801,0.40930491621778003,0.5906950837822199
subj07,lateral,5,21,8.496388511886572,5.4215400196954135,0.3619006461262218,0.6380993538737783
subj07,lateral,5,22,8.681822263441648,4.9561325758875086,0.4291368303222095,0.5708631696777905
subj07,lateral,5,23,9.33204582140489,5.003689970040736,0.4638163950541493,0.5361836049458507
subj07,lateral,5,24,8.69278583583952,5.0588856012523165,0.4180363238221034,0.5819636761778967
subj08,lateral,0,0,24.537645413574513,14.600860314220625,0.40496082374133346,0.5950391762586665
subj08,lateral,0,1,24.50363374176607,15.513064675390472,0.36690758444741645,0.6330924155525836
subj08,lateral,0,2,24.69110835322713,13.954363449801885,0.43484256558381473,0.5651574344161853
subj08,lateral,0,3,24.525029559272504,12.764870949119047,0.4795165927009918,0.5204834072990082
subj08,lateral,0,4,24.50913812668394,16.951987985905888,0.3083401016272508,0.6916598983727492
subj08,lateral,0,5,19.322654288503262,14.461633376800515,0.251571075025391,0.748428924974609
subj08,lateral,0,6,19.1748918546898,15.512234167092835,0.1910132122440707,0.8089867877559292
subj08,lateral,0,7,19.214619459526784,14.226599535583025,0.25959504087241514,0.7404049591275849
subj08,lateral,0,8,19.168296155986397,12.81475992859631,0.331460666909919,0.6685393330900811
subj08,lateral,0,9,19.576832022176873,16.493575739752355,0.1574951595299877,0.8425048404700123
subj08,lateral,0,10,21.90042077967536,13.156321566908458,0.3992662652802473,0.6007337347197527
subj08,lateral,0,11,22.019174810847947,13.916725403765918,0.3679724366005888,0.6320275633994111
subj08,lateral,0,12,21.30574195979415,13.706805378485393,0.35666143876372075,0.6433385612362792
subj08,lateral,0,13,20.91595650245436,12.82099184772108,0.38702340262485174,0.6129765973751482
subj08,lateral,0,14,22.30611171303466,15.097721409995213,0.3231576348121308,0.6768423651878692
subj08,lateral,0,15,17.734045758540603,14.105478968589818,0.20461020792186072,0.7953897920781393
subj08,lateral,0,16,17.70322778164895,15.028596735096789,0.15108154736192597,0.8489184526380741
subj08,lateral,0,17,17.29863437656376,14.25875489822237,0.17572944847367997,0.82427055152632
subj08,lateral,0,18,17.268115267939095,12.822283410752803,0.2574590097531177,0.7425409902468824
subj08,lateral,0,19,18.125404504259336,16.053573168792983,0.11430538474214398,0.885694615257856
subj08,lateral,0,20,19.07489801512615,14.555371606050166,0.23693580985293114,0.7630641901470688
subj08,lateral,0,21,19.09334914120227,15.393397067106172,0.1937822456779901,0.8062177543220099
subj08,lateral,0,22,19.261740328279537,13.920842756308867,0.27728011492966276,0.7227198850703372
subj08,lateral,0,23,19.0426317833463,12.736820345546231,0.33114180379808666,0.6688581962019133
subj08,lateral,0,24,19.89054412550061,15.901679637656557,0.20054074250940893,0.7994592574905911
subj08,lateral,1,0,25.940751476976725,15.279442958578496,0.4109868801549752,0.5890131198450248
subj08,lateral,1,1,26.334532411340934,14.525283087110656,0.4484320868041932,0.5515679131958068
subj08,lateral,1,2,26.125739635276222,13.831571307184205,0.4705768525493473,0.5294231474506528
subj08,lateral,1,3,25.673352027071196,13.504833349812737,0.4739746747688965,0.5260253252311035
subj08,lateral,1,4,26.09890888288269,15.739155458018487,0.3969420128386586,0.6030579871613414
subj08,lateral,1,5,19.834982637901504,14.939884717442991,0.24679113714497322,0.7532088628550268
subj08,lateral,1,6,19.28716623954592,15.580096014928984,0.19220398572684314,0.8077960142731568
subj08,lateral,1,7,19.35583341693268,14.472770168614352,0.25227863575466475,0.7477213642453352
subj08,lateral,1,8,19.21631317373264,13.508425645602877,0.2970334359419187,0.7029665640580812
subj08,lateral,1,9,19.914357656843634,15.573539925964692,0.2179742779394748,0.7820257220605252
subj08,lateral,1,10,20.423157236535992,15.4896472983258,0.24156450841911917,0.7584354915808809
subj08,lateral,1,11,21.977630816531597,13.119670361597883,0.40304437402191445,0.5969556259780856
subj08,lateral,1,12,21.13454092435679,13.33598053585609,0.36899596808905105,0.631004031910949
subj08,lateral,1,13,20.293943134038365,13.427879981763036,0.3383306589028086,0.6616693410971914
subj08,lateral,1,14,20.926746919558987,15.543354959386816,0.25724934605773025,0.7427506539422697
subj08,lateral,1,15,17.43000206568316,15.17002506142311,0.12966016846949072,0.8703398315305093
subj08,lateral,1,16,17.326561314406412,15.226043056617977,0.12123110983608328,0.8787688901639167
subj08,lateral,1,17,16.96452221900217,14.615823283556297,0.13844769131281906,0.8615523086871809
subj08,lateral,1,18,16.95776852573823,13.471684482603402,0.20557445620534956,0.7944255437946505
subj08,lateral,1,19,18.100168407007814,15.126421622639068,0.16429387381928476,0.8357061261807153
subj08,lateral,1,20,19.402989184918436,15.208423767630563,0.21618140263399344,0.7838185973660066
subj08,lateral,1,21,19.0660177414308,15.568127442286782,0.18346202896596706,0.8165379710340329
subj08,lateral,1,22,19.317028836079263,14.216441599542925,0.2640461573992035,0.7359538426007965
subj08,lateral,1,23,19.059428623465003,13.402532863244396,0.29680300873532606,0.7031969912646739
subj08,lateral,1,24,19.947559721644662,15.243264055026845,0.2358331411091497,0.7641668588908502
subj08,lateral,2,0,26.61451656696501,14.772492248153862,0.44494606126003944,0.5550539387399606
subj08,lateral,2,1,26.61877097675918,14.395052482763774,0.4592142328685243,0.5407857671314757
subj08,lateral,2,2,26.539333885261335,13.734318803643097,0.48249195465789463,0.5175080453421054
subj08,lateral,2,3,26.331498923837447,12.635540314609173,0.5201359272726234,0.4798640727273767
subj08,lateral,2,4,26.736526887198174,15.570457768366342,0.4176334931586908,0.5823665068413092
subj08,lateral,2,5,25.054571604352155,15.239688825181132,0.39174019552847233,0.6082598044715277
subj08,lateral,2,6,25.028909658595314,14.924839699222694,0.4036959698682969,0.5963040301317031
subj08,lateral,2,7,25.12300402652224,13.972225277591672,0.4438473495111787,0.5561526504888212
subj08,lateral,2,8,25.045367075766922,12.61566316565229,0.49628755180598677,0.5037124481940132
subj08,lateral,2,9,25.024255540617553,16.263096697589976,0.3501066726563394,0.6498933273436606
subj08,lateral,2,10,20.841391480604297,14.984387337383625,0.28102749994746745,0.7189725000525325
subj08,lateral,2,11,21.58653753989201,13.495715792170506,0.37480868493938096,0.625191315060619
subj08,lateral,2,12,21.168468884280493,13.311653713128981,0.37115651651999776,0.6288434834800022
subj08,lateral,2,13,20.6144238842269,12.664386520835079,0.3856541132577943,0.6143458867422057
subj08,lateral,2,14,21.30149300821114,15.357860011636065,0.27902424465195785,0.7209757553480421
subj08,lateral,2,15,17.738389433306715,14.939905903931397,0.15776424009051856,0.8422357599094814
subj08,lateral,2,16,18.06388864140053,14.169144654378815,0.21560938867256813,0.7843906113274318
subj08,lateral,2,17,17.432166051652057,14.155549145549422,0.1879638420374104,0.8120361579625897
subj08,lateral,2,18,17.43243596013515,12.665193243883172,0.27346968187084164,0.7265303181291584
subj08,lateral,2,19,18.473805780204184,15.07619825727282,0.18391486645226668,0.8160851335477334
subj08,lateral,2,20,19.310923806348487,14.886236230552834,0.2291287366760275,0.7708712633239725
subj08,lateral,2,21,19.10232091834286,14.792924926420769,0.225595413789956,0.774404586210044
subj08,lateral,2,22,19.24973249776376,13.797403483605981,0.2832418068558186,0.7167581931441813
subj08,lateral,2,23,19.033092973003054,12.597574153406988,0.33812259671743017,0.6618774032825698
subj08,lateral,2,24,19.925914992812032,15.106016180879035,0.24189096529176712,0.7581090347082329
subj08,lateral,3,0,25.94708683770672,15.119436122253836,0.4172973553130431,0.5827026446869569
subj08,lateral,3,1,26.113013446618588,14.124098574923648,0.45911648214034073,0.5408835178596593
subj08,lateral,3,2,26.33154799601907,15.179062893879424,0.4235408075448406,0.5764591924551594
subj08,lateral,3,3,25.551239374947723,12.49203101893376,0.5110988224241738,0.48890117757582624
subj08,lateral,3,4,26.152527884182344,15.441002353201904,0.40957897371974583,0.5904210262802542
subj08,lateral,3,5,24.214606438144102,15.658959474122609,0.3533258732028861,0.6466741267971139
subj08,lateral,3,6,24.21803505417652,14.98559050154972,0.38122186758643,0.6187781324135699
subj08,lateral,3,7,24.135088520672376,16.460661743998273,0.31797798338716443,0.6820220166128356
subj08,lateral,3,8,24.21215277657188,12.344628112901628,0.4901474384860765,0.5098525615139234
subj08,lateral,3,9,24.135967478568915,16.417547168380597,0.3197891411248273,0.6802108588751726
subj08,lateral,3,10,19.47093714358364,15.226945054156799,0.21796547634716115,0.7820345236528389
subj08,lateral,3,11,19.211925955385837,14.879856108696186,0.2254885770822579,0.7745114229177421
subj08,lateral,3,12,19.041963314459565,16.440395014934012,0.13662290261582666,0.8633770973841733
subj08,lateral,3,13,19.023284790110626,12.49639521148062,0.34310002981309784,0.6568999701869022
subj08,lateral,3,14,19.66175526598894,15.650023424205019,0.20403731953288257,0.7959626804671175
subj08,lateral,3,15,17.61718751789118,15.198125412732647,0.13731261602919573,0.8626873839708042
subj08,lateral,3,16,17.875003332654117,14.190262004569572,0.20613933656466776,0.7938606634353322
subj08,lateral,3,17,18.125059617098316,15.32110414307396,0.15470048282650822,0.8452995171734917
subj08,lateral,3,18,17.122360303550217,12.459578576042329,0.2723212013323355,0.7276787986676645
subj08,lateral,3,19,18.356014757850716,14.997854469802391,0.18294604424481992,0.81705395575518
subj08,lateral,3,20,19.408389955261146,15.28634373905335,0.21238475863838507,0.787615241361615
subj08,lateral,3,21,19.17685082013526,14.904270058788212,0.2227988735700512,0.7772011264299488
subj08,lateral,3,22,19.289753760552443,16.129755472598642,0.16381745081764595,0.836182549182354
subj08,lateral,3,23,19.070426995027006,12.399384192241053,0.34981087757109797,0.650189122428902
subj08,lateral,3,24,20.01661143415022,15.173126791941671,0.24197325597004443,0.7580267440299555
subj08,lateral,4,0,27.079018414751044,16.451976961234198,0.3924455935126461,0.6075544064873539
subj08,lateral,4,1,26.440693548119615,13.936156758834953,0.4729277152479969,0.5270722847520031
subj08,lateral,4,2,26.50328331334408,14.725536639929013,0.44438821161018627,0.5556117883898137
subj08,lateral,4,3,26.149465425371158,14.69635628275226,0.4379863586621039,0.5620136413378961
subj08,lateral,4,4,27.332693862809137,17.23905149948875,0.3692882382535494,0.6307117617464506
subj08,lateral,4,5,24.156810266659768,17.95696331748855,0.25665006599517776,0.7433499340048222
subj08,lateral,4,6,24.127363069280523,14.603435261647682,0.39473554487845836,0.6052644551215416
subj08,lateral,4,7,24.070579117795944,15.554288998884573,0.3538049532266998,0.6461950467733002
subj08,lateral,4,8,24.262237248373552,14.600839131074954,0.3982072229528734,0.6017927770471265
subj08,lateral,4,9,24.069937954391587,19.156261818983122,0.20414162033649777,0.7958583796635023
subj08,lateral,4,10,19.985764774846817,16.90336499397055,0.1542297638144745,0.8457702361855255
subj08,lateral,4,11,19.07909275304302,14.509607773770673,0.23950221524781556,0.7604977847521844
subj08,lateral,4,12,18.991346592072315,15.485734333784361,0.18458997845636313,0.8154100215436368
subj08,lateral,4,13,19.03014651603848,14.793400931356915,0.22263336654349272,0.7773666334565072
subj08,lateral,4,14,20.56998878076495,17.38822502369818,0.15467989754287312,0.8453201024571269
subj08,lateral,4,15,21.789327126095262,16.463749362267865,0.24441221764252627,0.7555877823574737
subj08,lateral,4,16,21.59703897797149,12.991677463997283,0.39845098778362575,0.6015490122163742
subj08,lateral,4,17,21.888066639829677,13.493221628796032,0.3835352454454593,0.6164647545545406
subj08,lateral,4,18,20.854888492266138,14.378459285666802,0.3105472948944832,0.6894527051055168
subj08,lateral,4,19,22.799353192282098,16.319913597988357,0.2841940093496653,0.7158059906503347
subj08,lateral,4,20,21.404608991134555,16.008897853281407,0.2520817427726881,0.7479182572273119
subj08,lateral,4,21,19.74808485952581,14.623310062845283,0.2595074323983629,0.7404925676016371
subj08,lateral,4,22,19.72655285572673,15.512249367910625,0.2136360832345155,0.7863639167654846
subj08,lateral,4,23,20.36694110815746,13.980931736471234,0.3135477899098197,0.6864522100901803
subj08,lateral,4,24,22.351870076536084,15.973611576048475,0.28535681706485927,0.7146431829351407
subj08,lateral,5,0,26.201196120327293,15.66642369190798,0.4020721947211514,0.5979278052788486
subj08,lateral,5,1,26.083026170545814,14.299788617875382,0.45175883640283354,0.5482411635971665
subj08,lateral,5,2,26.203985778786862,15.005413930435061,0.42736139238090554,0.5726386076190945
subj08,lateral,5,3,25.944866060978633,13.793249403122214,0.46836305222375324,0.5316369477762467
subj08,lateral,5,4,25.67375122016594,13.39082114551528,0.4784236619463227,0.5215763380536773
subj08,lateral,5,5,24.110611589775107,16.48456693339475,0.3162941192090885,0.6837058807909115
subj08,lateral,5,6,24.133286592874793,14.950441991453156,0.38050534750342774,0.6194946524965722
subj08,lateral,5,7,24.065226542961017,15.931077117974878,0.3380042739454429,0.6619957260545571
subj08,lateral,5,8,24.273062414042183,13.976096516810566,0.42421371154530263,0.5757862884546974
subj08,lateral,5,9,24.16002976615056,13.261658386084665,0.45109097486854394,0.5489090251314561
subj08,lateral,5,10,19.533595896867396,15.889705672571308,0.1865447736061981,0.813455226393802
subj08,lateral,5,11,19.15636786964502,14.830589481371206,0.22581412184761798,0.774185878152382
subj08,lateral,5,12,19.013945221486686,15.886655111309366,0.16447349951567808,0.8355265004843219
subj08,lateral,5,13,19.04360695362349,14.242030887748601,0.25213585207718636,0.7478641479228136
subj08,lateral,5,14,18.977186639194414,13.432296360643706,0.29218716050874494,0.7078128394912551
subj08,lateral,5,15,20.682390060988865,15.844714202105237,0.23390313424213263,0.7660968657578674
subj08,lateral,5,16,21.305146984399652,13.33325309343071,0.37417690179777835,0.6258230982022216
subj08,lateral,5,17,21.713624504275916,13.682344322407756,0.3698728501216651,0.630127149878335
subj08,lateral,5,18,20.77199991621682,13.37125801301424,0.35628451439693964,0.6437154856030604
subj08,lateral,5,19,20.123985942131814,13.429724487795323,0.3326508711338993,0.6673491288661006
subj08,lateral,5,20,17.679263467104533,15.66886478015061,0.11371507024003764,0.8862849297599623
subj08,lateral,5,21,17.39117699124817,14.439021517959182,0.16975018279525375,0.8302498172047462
subj08,lateral,5,22,17.316344460074763,15.430026029346427,0.10893283135349409,0.8910671686465059
subj08,lateral,5,23,16.89406118896725,14.286730604655299,0.15433415063126923,0.8456658493687308
subj08,lateral,5,24,16.92004658114542,13.352819446309159,0.2108284464660602,0.7891715535339399
