nsd_73k_id,shared1000,included,exclusion_reason,overlaps_nsd_imagery,anchor_policy
2950,True,False,subj03_rep_beyond_collected;subj04_rep_beyond_collected;subj06_rep_beyond_collected;subj08_rep_beyond_collected,False,shared1000 & all-8-subj complete 3-rep coverage within collected sessions & not NSD-Imagery overlap
2990,True,False,subj03_rep_beyond_collected;subj04_rep_beyond_collected;subj06_rep_beyond_collected;subj08_rep_beyond_collected,False,shared1000 & all-8-subj complete 3-rep coverage within collected sessions & not NSD-Imagery overlap
3049,True,True,,False,shared1000 & all-8-subj complete 3-rep coverage within collected sessions & not NSD-Imagery overlap
3077,True,True,,False,shared1000 & all-8-subj complete 3-rep coverage within collected sessions & not NSD-Imagery overlap
3146,True,False,subj03_rep_beyond_collected;subj04_rep_beyond_collected;subj06_rep_beyond_collected;subj08_rep_beyond_collected,False,shared1000 & all-8-subj complete 3-rep coverage within collected sessions & not NSD-Imagery overlap
3157,True,True,,False,shared1000 & all-8-subj complete 3-rep coverage within collected sessions & not NSD-Imagery overlap
3164,True,True,,False,shared1000 & all-8-subj complete 3-rep coverage within collected sessions & not NSD-Imagery overlap
3171,True,True,,False,shared1000 & all-8-subj complete 3-rep coverage within collected sessions & not NSD-Imagery overlap
3181,True,False,subj03_rep_beyond_collected;subj04_rep_beyond_collected;subj06_rep_beyond_collected;subj08_rep_beyond_collected,False,shared1000 & all-8-subj complete 3-rep coverage within collected sessions & not NSD-Imagery overlap
3386,True,False,subj04_rep_beyond_collected;subj08_rep_beyond_collected,False,shared1000 & all-8-subj complete 3-rep coverage within collected sessions & not NSD-Imagery overlap
3434,True,True,,False,shared1000 & all-8-subj complete 3-rep coverage within collected sessions & not NSD-Imagery overlap
3449,True,True,,False,shared1000 & all-8-subj complete 3-rep coverage within collected sessions & not NSD-Imagery overlap
3489,True,True,,False,shared1000 & all-8-subj complete 3-rep coverage within collected sessions & not NSD-Imagery overlap
3626,True,True,,False,shared1000 & all-8-subj complete 3-rep coverage within collected sessions & not NSD-Imagery overlap
3682,True,True,,False,shared1000 & all-8-subj complete 3-rep coverage within collected sessions & not NSD-Imagery overlap
3687,True,True,,False,shared1000 & all-8-subj complete 3-rep coverage within collected sessions & not NSD-Imagery overlap
3729,True,False,subj03_rep_beyond_collected;subj04_rep_beyond_collected;subj06_rep_beyond_collected;subj08_rep_beyond_collected,False,shared1000 & all-8-subj complete 3-rep coverage within collected sessions & not NSD-Imagery overlap
3809,True,True,,False,shared1000 & all-8-subj complete 3-rep coverage within collected sessions & not NSD-Imagery overlap
3842,True,True,,False,shared1000 & all-8-subj complete 3-rep coverage within collected sessions & not NSD-Imagery overlap
3847,True,True,,False,shared1000 & all-8-subj complete 3-rep coverage within collected sessions & not NSD-Imagery overlap
3856,True,True,,False,shared1000 & all-8-subj complete 3-rep coverage within collected sessions & not NSD-Imagery overlap
3913,True,True,,False,shared1000 & all-8-subj complete 3-rep coverage within collected sessions & not NSD-Imagery overlap
3951,True,False,subj03_rep_beyond_collected;subj04_rep_beyond_collected;subj06_rep_beyond_collected;subj08_rep_beyond_collected,False,shared1000 & all-8-subj complete 3-rep coverage within collected sessions & not NSD-Imagery overlap
4051,True,True,,False,shared1000 & all-8-subj complete 3-rep coverage within collected sessions & not NSD-Imagery overlap
4058,True,False,subj04_rep_beyond_collected;subj08_rep_beyond_collected,False,shared1000 & all-8-subj complete 3-rep coverage within collected sessions & not NSD-Imagery overlap
4129,True,False,subj04_rep_beyond_collected;subj08_rep_beyond_collected,False,shared1000 & all-8-subj complete 3-rep coverage within collected sessions & not NSD-Imagery overlap
4156,True,False,subj03_rep_beyond_collected;subj04_rep_beyond_collected;subj06_rep_beyond_collected;subj08_rep_beyond_collected,False,shared1000 & all-8-subj complete 3-rep coverage within collected sessions & not NSD-Imagery overlap
4249,True,True,,False,shared1000 & all-8-subj complete 3-rep coverage within collected sessions & not NSD-Imagery overlap
4325,True,False,subj03_rep_beyond_collected;subj04_rep_beyond_collected;subj06_rep_beyond_collected;subj08_rep_beyond_collected,False,shared1000 & all-8-subj complete 3-rep coverage within collected sessions & not NSD-Imagery overlap
4423,True,True,,False,shared1000 & all-8-subj complete 3-rep coverage within collected sessions & not NSD-Imagery overlap
4436,True,False,subj03_rep_beyond_collected;subj04_rep_beyond_collected;subj06_rep_beyond_collected;subj08_rep_beyond_collected,False,shared1000 & all-8-subj complete 3-rep coverage within collected sessions & not NSD-Imagery overlap
4612,True,False,subj03_rep_beyond_collected;subj04_rep_beyond_collected;subj06_rep_beyond_collected;subj08_rep_beyond_collected,False,shared1000 & all-8-subj complete 3-rep coverage within collected sessions & not NSD-Imagery overlap
4667,True,True,,False,shared1000 & all-8-subj complete 3-rep coverage within collected sessions & not NSD-Imagery overlap
4690,True,True,,False,shared1000 & all-8-subj complete 3-rep coverage within collected sessions & not NSD-Imagery overlap
4768,True,False,subj03_rep_beyond_collected;subj04_rep_beyond_collected;subj06_rep_beyond_collected;subj08_rep_beyond_collected,False,shared1000 & all-8-subj complete 3-rep coverage within collected sessions & not NSD-Imagery overlap
4786,True,True,,False,shared1000 & all-8-subj complete 3-rep coverage within collected sessions & not NSD-Imagery overlap
4835,True,True,,False,shared1000 & all-8-subj complete 3-rep coverage within collected sessions & not NSD-Imagery overlap
4869,True,False,subj04_rep_beyond_collected;subj08_rep_beyond_collected,False,shared1000 & all-8-subj complete 3-rep coverage within collected sessions & not NSD-Imagery overlap
4892,True,True,,False,shared1000 & all-8-subj complete 3-rep coverage within collected sessions & not NSD-Imagery overlap
4930,True,True,,False,shared1000 & all-8-subj complete 3-rep coverage within collected sessions & not NSD-Imagery overlap
5034,True,True,,False,shared1000 & all-8-subj complete 3-rep coverage within collected sessions & not NSD-Imagery overlap
5106,True,False,subj04_rep_beyond_collected;subj08_rep_beyond_collected,False,shared1000 & all-8-subj complete 3-rep coverage within collected sessions & not NSD-Imagery overlap
5204,True,True,,False,shared1000 & all-8-subj complete 3-rep coverage within collected sessions & not NSD-Imagery overlap
5285,True,False,subj03_rep_beyond_collected;subj04_rep_beyond_collected;subj06_rep_beyond_collected;subj08_rep_beyond_collected,False,shared1000 & all-8-subj complete 3-rep coverage within collected sessions & not NSD-Imagery overlap
5301,True,True,,False,shared1000 & all-8-subj complete 3-rep coverage within collected sessions & not NSD-Imagery overlap
5338,True,True,,False,shared1000 & all-8-subj complete 3-rep coverage within collected sessions & not NSD-Imagery overlap
5427,True,False,subj03_rep_beyond_collected;subj04_rep_beyond_collected;subj06_rep_beyond_collected;subj08_rep_beyond_collected,False,shared1000 & all-8-subj complete 3-rep coverage within collected sessions & not NSD-Imagery overlap
5459,True,False,subj03_rep_beyond_collected;subj04_rep_beyond_collected;subj06_rep_beyond_collected;subj08_rep_beyond_collected,False,shared1000 & all-8-subj complete 3-rep coverage within collected sessions & not NSD-Imagery overlap
5502,True,False,subj03_rep_beyond_collected;subj04_rep_beyond_collected;subj06_rep_beyond_collected;subj08_rep_beyond_collected,False,shared1000 & all-8-subj complete 3-rep coverage within collected sessions & not NSD-Imagery overlap
5542,True,True,,False,shared1000 & all-8-subj complete 3-rep coverage within collected sessions & not NSD-Imagery overlap
5574,True,False,subj04_rep_beyond_collected;subj08_rep_beyond_collected,False,shared1000 & all-8-subj complete 3-rep coverage within collected sessions & not NSD-Imagery overlap
5583,True,True,,False,shared1000 & all-8-subj complete 3-rep coverage within collected sessions & not NSD-Imagery overlap
5602,True,True,,False,shared1000 & all-8-subj complete 3-rep coverage within collected sessions & not NSD-Imagery overlap
5714,True,False,subj03_rep_beyond_collected;subj04_rep_beyond_collected;subj06_rep_beyond_collected;subj08_rep_beyond_collected,False,shared1000 & all-8-subj complete 3-rep coverage within collected sessions & not NSD-Imagery overlap
5878,True,False,subj03_rep_beyond_collected;subj04_rep_beyond_collected;subj06_rep_beyond_collected;subj08_rep_beyond_collected,False,shared1000 & all-8-subj complete 3-rep coverage within collected sessions & not NSD-Imagery overlap
5890,True,False,subj03_rep_beyond_collected;subj04_rep_beyond_collected;subj06_rep_beyond_collected;subj08_rep_beyond_collected,False,shared1000 & all-8-subj complete 3-rep coverage within collected sessions & not NSD-Imagery overlap
6132,True,False,subj03_rep_beyond_collected;subj04_rep_beyond_collected;subj06_rep_beyond_collected;subj08_rep_beyond_collected,False,shared1000 & all-8-subj complete 3-rep coverage within collected sessions & not NSD-Imagery overlap
6199,True,True,,False,shared1000 & all-8-subj complete 3-rep coverage within collected sessions & not NSD-Imagery overlap
6222,True,False,subj03_rep_beyond_collected;subj04_rep_beyond_collected;subj06_rep_beyond_collected;subj08_rep_beyond_collected,False,shared1000 & all-8-subj complete 3-rep coverage within collected sessions & not NSD-Imagery overlap
6431,True,True,,False,shared1000 & all-8-subj complete 3-rep coverage within collected sessions & not NSD-Imagery overlap
6444,True,True,,False,shared1000 & all-8-subj complete 3-rep coverage within collected sessions & not NSD-Imagery overlap
6489,True,True,,False,shared1000 & all-8-subj complete 3-rep coverage within collected sessions & not NSD-Imagery overlap
6514,True,False,subj03_rep_beyond_collected;subj04_rep_beyond_collected;subj06_rep_beyond_collected;subj08_rep_beyond_collected,False,shared1000 & all-8-subj complete 3-rep coverage within collected sessions & not NSD-Imagery overlap
6521,True,True,,False,shared1000 & all-8-subj complete 3-rep coverage within collected sessions & not NSD-Imagery overlap
6524,True,False,subj03_rep_beyond_collected;subj04_rep_beyond_collected;subj06_rep_beyond_collected;subj08_rep_beyond_collected,False,shared1000 & all-8-subj complete 3-rep coverage within collected sessions & not NSD-Imagery overlap
6558,True,False,subj04_rep_beyond_collected;subj08_rep_beyond_collected,False,shared1000 & all-8-subj complete 3-rep coverage within collected sessions & not NSD-Imagery overlap
6640,True,False,subj03_rep_beyond_collected;subj04_rep_beyond_collected;subj06_rep_beyond_collected;subj08_rep_beyond_collected,False,shared1000 & all-8-subj complete 3-rep coverage within collected sessions & not NSD-Imagery overlap
6713,True,False,subj04_rep_beyond_collected;subj08_rep_beyond_collected,False,shared1000 & all-8-subj complete 3-rep coverage within collected sessions & not NSD-Imagery overlap
6801,True,True,,False,shared1000 & all-8-subj complete 3-rep coverage within collected sessions & not NSD-Imagery overlap
7007,True,True,,False,shared1000 & all-8-subj complete 3-rep coverage within collected sessions & not NSD-Imagery overlap
7039,True,True,,False,shared1000 & all-8-subj complete 3-rep coverage within collected sessions & not NSD-Imagery overlap
7120,True,True,,False,shared1000 & all-8-subj complete 3-rep coverage within collected sessions & not NSD-Imagery overlap
7207,True,True,,False,shared1000 & all-8-subj complete 3-rep coverage within collected sessions & not NSD-Imagery overlap
7336,True,False,subj03_rep_beyond_collected;subj04_rep_beyond_collected;subj06_rep_beyond_collected;subj08_rep_beyond_collected,False,shared1000 & all-8-subj complete 3-rep coverage within collected sessions & not NSD-Imagery overlap
7366,True,True,,False,shared1000 & all-8-subj complete 3-rep coverage within collected sessions & not NSD-Imagery overlap
7409,True,False,subj03_rep_beyond_collected;subj04_rep_beyond_collected;subj06_rep_beyond_collected;subj08_rep_beyond_collected,False,shared1000 & all-8-subj complete 3-rep coverage within collected sessions & not NSD-Imagery overlap
7418,True,False,subj04_rep_beyond_collected;subj08_rep_beyond_collected,False,shared1000 & all-8-subj complete 3-rep coverage within collected sessions & not NSD-Imagery overlap
7480,True,False,subj03_rep_beyond_collected;subj04_rep_beyond_collected;subj06_rep_beyond_collected;subj08_rep_beyond_collected,False,shared1000 & all-8-subj complete 3-rep coverage within collected sessions & not NSD-Imagery overlap
7654,True,True,,False,shared1000 & all-8-subj complete 3-rep coverage within collected sessions & not NSD-Imagery overlap
7659,True,False,subj03_rep_beyond_collected;subj04_rep_beyond_collected;subj06_rep_beyond_collected;subj08_rep_beyond_collected,False,shared1000 & all-8-subj complete 3-rep coverage within collected sessions & not NSD-Imagery overlap
7840,True,True,,False,shared1000 & all-8-subj complete 3-rep coverage within collected sessions & not NSD-Imagery overlap
7859,True,True,,False,shared1000 & all-8-subj complete 3-rep coverage within collected sessions & not NSD-Imagery overlap
7944,True,True,,False,shared1000 & all-8-subj complete 3-rep coverage within collected sessions & not NSD-Imagery overlap
7948,True,False,subj04_rep_beyond_collected;subj08_rep_beyond_collected,False,shared1000 & all-8-subj complete 3-rep coverage within collected sessions & not NSD-Imagery overlap
7954,True,False,subj04_rep_beyond_collected;subj08_rep_beyond_collected,False,shared1000 & all-8-subj complete 3-rep coverage within collected sessions & not NSD-Imagery overlap
8006,True,True,,False,shared1000 & all-8-subj complete 3-rep coverage within collected sessions & not NSD-Imagery overlap
8109,True,True,,False,shared1000 & all-8-subj complete 3-rep coverage within collected sessions & not NSD-Imagery overlap
8204,True,False,subj03_rep_beyond_collected;subj04_rep_beyond_collected;subj06_rep_beyond_collected;subj08_rep_beyond_collected,False,shared1000 & all-8-subj complete 3-rep coverage within collected sessions & not NSD-Imagery overlap
8225,True,True,,False,shared1000 & all-8-subj complete 3-rep coverage within collected sessions & not NSD-Imagery overlap
8262,True,False,subj03_rep_beyond_collected;subj04_rep_beyond_collected;subj06_rep_beyond_collected;subj08_rep_beyond_collected,False,shared1000 & all-8-subj complete 3-rep coverage within collected sessions & not NSD-Imagery overlap
8274,True,False,subj03_rep_beyond_collected;subj04_rep_beyond_collected;subj06_rep_beyond_collected;subj08_rep_beyond_collected,False,shared1000 & all-8-subj complete 3-rep coverage within collected sessions & not NSD-Imagery overlap
8318,True,False,subj03_rep_beyond_collected;subj04_rep_beyond_collected;subj06_rep_beyond_collected;subj08_rep_beyond_collected,False,shared1000 & all-8-subj complete 3-rep coverage within collected sessions & not NSD-Imagery overlap
8387,True,False,subj04_rep_beyond_collected;subj08_rep_beyond_collected,False,shared1000 & all-8-subj complete 3-rep coverage within collected sessions & not NSD-Imagery overlap
8394,True,True,,False,shared1000 & all-8-subj complete 3-rep coverage within collected sessions & not NSD-Imagery overlap
8415,True,False,subj03_rep_beyond_collected;subj04_rep_beyond_collected;subj06_rep_beyond_collected;subj08_rep_beyond_collected,False,shared1000 & all-8-subj complete 3-rep coverage within collected sessions & not NSD-Imagery overlap
8435,True,False,subj03_rep_beyond_collected;subj04_rep_beyond_collected;subj06_rep_beyond_collected;subj08_rep_beyond_collected,False,shared1000 & all-8-subj complete 3-rep coverage within collected sessions & not NSD-Imagery overlap
8465,True,False,subj03_rep_beyond_collected;subj04_rep_beyond_collected;subj06_rep_beyond_collected;subj08_rep_beyond_collected,False,shared1000 & all-8-subj complete 3-rep coverage within collected sessions & not NSD-Imagery overlap
8509,True,True,,False,shared1000 & all-8-subj complete 3-rep coverage within collected sessions & not NSD-Imagery overlap
8631,True,False,subj03_rep_beyond_collected;subj04_rep_beyond_collected;subj06_rep_beyond_collected;subj08_rep_beyond_collected,False,shared1000 & all-8-subj complete 3-rep coverage within collected sessions & not NSD-Imagery overlap
8646,True,True,,False,shared1000 & all-8-subj complete 3-rep coverage within collected sessions & not NSD-Imagery overlap
8807,True,True,,False,shared1000 & all-8-subj complete 3-rep coverage within collected sessions & not NSD-Imagery overlap
8843,True,False,subj04_rep_beyond_collected;subj08_rep_beyond_collected,False,shared1000 & all-8-subj complete 3-rep coverage within collected sessions & not NSD-Imagery overlap
8925,True,False,subj03_rep_beyond_collected;subj04_rep_beyond_collected;subj06_rep_beyond_collected;subj08_rep_beyond_collected,False,shared1000 & all-8-subj complete 3-rep coverage within collected sessions & not NSD-Imagery overlap
8933,True,True,,False,shared1000 & all-8-subj complete 3-rep coverage within collected sessions & not NSD-Imagery overlap
9027,True,True,,False,shared1000 & all-8-subj complete 3-rep coverage within collected sessions & not NSD-Imagery overlap
9048,True,True,,False,shared1000 & all-8-subj complete 3-rep coverage within collected sessions & not NSD-Imagery overlap
9147,True,True,,False,shared1000 & all-8-subj complete 3-rep coverage within collected sessions & not NSD-Imagery overlap
9230,True,False,subj03_rep_beyond_collected;subj04_rep_beyond_collected;subj06_rep_beyond_collected;subj08_rep_beyond_collected,False,shared1000 & all-8-subj complete 3-rep coverage within collected sessions & not NSD-Imagery overlap
9434,True,True,,False,shared1000 & all-8-subj complete 3-rep coverage within collected sessions & not NSD-Imagery overlap
9462,True,False,subj03_rep_beyond_collected;subj04_rep_beyond_collected;subj06_rep_beyond_collected;subj08_rep_beyond_collected,False,shared1000 & all-8-subj complete 3-rep coverage within collected sessions & not NSD-Imagery overlap
9680,True,False,subj03_rep_beyond_collected;subj04_rep_beyond_collected;subj06_rep_beyond_collected;subj08_rep_beyond_collected,False,shared1000 & all-8-subj complete 3-rep coverage within collected sessions & not NSD-Imagery overlap
9722,True,False,subj03_rep_beyond_collected;subj04_rep_beyond_collected;subj06_rep_beyond_collected;subj08_rep_beyond_collected,False,shared1000 & all-8-subj complete 3-rep coverage within collected sessions & not NSD-Imagery overlap
9804,True,False,subj03_rep_beyond_collected;subj04_rep_beyond_collected;subj06_rep_beyond_collected;subj08_rep_beyond_collected,False,shared1000 & all-8-subj complete 3-rep coverage within collected sessions & not NSD-Imagery overlap
9847,True,False,subj03_rep_beyond_collected;subj04_rep_beyond_collected;subj06_rep_beyond_collected;subj08_rep_beyond_collected,False,shared1000 & all-8-subj complete 3-rep coverage within collected sessions & not NSD-Imagery overlap
9865,True,False,subj03_rep_beyond_collected;subj04_rep_beyond_collected;subj06_rep_beyond_collected;subj08_rep_beyond_collected,False,shared1000 & all-8-subj complete 3-rep coverage within collected sessions & not NSD-Imagery overlap
9917,True,True,,False,shared1000 & all-8-subj complete 3-rep coverage within collected sessions & not NSD-Imagery overlap
9978,True,False,subj03_rep_beyond_collected;subj04_rep_beyond_collected;subj06_rep_beyond_collected;subj08_rep_beyond_collected,False,shared1000 & all-8-subj complete 3-rep coverage within collected sessions & not NSD-Imagery overlap
10006,True,True,,False,shared1000 & all-8-subj complete 3-rep coverage within collected sessions & not NSD-Imagery overlap
10046,True,True,,False,shared1000 & all-8-subj complete 3-rep coverage within collected sessions & not NSD-Imagery overlap
10064,True,True,,False,shared1000 & all-8-subj complete 3-rep coverage within collected sessions & not NSD-Imagery overlap
10105,True,True,,False,shared1000 & all-8-subj complete 3-rep coverage within collected sessions & not NSD-Imagery overlap
10107,True,True,,False,shared1000 & all-8-subj complete 3-rep coverage within collected sessions & not NSD-Imagery overlap
10244,True,True,,False,shared1000 & all-8-subj complete 3-rep coverage within collected sessions & not NSD-Imagery overlap
10393,True,False,subj03_rep_beyond_collected;subj04_rep_beyond_collected;subj06_rep_beyond_collected;subj08_rep_beyond_collected,False,shared1000 & all-8-subj complete 3-rep coverage within collected sessions & not NSD-Imagery overlap
10471,True,True,,False,shared1000 & all-8-subj complete 3-rep coverage within collected sessions & not NSD-Imagery overlap
10507,True,False,subj04_rep_beyond_collected;subj08_rep_beyond_collected,False,shared1000 & all-8-subj complete 3-rep coverage within collected sessions & not NSD-Imagery overlap
10586,True,False,subj03_rep_beyond_collected;subj04_rep_beyond_collected;subj06_rep_beyond_collected;subj08_rep_beyond_collected,False,shared1000 & all-8-subj complete 3-rep coverage within collected sessions & not NSD-Imagery overlap
10600,True,False,subj03_rep_beyond_collected;subj04_rep_beyond_collected;subj06_rep_beyond_collected;subj08_rep_beyond_collected,False,shared1000 & all-8-subj complete 3-rep coverage within collected sessions & not NSD-Imagery overlap
10610,True,False,subj03_rep_beyond_collected;subj04_rep_beyond_collected;subj06_rep_beyond_collected;subj08_rep_beyond_collected,False,shared1000 & all-8-subj complete 3-rep coverage within collected sessions & not NSD-Imagery overlap
10907,True,False,subj03_rep_beyond_collected;subj04_rep_beyond_collected;subj06_rep_beyond_collected;subj08_rep_beyond_collected,False,shared1000 & all-8-subj complete 3-rep coverage within collected sessions & not NSD-Imagery overlap
11159,True,True,,False,shared1000 & all-8-subj complete 3-rep coverage within collected sessions & not NSD-Imagery overlap
11333,True,True,,False,shared1000 & all-8-subj complete 3-rep coverage within collected sessions & not NSD-Imagery overlap
11487,True,False,subj03_rep_beyond_collected;subj04_rep_beyond_collected;subj06_rep_beyond_collected;subj08_rep_beyond_collected,False,shared1000 & all-8-subj complete 3-rep coverage within collected sessions & not NSD-Imagery overlap
11521,True,True,,False,shared1000 & all-8-subj complete 3-rep coverage within collected sessions & not NSD-Imagery overlap
11566,True,False,subj03_rep_beyond_collected;subj04_rep_beyond_collected;subj06_rep_beyond_collected;subj08_rep_beyond_collected,False,shared1000 & all-8-subj complete 3-rep coverage within collected sessions & not NSD-Imagery overlap
11617,True,True,,False,shared1000 & all-8-subj complete 3-rep coverage within collected sessions & not NSD-Imagery overlap
11635,True,True,,False,shared1000 & all-8-subj complete 3-rep coverage within collected sessions & not NSD-Imagery overlap
11689,True,True,,False,shared1000 & all-8-subj complete 3-rep coverage within collected sessions & not NSD-Imagery overlap
11725,True,True,,False,shared1000 & all-8-subj complete 3-rep coverage within collected sessions & not NSD-Imagery overlap
11796,True,True,,False,shared1000 & all-8-subj complete 3-rep coverage within collected sessions & not NSD-Imagery overlap
11827,True,False,subj03_rep_beyond_collected;subj04_rep_beyond_collected;subj06_rep_beyond_collected;subj08_rep_beyond_collected,False,shared1000 & all-8-subj complete 3-rep coverage within collected sessions & not NSD-Imagery overlap
11837,True,True,,False,shared1000 & all-8-subj complete 3-rep coverage within collected sessions & not NSD-Imagery overlap
11844,True,True,,False,shared1000 & all-8-subj complete 3-rep coverage within collected sessions & not NSD-Imagery overlap
11932,True,True,,False,shared1000 & all-8-subj complete 3-rep coverage within collected sessions & not NSD-Imagery overlap
11942,True,True,,False,shared1000 & all-8-subj complete 3-rep coverage within collected sessions & not NSD-Imagery overlap
11952,True,True,,False,shared1000 & all-8-subj complete 3-rep coverage within collected sessions & not NSD-Imagery overlap
12065,True,False,subj03_rep_beyond_collected;subj04_rep_beyond_collected;subj06_rep_beyond_collected;subj08_rep_beyond_collected,False,shared1000 & all-8-subj complete 3-rep coverage within collected sessions & not NSD-Imagery overlap
12075,True,False,subj03_rep_beyond_collected;subj04_rep_beyond_collected;subj06_rep_beyond_collected;subj08_rep_beyond_collected,False,shared1000 & all-8-subj complete 3-rep coverage within collected sessions & not NSD-Imagery overlap
12214,True,False,subj03_rep_beyond_collected;subj04_rep_beyond_collected;subj06_rep_beyond_collected;subj08_rep_beyond_collected,False,shared1000 & all-8-subj complete 3-rep coverage within collected sessions & not NSD-Imagery overlap
12308,True,True,,False,shared1000 & all-8-subj complete 3-rep coverage within collected sessions & not NSD-Imagery overlap
12487,True,False,subj03_rep_beyond_collected;subj04_rep_beyond_collected;subj06_rep_beyond_collected;subj08_rep_beyond_collected,False,shared1000 & all-8-subj complete 3-rep coverage within collected sessions & not NSD-Imagery overlap
12495,True,False,subj03_rep_beyond_collected;subj04_rep_beyond_collected;subj06_rep_beyond_collected;subj08_rep_beyond_collected,False,shared1000 & all-8-subj complete 3-rep coverage within collected sessions & not NSD-Imagery overlap
12634,True,False,subj03_rep_beyond_collected;subj04_rep_beyond_collected;subj06_rep_beyond_collected;subj08_rep_beyond_collected,False,shared1000 & all-8-subj complete 3-rep coverage within collected sessions & not NSD-Imagery overlap
12685,True,False,subj04_rep_beyond_collected;subj08_rep_beyond_collected,False,shared1000 & all-8-subj complete 3-rep coverage within collected sessions & not NSD-Imagery overlap
12796,True,True,,False,shared1000 & all-8-subj complete 3-rep coverage within collected sessions & not NSD-Imagery overlap
12798,True,False,subj03_rep_beyond_collected;subj04_rep_beyond_collected;subj06_rep_beyond_collected;subj08_rep_beyond_collected,False,shared1000 & all-8-subj complete 3-rep coverage within collected sessions & not NSD-Imagery overlap
12922,True,True,,False,shared1000 & all-8-subj complete 3-rep coverage within collected sessions & not NSD-Imagery overlap
12937,True,False,subj03_rep_beyond_collected;subj04_rep_beyond_collected;subj06_rep_beyond_collected;subj08_rep_beyond_collected,False,shared1000 & all-8-subj complete 3-rep coverage within collected sessions & not NSD-Imagery overlap
13138,True,True,,False,shared1000 & all-8-subj complete 3-rep coverage within collected sessions & not NSD-Imagery overlap
13230,True,False,subj04_rep_beyond_collected;subj08_rep_beyond_collected,False,shared1000 & all-8-subj complete 3-rep coverage within collected sessions & not NSD-Imagery overlap
13312,True,True,,False,shared1000 & all-8-subj complete 3-rep coverage within collected sessions & not NSD-Imagery overlap
13314,True,True,,False,shared1000 & all-8-subj complete 3-rep coverage within collected sessions & not NSD-Imagery overlap
13613,True,True,,False,shared1000 & all-8-subj complete 3-rep coverage within collected sessions & not NSD-Imagery overlap
13653,True,False,subj03_rep_beyond_collected;subj04_rep_beyond_collected;subj06_rep_beyond_collected;subj08_rep_beyond_collected,False,shared1000 & all-8-subj complete 3-rep coverage within collected sessions & not NSD-Imagery overlap
13662,True,False,subj03_rep_beyond_collected;subj04_rep_beyond_collected;subj06_rep_beyond_collected;subj08_rep_beyond_collected,False,shared1000 & all-8-subj complete 3-rep coverage within collected sessions & not NSD-Imagery overlap
13720,True,False,subj04_rep_beyond_collected;subj08_rep_beyond_collected,False,shared1000 & all-8-subj complete 3-rep coverage within collected sessions & not NSD-Imagery overlap
13846,True,False,subj04_rep_beyond_collected;subj08_rep_beyond_collected,False,shared1000 & all-8-subj complete 3-rep coverage within collected sessions & not NSD-Imagery overlap
14110,True,False,subj03_rep_beyond_collected;subj04_rep_beyond_collected;subj06_rep_beyond_collected;subj08_rep_beyond_collected,False,shared1000 & all-8-subj complete 3-rep coverage within collected sessions & not NSD-Imagery overlap
14121,True,False,subj03_rep_beyond_collected;subj04_rep_beyond_collected;subj06_rep_beyond_collected;subj08_rep_beyond_collected,False,shared1000 & all-8-subj complete 3-rep coverage within collected sessions & not NSD-Imagery overlap
14165,True,False,subj03_rep_beyond_collected;subj04_rep_beyond_collected;subj06_rep_beyond_collected;subj08_rep_beyond_collected,False,shared1000 & all-8-subj complete 3-rep coverage within collected sessions & not NSD-Imagery overlap
14179,True,True,,False,shared1000 & all-8-subj complete 3-rep coverage within collected sessions & not NSD-Imagery overlap
14443,True,False,subj03_rep_beyond_collected;subj04_rep_beyond_collected;subj06_rep_beyond_collected;subj08_rep_beyond_collected,False,shared1000 & all-8-subj complete 3-rep coverage within collected sessions & not NSD-Imagery overlap
14528,True,True,,False,shared1000 & all-8-subj complete 3-rep coverage within collected sessions & not NSD-Imagery overlap
14567,True,False,subj03_rep_beyond_collected;subj04_rep_beyond_collected;subj06_rep_beyond_collected;subj08_rep_beyond_collected,False,shared1000 & all-8-subj complete 3-rep coverage within collected sessions & not NSD-Imagery overlap
14594,True,True,,False,shared1000 & all-8-subj complete 3-rep coverage within collected sessions & not NSD-Imagery overlap
14610,True,True,,False,shared1000 & all-8-subj complete 3-rep coverage within collected sessions & not NSD-Imagery overlap
14644,True,False,subj03_rep_beyond_collected;subj04_rep_beyond_collected;subj06_rep_beyond_collected;subj08_rep_beyond_collected,False,shared1000 & all-8-subj complete 3-rep coverage within collected sessions & not NSD-Imagery overlap
14793,True,True,,False,shared1000 & all-8-subj complete 3-rep coverage within collected sessions & not NSD-Imagery overlap
14808,True,False,subj03_rep_beyond_collected;subj04_rep_beyond_collected;subj06_rep_beyond_collected;subj08_rep_beyond_collected,False,shared1000 & all-8-subj complete 3-rep coverage within collected sessions & not NSD-Imagery overlap
14820,True,True,,False,shared1000 & all-8-subj complete 3-rep coverage within collected sessions & not NSD-Imagery overlap
14898,True,True,,False,shared1000 & all-8-subj complete 3-rep coverage within collected sessions & not NSD-Imagery overlap
14931,True,False,subj03_rep_beyond_collected;subj04_rep_beyond_collected;subj06_rep_beyond_collected;subj08_rep_beyond_collected,False,shared1000 & all-8-subj complete 3-rep coverage within collected sessions & not NSD-Imagery overlap
15003,True,False,subj04_rep_beyond_collected;subj08_rep_beyond_collected,False,shared1000 & all-8-subj complete 3-rep coverage within collected sessions & not NSD-Imagery overlap
15025,True,False,subj03_rep_beyond_collected;subj04_rep_beyond_collected;subj06_rep_beyond_collected;subj08_rep_beyond_collected,False,shared1000 & all-8-subj complete 3-rep coverage within collected sessions & not NSD-Imagery overlap
15128,True,False,subj03_rep_beyond_collected;subj04_rep_beyond_collected;subj06_rep_beyond_collected;subj08_rep_beyond_collected,False,shared1000 & all-8-subj complete 3-rep coverage within collected sessions & not NSD-Imagery overlap
15364,True,True,,False,shared1000 & all-8-subj complete 3-rep coverage within collected sessions & not NSD-Imagery overlap
15492,True,False,subj03_rep_beyond_collected;subj04_rep_beyond_collected;subj06_rep_beyond_collected;subj08_rep_beyond_collected,False,shared1000 & all-8-subj complete 3-rep coverage within collected sessions & not NSD-Imagery overlap
15506,True,True,,False,shared1000 & all-8-subj complete 3-rep coverage within collected sessions & not NSD-Imagery overlap
15793,True,False,subj03_rep_beyond_collected;subj04_rep_beyond_collected;subj06_rep_beyond_collected;subj08_rep_beyond_collected,False,shared1000 & all-8-subj complete 3-rep coverage within collected sessions & not NSD-Imagery overlap
15819,True,True,,False,shared1000 & all-8-subj complete 3-rep coverage within collected sessions & not NSD-Imagery overlap
15939,True,True,,False,shared1000 & all-8-subj complete 3-rep coverage within collected sessions & not NSD-Imagery overlap
16063,True,False,subj04_rep_beyond_collected;subj08_rep_beyond_collected,False,shared1000 & all-8-subj complete 3-rep coverage within collected sessions & not NSD-Imagery overlap
16252,True,True,,False,shared1000 & all-8-subj complete 3-rep coverage within collected sessions & not NSD-Imagery overlap
16344,True,True,,False,shared1000 & all-8-subj complete 3-rep coverage within collected sessions & not NSD-Imagery overlap
16421,True,False,subj03_rep_beyond_collected;subj04_rep_beyond_collected;subj06_rep_beyond_collected;subj08_rep_beyond_collected,False,shared1000 & all-8-subj complete 3-rep coverage within collected sessions & not NSD-Imagery overlap
16466,True,False,subj03_rep_beyond_collected;subj04_rep_beyond_collected;subj06_rep_beyond_collected;subj08_rep_beyond_collected,False,shared1000 & all-8-subj complete 3-rep coverage within collected sessions & not NSD-Imagery overlap
16616,True,True,,False,shared1000 & all-8-subj complete 3-rep coverage within collected sessions & not NSD-Imagery overlap
16635,True,False,subj03_rep_beyond_collected;subj04_rep_beyond_collected;subj06_rep_beyond_collected;subj08_rep_beyond_collected,False,shared1000 & all-8-subj complete 3-rep coverage within collected sessions & not NSD-Imagery overlap
16655,True,False,subj04_rep_beyond_collected;subj08_rep_beyond_collected,False,shared1000 & all-8-subj complete 3-rep coverage within collected sessions & not NSD-Imagery overlap
16702,True,True,,False,shared1000 & all-8-subj complete 3-rep coverage within collected sessions & not NSD-Imagery overlap
16723,True,False,subj04_rep_beyond_collected;subj08_rep_beyond_collected,False,shared1000 & all-8-subj complete 3-rep coverage within collected sessions & not NSD-Imagery overlap
16823,True,True,,False,shared1000 & all-8-subj complete 3-rep coverage within collected sessions & not NSD-Imagery overlap
16841,True,False,subj03_rep_beyond_collected;subj04_rep_beyond_collected;subj06_rep_beyond_collected;subj08_rep_beyond_collected,False,shared1000 & all-8-subj complete 3-rep coverage within collected sessions & not NSD-Imagery overlap
16865,True,False,subj04_rep_beyond_collected;subj08_rep_beyond_collected,False,shared1000 & all-8-subj complete 3-rep coverage within collected sessions & not NSD-Imagery overlap
16868,True,False,subj03_rep_beyond_collected;subj04_rep_beyond_collected;subj06_rep_beyond_collected;subj08_rep_beyond_collected,False,shared1000 & all-8-subj complete 3-rep coverage within collected sessions & not NSD-Imagery overlap
16917,True,True,,False,shared1000 & all-8-subj complete 3-rep coverage within collected sessions & not NSD-Imagery overlap
17048,True,True,,False,shared1000 & all-8-subj complete 3-rep coverage within collected sessions & not NSD-Imagery overlap
17230,True,False,subj03_rep_beyond_collected;subj04_rep_beyond_collected;subj06_rep_beyond_collected;subj08_rep_beyond_collected,False,shared1000 & all-8-subj complete 3-rep coverage within collected sessions & not NSD-Imagery overlap
17238,True,False,subj03_rep_beyond_collected;subj04_rep_beyond_collected;subj06_rep_beyond_collected;subj08_rep_beyond_collected,False,shared1000 & all-8-subj complete 3-rep coverage within collected sessions & not NSD-Imagery overlap
17369,True,False,subj03_rep_beyond_collected;subj04_rep_beyond_collected;subj06_rep_beyond_collected;subj08_rep_beyond_collected,False,shared1000 & all-8-subj complete 3-rep coverage within collected sessions & not NSD-Imagery overlap
17374,True,True,,False,shared1000 & all-8-subj complete 3-rep coverage within collected sessions & not NSD-Imagery overlap
17450,True,False,subj04_rep_beyond_collected;subj08_rep_beyond_collected,False,shared1000 & all-8-subj complete 3-rep coverage within collected sessions & not NSD-Imagery overlap
17463,True,False,subj04_rep_beyond_collected;subj08_rep_beyond_collected,False,shared1000 & all-8-subj complete 3-rep coverage within collected sessions & not NSD-Imagery overlap
17485,True,True,,False,shared1000 & all-8-subj complete 3-rep coverage within collected sessions & not NSD-Imagery overlap
17549,True,True,,False,shared1000 & all-8-subj complete 3-rep coverage within collected sessions & not NSD-Imagery overlap
17595,True,False,subj04_rep_beyond_collected;subj08_rep_beyond_collected,False,shared1000 & all-8-subj complete 3-rep coverage within collected sessions & not NSD-Imagery overlap
17776,True,False,subj04_rep_beyond_collected;subj08_rep_beyond_collected,False,shared1000 & all-8-subj complete 3-rep coverage within collected sessions & not NSD-Imagery overlap
17794,True,False,subj03_rep_beyond_collected;subj04_rep_beyond_collected;subj06_rep_beyond_collected;subj08_rep_beyond_collected,False,shared1000 & all-8-subj complete 3-rep coverage within collected sessions & not NSD-Imagery overlap
17934,True,True,,False,shared1000 & all-8-subj complete 3-rep coverage within collected sessions & not NSD-Imagery overlap
17942,True,False,subj03_rep_beyond_collected;subj04_rep_beyond_collected;subj06_rep_beyond_collected;subj08_rep_beyond_collected,False,shared1000 & all-8-subj complete 3-rep coverage within collected sessions & not NSD-Imagery overlap
18268,True,False,subj03_rep_beyond_collected;subj04_rep_beyond_collected;subj06_rep_beyond_collected;subj08_rep_beyond_collected,False,shared1000 & all-8-subj complete 3-rep coverage within collected sessions & not NSD-Imagery overlap
18434,True,True,,False,shared1000 & all-8-subj complete 3-rep coverage within collected sessions & not NSD-Imagery overlap
18483,True,False,subj03_rep_beyond_collected;subj04_rep_beyond_collected;subj06_rep_beyond_collected;subj08_rep_beyond_collected,False,shared1000 & all-8-subj complete 3-rep coverage within collected sessions & not NSD-Imagery overlap
18505,True,False,subj03_rep_beyond_collected;subj04_rep_beyond_collected;subj06_rep_beyond_collected;subj08_rep_beyond_collected,False,shared1000 & all-8-subj complete 3-rep coverage within collected sessions & not NSD-Imagery overlap
18535,True,False,subj03_rep_beyond_collected;subj04_rep_beyond_collected;subj06_rep_beyond_collected;subj08_rep_beyond_collected,False,shared1000 & all-8-subj complete 3-rep coverage within collected sessions & not NSD-Imagery overlap
18543,True,True,,False,shared1000 & all-8-subj complete 3-rep coverage within collected sessions & not NSD-Imagery overlap
18690,True,False,subj04_rep_beyond_collected;subj08_rep_beyond_collected,False,shared1000 & all-8-subj complete 3-rep coverage within collected sessions & not NSD-Imagery overlap
18796,True,False,subj04_rep_beyond_collected;subj08_rep_beyond_collected,False,shared1000 & all-8-subj complete 3-rep coverage within collected sessions & not NSD-Imagery overlap
19074,True,True,,False,shared1000 & all-8-subj complete 3-rep coverage within collected sessions & not NSD-Imagery overlap
19181,True,True,,False,shared1000 & all-8-subj complete 3-rep coverage within collected sessions & not NSD-Imagery overlap
19199,True,True,,False,shared1000 & all-8-subj complete 3-rep coverage within collected sessions & not NSD-Imagery overlap
19200,True,False,subj03_rep_beyond_collected;subj04_rep_beyond_collected;subj06_rep_beyond_collected;subj08_rep_beyond_collected,False,shared1000 & all-8-subj complete 3-rep coverage within collected sessions & not NSD-Imagery overlap
19292,True,False,subj03_rep_beyond_collected;subj04_rep_beyond_collected;subj06_rep_beyond_collected;subj08_rep_beyond_collected,False,shared1000 & all-8-subj complete 3-rep coverage within collected sessions & not NSD-Imagery overlap
19436,True,True,,False,shared1000 & all-8-subj complete 3-rep coverage within collected sessions & not NSD-Imagery overlap
19573,True,False,subj03_rep_beyond_collected;subj04_rep_beyond_collected;subj06_rep_beyond_collected;subj08_rep_beyond_collected,False,shared1000 & all-8-subj complete 3-rep coverage within collected sessions & not NSD-Imagery overlap
19642,True,False,subj03_rep_beyond_collected;subj04_rep_beyond_collected;subj06_rep_beyond_collected;subj08_rep_beyond_collected,False,shared1000 & all-8-subj complete 3-rep coverage within collected sessions & not NSD-Imagery overlap
19672,True,False,subj03_rep_beyond_collected;subj04_rep_beyond_collected;subj06_rep_beyond_collected;subj08_rep_beyond_collected,False,shared1000 & all-8-subj complete 3-rep coverage within collected sessions & not NSD-Imagery overlap
19690,True,False,subj03_rep_beyond_collected;subj04_rep_beyond_collected;subj06_rep_beyond_collected;subj08_rep_beyond_collected,False,shared1000 & all-8-subj complete 3-rep coverage within collected sessions & not NSD-Imagery overlap
19933,True,True,,False,shared1000 & all-8-subj complete 3-rep coverage within collected sessions & not NSD-Imagery overlap
20054,True,True,,False,shared1000 & all-8-subj complete 3-rep coverage within collected sessions & not NSD-Imagery overlap
20064,True,False,subj03_rep_beyond_collected;subj04_rep_beyond_collected;subj06_rep_beyond_collected;subj08_rep_beyond_collected,False,shared1000 & all-8-subj complete 3-rep coverage within collected sessions & not NSD-Imagery overlap
20080,True,True,,False,shared1000 & all-8-subj complete 3-rep coverage within collected sessions & not NSD-Imagery overlap
20206,True,True,,False,shared1000 & all-8-subj complete 3-rep coverage within collected sessions & not NSD-Imagery overlap
20223,True,False,subj03_rep_beyond_collected;subj04_rep_beyond_collected;subj06_rep_beyond_collected;subj08_rep_beyond_collected,False,shared1000 & all-8-subj complete 3-rep coverage within collected sessions & not NSD-Imagery overlap
20265,True,True,,False,shared1000 & all-8-subj complete 3-rep coverage within collected sessions & not NSD-Imagery overlap
20307,True,False,subj03_rep_beyond_collected;subj04_rep_beyond_collected;subj06_rep_beyond_collected;subj08_rep_beyond_collected,False,shared1000 & all-8-subj complete 3-rep coverage within collected sessions & not NSD-Imagery overlap
20442,True,True,,False,shared1000 & all-8-subj complete 3-rep coverage within collected sessions & not NSD-Imagery overlap
20633,True,True,,False,shared1000 & all-8-subj complete 3-rep coverage within collected sessions & not NSD-Imagery overlap
20650,True,True,,False,shared1000 & all-8-subj complete 3-rep coverage within collected sessions & not NSD-Imagery overlap
20702,True,False,subj04_rep_beyond_collected;subj08_rep_beyond_collected,False,shared1000 & all-8-subj complete 3-rep coverage within collected sessions & not NSD-Imagery overlap
20738,True,True,,False,shared1000 & all-8-subj complete 3-rep coverage within collected sessions & not NSD-Imagery overlap
20777,True,False,subj03_rep_beyond_collected;subj04_rep_beyond_collected;subj06_rep_beyond_collected;subj08_rep_beyond_collected,False,shared1000 & all-8-subj complete 3-rep coverage within collected sessions & not NSD-Imagery overlap
20820,True,True,,False,shared1000 & all-8-subj complete 3-rep coverage within collected sessions & not NSD-Imagery overlap
21108,True,True,,False,shared1000 & all-8-subj complete 3-rep coverage within collected sessions & not NSD-Imagery overlap
21192,True,True,,False,shared1000 & all-8-subj complete 3-rep coverage within collected sessions & not NSD-Imagery overlap
21194,True,True,,False,shared1000 & all-8-subj complete 3-rep coverage within collected sessions & not NSD-Imagery overlap
21197,True,False,subj04_rep_beyond_collected;subj08_rep_beyond_collected,False,shared1000 & all-8-subj complete 3-rep coverage within collected sessions & not NSD-Imagery overlap
21218,True,True,,False,shared1000 & all-8-subj complete 3-rep coverage within collected sessions & not NSD-Imagery overlap
21253,True,True,,False,shared1000 & all-8-subj complete 3-rep coverage within collected sessions & not NSD-Imagery overlap
21279,True,True,,False,shared1000 & all-8-subj complete 3-rep coverage within collected sessions & not NSD-Imagery overlap
21318,True,False,subj03_rep_beyond_collected;subj04_rep_beyond_collected;subj06_rep_beyond_collected;subj08_rep_beyond_collected,False,shared1000 & all-8-subj complete 3-rep coverage within collected sessions & not NSD-Imagery overlap
21508,True,False,subj03_rep_beyond_collected;subj04_rep_beyond_collected;subj06_rep_beyond_collected;subj08_rep_beyond_collected,False,shared1000 & all-8-subj complete 3-rep coverage within collected sessions & not NSD-Imagery overlap
21526,True,False,subj03_rep_beyond_collected;subj04_rep_beyond_collected;subj06_rep_beyond_collected;subj08_rep_beyond_collected,False,shared1000 & all-8-subj complete 3-rep coverage within collected sessions & not NSD-Imagery overlap
21553,True,False,subj04_rep_beyond_collected;subj08_rep_beyond_collected,False,shared1000 & all-8-subj complete 3-rep coverage within collected sessions & not NSD-Imagery overlap
21601,True,True,,False,shared1000 & all-8-subj complete 3-rep coverage within collected sessions & not NSD-Imagery overlap
21703,True,False,subj03_rep_beyond_collected;subj04_rep_beyond_collected;subj06_rep_beyond_collected;subj08_rep_beyond_collected,False,shared1000 & all-8-subj complete 3-rep coverage within collected sessions & not NSD-Imagery overlap
21950,True,True,,False,shared1000 & all-8-subj complete 3-rep coverage within collected sessions & not NSD-Imagery overlap
21989,True,False,subj03_rep_beyond_collected;subj04_rep_beyond_collected;subj06_rep_beyond_collected;subj08_rep_beyond_collected,False,shared1000 & all-8-subj complete 3-rep coverage within collected sessions & not NSD-Imagery overlap
22138,True,False,subj04_rep_beyond_collected;subj08_rep_beyond_collected,False,shared1000 & all-8-subj complete 3-rep coverage within collected sessions & not NSD-Imagery overlap
22143,True,False,subj03_rep_beyond_collected;subj04_rep_beyond_collected;subj06_rep_beyond_collected;subj08_rep_beyond_collected,False,shared1000 & all-8-subj complete 3-rep coverage within collected sessions & not NSD-Imagery overlap
22155,True,False,subj03_rep_beyond_collected;subj04_rep_beyond_collected;subj06_rep_beyond_collected;subj08_rep_beyond_collected,False,shared1000 & all-8-subj complete 3-rep coverage within collected sessions & not NSD-Imagery overlap
22263,True,True,,False,shared1000 & all-8-subj complete 3-rep coverage within collected sessions & not NSD-Imagery overlap
22387,True,False,subj04_rep_beyond_collected;subj08_rep_beyond_collected,False,shared1000 & all-8-subj complete 3-rep coverage within collected sessions & not NSD-Imagery overlap
22495,True,True,,False,shared1000 & all-8-subj complete 3-rep coverage within collected sessions & not NSD-Imagery overlap
22505,True,False,subj03_rep_beyond_collected;subj04_rep_beyond_collected;subj06_rep_beyond_collected;subj08_rep_beyond_collected,False,shared1000 & all-8-subj complete 3-rep coverage within collected sessions & not NSD-Imagery overlap
22515,True,True,,False,shared1000 & all-8-subj complete 3-rep coverage within collected sessions & not NSD-Imagery overlap
22523,True,True,,False,shared1000 & all-8-subj complete 3-rep coverage within collected sessions & not NSD-Imagery overlap
22530,True,True,,False,shared1000 & all-8-subj complete 3-rep coverage within collected sessions & not NSD-Imagery overlap
22585,True,False,subj03_rep_beyond_collected;subj04_rep_beyond_collected;subj06_rep_beyond_collected;subj08_rep_beyond_collected,False,shared1000 & all-8-subj complete 3-rep coverage within collected sessions & not NSD-Imagery overlap
22587,True,True,,False,shared1000 & all-8-subj complete 3-rep coverage within collected sessions & not NSD-Imagery overlap
22772,True,False,subj04_rep_beyond_collected;subj08_rep_beyond_collected,False,shared1000 & all-8-subj complete 3-rep coverage within collected sessions & not NSD-Imagery overlap
22782,True,False,subj03_rep_beyond_collected;subj04_rep_beyond_collected;subj06_rep_beyond_collected;subj08_rep_beyond_collected,False,shared1000 & all-8-subj complete 3-rep coverage within collected sessions & not NSD-Imagery overlap
22794,True,True,,False,shared1000 & all-8-subj complete 3-rep coverage within collected sessions & not NSD-Imagery overlap
22809,True,False,subj04_rep_beyond_collected;subj08_rep_beyond_collected,False,shared1000 & all-8-subj complete 3-rep coverage within collected sessions & not NSD-Imagery overlap
22845,True,False,subj03_rep_beyond_collected;subj04_rep_beyond_collected;subj06_rep_beyond_collected;subj08_rep_beyond_collected,False,shared1000 & all-8-subj complete 3-rep coverage within collected sessions & not NSD-Imagery overlap
22873,True,False,subj03_rep_beyond_collected;subj04_rep_beyond_collected;subj06_rep_beyond_collected;subj08_rep_beyond_collected,False,shared1000 & all-8-subj complete 3-rep coverage within collected sessions & not NSD-Imagery overlap
22879,True,True,,False,shared1000 & all-8-subj complete 3-rep coverage within collected sessions & not NSD-Imagery overlap
22886,True,False,subj04_rep_beyond_collected;subj08_rep_beyond_collected,False,shared1000 & all-8-subj complete 3-rep coverage within collected sessions & not NSD-Imagery overlap
22957,True,True,,False,shared1000 & all-8-subj complete 3-rep coverage within collected sessions & not NSD-Imagery overlap
22967,True,True,,False,shared1000 & all-8-subj complete 3-rep coverage within collected sessions & not NSD-Imagery overlap
22993,True,True,,False,shared1000 & all-8-subj complete 3-rep coverage within collected sessions & not NSD-Imagery overlap
23036,True,True,,False,shared1000 & all-8-subj complete 3-rep coverage within collected sessions & not NSD-Imagery overlap
23241,True,True,,False,shared1000 & all-8-subj complete 3-rep coverage within collected sessions & not NSD-Imagery overlap
23492,True,False,subj03_rep_beyond_collected;subj04_rep_beyond_collected;subj06_rep_beyond_collected;subj08_rep_beyond_collected,False,shared1000 & all-8-subj complete 3-rep coverage within collected sessions & not NSD-Imagery overlap
23715,True,True,,False,shared1000 & all-8-subj complete 3-rep coverage within collected sessions & not NSD-Imagery overlap
23729,True,True,,False,shared1000 & all-8-subj complete 3-rep coverage within collected sessions & not NSD-Imagery overlap
23871,True,False,subj03_rep_beyond_collected;subj04_rep_beyond_collected;subj06_rep_beyond_collected;subj08_rep_beyond_collected,False,shared1000 & all-8-subj complete 3-rep coverage within collected sessions & not NSD-Imagery overlap
23876,True,False,subj04_rep_beyond_collected;subj08_rep_beyond_collected,False,shared1000 & all-8-subj complete 3-rep coverage within collected sessions & not NSD-Imagery overlap
23883,True,False,subj04_rep_beyond_collected;subj08_rep_beyond_collected,False,shared1000 & all-8-subj complete 3-rep coverage within collected sessions & not NSD-Imagery overlap
23993,True,True,,False,shared1000 & all-8-subj complete 3-rep coverage within collected sessions & not NSD-Imagery overlap
24202,True,True,,False,shared1000 & all-8-subj complete 3-rep coverage within collected sessions & not NSD-Imagery overlap
24214,True,True,,False,shared1000 & all-8-subj complete 3-rep coverage within collected sessions & not NSD-Imagery overlap
24264,True,False,subj03_rep_beyond_collected;subj04_rep_beyond_collected;subj06_rep_beyond_collected;subj08_rep_beyond_collected,False,shared1000 & all-8-subj complete 3-rep coverage within collected sessions & not NSD-Imagery overlap
24317,True,False,subj04_rep_beyond_collected;subj08_rep_beyond_collected,False,shared1000 & all-8-subj complete 3-rep coverage within collected sessions & not NSD-Imagery overlap
24480,True,False,subj03_rep_beyond_collected;subj04_rep_beyond_collected;subj06_rep_beyond_collected;subj08_rep_beyond_collected,False,shared1000 & all-8-subj complete 3-rep coverage within collected sessions & not NSD-Imagery overlap
24517,True,True,,False,shared1000 & all-8-subj complete 3-rep coverage within collected sessions & not NSD-Imagery overlap
24530,True,True,,False,shared1000 & all-8-subj complete 3-rep coverage within collected sessions & not NSD-Imagery overlap
24560,True,True,,False,shared1000 & all-8-subj complete 3-rep coverage within collected sessions & not NSD-Imagery overlap
24638,True,False,subj03_rep_beyond_collected;subj04_rep_beyond_collected;subj06_rep_beyond_collected;subj08_rep_beyond_collected,False,shared1000 & all-8-subj complete 3-rep coverage within collected sessions & not NSD-Imagery overlap
24640,True,True,,False,shared1000 & all-8-subj complete 3-rep coverage within collected sessions & not NSD-Imagery overlap
24649,True,False,subj03_rep_beyond_collected;subj04_rep_beyond_collected;subj06_rep_beyond_collected;subj08_rep_beyond_collected,False,shared1000 & all-8-subj complete 3-rep coverage within collected sessions & not NSD-Imagery overlap
24739,True,False,subj03_rep_beyond_collected;subj04_rep_beyond_collected;subj06_rep_beyond_collected;subj08_rep_beyond_collected,False,shared1000 & all-8-subj complete 3-rep coverage within collected sessions & not NSD-Imagery overlap
24740,True,False,subj04_rep_beyond_collected;subj08_rep_beyond_collected,False,shared1000 & all-8-subj complete 3-rep coverage within collected sessions & not NSD-Imagery overlap
24787,True,False,subj03_rep_beyond_collected;subj04_rep_beyond_collected;subj06_rep_beyond_collected;subj08_rep_beyond_collected,False,shared1000 & all-8-subj complete 3-rep coverage within collected sessions & not NSD-Imagery overlap
24846,True,True,,False,shared1000 & all-8-subj complete 3-rep coverage within collected sessions & not NSD-Imagery overlap
25059,True,False,subj03_rep_beyond_collected;subj04_rep_beyond_collected;subj06_rep_beyond_collected;subj08_rep_beyond_collected,False,shared1000 & all-8-subj complete 3-rep coverage within collected sessions & not NSD-Imagery overlap
25091,True,True,,False,shared1000 & all-8-subj complete 3-rep coverage within collected sessions & not NSD-Imagery overlap
25111,True,True,,False,shared1000 & all-8-subj complete 3-rep coverage within collected sessions & not NSD-Imagery overlap
25205,True,False,subj03_rep_beyond_collected;subj04_rep_beyond_collected;subj06_rep_beyond_collected;subj08_rep_beyond_collected,False,shared1000 & all-8-subj complete 3-rep coverage within collected sessions & not NSD-Imagery overlap
25250,True,True,,False,shared1000 & all-8-subj complete 3-rep coverage within collected sessions & not NSD-Imagery overlap
25268,True,True,,False,shared1000 & all-8-subj complete 3-rep coverage within collected sessions & not NSD-Imagery overlap
25284,True,True,,False,shared1000 & all-8-subj complete 3-rep coverage within collected sessions & not NSD-Imagery overlap
25287,True,False,subj03_rep_beyond_collected;subj04_rep_beyond_collected;subj06_rep_beyond_collected;subj08_rep_beyond_collected,False,shared1000 & all-8-subj complete 3-rep coverage within collected sessions & not NSD-Imagery overlap
25318,True,True,,False,shared1000 & all-8-subj complete 3-rep coverage within collected sessions & not NSD-Imagery overlap
25319,True,True,,False,shared1000 & all-8-subj complete 3-rep coverage within collected sessions & not NSD-Imagery overlap
25371,True,True,,False,shared1000 & all-8-subj complete 3-rep coverage within collected sessions & not NSD-Imagery overlap
25454,True,False,subj03_rep_beyond_collected;subj04_rep_beyond_collected;subj06_rep_beyond_collected;subj08_rep_beyond_collected,False,shared1000 & all-8-subj complete 3-rep coverage within collected sessions & not NSD-Imagery overlap
25570,True,False,subj03_rep_beyond_collected;subj04_rep_beyond_collected;subj06_rep_beyond_collected;subj08_rep_beyond_collected,False,shared1000 & all-8-subj complete 3-rep coverage within collected sessions & not NSD-Imagery overlap
25578,True,True,,False,shared1000 & all-8-subj complete 3-rep coverage within collected sessions & not NSD-Imagery overlap
25581,True,True,,False,shared1000 & all-8-subj complete 3-rep coverage within collected sessions & not NSD-Imagery overlap
25588,True,True,,False,shared1000 & all-8-subj complete 3-rep coverage within collected sessions & not NSD-Imagery overlap
25602,True,False,subj03_rep_beyond_collected;subj04_rep_beyond_collected;subj06_rep_beyond_collected;subj08_rep_beyond_collected,False,shared1000 & all-8-subj complete 3-rep coverage within collected sessions & not NSD-Imagery overlap
25693,True,False,subj03_rep_beyond_collected;subj04_rep_beyond_collected;subj06_rep_beyond_collected;subj08_rep_beyond_collected,False,shared1000 & all-8-subj complete 3-rep coverage within collected sessions & not NSD-Imagery overlap
25702,True,True,,False,shared1000 & all-8-subj complete 3-rep coverage within collected sessions & not NSD-Imagery overlap
25711,True,False,subj03_rep_beyond_collected;subj04_rep_beyond_collected;subj06_rep_beyond_collected;subj08_rep_beyond_collected,False,shared1000 & all-8-subj complete 3-rep coverage within collected sessions & not NSD-Imagery overlap
25741,True,True,,False,shared1000 & all-8-subj complete 3-rep coverage within collected sessions & not NSD-Imagery overlap
25746,True,True,,False,shared1000 & all-8-subj complete 3-rep coverage within collected sessions & not NSD-Imagery overlap
25881,True,False,subj03_rep_beyond_collected;subj04_rep_beyond_collected;subj06_rep_beyond_collected;subj08_rep_beyond_collected,False,shared1000 & all-8-subj complete 3-rep coverage within collected sessions & not NSD-Imagery overlap
25906,True,False,subj03_rep_beyond_collected;subj04_rep_beyond_collected;subj06_rep_beyond_collected;subj08_rep_beyond_collected,False,shared1000 & all-8-subj complete 3-rep coverage within collected sessions & not NSD-Imagery overlap
25959,True,False,subj03_rep_beyond_collected;subj04_rep_beyond_collected;subj06_rep_beyond_collected;subj08_rep_beyond_collected,False,shared1000 & all-8-subj complete 3-rep coverage within collected sessions & not NSD-Imagery overlap
26119,True,False,subj03_rep_beyond_collected;subj04_rep_beyond_collected;subj06_rep_beyond_collected;subj08_rep_beyond_collected,False,shared1000 & all-8-subj complete 3-rep coverage within collected sessions & not NSD-Imagery overlap
26127,True,False,subj04_rep_beyond_collected;subj08_rep_beyond_collected,False,shared1000 & all-8-subj complete 3-rep coverage within collected sessions & not NSD-Imagery overlap
26163,True,True,,False,shared1000 & all-8-subj complete 3-rep coverage within collected sessions & not NSD-Imagery overlap
26243,True,False,subj03_rep_beyond_collected;subj04_rep_beyond_collected;subj06_rep_beyond_collected;subj08_rep_beyond_collected,False,shared1000 & all-8-subj complete 3-rep coverage within collected sessions & not NSD-Imagery overlap
26292,True,False,subj03_rep_beyond_collected;subj04_rep_beyond_collected;subj06_rep_beyond_collected;subj08_rep_beyond_collected,False,shared1000 & all-8-subj complete 3-rep coverage within collected sessions & not NSD-Imagery overlap
26307,True,False,subj03_rep_beyond_collected;subj04_rep_beyond_collected;subj06_rep_beyond_collected;subj08_rep_beyond_collected,False,shared1000 & all-8-subj complete 3-rep coverage within collected sessions & not NSD-Imagery overlap
26351,True,True,,False,shared1000 & all-8-subj complete 3-rep coverage within collected sessions & not NSD-Imagery overlap
26372,True,False,subj03_rep_beyond_collected;subj04_rep_beyond_collected;subj06_rep_beyond_collected;subj08_rep_beyond_collected,False,shared1000 & all-8-subj complete 3-rep coverage within collected sessions & not NSD-Imagery overlap
26435,True,True,,False,shared1000 & all-8-subj complete 3-rep coverage within collected sessions & not NSD-Imagery overlap
26458,True,True,,False,shared1000 & all-8-subj complete 3-rep coverage within collected sessions & not NSD-Imagery overlap
26598,True,False,subj03_rep_beyond_collected;subj04_rep_beyond_collected;subj06_rep_beyond_collected;subj08_rep_beyond_collected,False,shared1000 & all-8-subj complete 3-rep coverage within collected sessions & not NSD-Imagery overlap
26720,True,True,,False,shared1000 & all-8-subj complete 3-rep coverage within collected sessions & not NSD-Imagery overlap
26780,True,False,subj03_rep_beyond_collected;subj04_rep_beyond_collected;subj06_rep_beyond_collected;subj08_rep_beyond_collected,False,shared1000 & all-8-subj complete 3-rep coverage within collected sessions & not NSD-Imagery overlap
26895,True,True,,False,shared1000 & all-8-subj complete 3-rep coverage within collected sessions & not NSD-Imagery overlap
26909,True,True,,False,shared1000 & all-8-subj complete 3-rep coverage within collected sessions & not NSD-Imagery overlap
26971,True,False,subj03_rep_beyond_collected;subj04_rep_beyond_collected;subj06_rep_beyond_collected;subj08_rep_beyond_collected,False,shared1000 & all-8-subj complete 3-rep coverage within collected sessions & not NSD-Imagery overlap
26990,True,True,,False,shared1000 & all-8-subj complete 3-rep coverage within collected sessions & not NSD-Imagery overlap
27242,True,True,,False,shared1000 & all-8-subj complete 3-rep coverage within collected sessions & not NSD-Imagery overlap
27275,True,True,,False,shared1000 & all-8-subj complete 3-rep coverage within collected sessions & not NSD-Imagery overlap
27287,True,False,subj03_rep_beyond_collected;subj04_rep_beyond_collected;subj06_rep_beyond_collected;subj08_rep_beyond_collected,False,shared1000 & all-8-subj complete 3-rep coverage within collected sessions & not NSD-Imagery overlap
27326,True,True,,False,shared1000 & all-8-subj complete 3-rep coverage within collected sessions & not NSD-Imagery overlap
27435,True,True,,False,shared1000 & all-8-subj complete 3-rep coverage within collected sessions & not NSD-Imagery overlap
27568,True,True,,False,shared1000 & all-8-subj complete 3-rep coverage within collected sessions & not NSD-Imagery overlap
27580,True,False,subj03_rep_beyond_collected;subj04_rep_beyond_collected;subj06_rep_beyond_collected;subj08_rep_beyond_collected,False,shared1000 & all-8-subj complete 3-rep coverage within collected sessions & not NSD-Imagery overlap
27830,True,False,subj03_rep_beyond_collected;subj04_rep_beyond_collected;subj06_rep_beyond_collected;subj08_rep_beyond_collected,False,shared1000 & all-8-subj complete 3-rep coverage within collected sessions & not NSD-Imagery overlap
27878,True,True,,False,shared1000 & all-8-subj complete 3-rep coverage within collected sessions & not NSD-Imagery overlap
27972,True,False,subj03_rep_beyond_collected;subj04_rep_beyond_collected;subj06_rep_beyond_collected;subj08_rep_beyond_collected,False,shared1000 & all-8-subj complete 3-rep coverage within collected sessions & not NSD-Imagery overlap
28024,True,False,subj03_rep_beyond_collected;subj04_rep_beyond_collected;subj06_rep_beyond_collected;subj08_rep_beyond_collected,False,shared1000 & all-8-subj complete 3-rep coverage within collected sessions & not NSD-Imagery overlap
28068,True,True,,False,shared1000 & all-8-subj complete 3-rep coverage within collected sessions & not NSD-Imagery overlap
28096,True,True,,False,shared1000 & all-8-subj complete 3-rep coverage within collected sessions & not NSD-Imagery overlap
28159,True,True,,False,shared1000 & all-8-subj complete 3-rep coverage within collected sessions & not NSD-Imagery overlap
28189,True,True,,False,shared1000 & all-8-subj complete 3-rep coverage within collected sessions & not NSD-Imagery overlap
28286,True,False,subj04_rep_beyond_collected;subj08_rep_beyond_collected,False,shared1000 & all-8-subj complete 3-rep coverage within collected sessions & not NSD-Imagery overlap
28303,True,False,subj04_rep_beyond_collected;subj08_rep_beyond_collected,False,shared1000 & all-8-subj complete 3-rep coverage within collected sessions & not NSD-Imagery overlap
28319,True,True,,False,shared1000 & all-8-subj complete 3-rep coverage within collected sessions & not NSD-Imagery overlap
28325,True,False,subj03_rep_beyond_collected;subj04_rep_beyond_collected;subj06_rep_beyond_collected;subj08_rep_beyond_collected,False,shared1000 & all-8-subj complete 3-rep coverage within collected sessions & not NSD-Imagery overlap
28341,True,False,subj03_rep_beyond_collected;subj04_rep_beyond_collected;subj06_rep_beyond_collected;subj08_rep_beyond_collected,False,shared1000 & all-8-subj complete 3-rep coverage within collected sessions & not NSD-Imagery overlap
28349,True,True,,False,shared1000 & all-8-subj complete 3-rep coverage within collected sessions & not NSD-Imagery overlap
28418,True,False,subj04_rep_beyond_collected;subj08_rep_beyond_collected,False,shared1000 & all-8-subj complete 3-rep coverage within collected sessions & not NSD-Imagery overlap
28487,True,False,subj04_rep_beyond_collected;subj08_rep_beyond_collected,False,shared1000 & all-8-subj complete 3-rep coverage within collected sessions & not NSD-Imagery overlap
28524,True,True,,False,shared1000 & all-8-subj complete 3-rep coverage within collected sessions & not NSD-Imagery overlap
28595,True,True,,False,shared1000 & all-8-subj complete 3-rep coverage within collected sessions & not NSD-Imagery overlap
28689,True,False,subj03_rep_beyond_collected;subj04_rep_beyond_collected;subj06_rep_beyond_collected;subj08_rep_beyond_collected,False,shared1000 & all-8-subj complete 3-rep coverage within collected sessions & not NSD-Imagery overlap
28745,True,False,subj04_rep_beyond_collected;subj08_rep_beyond_collected,False,shared1000 & all-8-subj complete 3-rep coverage within collected sessions & not NSD-Imagery overlap
28751,True,True,,False,shared1000 & all-8-subj complete 3-rep coverage within collected sessions & not NSD-Imagery overlap
28755,True,True,,False,shared1000 & all-8-subj complete 3-rep coverage within collected sessions & not NSD-Imagery overlap
28788,True,False,subj04_rep_beyond_collected;subj08_rep_beyond_collected,False,shared1000 & all-8-subj complete 3-rep coverage within collected sessions & not NSD-Imagery overlap
28898,True,False,subj04_rep_beyond_collected;subj08_rep_beyond_collected,False,shared1000 & all-8-subj complete 3-rep coverage within collected sessions & not NSD-Imagery overlap
28963,True,False,subj04_rep_beyond_collected;subj08_rep_beyond_collected,False,shared1000 & all-8-subj complete 3-rep coverage within collected sessions & not NSD-Imagery overlap
29010,True,False,subj03_rep_beyond_collected;subj04_rep_beyond_collected;subj06_rep_beyond_collected;subj08_rep_beyond_collected,False,shared1000 & all-8-subj complete 3-rep coverage within collected sessions & not NSD-Imagery overlap
29021,True,False,subj03_rep_beyond_collected;subj04_rep_beyond_collected;subj06_rep_beyond_collected;subj08_rep_beyond_collected,False,shared1000 & all-8-subj complete 3-rep coverage within collected sessions & not NSD-Imagery overlap
29381,True,True,,False,shared1000 & all-8-subj complete 3-rep coverage within collected sessions & not NSD-Imagery overlap
29568,True,False,subj03_rep_beyond_collected;subj04_rep_beyond_collected;subj06_rep_beyond_collected;subj08_rep_beyond_collected,False,shared1000 & all-8-subj complete 3-rep coverage within collected sessions & not NSD-Imagery overlap
29660,True,False,subj03_rep_beyond_collected;subj04_rep_beyond_collected;subj06_rep_beyond_collected;subj08_rep_beyond_collected,False,shared1000 & all-8-subj complete 3-rep coverage within collected sessions & not NSD-Imagery overlap
29663,True,False,subj03_rep_beyond_collected;subj04_rep_beyond_collected;subj06_rep_beyond_collected;subj08_rep_beyond_collected,False,shared1000 & all-8-subj complete 3-rep coverage within collected sessions & not NSD-Imagery overlap
29680,True,False,subj03_rep_beyond_collected;subj04_rep_beyond_collected;subj06_rep_beyond_collected;subj08_rep_beyond_collected,False,shared1000 & all-8-subj complete 3-rep coverage within collected sessions & not NSD-Imagery overlap
29711,True,True,,False,shared1000 & all-8-subj complete 3-rep coverage within collected sessions & not NSD-Imagery overlap
29837,True,True,,False,shared1000 & all-8-subj complete 3-rep coverage within collected sessions & not NSD-Imagery overlap
29886,True,True,,False,shared1000 & all-8-subj complete 3-rep coverage within collected sessions & not NSD-Imagery overlap
29919,True,False,subj03_rep_beyond_collected;subj04_rep_beyond_collected;subj06_rep_beyond_collected;subj08_rep_beyond_collected,False,shared1000 & all-8-subj complete 3-rep coverage within collected sessions & not NSD-Imagery overlap
29980,True,False,subj03_rep_beyond_collected;subj04_rep_beyond_collected;subj06_rep_beyond_collected;subj08_rep_beyond_collected,False,shared1000 & all-8-subj complete 3-rep coverage within collected sessions & not NSD-Imagery overlap
30081,True,True,,False,shared1000 & all-8-subj complete 3-rep coverage within collected sessions & not NSD-Imagery overlap
30373,True,False,subj03_rep_beyond_collected;subj04_rep_beyond_collected;subj06_rep_beyond_collected;subj08_rep_beyond_collected,False,shared1000 & all-8-subj complete 3-rep coverage within collected sessions & not NSD-Imagery overlap
30395,True,True,,False,shared1000 & all-8-subj complete 3-rep coverage within collected sessions & not NSD-Imagery overlap
30407,True,True,,False,shared1000 & all-8-subj complete 3-rep coverage within collected sessions & not NSD-Imagery overlap
30430,True,True,,False,shared1000 & all-8-subj complete 3-rep coverage within collected sessions & not NSD-Imagery overlap
30563,True,True,,False,shared1000 & all-8-subj complete 3-rep coverage within collected sessions & not NSD-Imagery overlap
30601,True,False,subj03_rep_beyond_collected;subj04_rep_beyond_collected;subj06_rep_beyond_collected;subj08_rep_beyond_collected,False,shared1000 & all-8-subj complete 3-rep coverage within collected sessions & not NSD-Imagery overlap
30632,True,True,,False,shared1000 & all-8-subj complete 3-rep coverage within collected sessions & not NSD-Imagery overlap
30672,True,True,,False,shared1000 & all-8-subj complete 3-rep coverage within collected sessions & not NSD-Imagery overlap
30674,True,False,subj04_rep_beyond_collected;subj08_rep_beyond_collected,False,shared1000 & all-8-subj complete 3-rep coverage within collected sessions & not NSD-Imagery overlap
30847,True,False,subj03_rep_beyond_collected;subj04_rep_beyond_collected;subj06_rep_beyond_collected;subj08_rep_beyond_collected,False,shared1000 & all-8-subj complete 3-rep coverage within collected sessions & not NSD-Imagery overlap
30856,True,True,,False,shared1000 & all-8-subj complete 3-rep coverage within collected sessions & not NSD-Imagery overlap
30887,True,False,subj03_rep_beyond_collected;subj04_rep_beyond_collected;subj06_rep_beyond_collected;subj08_rep_beyond_collected,False,shared1000 & all-8-subj complete 3-rep coverage within collected sessions & not NSD-Imagery overlap
30922,True,False,subj03_rep_beyond_collected;subj04_rep_beyond_collected;subj06_rep_beyond_collected;subj08_rep_beyond_collected,False,shared1000 & all-8-subj complete 3-rep coverage within collected sessions & not NSD-Imagery overlap
30935,True,False,subj03_rep_beyond_collected;subj04_rep_beyond_collected;subj06_rep_beyond_collected;subj08_rep_beyond_collected,False,shared1000 & all-8-subj complete 3-rep coverage within collected sessions & not NSD-Imagery overlap
30954,True,True,,False,shared1000 & all-8-subj complete 3-rep coverage within collected sessions & not NSD-Imagery overlap
31028,True,True,,False,shared1000 & all-8-subj complete 3-rep coverage within collected sessions & not NSD-Imagery overlap
31049,True,False,subj03_rep_beyond_collected;subj04_rep_beyond_collected;subj06_rep_beyond_collected;subj08_rep_beyond_collected,False,shared1000 & all-8-subj complete 3-rep coverage within collected sessions & not NSD-Imagery overlap
31064,True,False,subj03_rep_beyond_collected;subj04_rep_beyond_collected;subj06_rep_beyond_collected;subj08_rep_beyond_collected,False,shared1000 & all-8-subj complete 3-rep coverage within collected sessions & not NSD-Imagery overlap
31123,True,False,subj04_rep_beyond_collected;subj08_rep_beyond_collected,False,shared1000 & all-8-subj complete 3-rep coverage within collected sessions & not NSD-Imagery overlap
31233,True,True,,False,shared1000 & all-8-subj complete 3-rep coverage within collected sessions & not NSD-Imagery overlap
31349,True,False,subj03_rep_beyond_collected;subj04_rep_beyond_collected;subj06_rep_beyond_collected;subj08_rep_beyond_collected,False,shared1000 & all-8-subj complete 3-rep coverage within collected sessions & not NSD-Imagery overlap
31446,True,False,subj03_rep_beyond_collected;subj04_rep_beyond_collected;subj06_rep_beyond_collected;subj08_rep_beyond_collected,False,shared1000 & all-8-subj complete 3-rep coverage within collected sessions & not NSD-Imagery overlap
31659,True,True,,False,shared1000 & all-8-subj complete 3-rep coverage within collected sessions & not NSD-Imagery overlap
31747,True,True,,False,shared1000 & all-8-subj complete 3-rep coverage within collected sessions & not NSD-Imagery overlap
31782,True,False,subj03_rep_beyond_collected;subj04_rep_beyond_collected;subj06_rep_beyond_collected;subj08_rep_beyond_collected,False,shared1000 & all-8-subj complete 3-rep coverage within collected sessions & not NSD-Imagery overlap
31801,True,True,,False,shared1000 & all-8-subj complete 3-rep coverage within collected sessions & not NSD-Imagery overlap
31837,True,True,,False,shared1000 & all-8-subj complete 3-rep coverage within collected sessions & not NSD-Imagery overlap
31936,True,True,,False,shared1000 & all-8-subj complete 3-rep coverage within collected sessions & not NSD-Imagery overlap
31964,True,True,,False,shared1000 & all-8-subj complete 3-rep coverage within collected sessions & not NSD-Imagery overlap
32053,True,True,,False,shared1000 & all-8-subj complete 3-rep coverage within collected sessions & not NSD-Imagery overlap
32232,True,True,,False,shared1000 & all-8-subj complete 3-rep coverage within collected sessions & not NSD-Imagery overlap
32303,True,False,subj03_rep_beyond_collected;subj04_rep_beyond_collected;subj06_rep_beyond_collected;subj08_rep_beyond_collected,False,shared1000 & all-8-subj complete 3-rep coverage within collected sessions & not NSD-Imagery overlap
32307,True,True,,False,shared1000 & all-8-subj complete 3-rep coverage within collected sessions & not NSD-Imagery overlap
32625,True,True,,False,shared1000 & all-8-subj complete 3-rep coverage within collected sessions & not NSD-Imagery overlap
32643,True,False,subj03_rep_beyond_collected;subj04_rep_beyond_collected;subj06_rep_beyond_collected;subj08_rep_beyond_collected,False,shared1000 & all-8-subj complete 3-rep coverage within collected sessions & not NSD-Imagery overlap
32716,True,False,subj03_rep_beyond_collected;subj04_rep_beyond_collected;subj06_rep_beyond_collected;subj08_rep_beyond_collected,False,shared1000 & all-8-subj complete 3-rep coverage within collected sessions & not NSD-Imagery overlap
32771,True,False,subj03_rep_beyond_collected;subj04_rep_beyond_collected;subj06_rep_beyond_collected;subj08_rep_beyond_collected,False,shared1000 & all-8-subj complete 3-rep coverage within collected sessions & not NSD-Imagery overlap
32772,True,True,,False,shared1000 & all-8-subj complete 3-rep coverage within collected sessions & not NSD-Imagery overlap
32857,True,False,subj03_rep_beyond_collected;subj04_rep_beyond_collected;subj06_rep_beyond_collected;subj08_rep_beyond_collected,False,shared1000 & all-8-subj complete 3-rep coverage within collected sessions & not NSD-Imagery overlap
32891,True,True,,False,shared1000 & all-8-subj complete 3-rep coverage within collected sessions & not NSD-Imagery overlap
32910,True,True,,False,shared1000 & all-8-subj complete 3-rep coverage within collected sessions & not NSD-Imagery overlap
33131,True,False,subj03_rep_beyond_collected;subj04_rep_beyond_collected;subj06_rep_beyond_collected;subj08_rep_beyond_collected,False,shared1000 & all-8-subj complete 3-rep coverage within collected sessions & not NSD-Imagery overlap
33171,True,True,,False,shared1000 & all-8-subj complete 3-rep coverage within collected sessions & not NSD-Imagery overlap
33189,True,False,subj03_rep_beyond_collected;subj04_rep_beyond_collected;subj06_rep_beyond_collected;subj08_rep_beyond_collected,False,shared1000 & all-8-subj complete 3-rep coverage within collected sessions & not NSD-Imagery overlap
33245,True,True,,False,shared1000 & all-8-subj complete 3-rep coverage within collected sessions & not NSD-Imagery overlap
33289,True,False,subj03_rep_beyond_collected;subj04_rep_beyond_collected;subj06_rep_beyond_collected;subj08_rep_beyond_collected,False,shared1000 & all-8-subj complete 3-rep coverage within collected sessions & not NSD-Imagery overlap
33521,True,True,,False,shared1000 & all-8-subj complete 3-rep coverage within collected sessions & not NSD-Imagery overlap
33543,True,True,,False,shared1000 & all-8-subj complete 3-rep coverage within collected sessions & not NSD-Imagery overlap
33752,True,False,subj03_rep_beyond_collected;subj04_rep_beyond_collected;subj06_rep_beyond_collected;subj08_rep_beyond_collected,False,shared1000 & all-8-subj complete 3-rep coverage within collected sessions & not NSD-Imagery overlap
33813,True,False,subj03_rep_beyond_collected;subj04_rep_beyond_collected;subj06_rep_beyond_collected;subj08_rep_beyond_collected,False,shared1000 & all-8-subj complete 3-rep coverage within collected sessions & not NSD-Imagery overlap
33906,True,False,subj03_rep_beyond_collected;subj04_rep_beyond_collected;subj06_rep_beyond_collected;subj08_rep_beyond_collected,False,shared1000 & all-8-subj complete 3-rep coverage within collected sessions & not NSD-Imagery overlap
34068,True,False,subj04_rep_beyond_collected;subj08_rep_beyond_collected,False,shared1000 & all-8-subj complete 3-rep coverage within collected sessions & not NSD-Imagery overlap
34080,True,False,subj03_rep_beyond_collected;subj04_rep_beyond_collected;subj06_rep_beyond_collected;subj08_rep_beyond_collected,False,shared1000 & all-8-subj complete 3-rep coverage within collected sessions & not NSD-Imagery overlap
34089,True,False,subj03_rep_beyond_collected;subj04_rep_beyond_collected;subj06_rep_beyond_collected;subj08_rep_beyond_collected,False,shared1000 & all-8-subj complete 3-rep coverage within collected sessions & not NSD-Imagery overlap
34126,True,True,,False,shared1000 & all-8-subj complete 3-rep coverage within collected sessions & not NSD-Imagery overlap
34186,True,False,subj03_rep_beyond_collected;subj04_rep_beyond_collected;subj06_rep_beyond_collected;subj08_rep_beyond_collected,False,shared1000 & all-8-subj complete 3-rep coverage within collected sessions & not NSD-Imagery overlap
34238,True,True,,False,shared1000 & all-8-subj complete 3-rep coverage within collected sessions & not NSD-Imagery overlap
34418,True,False,subj03_rep_beyond_collected;subj04_rep_beyond_collected;subj06_rep_beyond_collected;subj08_rep_beyond_collected,False,shared1000 & all-8-subj complete 3-rep coverage within collected sessions & not NSD-Imagery overlap
34603,True,False,subj03_rep_beyond_collected;subj04_rep_beyond_collected;subj06_rep_beyond_collected;subj08_rep_beyond_collected,False,shared1000 & all-8-subj complete 3-rep coverage within collected sessions & not NSD-Imagery overlap
34751,True,False,subj03_rep_beyond_collected;subj04_rep_beyond_collected;subj06_rep_beyond_collected;subj08_rep_beyond_collected,False,shared1000 & all-8-subj complete 3-rep coverage within collected sessions & not NSD-Imagery overlap
34829,True,True,,False,shared1000 & all-8-subj complete 3-rep coverage within collected sessions & not NSD-Imagery overlap
34845,True,False,subj03_rep_beyond_collected;subj04_rep_beyond_collected;subj06_rep_beyond_collected;subj08_rep_beyond_collected,False,shared1000 & all-8-subj complete 3-rep coverage within collected sessions & not NSD-Imagery overlap
34850,True,True,,False,shared1000 & all-8-subj complete 3-rep coverage within collected sessions & not NSD-Imagery overlap
34874,True,False,subj03_rep_beyond_collected;subj04_rep_beyond_collected;subj06_rep_beyond_collected;subj08_rep_beyond_collected,False,shared1000 & all-8-subj complete 3-rep coverage within collected sessions & not NSD-Imagery overlap
34975,True,False,subj03_rep_beyond_collected;subj04_rep_beyond_collected;subj06_rep_beyond_collected;subj08_rep_beyond_collected,False,shared1000 & all-8-subj complete 3-rep coverage within collected sessions & not NSD-Imagery overlap
35094,True,False,subj03_rep_beyond_collected;subj04_rep_beyond_collected;subj06_rep_beyond_collected;subj08_rep_beyond_collected,False,shared1000 & all-8-subj complete 3-rep coverage within collected sessions & not NSD-Imagery overlap
35129,True,False,subj03_rep_beyond_collected;subj04_rep_beyond_collected;subj06_rep_beyond_collected;subj08_rep_beyond_collected,False,shared1000 & all-8-subj complete 3-rep coverage within collected sessions & not NSD-Imagery overlap
35743,True,True,,False,shared1000 & all-8-subj complete 3-rep coverage within collected sessions & not NSD-Imagery overlap
35752,True,True,,False,shared1000 & all-8-subj complete 3-rep coverage within collected sessions & not NSD-Imagery overlap
35790,True,False,subj04_rep_beyond_collected;subj08_rep_beyond_collected,False,shared1000 & all-8-subj complete 3-rep coverage within collected sessions & not NSD-Imagery overlap
35798,True,True,,False,shared1000 & all-8-subj complete 3-rep coverage within collected sessions & not NSD-Imagery overlap
35986,True,True,,False,shared1000 & all-8-subj complete 3-rep coverage within collected sessions & not NSD-Imagery overlap
36067,True,True,,False,shared1000 & all-8-subj complete 3-rep coverage within collected sessions & not NSD-Imagery overlap
36258,True,False,subj04_rep_beyond_collected;subj08_rep_beyond_collected,False,shared1000 & all-8-subj complete 3-rep coverage within collected sessions & not NSD-Imagery overlap
36476,True,True,,False,shared1000 & all-8-subj complete 3-rep coverage within collected sessions & not NSD-Imagery overlap
36569,True,False,subj03_rep_beyond_collected;subj04_rep_beyond_collected;subj06_rep_beyond_collected;subj08_rep_beyond_collected,False,shared1000 & all-8-subj complete 3-rep coverage within collected sessions & not NSD-Imagery overlap
36576,True,True,,False,shared1000 & all-8-subj complete 3-rep coverage within collected sessions & not NSD-Imagery overlap
36623,True,True,,False,shared1000 & all-8-subj complete 3-rep coverage within collected sessions & not NSD-Imagery overlap
36629,True,False,subj03_rep_beyond_collected;subj04_rep_beyond_collected;subj06_rep_beyond_collected;subj08_rep_beyond_collected,False,shared1000 & all-8-subj complete 3-rep coverage within collected sessions & not NSD-Imagery overlap
36682,True,False,subj04_rep_beyond_collected;subj08_rep_beyond_collected,False,shared1000 & all-8-subj complete 3-rep coverage within collected sessions & not NSD-Imagery overlap
36731,True,True,,False,shared1000 & all-8-subj complete 3-rep coverage within collected sessions & not NSD-Imagery overlap
36759,True,False,subj03_rep_beyond_collected;subj04_rep_beyond_collected;subj06_rep_beyond_collected;subj08_rep_beyond_collected,False,shared1000 & all-8-subj complete 3-rep coverage within collected sessions & not NSD-Imagery overlap
36910,True,True,,False,shared1000 & all-8-subj complete 3-rep coverage within collected sessions & not NSD-Imagery overlap
36945,True,True,,False,shared1000 & all-8-subj complete 3-rep coverage within collected sessions & not NSD-Imagery overlap
36974,True,True,,False,shared1000 & all-8-subj complete 3-rep coverage within collected sessions & not NSD-Imagery overlap
36978,True,True,,False,shared1000 & all-8-subj complete 3-rep coverage within collected sessions & not NSD-Imagery overlap
37059,True,True,,False,shared1000 & all-8-subj complete 3-rep coverage within collected sessions & not NSD-Imagery overlap
37221,True,True,,False,shared1000 & all-8-subj complete 3-rep coverage within collected sessions & not NSD-Imagery overlap
37224,True,True,,False,shared1000 & all-8-subj complete 3-rep coverage within collected sessions & not NSD-Imagery overlap
37436,True,False,subj03_rep_beyond_collected;subj04_rep_beyond_collected;subj06_rep_beyond_collected;subj08_rep_beyond_collected,False,shared1000 & all-8-subj complete 3-rep coverage within collected sessions & not NSD-Imagery overlap
37494,True,True,,False,shared1000 & all-8-subj complete 3-rep coverage within collected sessions & not NSD-Imagery overlap
37608,True,False,subj03_rep_beyond_collected;subj04_rep_beyond_collected;subj06_rep_beyond_collected;subj08_rep_beyond_collected,False,shared1000 & all-8-subj complete 3-rep coverage within collected sessions & not NSD-Imagery overlap
37736,True,False,subj03_rep_beyond_collected;subj04_rep_beyond_collected;subj06_rep_beyond_collected;subj08_rep_beyond_collected,False,shared1000 & all-8-subj complete 3-rep coverage within collected sessions & not NSD-Imagery overlap
37801,True,False,subj03_rep_beyond_collected;subj04_rep_beyond_collected;subj06_rep_beyond_collected;subj08_rep_beyond_collected,False,shared1000 & all-8-subj complete 3-rep coverage within collected sessions & not NSD-Imagery overlap
37927,True,False,subj03_rep_beyond_collected;subj04_rep_beyond_collected;subj06_rep_beyond_collected;subj08_rep_beyond_collected,False,shared1000 & all-8-subj complete 3-rep coverage within collected sessions & not NSD-Imagery overlap
38022,True,True,,False,shared1000 & all-8-subj complete 3-rep coverage within collected sessions & not NSD-Imagery overlap
38025,True,True,,False,shared1000 & all-8-subj complete 3-rep coverage within collected sessions & not NSD-Imagery overlap
38060,True,False,subj03_rep_beyond_collected;subj04_rep_beyond_collected;subj06_rep_beyond_collected;subj08_rep_beyond_collected,False,shared1000 & all-8-subj complete 3-rep coverage within collected sessions & not NSD-Imagery overlap
38246,True,True,,False,shared1000 & all-8-subj complete 3-rep coverage within collected sessions & not NSD-Imagery overlap
38278,True,False,subj04_rep_beyond_collected;subj08_rep_beyond_collected,False,shared1000 & all-8-subj complete 3-rep coverage within collected sessions & not NSD-Imagery overlap
38297,True,True,,False,shared1000 & all-8-subj complete 3-rep coverage within collected sessions & not NSD-Imagery overlap
38310,True,False,subj03_rep_beyond_collected;subj04_rep_beyond_collected;subj06_rep_beyond_collected;subj08_rep_beyond_collected,False,shared1000 & all-8-subj complete 3-rep coverage within collected sessions & not NSD-Imagery overlap
38358,True,True,,False,shared1000 & all-8-subj complete 3-rep coverage within collected sessions & not NSD-Imagery overlap
38483,True,False,subj03_rep_beyond_collected;subj04_rep_beyond_collected;subj06_rep_beyond_collected;subj08_rep_beyond_collected,False,shared1000 & all-8-subj complete 3-rep coverage within collected sessions & not NSD-Imagery overlap
38486,True,True,,False,shared1000 & all-8-subj complete 3-rep coverage within collected sessions & not NSD-Imagery overlap
38494,True,True,,False,shared1000 & all-8-subj complete 3-rep coverage within collected sessions & not NSD-Imagery overlap
38641,True,True,,False,shared1000 & all-8-subj complete 3-rep coverage within collected sessions & not NSD-Imagery overlap
38794,True,True,,False,shared1000 & all-8-subj complete 3-rep coverage within collected sessions & not NSD-Imagery overlap
38817,True,True,,False,shared1000 & all-8-subj complete 3-rep coverage within collected sessions & not NSD-Imagery overlap
38829,True,True,,False,shared1000 & all-8-subj complete 3-rep coverage within collected sessions & not NSD-Imagery overlap
38853,True,True,,False,shared1000 & all-8-subj complete 3-rep coverage within collected sessions & not NSD-Imagery overlap
38978,True,True,,False,shared1000 & all-8-subj complete 3-rep coverage within collected sessions & not NSD-Imagery overlap
39047,True,False,subj03_rep_beyond_collected;subj04_rep_beyond_collected;subj06_rep_beyond_collected;subj08_rep_beyond_collected,False,shared1000 & all-8-subj complete 3-rep coverage within collected sessions & not NSD-Imagery overlap
39058,True,False,subj03_rep_beyond_collected;subj04_rep_beyond_collected;subj06_rep_beyond_collected;subj08_rep_beyond_collected,False,shared1000 & all-8-subj complete 3-rep coverage within collected sessions & not NSD-Imagery overlap
39095,True,False,subj03_rep_beyond_collected;subj04_rep_beyond_collected;subj06_rep_beyond_collected;subj08_rep_beyond_collected,False,shared1000 & all-8-subj complete 3-rep coverage within collected sessions & not NSD-Imagery overlap
39289,True,True,,False,shared1000 & all-8-subj complete 3-rep coverage within collected sessions & not NSD-Imagery overlap
39298,True,False,subj03_rep_beyond_collected;subj04_rep_beyond_collected;subj06_rep_beyond_collected;subj08_rep_beyond_collected,False,shared1000 & all-8-subj complete 3-rep coverage within collected sessions & not NSD-Imagery overlap
39369,True,True,,False,shared1000 & all-8-subj complete 3-rep coverage within collected sessions & not NSD-Imagery overlap
39402,True,True,,False,shared1000 & all-8-subj complete 3-rep coverage within collected sessions & not NSD-Imagery overlap
39509,True,False,subj03_rep_beyond_collected;subj04_rep_beyond_collected;subj06_rep_beyond_collected;subj08_rep_beyond_collected,False,shared1000 & all-8-subj complete 3-rep coverage within collected sessions & not NSD-Imagery overlap
39547,True,False,subj03_rep_beyond_collected;subj04_rep_beyond_collected;subj06_rep_beyond_collected;subj08_rep_beyond_collected,False,shared1000 & all-8-subj complete 3-rep coverage within collected sessions & not NSD-Imagery overlap
39553,True,False,subj03_rep_beyond_collected;subj04_rep_beyond_collected;subj06_rep_beyond_collected;subj08_rep_beyond_collected,False,shared1000 & all-8-subj complete 3-rep coverage within collected sessions & not NSD-Imagery overlap
39841,True,True,,False,shared1000 & all-8-subj complete 3-rep coverage within collected sessions & not NSD-Imagery overlap
39997,True,True,,False,shared1000 & all-8-subj complete 3-rep coverage within collected sessions & not NSD-Imagery overlap
40153,True,False,subj03_rep_beyond_collected;subj04_rep_beyond_collected;subj06_rep_beyond_collected;subj08_rep_beyond_collected,False,shared1000 & all-8-subj complete 3-rep coverage within collected sessions & not NSD-Imagery overlap
40235,True,False,subj03_rep_beyond_collected;subj04_rep_beyond_collected;subj06_rep_beyond_collected;subj08_rep_beyond_collected,False,shared1000 & all-8-subj complete 3-rep coverage within collected sessions & not NSD-Imagery overlap
40423,True,True,,False,shared1000 & all-8-subj complete 3-rep coverage within collected sessions & not NSD-Imagery overlap
40548,True,True,,False,shared1000 & all-8-subj complete 3-rep coverage within collected sessions & not NSD-Imagery overlap
40575,True,True,,False,shared1000 & all-8-subj complete 3-rep coverage within collected sessions & not NSD-Imagery overlap
40721,True,True,,False,shared1000 & all-8-subj complete 3-rep coverage within collected sessions & not NSD-Imagery overlap
40770,True,True,,False,shared1000 & all-8-subj complete 3-rep coverage within collected sessions & not NSD-Imagery overlap
40840,True,True,,False,shared1000 & all-8-subj complete 3-rep coverage within collected sessions & not NSD-Imagery overlap
40846,True,True,,False,shared1000 & all-8-subj complete 3-rep coverage within collected sessions & not NSD-Imagery overlap
40909,True,True,,False,shared1000 & all-8-subj complete 3-rep coverage within collected sessions & not NSD-Imagery overlap
40920,True,False,subj04_rep_beyond_collected;subj08_rep_beyond_collected,False,shared1000 & all-8-subj complete 3-rep coverage within collected sessions & not NSD-Imagery overlap
40924,True,True,,False,shared1000 & all-8-subj complete 3-rep coverage within collected sessions & not NSD-Imagery overlap
40935,True,True,,False,shared1000 & all-8-subj complete 3-rep coverage within collected sessions & not NSD-Imagery overlap
40979,True,False,subj03_rep_beyond_collected;subj04_rep_beyond_collected;subj06_rep_beyond_collected;subj08_rep_beyond_collected,False,shared1000 & all-8-subj complete 3-rep coverage within collected sessions & not NSD-Imagery overlap
41056,True,False,subj04_rep_beyond_collected;subj08_rep_beyond_collected,False,shared1000 & all-8-subj complete 3-rep coverage within collected sessions & not NSD-Imagery overlap
41097,True,True,,False,shared1000 & all-8-subj complete 3-rep coverage within collected sessions & not NSD-Imagery overlap
41116,True,True,,False,shared1000 & all-8-subj complete 3-rep coverage within collected sessions & not NSD-Imagery overlap
41137,True,True,,False,shared1000 & all-8-subj complete 3-rep coverage within collected sessions & not NSD-Imagery overlap
41162,True,True,,False,shared1000 & all-8-subj complete 3-rep coverage within collected sessions & not NSD-Imagery overlap
41482,True,False,subj03_rep_beyond_collected;subj04_rep_beyond_collected;subj06_rep_beyond_collected;subj08_rep_beyond_collected,False,shared1000 & all-8-subj complete 3-rep coverage within collected sessions & not NSD-Imagery overlap
41566,True,True,,False,shared1000 & all-8-subj complete 3-rep coverage within collected sessions & not NSD-Imagery overlap
41574,True,False,subj03_rep_beyond_collected;subj04_rep_beyond_collected;subj06_rep_beyond_collected;subj08_rep_beyond_collected,False,shared1000 & all-8-subj complete 3-rep coverage within collected sessions & not NSD-Imagery overlap
41623,True,False,subj03_rep_beyond_collected;subj04_rep_beyond_collected;subj06_rep_beyond_collected;subj08_rep_beyond_collected,False,shared1000 & all-8-subj complete 3-rep coverage within collected sessions & not NSD-Imagery overlap
41653,True,True,,False,shared1000 & all-8-subj complete 3-rep coverage within collected sessions & not NSD-Imagery overlap
41710,True,True,,False,shared1000 & all-8-subj complete 3-rep coverage within collected sessions & not NSD-Imagery overlap
41778,True,False,subj03_rep_beyond_collected;subj04_rep_beyond_collected;subj06_rep_beyond_collected;subj08_rep_beyond_collected,False,shared1000 & all-8-subj complete 3-rep coverage within collected sessions & not NSD-Imagery overlap
41814,True,True,,False,shared1000 & all-8-subj complete 3-rep coverage within collected sessions & not NSD-Imagery overlap
41927,True,True,,False,shared1000 & all-8-subj complete 3-rep coverage within collected sessions & not NSD-Imagery overlap
41934,True,False,subj03_rep_beyond_collected;subj04_rep_beyond_collected;subj06_rep_beyond_collected;subj08_rep_beyond_collected,False,shared1000 & all-8-subj complete 3-rep coverage within collected sessions & not NSD-Imagery overlap
42007,True,True,,False,shared1000 & all-8-subj complete 3-rep coverage within collected sessions & not NSD-Imagery overlap
42126,True,False,subj03_rep_beyond_collected;subj04_rep_beyond_collected;subj06_rep_beyond_collected;subj08_rep_beyond_collected,False,shared1000 & all-8-subj complete 3-rep coverage within collected sessions & not NSD-Imagery overlap
42166,True,True,,False,shared1000 & all-8-subj complete 3-rep coverage within collected sessions & not NSD-Imagery overlap
42171,True,True,,False,shared1000 & all-8-subj complete 3-rep coverage within collected sessions & not NSD-Imagery overlap
42214,True,True,,False,shared1000 & all-8-subj complete 3-rep coverage within collected sessions & not NSD-Imagery overlap
42224,True,True,,False,shared1000 & all-8-subj complete 3-rep coverage within collected sessions & not NSD-Imagery overlap
42238,True,False,subj03_rep_beyond_collected;subj04_rep_beyond_collected;subj06_rep_beyond_collected;subj08_rep_beyond_collected,False,shared1000 & all-8-subj complete 3-rep coverage within collected sessions & not NSD-Imagery overlap
42299,True,False,subj03_rep_beyond_collected;subj04_rep_beyond_collected;subj06_rep_beyond_collected;subj08_rep_beyond_collected,False,shared1000 & all-8-subj complete 3-rep coverage within collected sessions & not NSD-Imagery overlap
42473,True,True,,False,shared1000 & all-8-subj complete 3-rep coverage within collected sessions & not NSD-Imagery overlap
42563,True,True,,False,shared1000 & all-8-subj complete 3-rep coverage within collected sessions & not NSD-Imagery overlap
42642,True,False,subj03_rep_beyond_collected;subj04_rep_beyond_collected;subj06_rep_beyond_collected;subj08_rep_beyond_collected,False,shared1000 & all-8-subj complete 3-rep coverage within collected sessions & not NSD-Imagery overlap
42648,True,False,subj03_rep_beyond_collected;subj04_rep_beyond_collected;subj06_rep_beyond_collected;subj08_rep_beyond_collected,False,shared1000 & all-8-subj complete 3-rep coverage within collected sessions & not NSD-Imagery overlap
42697,True,True,,False,shared1000 & all-8-subj complete 3-rep coverage within collected sessions & not NSD-Imagery overlap
42781,True,True,,False,shared1000 & all-8-subj complete 3-rep coverage within collected sessions & not NSD-Imagery overlap
42851,True,True,,False,shared1000 & all-8-subj complete 3-rep coverage within collected sessions & not NSD-Imagery overlap
42912,True,True,,False,shared1000 & all-8-subj complete 3-rep coverage within collected sessions & not NSD-Imagery overlap
42946,True,True,,False,shared1000 & all-8-subj complete 3-rep coverage within collected sessions & not NSD-Imagery overlap
42980,True,True,,False,shared1000 & all-8-subj complete 3-rep coverage within collected sessions & not NSD-Imagery overlap
43107,True,False,subj03_rep_beyond_collected;subj04_rep_beyond_collected;subj06_rep_beyond_collected;subj08_rep_beyond_collected,False,shared1000 & all-8-subj complete 3-rep coverage within collected sessions & not NSD-Imagery overlap
43156,True,False,subj04_rep_beyond_collected;subj08_rep_beyond_collected,False,shared1000 & all-8-subj complete 3-rep coverage within collected sessions & not NSD-Imagery overlap
43157,True,False,subj03_rep_beyond_collected;subj04_rep_beyond_collected;subj06_rep_beyond_collected;subj08_rep_beyond_collected,False,shared1000 & all-8-subj complete 3-rep coverage within collected sessions & not NSD-Imagery overlap
43159,True,True,,False,shared1000 & all-8-subj complete 3-rep coverage within collected sessions & not NSD-Imagery overlap
43164,True,True,,False,shared1000 & all-8-subj complete 3-rep coverage within collected sessions & not NSD-Imagery overlap
43224,True,True,,False,shared1000 & all-8-subj complete 3-rep coverage within collected sessions & not NSD-Imagery overlap
43250,True,False,subj03_rep_beyond_collected;subj04_rep_beyond_collected;subj06_rep_beyond_collected;subj08_rep_beyond_collected,False,shared1000 & all-8-subj complete 3-rep coverage within collected sessions & not NSD-Imagery overlap
43288,True,False,subj04_rep_beyond_collected;subj08_rep_beyond_collected,False,shared1000 & all-8-subj complete 3-rep coverage within collected sessions & not NSD-Imagery overlap
43428,True,True,,False,shared1000 & all-8-subj complete 3-rep coverage within collected sessions & not NSD-Imagery overlap
43429,True,False,subj03_rep_beyond_collected;subj04_rep_beyond_collected;subj06_rep_beyond_collected;subj08_rep_beyond_collected,False,shared1000 & all-8-subj complete 3-rep coverage within collected sessions & not NSD-Imagery overlap
43445,True,True,,False,shared1000 & all-8-subj complete 3-rep coverage within collected sessions & not NSD-Imagery overlap
43465,True,False,subj03_rep_beyond_collected;subj04_rep_beyond_collected;subj06_rep_beyond_collected;subj08_rep_beyond_collected,False,shared1000 & all-8-subj complete 3-rep coverage within collected sessions & not NSD-Imagery overlap
43500,True,False,subj03_rep_beyond_collected;subj04_rep_beyond_collected;subj06_rep_beyond_collected;subj08_rep_beyond_collected,False,shared1000 & all-8-subj complete 3-rep coverage within collected sessions & not NSD-Imagery overlap
43619,True,True,,False,shared1000 & all-8-subj complete 3-rep coverage within collected sessions & not NSD-Imagery overlap
43675,True,True,,False,shared1000 & all-8-subj complete 3-rep coverage within collected sessions & not NSD-Imagery overlap
43689,True,True,,False,shared1000 & all-8-subj complete 3-rep coverage within collected sessions & not NSD-Imagery overlap
43746,True,False,subj04_rep_beyond_collected;subj08_rep_beyond_collected,False,shared1000 & all-8-subj complete 3-rep coverage within collected sessions & not NSD-Imagery overlap
43818,True,True,,False,shared1000 & all-8-subj complete 3-rep coverage within collected sessions & not NSD-Imagery overlap
43820,True,True,,False,shared1000 & all-8-subj complete 3-rep coverage within collected sessions & not NSD-Imagery overlap
43852,True,False,subj03_rep_beyond_collected;subj04_rep_beyond_collected;subj06_rep_beyond_collected;subj08_rep_beyond_collected,False,shared1000 & all-8-subj complete 3-rep coverage within collected sessions & not NSD-Imagery overlap
43950,True,True,,False,shared1000 & all-8-subj complete 3-rep coverage within collected sessions & not NSD-Imagery overlap
43984,True,True,,False,shared1000 & all-8-subj complete 3-rep coverage within collected sessions & not NSD-Imagery overlap
44052,True,True,,False,shared1000 & all-8-subj complete 3-rep coverage within collected sessions & not NSD-Imagery overlap
44097,True,False,subj03_rep_beyond_collected;subj04_rep_beyond_collected;subj06_rep_beyond_collected;subj08_rep_beyond_collected,False,shared1000 & all-8-subj complete 3-rep coverage within collected sessions & not NSD-Imagery overlap
44107,True,False,subj04_rep_beyond_collected;subj08_rep_beyond_collected,False,shared1000 & all-8-subj complete 3-rep coverage within collected sessions & not NSD-Imagery overlap
44138,True,False,subj03_rep_beyond_collected;subj04_rep_beyond_collected;subj06_rep_beyond_collected;subj08_rep_beyond_collected,False,shared1000 & all-8-subj complete 3-rep coverage within collected sessions & not NSD-Imagery overlap
44144,True,True,,False,shared1000 & all-8-subj complete 3-rep coverage within collected sessions & not NSD-Imagery overlap
44184,True,False,subj03_rep_beyond_collected;subj04_rep_beyond_collected;subj06_rep_beyond_collected;subj08_rep_beyond_collected,False,shared1000 & all-8-subj complete 3-rep coverage within collected sessions & not NSD-Imagery overlap
44324,True,False,subj03_rep_beyond_collected;subj04_rep_beyond_collected;subj06_rep_beyond_collected;subj08_rep_beyond_collected,False,shared1000 & all-8-subj complete 3-rep coverage within collected sessions & not NSD-Imagery overlap
44339,True,False,subj04_rep_beyond_collected;subj08_rep_beyond_collected,False,shared1000 & all-8-subj complete 3-rep coverage within collected sessions & not NSD-Imagery overlap
44369,True,False,subj03_rep_beyond_collected;subj04_rep_beyond_collected;subj06_rep_beyond_collected;subj08_rep_beyond_collected,False,shared1000 & all-8-subj complete 3-rep coverage within collected sessions & not NSD-Imagery overlap
44412,True,False,subj03_rep_beyond_collected;subj04_rep_beyond_collected;subj06_rep_beyond_collected;subj08_rep_beyond_collected,False,shared1000 & all-8-subj complete 3-rep coverage within collected sessions & not NSD-Imagery overlap
44705,True,True,,False,shared1000 & all-8-subj complete 3-rep coverage within collected sessions & not NSD-Imagery overlap
44720,True,True,,False,shared1000 & all-8-subj complete 3-rep coverage within collected sessions & not NSD-Imagery overlap
44729,True,False,subj03_rep_beyond_collected;subj04_rep_beyond_collected;subj06_rep_beyond_collected;subj08_rep_beyond_collected,False,shared1000 & all-8-subj complete 3-rep coverage within collected sessions & not NSD-Imagery overlap
44736,True,False,subj03_rep_beyond_collected;subj04_rep_beyond_collected;subj06_rep_beyond_collected;subj08_rep_beyond_collected,False,shared1000 & all-8-subj complete 3-rep coverage within collected sessions & not NSD-Imagery overlap
44844,True,True,,False,shared1000 & all-8-subj complete 3-rep coverage within collected sessions & not NSD-Imagery overlap
44971,True,True,,False,shared1000 & all-8-subj complete 3-rep coverage within collected sessions & not NSD-Imagery overlap
44980,True,True,,False,shared1000 & all-8-subj complete 3-rep coverage within collected sessions & not NSD-Imagery overlap
45129,True,True,,False,shared1000 & all-8-subj complete 3-rep coverage within collected sessions & not NSD-Imagery overlap
45213,True,True,,False,shared1000 & all-8-subj complete 3-rep coverage within collected sessions & not NSD-Imagery overlap
45356,True,True,,False,shared1000 & all-8-subj complete 3-rep coverage within collected sessions & not NSD-Imagery overlap
45595,True,True,,False,shared1000 & all-8-subj complete 3-rep coverage within collected sessions & not NSD-Imagery overlap
45632,True,True,,False,shared1000 & all-8-subj complete 3-rep coverage within collected sessions & not NSD-Imagery overlap
45746,True,False,subj04_rep_beyond_collected;subj08_rep_beyond_collected,False,shared1000 & all-8-subj complete 3-rep coverage within collected sessions & not NSD-Imagery overlap
45750,True,True,,False,shared1000 & all-8-subj complete 3-rep coverage within collected sessions & not NSD-Imagery overlap
45837,True,False,subj03_rep_beyond_collected;subj04_rep_beyond_collected;subj06_rep_beyond_collected;subj08_rep_beyond_collected,False,shared1000 & all-8-subj complete 3-rep coverage within collected sessions & not NSD-Imagery overlap
45843,True,True,,False,shared1000 & all-8-subj complete 3-rep coverage within collected sessions & not NSD-Imagery overlap
45945,True,True,,False,shared1000 & all-8-subj complete 3-rep coverage within collected sessions & not NSD-Imagery overlap
45981,True,True,,False,shared1000 & all-8-subj complete 3-rep coverage within collected sessions & not NSD-Imagery overlap
45982,True,False,subj03_rep_beyond_collected;subj04_rep_beyond_collected;subj06_rep_beyond_collected;subj08_rep_beyond_collected,False,shared1000 & all-8-subj complete 3-rep coverage within collected sessions & not NSD-Imagery overlap
45999,True,False,subj04_rep_beyond_collected;subj08_rep_beyond_collected,False,shared1000 & all-8-subj complete 3-rep coverage within collected sessions & not NSD-Imagery overlap
46002,True,False,subj03_rep_beyond_collected;subj04_rep_beyond_collected;subj06_rep_beyond_collected;subj08_rep_beyond_collected,False,shared1000 & all-8-subj complete 3-rep coverage within collected sessions & not NSD-Imagery overlap
46036,True,False,subj03_rep_beyond_collected;subj04_rep_beyond_collected;subj06_rep_beyond_collected;subj08_rep_beyond_collected,False,shared1000 & all-8-subj complete 3-rep coverage within collected sessions & not NSD-Imagery overlap
46101,True,False,subj03_rep_beyond_collected;subj04_rep_beyond_collected;subj06_rep_beyond_collected;subj08_rep_beyond_collected,False,shared1000 & all-8-subj complete 3-rep coverage within collected sessions & not NSD-Imagery overlap
46136,True,False,subj03_rep_beyond_collected;subj04_rep_beyond_collected;subj06_rep_beyond_collected;subj08_rep_beyond_collected,False,shared1000 & all-8-subj complete 3-rep coverage within collected sessions & not NSD-Imagery overlap
46150,True,True,,False,shared1000 & all-8-subj complete 3-rep coverage within collected sessions & not NSD-Imagery overlap
46160,True,False,subj04_rep_beyond_collected;subj08_rep_beyond_collected,False,shared1000 & all-8-subj complete 3-rep coverage within collected sessions & not NSD-Imagery overlap
46274,True,False,subj04_rep_beyond_collected;subj08_rep_beyond_collected,False,shared1000 & all-8-subj complete 3-rep coverage within collected sessions & not NSD-Imagery overlap
46321,True,False,subj04_rep_beyond_collected;subj08_rep_beyond_collected,False,shared1000 & all-8-subj complete 3-rep coverage within collected sessions & not NSD-Imagery overlap
46372,True,True,,False,shared1000 & all-8-subj complete 3-rep coverage within collected sessions & not NSD-Imagery overlap
46380,True,True,,False,shared1000 & all-8-subj complete 3-rep coverage within collected sessions & not NSD-Imagery overlap
46460,True,True,,False,shared1000 & all-8-subj complete 3-rep coverage within collected sessions & not NSD-Imagery overlap
46462,True,True,,False,shared1000 & all-8-subj complete 3-rep coverage within collected sessions & not NSD-Imagery overlap
46480,True,False,subj03_rep_beyond_collected;subj04_rep_beyond_collected;subj06_rep_beyond_collected;subj08_rep_beyond_collected,False,shared1000 & all-8-subj complete 3-rep coverage within collected sessions & not NSD-Imagery overlap
46523,True,False,subj03_rep_beyond_collected;subj04_rep_beyond_collected;subj06_rep_beyond_collected;subj08_rep_beyond_collected,False,shared1000 & all-8-subj complete 3-rep coverage within collected sessions & not NSD-Imagery overlap
46642,True,False,subj03_rep_beyond_collected;subj04_rep_beyond_collected;subj06_rep_beyond_collected;subj08_rep_beyond_collected,False,shared1000 & all-8-subj complete 3-rep coverage within collected sessions & not NSD-Imagery overlap
46661,True,True,,False,shared1000 & all-8-subj complete 3-rep coverage within collected sessions & not NSD-Imagery overlap
46806,True,True,,False,shared1000 & all-8-subj complete 3-rep coverage within collected sessions & not NSD-Imagery overlap
46835,True,False,subj04_rep_beyond_collected;subj08_rep_beyond_collected,False,shared1000 & all-8-subj complete 3-rep coverage within collected sessions & not NSD-Imagery overlap
46861,True,False,subj03_rep_beyond_collected;subj04_rep_beyond_collected;subj06_rep_beyond_collected;subj08_rep_beyond_collected,False,shared1000 & all-8-subj complete 3-rep coverage within collected sessions & not NSD-Imagery overlap
47033,True,False,subj03_rep_beyond_collected;subj04_rep_beyond_collected;subj06_rep_beyond_collected;subj08_rep_beyond_collected,False,shared1000 & all-8-subj complete 3-rep coverage within collected sessions & not NSD-Imagery overlap
47070,True,True,,False,shared1000 & all-8-subj complete 3-rep coverage within collected sessions & not NSD-Imagery overlap
47099,True,False,subj04_rep_beyond_collected;subj08_rep_beyond_collected,False,shared1000 & all-8-subj complete 3-rep coverage within collected sessions & not NSD-Imagery overlap
47200,True,False,subj03_rep_beyond_collected;subj04_rep_beyond_collected;subj06_rep_beyond_collected;subj08_rep_beyond_collected,False,shared1000 & all-8-subj complete 3-rep coverage within collected sessions & not NSD-Imagery overlap
47290,True,True,,False,shared1000 & all-8-subj complete 3-rep coverage within collected sessions & not NSD-Imagery overlap
47293,True,True,,False,shared1000 & all-8-subj complete 3-rep coverage within collected sessions & not NSD-Imagery overlap
47321,True,False,subj03_rep_beyond_collected;subj04_rep_beyond_collected;subj06_rep_beyond_collected;subj08_rep_beyond_collected,False,shared1000 & all-8-subj complete 3-rep coverage within collected sessions & not NSD-Imagery overlap
47408,True,True,,False,shared1000 & all-8-subj complete 3-rep coverage within collected sessions & not NSD-Imagery overlap
47598,True,False,subj03_rep_beyond_collected;subj04_rep_beyond_collected;subj06_rep_beyond_collected;subj08_rep_beyond_collected,False,shared1000 & all-8-subj complete 3-rep coverage within collected sessions & not NSD-Imagery overlap
47600,True,False,subj03_rep_beyond_collected;subj04_rep_beyond_collected;subj06_rep_beyond_collected;subj08_rep_beyond_collected,False,shared1000 & all-8-subj complete 3-rep coverage within collected sessions & not NSD-Imagery overlap
47614,True,False,subj03_rep_beyond_collected;subj04_rep_beyond_collected;subj06_rep_beyond_collected;subj08_rep_beyond_collected,False,shared1000 & all-8-subj complete 3-rep coverage within collected sessions & not NSD-Imagery overlap
47656,True,False,subj03_rep_beyond_collected;subj04_rep_beyond_collected;subj06_rep_beyond_collected;subj08_rep_beyond_collected,False,shared1000 & all-8-subj complete 3-rep coverage within collected sessions & not NSD-Imagery overlap
47687,True,True,,False,shared1000 & all-8-subj complete 3-rep coverage within collected sessions & not NSD-Imagery overlap
48157,True,True,,False,shared1000 & all-8-subj complete 3-rep coverage within collected sessions & not NSD-Imagery overlap
48260,True,True,,False,shared1000 & all-8-subj complete 3-rep coverage within collected sessions & not NSD-Imagery overlap
48374,True,True,,False,shared1000 & all-8-subj complete 3-rep coverage within collected sessions & not NSD-Imagery overlap
48379,True,False,subj04_rep_beyond_collected;subj08_rep_beyond_collected,False,shared1000 & all-8-subj complete 3-rep coverage within collected sessions & not NSD-Imagery overlap
48393,True,False,subj03_rep_beyond_collected;subj04_rep_beyond_collected;subj06_rep_beyond_collected;subj08_rep_beyond_collected,False,shared1000 & all-8-subj complete 3-rep coverage within collected sessions & not NSD-Imagery overlap
48422,True,True,,False,shared1000 & all-8-subj complete 3-rep coverage within collected sessions & not NSD-Imagery overlap
48508,True,True,,False,shared1000 & all-8-subj complete 3-rep coverage within collected sessions & not NSD-Imagery overlap
48530,True,True,,False,shared1000 & all-8-subj complete 3-rep coverage within collected sessions & not NSD-Imagery overlap
48617,True,False,subj03_rep_beyond_collected;subj04_rep_beyond_collected;subj06_rep_beyond_collected;subj08_rep_beyond_collected,False,shared1000 & all-8-subj complete 3-rep coverage within collected sessions & not NSD-Imagery overlap
48618,True,False,subj03_rep_beyond_collected;subj04_rep_beyond_collected;subj06_rep_beyond_collected;subj08_rep_beyond_collected,False,shared1000 & all-8-subj complete 3-rep coverage within collected sessions & not NSD-Imagery overlap
48622,True,False,subj03_rep_beyond_collected;subj04_rep_beyond_collected;subj06_rep_beyond_collected;subj08_rep_beyond_collected,False,shared1000 & all-8-subj complete 3-rep coverage within collected sessions & not NSD-Imagery overlap
48679,True,True,,False,shared1000 & all-8-subj complete 3-rep coverage within collected sessions & not NSD-Imagery overlap
48681,True,True,,False,shared1000 & all-8-subj complete 3-rep coverage within collected sessions & not NSD-Imagery overlap
48802,True,True,,False,shared1000 & all-8-subj complete 3-rep coverage within collected sessions & not NSD-Imagery overlap
48832,True,False,subj03_rep_beyond_collected;subj04_rep_beyond_collected;subj06_rep_beyond_collected;subj08_rep_beyond_collected,False,shared1000 & all-8-subj complete 3-rep coverage within collected sessions & not NSD-Imagery overlap
48839,True,False,subj03_rep_beyond_collected;subj04_rep_beyond_collected;subj06_rep_beyond_collected;subj08_rep_beyond_collected,False,shared1000 & all-8-subj complete 3-rep coverage within collected sessions & not NSD-Imagery overlap
49076,True,False,subj03_rep_beyond_collected;subj04_rep_beyond_collected;subj06_rep_beyond_collected;subj08_rep_beyond_collected,False,shared1000 & all-8-subj complete 3-rep coverage within collected sessions & not NSD-Imagery overlap
49152,True,False,subj03_rep_beyond_collected;subj04_rep_beyond_collected;subj06_rep_beyond_collected;subj08_rep_beyond_collected,False,shared1000 & all-8-subj complete 3-rep coverage within collected sessions & not NSD-Imagery overlap
49156,True,False,subj03_rep_beyond_collected;subj04_rep_beyond_collected;subj06_rep_beyond_collected;subj08_rep_beyond_collected,False,shared1000 & all-8-subj complete 3-rep coverage within collected sessions & not NSD-Imagery overlap
49234,True,False,subj03_rep_beyond_collected;subj04_rep_beyond_collected;subj06_rep_beyond_collected;subj08_rep_beyond_collected,False,shared1000 & all-8-subj complete 3-rep coverage within collected sessions & not NSD-Imagery overlap
49466,True,True,,False,shared1000 & all-8-subj complete 3-rep coverage within collected sessions & not NSD-Imagery overlap
49480,True,True,,False,shared1000 & all-8-subj complete 3-rep coverage within collected sessions & not NSD-Imagery overlap
49622,True,False,subj03_rep_beyond_collected;subj04_rep_beyond_collected;subj06_rep_beyond_collected;subj08_rep_beyond_collected,False,shared1000 & all-8-subj complete 3-rep coverage within collected sessions & not NSD-Imagery overlap
49731,True,True,,False,shared1000 & all-8-subj complete 3-rep coverage within collected sessions & not NSD-Imagery overlap
49923,True,False,subj03_rep_beyond_collected;subj04_rep_beyond_collected;subj06_rep_beyond_collected;subj08_rep_beyond_collected,False,shared1000 & all-8-subj complete 3-rep coverage within collected sessions & not NSD-Imagery overlap
49944,True,True,,False,shared1000 & all-8-subj complete 3-rep coverage within collected sessions & not NSD-Imagery overlap
49955,True,True,,False,shared1000 & all-8-subj complete 3-rep coverage within collected sessions & not NSD-Imagery overlap
49957,True,False,subj03_rep_beyond_collected;subj04_rep_beyond_collected;subj06_rep_beyond_collected;subj08_rep_beyond_collected,False,shared1000 & all-8-subj complete 3-rep coverage within collected sessions & not NSD-Imagery overlap
49969,True,False,subj03_rep_beyond_collected;subj04_rep_beyond_collected;subj06_rep_beyond_collected;subj08_rep_beyond_collected,False,shared1000 & all-8-subj complete 3-rep coverage within collected sessions & not NSD-Imagery overlap
49979,True,True,,False,shared1000 & all-8-subj complete 3-rep coverage within collected sessions & not NSD-Imagery overlap
50026,True,False,subj03_rep_beyond_collected;subj04_rep_beyond_collected;subj06_rep_beyond_collected;subj08_rep_beyond_collected,False,shared1000 & all-8-subj complete 3-rep coverage within collected sessions & not NSD-Imagery overlap
50114,True,True,,False,shared1000 & all-8-subj complete 3-rep coverage within collected sessions & not NSD-Imagery overlap
50170,True,True,,False,shared1000 & all-8-subj complete 3-rep coverage within collected sessions & not NSD-Imagery overlap
50500,True,False,subj03_rep_beyond_collected;subj04_rep_beyond_collected;subj06_rep_beyond_collected;subj08_rep_beyond_collected,False,shared1000 & all-8-subj complete 3-rep coverage within collected sessions & not NSD-Imagery overlap
50653,True,True,,False,shared1000 & all-8-subj complete 3-rep coverage within collected sessions & not NSD-Imagery overlap
50734,True,True,,False,shared1000 & all-8-subj complete 3-rep coverage within collected sessions & not NSD-Imagery overlap
50755,True,True,,False,shared1000 & all-8-subj complete 3-rep coverage within collected sessions & not NSD-Imagery overlap
50811,True,True,,False,shared1000 & all-8-subj complete 3-rep coverage within collected sessions & not NSD-Imagery overlap
50882,True,True,,False,shared1000 & all-8-subj complete 3-rep coverage within collected sessions & not NSD-Imagery overlap
51051,True,False,subj04_rep_beyond_collected;subj08_rep_beyond_collected,False,shared1000 & all-8-subj complete 3-rep coverage within collected sessions & not NSD-Imagery overlap
51052,True,False,subj03_rep_beyond_collected;subj04_rep_beyond_collected;subj06_rep_beyond_collected;subj08_rep_beyond_collected,False,shared1000 & all-8-subj complete 3-rep coverage within collected sessions & not NSD-Imagery overlap
51062,True,False,subj03_rep_beyond_collected;subj04_rep_beyond_collected;subj06_rep_beyond_collected;subj08_rep_beyond_collected,False,shared1000 & all-8-subj complete 3-rep coverage within collected sessions & not NSD-Imagery overlap
51077,True,True,,False,shared1000 & all-8-subj complete 3-rep coverage within collected sessions & not NSD-Imagery overlap
51148,True,True,,False,shared1000 & all-8-subj complete 3-rep coverage within collected sessions & not NSD-Imagery overlap
51171,True,False,subj04_rep_beyond_collected;subj08_rep_beyond_collected,False,shared1000 & all-8-subj complete 3-rep coverage within collected sessions & not NSD-Imagery overlap
51185,True,True,,False,shared1000 & all-8-subj complete 3-rep coverage within collected sessions & not NSD-Imagery overlap
51521,True,True,,False,shared1000 & all-8-subj complete 3-rep coverage within collected sessions & not NSD-Imagery overlap
51745,True,False,subj03_rep_beyond_collected;subj04_rep_beyond_collected;subj06_rep_beyond_collected;subj08_rep_beyond_collected,False,shared1000 & all-8-subj complete 3-rep coverage within collected sessions & not NSD-Imagery overlap
51788,True,True,,False,shared1000 & all-8-subj complete 3-rep coverage within collected sessions & not NSD-Imagery overlap
51843,True,True,,False,shared1000 & all-8-subj complete 3-rep coverage within collected sessions & not NSD-Imagery overlap
51907,True,False,subj03_rep_beyond_collected;subj04_rep_beyond_collected;subj06_rep_beyond_collected;subj08_rep_beyond_collected,False,shared1000 & all-8-subj complete 3-rep coverage within collected sessions & not NSD-Imagery overlap
51928,True,False,subj04_rep_beyond_collected;subj08_rep_beyond_collected,False,shared1000 & all-8-subj complete 3-rep coverage within collected sessions & not NSD-Imagery overlap
51965,True,False,subj03_rep_beyond_collected;subj04_rep_beyond_collected;subj06_rep_beyond_collected;subj08_rep_beyond_collected,False,shared1000 & all-8-subj complete 3-rep coverage within collected sessions & not NSD-Imagery overlap
51983,True,True,,False,shared1000 & all-8-subj complete 3-rep coverage within collected sessions & not NSD-Imagery overlap
51988,True,False,subj03_rep_beyond_collected;subj04_rep_beyond_collected;subj06_rep_beyond_collected;subj08_rep_beyond_collected,False,shared1000 & all-8-subj complete 3-rep coverage within collected sessions & not NSD-Imagery overlap
52070,True,True,,False,shared1000 & all-8-subj complete 3-rep coverage within collected sessions & not NSD-Imagery overlap
52216,True,False,subj03_rep_beyond_collected;subj04_rep_beyond_collected;subj06_rep_beyond_collected;subj08_rep_beyond_collected,False,shared1000 & all-8-subj complete 3-rep coverage within collected sessions & not NSD-Imagery overlap
52302,True,False,subj04_rep_beyond_collected;subj08_rep_beyond_collected,False,shared1000 & all-8-subj complete 3-rep coverage within collected sessions & not NSD-Imagery overlap
52328,True,False,subj03_rep_beyond_collected;subj04_rep_beyond_collected;subj06_rep_beyond_collected;subj08_rep_beyond_collected,False,shared1000 & all-8-subj complete 3-rep coverage within collected sessions & not NSD-Imagery overlap
52375,True,False,subj03_rep_beyond_collected;subj04_rep_beyond_collected;subj06_rep_beyond_collected;subj08_rep_beyond_collected,False,shared1000 & all-8-subj complete 3-rep coverage within collected sessions & not NSD-Imagery overlap
52394,True,True,,False,shared1000 & all-8-subj complete 3-rep coverage within collected sessions & not NSD-Imagery overlap
52527,True,False,subj03_rep_beyond_collected;subj04_rep_beyond_collected;subj06_rep_beyond_collected;subj08_rep_beyond_collected,False,shared1000 & all-8-subj complete 3-rep coverage within collected sessions & not NSD-Imagery overlap
52554,True,True,,False,shared1000 & all-8-subj complete 3-rep coverage within collected sessions & not NSD-Imagery overlap
52596,True,False,subj03_rep_beyond_collected;subj04_rep_beyond_collected;subj06_rep_beyond_collected;subj08_rep_beyond_collected,False,shared1000 & all-8-subj complete 3-rep coverage within collected sessions & not NSD-Imagery overlap
52598,True,False,subj03_rep_beyond_collected;subj04_rep_beyond_collected;subj06_rep_beyond_collected;subj08_rep_beyond_collected,False,shared1000 & all-8-subj complete 3-rep coverage within collected sessions & not NSD-Imagery overlap
52652,True,False,subj04_rep_beyond_collected;subj08_rep_beyond_collected,False,shared1000 & all-8-subj complete 3-rep coverage within collected sessions & not NSD-Imagery overlap
52892,True,False,subj03_rep_beyond_collected;subj04_rep_beyond_collected;subj06_rep_beyond_collected;subj08_rep_beyond_collected,False,shared1000 & all-8-subj complete 3-rep coverage within collected sessions & not NSD-Imagery overlap
52931,True,True,,False,shared1000 & all-8-subj complete 3-rep coverage within collected sessions & not NSD-Imagery overlap
52990,True,False,subj03_rep_beyond_collected;subj04_rep_beyond_collected;subj06_rep_beyond_collected;subj08_rep_beyond_collected,False,shared1000 & all-8-subj complete 3-rep coverage within collected sessions & not NSD-Imagery overlap
53052,True,True,,False,shared1000 & all-8-subj complete 3-rep coverage within collected sessions & not NSD-Imagery overlap
53070,True,False,subj03_rep_beyond_collected;subj04_rep_beyond_collected;subj06_rep_beyond_collected;subj08_rep_beyond_collected,False,shared1000 & all-8-subj complete 3-rep coverage within collected sessions & not NSD-Imagery overlap
53152,True,True,,False,shared1000 & all-8-subj complete 3-rep coverage within collected sessions & not NSD-Imagery overlap
53155,True,True,,False,shared1000 & all-8-subj complete 3-rep coverage within collected sessions & not NSD-Imagery overlap
53157,True,False,subj03_rep_beyond_collected;subj04_rep_beyond_collected;subj06_rep_beyond_collected;subj08_rep_beyond_collected,False,shared1000 & all-8-subj complete 3-rep coverage within collected sessions & not NSD-Imagery overlap
53270,True,False,subj03_rep_beyond_collected;subj04_rep_beyond_collected;subj06_rep_beyond_collected;subj08_rep_beyond_collected,False,shared1000 & all-8-subj complete 3-rep coverage within collected sessions & not NSD-Imagery overlap
53370,True,True,,False,shared1000 & all-8-subj complete 3-rep coverage within collected sessions & not NSD-Imagery overlap
53489,True,False,subj03_rep_beyond_collected;subj04_rep_beyond_collected;subj06_rep_beyond_collected;subj08_rep_beyond_collected,False,shared1000 & all-8-subj complete 3-rep coverage within collected sessions & not NSD-Imagery overlap
53511,True,False,subj03_rep_beyond_collected;subj04_rep_beyond_collected;subj06_rep_beyond_collected;subj08_rep_beyond_collected,False,shared1000 & all-8-subj complete 3-rep coverage within collected sessions & not NSD-Imagery overlap
53570,True,True,,False,shared1000 & all-8-subj complete 3-rep coverage within collected sessions & not NSD-Imagery overlap
53727,True,True,,False,shared1000 & all-8-subj complete 3-rep coverage within collected sessions & not NSD-Imagery overlap
53728,True,True,,False,shared1000 & all-8-subj complete 3-rep coverage within collected sessions & not NSD-Imagery overlap
53773,True,True,,False,shared1000 & all-8-subj complete 3-rep coverage within collected sessions & not NSD-Imagery overlap
53858,True,False,subj03_rep_beyond_collected;subj04_rep_beyond_collected;subj06_rep_beyond_collected;subj08_rep_beyond_collected,False,shared1000 & all-8-subj complete 3-rep coverage within collected sessions & not NSD-Imagery overlap
53881,True,True,,False,shared1000 & all-8-subj complete 3-rep coverage within collected sessions & not NSD-Imagery overlap
53891,True,True,,False,shared1000 & all-8-subj complete 3-rep coverage within collected sessions & not NSD-Imagery overlap
54078,True,True,,False,shared1000 & all-8-subj complete 3-rep coverage within collected sessions & not NSD-Imagery overlap
54147,True,False,subj03_rep_beyond_collected;subj04_rep_beyond_collected;subj06_rep_beyond_collected;subj08_rep_beyond_collected,False,shared1000 & all-8-subj complete 3-rep coverage within collected sessions & not NSD-Imagery overlap
54257,True,True,,False,shared1000 & all-8-subj complete 3-rep coverage within collected sessions & not NSD-Imagery overlap
54361,True,True,,False,shared1000 & all-8-subj complete 3-rep coverage within collected sessions & not NSD-Imagery overlap
54389,True,False,subj03_rep_beyond_collected;subj04_rep_beyond_collected;subj06_rep_beyond_collected;subj08_rep_beyond_collected,False,shared1000 & all-8-subj complete 3-rep coverage within collected sessions & not NSD-Imagery overlap
54643,True,False,subj03_rep_beyond_collected;subj04_rep_beyond_collected;subj06_rep_beyond_collected;subj08_rep_beyond_collected,False,shared1000 & all-8-subj complete 3-rep coverage within collected sessions & not NSD-Imagery overlap
54683,True,False,subj03_rep_beyond_collected;subj04_rep_beyond_collected;subj06_rep_beyond_collected;subj08_rep_beyond_collected,False,shared1000 & all-8-subj complete 3-rep coverage within collected sessions & not NSD-Imagery overlap
54698,True,False,subj04_rep_beyond_collected;subj08_rep_beyond_collected,False,shared1000 & all-8-subj complete 3-rep coverage within collected sessions & not NSD-Imagery overlap
54743,True,False,subj03_rep_beyond_collected;subj04_rep_beyond_collected;subj06_rep_beyond_collected;subj08_rep_beyond_collected,False,shared1000 & all-8-subj complete 3-rep coverage within collected sessions & not NSD-Imagery overlap
54812,True,False,subj03_rep_beyond_collected;subj04_rep_beyond_collected;subj06_rep_beyond_collected;subj08_rep_beyond_collected,False,shared1000 & all-8-subj complete 3-rep coverage within collected sessions & not NSD-Imagery overlap
54824,True,False,subj03_rep_beyond_collected;subj04_rep_beyond_collected;subj06_rep_beyond_collected;subj08_rep_beyond_collected,False,shared1000 & all-8-subj complete 3-rep coverage within collected sessions & not NSD-Imagery overlap
54913,True,True,,False,shared1000 & all-8-subj complete 3-rep coverage within collected sessions & not NSD-Imagery overlap
54959,True,False,subj03_rep_beyond_collected;subj04_rep_beyond_collected;subj06_rep_beyond_collected;subj08_rep_beyond_collected,False,shared1000 & all-8-subj complete 3-rep coverage within collected sessions & not NSD-Imagery overlap
55005,True,True,,False,shared1000 & all-8-subj complete 3-rep coverage within collected sessions & not NSD-Imagery overlap
55107,True,True,,False,shared1000 & all-8-subj complete 3-rep coverage within collected sessions & not NSD-Imagery overlap
55163,True,True,,False,shared1000 & all-8-subj complete 3-rep coverage within collected sessions & not NSD-Imagery overlap
55405,True,True,,False,shared1000 & all-8-subj complete 3-rep coverage within collected sessions & not NSD-Imagery overlap
55408,True,True,,False,shared1000 & all-8-subj complete 3-rep coverage within collected sessions & not NSD-Imagery overlap
55526,True,True,,False,shared1000 & all-8-subj complete 3-rep coverage within collected sessions & not NSD-Imagery overlap
55649,True,True,,False,shared1000 & all-8-subj complete 3-rep coverage within collected sessions & not NSD-Imagery overlap
55669,True,True,,False,shared1000 & all-8-subj complete 3-rep coverage within collected sessions & not NSD-Imagery overlap
55678,True,True,,False,shared1000 & all-8-subj complete 3-rep coverage within collected sessions & not NSD-Imagery overlap
55680,True,False,subj03_rep_beyond_collected;subj04_rep_beyond_collected;subj06_rep_beyond_collected;subj08_rep_beyond_collected,False,shared1000 & all-8-subj complete 3-rep coverage within collected sessions & not NSD-Imagery overlap
55857,True,False,subj04_rep_beyond_collected;subj08_rep_beyond_collected,False,shared1000 & all-8-subj complete 3-rep coverage within collected sessions & not NSD-Imagery overlap
55933,True,False,subj03_rep_beyond_collected;subj04_rep_beyond_collected;subj06_rep_beyond_collected;subj08_rep_beyond_collected,False,shared1000 & all-8-subj complete 3-rep coverage within collected sessions & not NSD-Imagery overlap
55968,True,True,,False,shared1000 & all-8-subj complete 3-rep coverage within collected sessions & not NSD-Imagery overlap
55969,True,False,subj03_rep_beyond_collected;subj04_rep_beyond_collected;subj06_rep_beyond_collected;subj08_rep_beyond_collected,False,shared1000 & all-8-subj complete 3-rep coverage within collected sessions & not NSD-Imagery overlap
56042,True,False,subj04_rep_beyond_collected;subj08_rep_beyond_collected,False,shared1000 & all-8-subj complete 3-rep coverage within collected sessions & not NSD-Imagery overlap
56066,True,False,subj03_rep_beyond_collected;subj04_rep_beyond_collected;subj06_rep_beyond_collected;subj08_rep_beyond_collected,False,shared1000 & all-8-subj complete 3-rep coverage within collected sessions & not NSD-Imagery overlap
56126,True,False,subj03_rep_beyond_collected;subj04_rep_beyond_collected;subj06_rep_beyond_collected;subj08_rep_beyond_collected,False,shared1000 & all-8-subj complete 3-rep coverage within collected sessions & not NSD-Imagery overlap
56154,True,True,,False,shared1000 & all-8-subj complete 3-rep coverage within collected sessions & not NSD-Imagery overlap
56269,True,True,,False,shared1000 & all-8-subj complete 3-rep coverage within collected sessions & not NSD-Imagery overlap
56290,True,False,subj03_rep_beyond_collected;subj04_rep_beyond_collected;subj06_rep_beyond_collected;subj08_rep_beyond_collected,False,shared1000 & all-8-subj complete 3-rep coverage within collected sessions & not NSD-Imagery overlap
56314,True,True,,False,shared1000 & all-8-subj complete 3-rep coverage within collected sessions & not NSD-Imagery overlap
56418,True,False,subj03_rep_beyond_collected;subj04_rep_beyond_collected;subj06_rep_beyond_collected;subj08_rep_beyond_collected,False,shared1000 & all-8-subj complete 3-rep coverage within collected sessions & not NSD-Imagery overlap
56454,True,False,subj04_rep_beyond_collected;subj08_rep_beyond_collected,False,shared1000 & all-8-subj complete 3-rep coverage within collected sessions & not NSD-Imagery overlap
56471,True,False,subj03_rep_beyond_collected;subj04_rep_beyond_collected;subj06_rep_beyond_collected;subj08_rep_beyond_collected,False,shared1000 & all-8-subj complete 3-rep coverage within collected sessions & not NSD-Imagery overlap
56670,True,False,subj03_rep_beyond_collected;subj04_rep_beyond_collected;subj06_rep_beyond_collected;subj08_rep_beyond_collected,False,shared1000 & all-8-subj complete 3-rep coverage within collected sessions & not NSD-Imagery overlap
56681,True,True,,False,shared1000 & all-8-subj complete 3-rep coverage within collected sessions & not NSD-Imagery overlap
56695,True,False,subj03_rep_beyond_collected;subj04_rep_beyond_collected;subj06_rep_beyond_collected;subj08_rep_beyond_collected,False,shared1000 & all-8-subj complete 3-rep coverage within collected sessions & not NSD-Imagery overlap
56723,True,True,,False,shared1000 & all-8-subj complete 3-rep coverage within collected sessions & not NSD-Imagery overlap
56751,True,False,subj03_rep_beyond_collected;subj04_rep_beyond_collected;subj06_rep_beyond_collected;subj08_rep_beyond_collected,False,shared1000 & all-8-subj complete 3-rep coverage within collected sessions & not NSD-Imagery overlap
56782,True,False,subj03_rep_beyond_collected;subj04_rep_beyond_collected;subj06_rep_beyond_collected;subj08_rep_beyond_collected,False,shared1000 & all-8-subj complete 3-rep coverage within collected sessions & not NSD-Imagery overlap
56784,True,True,,False,shared1000 & all-8-subj complete 3-rep coverage within collected sessions & not NSD-Imagery overlap
56850,True,True,,False,shared1000 & all-8-subj complete 3-rep coverage within collected sessions & not NSD-Imagery overlap
56867,True,True,,False,shared1000 & all-8-subj complete 3-rep coverage within collected sessions & not NSD-Imagery overlap
56911,True,True,,False,shared1000 & all-8-subj complete 3-rep coverage within collected sessions & not NSD-Imagery overlap
56948,True,True,,False,shared1000 & all-8-subj complete 3-rep coverage within collected sessions & not NSD-Imagery overlap
57046,True,True,,False,shared1000 & all-8-subj complete 3-rep coverage within collected sessions & not NSD-Imagery overlap
57060,True,False,subj03_rep_beyond_collected;subj04_rep_beyond_collected;subj06_rep_beyond_collected;subj08_rep_beyond_collected,False,shared1000 & all-8-subj complete 3-rep coverage within collected sessions & not NSD-Imagery overlap
57435,True,True,,False,shared1000 & all-8-subj complete 3-rep coverage within collected sessions & not NSD-Imagery overlap
57443,True,False,subj04_rep_beyond_collected;subj08_rep_beyond_collected,False,shared1000 & all-8-subj complete 3-rep coverage within collected sessions & not NSD-Imagery overlap
57478,True,False,subj03_rep_beyond_collected;subj04_rep_beyond_collected;subj06_rep_beyond_collected;subj08_rep_beyond_collected,False,shared1000 & all-8-subj complete 3-rep coverage within collected sessions & not NSD-Imagery overlap
57542,True,False,subj03_rep_beyond_collected;subj04_rep_beyond_collected;subj06_rep_beyond_collected;subj08_rep_beyond_collected,False,shared1000 & all-8-subj complete 3-rep coverage within collected sessions & not NSD-Imagery overlap
57553,True,True,,False,shared1000 & all-8-subj complete 3-rep coverage within collected sessions & not NSD-Imagery overlap
57648,True,False,subj03_rep_beyond_collected;subj04_rep_beyond_collected;subj06_rep_beyond_collected;subj08_rep_beyond_collected,False,shared1000 & all-8-subj complete 3-rep coverage within collected sessions & not NSD-Imagery overlap
57650,True,True,,False,shared1000 & all-8-subj complete 3-rep coverage within collected sessions & not NSD-Imagery overlap
57681,True,False,subj03_rep_beyond_collected;subj04_rep_beyond_collected;subj06_rep_beyond_collected;subj08_rep_beyond_collected,False,shared1000 & all-8-subj complete 3-rep coverage within collected sessions & not NSD-Imagery overlap
57822,True,False,subj03_rep_beyond_collected;subj04_rep_beyond_collected;subj06_rep_beyond_collected;subj08_rep_beyond_collected,False,shared1000 & all-8-subj complete 3-rep coverage within collected sessions & not NSD-Imagery overlap
57838,True,True,,False,shared1000 & all-8-subj complete 3-rep coverage within collected sessions & not NSD-Imagery overlap
57906,True,False,subj03_rep_beyond_collected;subj04_rep_beyond_collected;subj06_rep_beyond_collected;subj08_rep_beyond_collected,False,shared1000 & all-8-subj complete 3-rep coverage within collected sessions & not NSD-Imagery overlap
58096,True,False,subj03_rep_beyond_collected;subj04_rep_beyond_collected;subj06_rep_beyond_collected;subj08_rep_beyond_collected,False,shared1000 & all-8-subj complete 3-rep coverage within collected sessions & not NSD-Imagery overlap
58144,True,False,subj04_rep_beyond_collected;subj08_rep_beyond_collected,False,shared1000 & all-8-subj complete 3-rep coverage within collected sessions & not NSD-Imagery overlap
58164,True,False,subj03_rep_beyond_collected;subj04_rep_beyond_collected;subj06_rep_beyond_collected;subj08_rep_beyond_collected,False,shared1000 & all-8-subj complete 3-rep coverage within collected sessions & not NSD-Imagery overlap
58187,True,False,subj03_rep_beyond_collected;subj04_rep_beyond_collected;subj06_rep_beyond_collected;subj08_rep_beyond_collected,False,shared1000 & all-8-subj complete 3-rep coverage within collected sessions & not NSD-Imagery overlap
58404,True,True,,False,shared1000 & all-8-subj complete 3-rep coverage within collected sessions & not NSD-Imagery overlap
58668,True,False,subj03_rep_beyond_collected;subj04_rep_beyond_collected;subj06_rep_beyond_collected;subj08_rep_beyond_collected,False,shared1000 & all-8-subj complete 3-rep coverage within collected sessions & not NSD-Imagery overlap
58681,True,False,subj03_rep_beyond_collected;subj04_rep_beyond_collected;subj06_rep_beyond_collected;subj08_rep_beyond_collected,False,shared1000 & all-8-subj complete 3-rep coverage within collected sessions & not NSD-Imagery overlap
59023,True,True,,False,shared1000 & all-8-subj complete 3-rep coverage within collected sessions & not NSD-Imagery overlap
59039,True,False,subj03_rep_beyond_collected;subj04_rep_beyond_collected;subj06_rep_beyond_collected;subj08_rep_beyond_collected,False,shared1000 & all-8-subj complete 3-rep coverage within collected sessions & not NSD-Imagery overlap
59046,True,True,,False,shared1000 & all-8-subj complete 3-rep coverage within collected sessions & not NSD-Imagery overlap
59079,True,False,subj03_rep_beyond_collected;subj04_rep_beyond_collected;subj06_rep_beyond_collected;subj08_rep_beyond_collected,False,shared1000 & all-8-subj complete 3-rep coverage within collected sessions & not NSD-Imagery overlap
59091,True,False,subj03_rep_beyond_collected;subj04_rep_beyond_collected;subj06_rep_beyond_collected;subj08_rep_beyond_collected,False,shared1000 & all-8-subj complete 3-rep coverage within collected sessions & not NSD-Imagery overlap
59194,True,True,,False,shared1000 & all-8-subj complete 3-rep coverage within collected sessions & not NSD-Imagery overlap
59284,True,True,,False,shared1000 & all-8-subj complete 3-rep coverage within collected sessions & not NSD-Imagery overlap
59419,True,False,subj03_rep_beyond_collected;subj04_rep_beyond_collected;subj06_rep_beyond_collected;subj08_rep_beyond_collected,False,shared1000 & all-8-subj complete 3-rep coverage within collected sessions & not NSD-Imagery overlap
59420,True,False,subj03_rep_beyond_collected;subj04_rep_beyond_collected;subj06_rep_beyond_collected;subj08_rep_beyond_collected,False,shared1000 & all-8-subj complete 3-rep coverage within collected sessions & not NSD-Imagery overlap
59585,True,True,,False,shared1000 & all-8-subj complete 3-rep coverage within collected sessions & not NSD-Imagery overlap
59595,True,False,subj03_rep_beyond_collected;subj04_rep_beyond_collected;subj06_rep_beyond_collected;subj08_rep_beyond_collected,False,shared1000 & all-8-subj complete 3-rep coverage within collected sessions & not NSD-Imagery overlap
59631,True,False,subj03_rep_beyond_collected;subj04_rep_beyond_collected;subj06_rep_beyond_collected;subj08_rep_beyond_collected,False,shared1000 & all-8-subj complete 3-rep coverage within collected sessions & not NSD-Imagery overlap
59699,True,True,,False,shared1000 & all-8-subj complete 3-rep coverage within collected sessions & not NSD-Imagery overlap
59817,True,True,,False,shared1000 & all-8-subj complete 3-rep coverage within collected sessions & not NSD-Imagery overlap
59994,True,True,,False,shared1000 & all-8-subj complete 3-rep coverage within collected sessions & not NSD-Imagery overlap
60094,True,True,,False,shared1000 & all-8-subj complete 3-rep coverage within collected sessions & not NSD-Imagery overlap
60119,True,False,subj03_rep_beyond_collected;subj04_rep_beyond_collected;subj06_rep_beyond_collected;subj08_rep_beyond_collected,False,shared1000 & all-8-subj complete 3-rep coverage within collected sessions & not NSD-Imagery overlap
60186,True,True,,False,shared1000 & all-8-subj complete 3-rep coverage within collected sessions & not NSD-Imagery overlap
60251,True,True,,False,shared1000 & all-8-subj complete 3-rep coverage within collected sessions & not NSD-Imagery overlap
60305,True,True,,False,shared1000 & all-8-subj complete 3-rep coverage within collected sessions & not NSD-Imagery overlap
60456,True,False,subj03_rep_beyond_collected;subj04_rep_beyond_collected;subj06_rep_beyond_collected;subj08_rep_beyond_collected,False,shared1000 & all-8-subj complete 3-rep coverage within collected sessions & not NSD-Imagery overlap
60505,True,True,,False,shared1000 & all-8-subj complete 3-rep coverage within collected sessions & not NSD-Imagery overlap
60519,True,False,subj03_rep_beyond_collected;subj04_rep_beyond_collected;subj06_rep_beyond_collected;subj08_rep_beyond_collected,False,shared1000 & all-8-subj complete 3-rep coverage within collected sessions & not NSD-Imagery overlap
60553,True,True,,False,shared1000 & all-8-subj complete 3-rep coverage within collected sessions & not NSD-Imagery overlap
60725,True,False,subj03_rep_beyond_collected;subj04_rep_beyond_collected;subj06_rep_beyond_collected;subj08_rep_beyond_collected,False,shared1000 & all-8-subj complete 3-rep coverage within collected sessions & not NSD-Imagery overlap
60834,True,False,subj03_rep_beyond_collected;subj04_rep_beyond_collected;subj06_rep_beyond_collected;subj08_rep_beyond_collected,False,shared1000 & all-8-subj complete 3-rep coverage within collected sessions & not NSD-Imagery overlap
60845,True,True,,False,shared1000 & all-8-subj complete 3-rep coverage within collected sessions & not NSD-Imagery overlap
60867,True,False,subj04_rep_beyond_collected;subj08_rep_beyond_collected,False,shared1000 & all-8-subj complete 3-rep coverage within collected sessions & not NSD-Imagery overlap
60978,True,False,subj03_rep_beyond_collected;subj04_rep_beyond_collected;subj06_rep_beyond_collected;subj08_rep_beyond_collected,False,shared1000 & all-8-subj complete 3-rep coverage within collected sessions & not NSD-Imagery overlap
61122,True,True,,False,shared1000 & all-8-subj complete 3-rep coverage within collected sessions & not NSD-Imagery overlap
61133,True,True,,False,shared1000 & all-8-subj complete 3-rep coverage within collected sessions & not NSD-Imagery overlap
61177,True,True,,False,shared1000 & all-8-subj complete 3-rep coverage within collected sessions & not NSD-Imagery overlap
61216,True,False,subj03_rep_beyond_collected;subj04_rep_beyond_collected;subj06_rep_beyond_collected;subj08_rep_beyond_collected,False,shared1000 & all-8-subj complete 3-rep coverage within collected sessions & not NSD-Imagery overlap
61510,True,True,,False,shared1000 & all-8-subj complete 3-rep coverage within collected sessions & not NSD-Imagery overlap
61513,True,False,subj03_rep_beyond_collected;subj04_rep_beyond_collected;subj06_rep_beyond_collected;subj08_rep_beyond_collected,False,shared1000 & all-8-subj complete 3-rep coverage within collected sessions & not NSD-Imagery overlap
61677,True,True,,False,shared1000 & all-8-subj complete 3-rep coverage within collected sessions & not NSD-Imagery overlap
61738,True,True,,False,shared1000 & all-8-subj complete 3-rep coverage within collected sessions & not NSD-Imagery overlap
61748,True,True,,False,shared1000 & all-8-subj complete 3-rep coverage within collected sessions & not NSD-Imagery overlap
61752,True,False,subj03_rep_beyond_collected;subj04_rep_beyond_collected;subj06_rep_beyond_collected;subj08_rep_beyond_collected,False,shared1000 & all-8-subj complete 3-rep coverage within collected sessions & not NSD-Imagery overlap
61797,True,True,,False,shared1000 & all-8-subj complete 3-rep coverage within collected sessions & not NSD-Imagery overlap
61801,True,False,subj03_rep_beyond_collected;subj04_rep_beyond_collected;subj06_rep_beyond_collected;subj08_rep_beyond_collected,False,shared1000 & all-8-subj complete 3-rep coverage within collected sessions & not NSD-Imagery overlap
61809,True,True,,False,shared1000 & all-8-subj complete 3-rep coverage within collected sessions & not NSD-Imagery overlap
61873,True,True,,False,shared1000 & all-8-subj complete 3-rep coverage within collected sessions & not NSD-Imagery overlap
61972,True,False,subj03_rep_beyond_collected;subj04_rep_beyond_collected;subj06_rep_beyond_collected;subj08_rep_beyond_collected,False,shared1000 & all-8-subj complete 3-rep coverage within collected sessions & not NSD-Imagery overlap
62006,True,True,,False,shared1000 & all-8-subj complete 3-rep coverage within collected sessions & not NSD-Imagery overlap
62015,True,True,,False,shared1000 & all-8-subj complete 3-rep coverage within collected sessions & not NSD-Imagery overlap
62209,True,True,,False,shared1000 & all-8-subj complete 3-rep coverage within collected sessions & not NSD-Imagery overlap
62228,True,True,,False,shared1000 & all-8-subj complete 3-rep coverage within collected sessions & not NSD-Imagery overlap
62275,True,False,subj04_rep_beyond_collected;subj08_rep_beyond_collected,False,shared1000 & all-8-subj complete 3-rep coverage within collected sessions & not NSD-Imagery overlap
62302,True,True,,False,shared1000 & all-8-subj complete 3-rep coverage within collected sessions & not NSD-Imagery overlap
62365,True,False,subj03_rep_beyond_collected;subj04_rep_beyond_collected;subj06_rep_beyond_collected;subj08_rep_beyond_collected,False,shared1000 & all-8-subj complete 3-rep coverage within collected sessions & not NSD-Imagery overlap
62479,True,False,subj04_rep_beyond_collected;subj08_rep_beyond_collected,False,shared1000 & all-8-subj complete 3-rep coverage within collected sessions & not NSD-Imagery overlap
62544,True,True,,False,shared1000 & all-8-subj complete 3-rep coverage within collected sessions & not NSD-Imagery overlap
62561,True,False,subj03_rep_beyond_collected;subj04_rep_beyond_collected;subj06_rep_beyond_collected;subj08_rep_beyond_collected,False,shared1000 & all-8-subj complete 3-rep coverage within collected sessions & not NSD-Imagery overlap
62683,True,True,,False,shared1000 & all-8-subj complete 3-rep coverage within collected sessions & not NSD-Imagery overlap
62748,True,False,subj03_rep_beyond_collected;subj04_rep_beyond_collected;subj06_rep_beyond_collected;subj08_rep_beyond_collected,False,shared1000 & all-8-subj complete 3-rep coverage within collected sessions & not NSD-Imagery overlap
62960,True,True,,False,shared1000 & all-8-subj complete 3-rep coverage within collected sessions & not NSD-Imagery overlap
63081,True,False,subj04_rep_beyond_collected;subj08_rep_beyond_collected,False,shared1000 & all-8-subj complete 3-rep coverage within collected sessions & not NSD-Imagery overlap
63182,True,True,,False,shared1000 & all-8-subj complete 3-rep coverage within collected sessions & not NSD-Imagery overlap
63345,True,False,subj03_rep_beyond_collected;subj04_rep_beyond_collected;subj06_rep_beyond_collected;subj08_rep_beyond_collected,False,shared1000 & all-8-subj complete 3-rep coverage within collected sessions & not NSD-Imagery overlap
63449,True,False,subj03_rep_beyond_collected;subj04_rep_beyond_collected;subj06_rep_beyond_collected;subj08_rep_beyond_collected,False,shared1000 & all-8-subj complete 3-rep coverage within collected sessions & not NSD-Imagery overlap
63746,True,False,subj03_rep_beyond_collected;subj04_rep_beyond_collected;subj06_rep_beyond_collected;subj08_rep_beyond_collected,False,shared1000 & all-8-subj complete 3-rep coverage within collected sessions & not NSD-Imagery overlap
63781,True,False,subj03_rep_beyond_collected;subj04_rep_beyond_collected;subj06_rep_beyond_collected;subj08_rep_beyond_collected,False,shared1000 & all-8-subj complete 3-rep coverage within collected sessions & not NSD-Imagery overlap
63825,True,True,,False,shared1000 & all-8-subj complete 3-rep coverage within collected sessions & not NSD-Imagery overlap
63922,True,False,subj03_rep_beyond_collected;subj04_rep_beyond_collected;subj06_rep_beyond_collected;subj08_rep_beyond_collected,False,shared1000 & all-8-subj complete 3-rep coverage within collected sessions & not NSD-Imagery overlap
63931,True,True,,False,shared1000 & all-8-subj complete 3-rep coverage within collected sessions & not NSD-Imagery overlap
63944,True,False,subj04_rep_beyond_collected;subj08_rep_beyond_collected,False,shared1000 & all-8-subj complete 3-rep coverage within collected sessions & not NSD-Imagery overlap
64004,True,False,subj03_rep_beyond_collected;subj04_rep_beyond_collected;subj06_rep_beyond_collected;subj08_rep_beyond_collected,False,shared1000 & all-8-subj complete 3-rep coverage within collected sessions & not NSD-Imagery overlap
64096,True,False,subj04_rep_beyond_collected;subj08_rep_beyond_collected,False,shared1000 & all-8-subj complete 3-rep coverage within collected sessions & not NSD-Imagery overlap
64295,True,True,,False,shared1000 & all-8-subj complete 3-rep coverage within collected sessions & not NSD-Imagery overlap
64483,True,False,subj03_rep_beyond_collected;subj04_rep_beyond_collected;subj06_rep_beyond_collected;subj08_rep_beyond_collected,False,shared1000 & all-8-subj complete 3-rep coverage within collected sessions & not NSD-Imagery overlap
64498,True,True,,False,shared1000 & all-8-subj complete 3-rep coverage within collected sessions & not NSD-Imagery overlap
64615,True,False,subj03_rep_beyond_collected;subj04_rep_beyond_collected;subj06_rep_beyond_collected;subj08_rep_beyond_collected,False,shared1000 & all-8-subj complete 3-rep coverage within collected sessions & not NSD-Imagery overlap
64621,True,False,subj04_rep_beyond_collected;subj08_rep_beyond_collected,False,shared1000 & all-8-subj complete 3-rep coverage within collected sessions & not NSD-Imagery overlap
64687,True,False,subj03_rep_beyond_collected;subj04_rep_beyond_collected;subj06_rep_beyond_collected;subj08_rep_beyond_collected,False,shared1000 & all-8-subj complete 3-rep coverage within collected sessions & not NSD-Imagery overlap
64771,True,False,subj03_rep_beyond_collected;subj04_rep_beyond_collected;subj06_rep_beyond_collected;subj08_rep_beyond_collected,False,shared1000 & all-8-subj complete 3-rep coverage within collected sessions & not NSD-Imagery overlap
64867,True,True,,False,shared1000 & all-8-subj complete 3-rep coverage within collected sessions & not NSD-Imagery overlap
64880,True,True,,False,shared1000 & all-8-subj complete 3-rep coverage within collected sessions & not NSD-Imagery overlap
64893,True,False,subj03_rep_beyond_collected;subj04_rep_beyond_collected;subj06_rep_beyond_collected;subj08_rep_beyond_collected,False,shared1000 & all-8-subj complete 3-rep coverage within collected sessions & not NSD-Imagery overlap
64979,True,False,subj03_rep_beyond_collected;subj04_rep_beyond_collected;subj06_rep_beyond_collected;subj08_rep_beyond_collected,False,shared1000 & all-8-subj complete 3-rep coverage within collected sessions & not NSD-Imagery overlap
65010,True,False,subj03_rep_beyond_collected;subj04_rep_beyond_collected;subj06_rep_beyond_collected;subj08_rep_beyond_collected,False,shared1000 & all-8-subj complete 3-rep coverage within collected sessions & not NSD-Imagery overlap
65069,True,True,,False,shared1000 & all-8-subj complete 3-rep coverage within collected sessions & not NSD-Imagery overlap
65148,True,True,,False,shared1000 & all-8-subj complete 3-rep coverage within collected sessions & not NSD-Imagery overlap
65187,True,False,subj03_rep_beyond_collected;subj04_rep_beyond_collected;subj06_rep_beyond_collected;subj08_rep_beyond_collected,False,shared1000 & all-8-subj complete 3-rep coverage within collected sessions & not NSD-Imagery overlap
65232,True,False,subj03_rep_beyond_collected;subj04_rep_beyond_collected;subj06_rep_beyond_collected;subj08_rep_beyond_collected,False,shared1000 & all-8-subj complete 3-rep coverage within collected sessions & not NSD-Imagery overlap
65253,True,True,,False,shared1000 & all-8-subj complete 3-rep coverage within collected sessions & not NSD-Imagery overlap
65267,True,True,,False,shared1000 & all-8-subj complete 3-rep coverage within collected sessions & not NSD-Imagery overlap
65376,True,True,,False,shared1000 & all-8-subj complete 3-rep coverage within collected sessions & not NSD-Imagery overlap
65414,True,False,subj03_rep_beyond_collected;subj04_rep_beyond_collected;subj06_rep_beyond_collected;subj08_rep_beyond_collected,False,shared1000 & all-8-subj complete 3-rep coverage within collected sessions & not NSD-Imagery overlap
65445,True,True,,False,shared1000 & all-8-subj complete 3-rep coverage within collected sessions & not NSD-Imagery overlap
65639,True,False,subj04_rep_beyond_collected;subj08_rep_beyond_collected,False,shared1000 & all-8-subj complete 3-rep coverage within collected sessions & not NSD-Imagery overlap
65654,True,False,subj03_rep_beyond_collected;subj04_rep_beyond_collected;subj06_rep_beyond_collected;subj08_rep_beyond_collected,False,shared1000 & all-8-subj complete 3-rep coverage within collected sessions & not NSD-Imagery overlap
65686,True,True,,False,shared1000 & all-8-subj complete 3-rep coverage within collected sessions & not NSD-Imagery overlap
65769,True,True,,False,shared1000 & all-8-subj complete 3-rep coverage within collected sessions & not NSD-Imagery overlap
65799,True,True,,False,shared1000 & all-8-subj complete 3-rep coverage within collected sessions & not NSD-Imagery overlap
65821,True,False,subj04_rep_beyond_collected;subj08_rep_beyond_collected,False,shared1000 & all-8-subj complete 3-rep coverage within collected sessions & not NSD-Imagery overlap
65872,True,True,,False,shared1000 & all-8-subj complete 3-rep coverage within collected sessions & not NSD-Imagery overlap
65920,True,True,,False,shared1000 & all-8-subj complete 3-rep coverage within collected sessions & not NSD-Imagery overlap
65943,True,True,,False,shared1000 & all-8-subj complete 3-rep coverage within collected sessions & not NSD-Imagery overlap
66004,True,True,,False,shared1000 & all-8-subj complete 3-rep coverage within collected sessions & not NSD-Imagery overlap
66214,True,False,subj03_rep_beyond_collected;subj04_rep_beyond_collected;subj06_rep_beyond_collected;subj08_rep_beyond_collected,False,shared1000 & all-8-subj complete 3-rep coverage within collected sessions & not NSD-Imagery overlap
66216,True,True,,False,shared1000 & all-8-subj complete 3-rep coverage within collected sessions & not NSD-Imagery overlap
66278,True,True,,False,shared1000 & all-8-subj complete 3-rep coverage within collected sessions & not NSD-Imagery overlap
66330,True,True,,False,shared1000 & all-8-subj complete 3-rep coverage within collected sessions & not NSD-Imagery overlap
66342,True,False,subj03_rep_beyond_collected;subj04_rep_beyond_collected;subj06_rep_beyond_collected;subj08_rep_beyond_collected,False,shared1000 & all-8-subj complete 3-rep coverage within collected sessions & not NSD-Imagery overlap
66421,True,False,subj03_rep_beyond_collected;subj04_rep_beyond_collected;subj06_rep_beyond_collected;subj08_rep_beyond_collected,False,shared1000 & all-8-subj complete 3-rep coverage within collected sessions & not NSD-Imagery overlap
66464,True,True,,False,shared1000 & all-8-subj complete 3-rep coverage within collected sessions & not NSD-Imagery overlap
66479,True,False,subj03_rep_beyond_collected;subj04_rep_beyond_collected;subj06_rep_beyond_collected;subj08_rep_beyond_collected,False,shared1000 & all-8-subj complete 3-rep coverage within collected sessions & not NSD-Imagery overlap
66489,True,True,,False,shared1000 & all-8-subj complete 3-rep coverage within collected sessions & not NSD-Imagery overlap
66580,True,True,,False,shared1000 & all-8-subj complete 3-rep coverage within collected sessions & not NSD-Imagery overlap
66643,True,False,subj04_rep_beyond_collected;subj08_rep_beyond_collected,False,shared1000 & all-8-subj complete 3-rep coverage within collected sessions & not NSD-Imagery overlap
66773,True,True,,False,shared1000 & all-8-subj complete 3-rep coverage within collected sessions & not NSD-Imagery overlap
66836,True,True,,False,shared1000 & all-8-subj complete 3-rep coverage within collected sessions & not NSD-Imagery overlap
66946,True,True,,False,shared1000 & all-8-subj complete 3-rep coverage within collected sessions & not NSD-Imagery overlap
66976,True,True,,False,shared1000 & all-8-subj complete 3-rep coverage within collected sessions & not NSD-Imagery overlap
67045,True,False,subj03_rep_beyond_collected;subj04_rep_beyond_collected;subj06_rep_beyond_collected;subj08_rep_beyond_collected,False,shared1000 & all-8-subj complete 3-rep coverage within collected sessions & not NSD-Imagery overlap
67113,True,False,subj03_rep_beyond_collected;subj04_rep_beyond_collected;subj06_rep_beyond_collected;subj08_rep_beyond_collected,False,shared1000 & all-8-subj complete 3-rep coverage within collected sessions & not NSD-Imagery overlap
67168,True,False,subj03_rep_beyond_collected;subj04_rep_beyond_collected;subj06_rep_beyond_collected;subj08_rep_beyond_collected,False,shared1000 & all-8-subj complete 3-rep coverage within collected sessions & not NSD-Imagery overlap
67204,True,True,,False,shared1000 & all-8-subj complete 3-rep coverage within collected sessions & not NSD-Imagery overlap
67237,True,True,,False,shared1000 & all-8-subj complete 3-rep coverage within collected sessions & not NSD-Imagery overlap
67252,True,False,subj03_rep_beyond_collected;subj04_rep_beyond_collected;subj06_rep_beyond_collected;subj08_rep_beyond_collected,False,shared1000 & all-8-subj complete 3-rep coverage within collected sessions & not NSD-Imagery overlap
67295,True,True,,False,shared1000 & all-8-subj complete 3-rep coverage within collected sessions & not NSD-Imagery overlap
67363,True,False,subj03_rep_beyond_collected;subj04_rep_beyond_collected;subj06_rep_beyond_collected;subj08_rep_beyond_collected,False,shared1000 & all-8-subj complete 3-rep coverage within collected sessions & not NSD-Imagery overlap
67742,True,True,,False,shared1000 & all-8-subj complete 3-rep coverage within collected sessions & not NSD-Imagery overlap
67802,True,True,,False,shared1000 & all-8-subj complete 3-rep coverage within collected sessions & not NSD-Imagery overlap
67829,True,True,,False,shared1000 & all-8-subj complete 3-rep coverage within collected sessions & not NSD-Imagery overlap
68023,True,False,subj03_rep_beyond_collected;subj04_rep_beyond_collected;subj06_rep_beyond_collected;subj08_rep_beyond_collected,False,shared1000 & all-8-subj complete 3-rep coverage within collected sessions & not NSD-Imagery overlap
68168,True,True,,False,shared1000 & all-8-subj complete 3-rep coverage within collected sessions & not NSD-Imagery overlap
68278,True,True,,False,shared1000 & all-8-subj complete 3-rep coverage within collected sessions & not NSD-Imagery overlap
68311,True,True,,False,shared1000 & all-8-subj complete 3-rep coverage within collected sessions & not NSD-Imagery overlap
68339,True,True,,False,shared1000 & all-8-subj complete 3-rep coverage within collected sessions & not NSD-Imagery overlap
68418,True,True,,False,shared1000 & all-8-subj complete 3-rep coverage within collected sessions & not NSD-Imagery overlap
68471,True,False,subj04_rep_beyond_collected;subj08_rep_beyond_collected,False,shared1000 & all-8-subj complete 3-rep coverage within collected sessions & not NSD-Imagery overlap
68741,True,True,,False,shared1000 & all-8-subj complete 3-rep coverage within collected sessions & not NSD-Imagery overlap
68814,True,True,,False,shared1000 & all-8-subj complete 3-rep coverage within collected sessions & not NSD-Imagery overlap
68842,True,True,,False,shared1000 & all-8-subj complete 3-rep coverage within collected sessions & not NSD-Imagery overlap
68858,True,True,,False,shared1000 & all-8-subj complete 3-rep coverage within collected sessions & not NSD-Imagery overlap
68897,True,True,,False,shared1000 & all-8-subj complete 3-rep coverage within collected sessions & not NSD-Imagery overlap
69007,True,True,,False,shared1000 & all-8-subj complete 3-rep coverage within collected sessions & not NSD-Imagery overlap
69025,True,False,subj03_rep_beyond_collected;subj04_rep_beyond_collected;subj06_rep_beyond_collected;subj08_rep_beyond_collected,False,shared1000 & all-8-subj complete 3-rep coverage within collected sessions & not NSD-Imagery overlap
69030,True,False,subj03_rep_beyond_collected;subj04_rep_beyond_collected;subj06_rep_beyond_collected;subj08_rep_beyond_collected,False,shared1000 & all-8-subj complete 3-rep coverage within collected sessions & not NSD-Imagery overlap
69130,True,False,subj03_rep_beyond_collected;subj04_rep_beyond_collected;subj06_rep_beyond_collected;subj08_rep_beyond_collected,False,shared1000 & all-8-subj complete 3-rep coverage within collected sessions & not NSD-Imagery overlap
69214,True,True,,False,shared1000 & all-8-subj complete 3-rep coverage within collected sessions & not NSD-Imagery overlap
69240,True,True,,False,shared1000 & all-8-subj complete 3-rep coverage within collected sessions & not NSD-Imagery overlap
69442,True,False,subj03_rep_beyond_collected;subj04_rep_beyond_collected;subj06_rep_beyond_collected;subj08_rep_beyond_collected,False,shared1000 & all-8-subj complete 3-rep coverage within collected sessions & not NSD-Imagery overlap
69502,True,False,subj03_rep_beyond_collected;subj04_rep_beyond_collected;subj06_rep_beyond_collected;subj08_rep_beyond_collected,False,shared1000 & all-8-subj complete 3-rep coverage within collected sessions & not NSD-Imagery overlap
69614,True,True,,False,shared1000 & all-8-subj complete 3-rep coverage within collected sessions & not NSD-Imagery overlap
69616,True,False,subj03_rep_beyond_collected;subj04_rep_beyond_collected;subj06_rep_beyond_collected;subj08_rep_beyond_collected,False,shared1000 & all-8-subj complete 3-rep coverage within collected sessions & not NSD-Imagery overlap
69785,True,False,subj03_rep_beyond_collected;subj04_rep_beyond_collected;subj06_rep_beyond_collected;subj08_rep_beyond_collected,False,shared1000 & all-8-subj complete 3-rep coverage within collected sessions & not NSD-Imagery overlap
69813,True,True,,False,shared1000 & all-8-subj complete 3-rep coverage within collected sessions & not NSD-Imagery overlap
69831,True,False,subj04_rep_beyond_collected;subj08_rep_beyond_collected,False,shared1000 & all-8-subj complete 3-rep coverage within collected sessions & not NSD-Imagery overlap
69839,True,True,,False,shared1000 & all-8-subj complete 3-rep coverage within collected sessions & not NSD-Imagery overlap
69854,True,True,,False,shared1000 & all-8-subj complete 3-rep coverage within collected sessions & not NSD-Imagery overlap
69918,True,False,subj03_rep_beyond_collected;subj04_rep_beyond_collected;subj06_rep_beyond_collected;subj08_rep_beyond_collected,False,shared1000 & all-8-subj complete 3-rep coverage within collected sessions & not NSD-Imagery overlap
70038,True,False,subj03_rep_beyond_collected;subj04_rep_beyond_collected;subj06_rep_beyond_collected;subj08_rep_beyond_collected,False,shared1000 & all-8-subj complete 3-rep coverage within collected sessions & not NSD-Imagery overlap
70075,True,True,,False,shared1000 & all-8-subj complete 3-rep coverage within collected sessions & not NSD-Imagery overlap
70095,True,True,,False,shared1000 & all-8-subj complete 3-rep coverage within collected sessions & not NSD-Imagery overlap
70193,True,True,,False,shared1000 & all-8-subj complete 3-rep coverage within collected sessions & not NSD-Imagery overlap
70232,True,True,,False,shared1000 & all-8-subj complete 3-rep coverage within collected sessions & not NSD-Imagery overlap
70335,True,False,subj03_rep_beyond_collected;subj04_rep_beyond_collected;subj06_rep_beyond_collected;subj08_rep_beyond_collected,False,shared1000 & all-8-subj complete 3-rep coverage within collected sessions & not NSD-Imagery overlap
70360,True,True,,False,shared1000 & all-8-subj complete 3-rep coverage within collected sessions & not NSD-Imagery overlap
70368,True,False,subj03_rep_beyond_collected;subj04_rep_beyond_collected;subj06_rep_beyond_collected;subj08_rep_beyond_collected,False,shared1000 & all-8-subj complete 3-rep coverage within collected sessions & not NSD-Imagery overlap
70427,True,True,,False,shared1000 & all-8-subj complete 3-rep coverage within collected sessions & not NSD-Imagery overlap
70505,True,True,,False,shared1000 & all-8-subj complete 3-rep coverage within collected sessions & not NSD-Imagery overlap
70585,True,False,subj03_rep_beyond_collected;subj04_rep_beyond_collected;subj06_rep_beyond_collected;subj08_rep_beyond_collected,False,shared1000 & all-8-subj complete 3-rep coverage within collected sessions & not NSD-Imagery overlap
70589,True,False,subj03_rep_beyond_collected;subj04_rep_beyond_collected;subj06_rep_beyond_collected;subj08_rep_beyond_collected,False,shared1000 & all-8-subj complete 3-rep coverage within collected sessions & not NSD-Imagery overlap
70671,True,False,subj03_rep_beyond_collected;subj04_rep_beyond_collected;subj06_rep_beyond_collected;subj08_rep_beyond_collected,False,shared1000 & all-8-subj complete 3-rep coverage within collected sessions & not NSD-Imagery overlap
70758,True,False,subj03_rep_beyond_collected;subj04_rep_beyond_collected;subj06_rep_beyond_collected;subj08_rep_beyond_collected,False,shared1000 & all-8-subj complete 3-rep coverage within collected sessions & not NSD-Imagery overlap
70764,True,False,subj03_rep_beyond_collected;subj04_rep_beyond_collected;subj06_rep_beyond_collected;subj08_rep_beyond_collected,False,shared1000 & all-8-subj complete 3-rep coverage within collected sessions & not NSD-Imagery overlap
70947,True,False,subj04_rep_beyond_collected;subj08_rep_beyond_collected,False,shared1000 & all-8-subj complete 3-rep coverage within collected sessions & not NSD-Imagery overlap
71025,True,False,subj04_rep_beyond_collected;subj08_rep_beyond_collected,False,shared1000 & all-8-subj complete 3-rep coverage within collected sessions & not NSD-Imagery overlap
71186,True,False,subj03_rep_beyond_collected;subj04_rep_beyond_collected;subj06_rep_beyond_collected;subj08_rep_beyond_collected,False,shared1000 & all-8-subj complete 3-rep coverage within collected sessions & not NSD-Imagery overlap
71229,True,False,subj03_rep_beyond_collected;subj04_rep_beyond_collected;subj06_rep_beyond_collected;subj08_rep_beyond_collected,False,shared1000 & all-8-subj complete 3-rep coverage within collected sessions & not NSD-Imagery overlap
71232,True,True,,False,shared1000 & all-8-subj complete 3-rep coverage within collected sessions & not NSD-Imagery overlap
71241,True,True,,False,shared1000 & all-8-subj complete 3-rep coverage within collected sessions & not NSD-Imagery overlap
71410,True,True,,False,shared1000 & all-8-subj complete 3-rep coverage within collected sessions & not NSD-Imagery overlap
71450,True,True,,False,shared1000 & all-8-subj complete 3-rep coverage within collected sessions & not NSD-Imagery overlap
71753,True,True,,False,shared1000 & all-8-subj complete 3-rep coverage within collected sessions & not NSD-Imagery overlap
71894,True,True,,False,shared1000 & all-8-subj complete 3-rep coverage within collected sessions & not NSD-Imagery overlap
71928,True,False,subj04_rep_beyond_collected;subj08_rep_beyond_collected,False,shared1000 & all-8-subj complete 3-rep coverage within collected sessions & not NSD-Imagery overlap
72015,True,True,,False,shared1000 & all-8-subj complete 3-rep coverage within collected sessions & not NSD-Imagery overlap
72080,True,False,subj04_rep_beyond_collected;subj08_rep_beyond_collected,False,shared1000 & all-8-subj complete 3-rep coverage within collected sessions & not NSD-Imagery overlap
72170,True,False,subj03_rep_beyond_collected;subj04_rep_beyond_collected;subj06_rep_beyond_collected;subj08_rep_beyond_collected,False,shared1000 & all-8-subj complete 3-rep coverage within collected sessions & not NSD-Imagery overlap
72209,True,True,,False,shared1000 & all-8-subj complete 3-rep coverage within collected sessions & not NSD-Imagery overlap
72257,True,False,subj03_rep_beyond_collected;subj04_rep_beyond_collected;subj06_rep_beyond_collected;subj08_rep_beyond_collected,False,shared1000 & all-8-subj complete 3-rep coverage within collected sessions & not NSD-Imagery overlap
72312,True,True,,False,shared1000 & all-8-subj complete 3-rep coverage within collected sessions & not NSD-Imagery overlap
72510,True,False,subj03_rep_beyond_collected;subj04_rep_beyond_collected;subj06_rep_beyond_collected;subj08_rep_beyond_collected,False,shared1000 & all-8-subj complete 3-rep coverage within collected sessions & not NSD-Imagery overlap
72605,True,True,,False,shared1000 & all-8-subj complete 3-rep coverage within collected sessions & not NSD-Imagery overlap
72719,True,True,,False,shared1000 & all-8-subj complete 3-rep coverage within collected sessions & not NSD-Imagery overlap
72948,True,True,,False,shared1000 & all-8-subj complete 3-rep coverage within collected sessions & not NSD-Imagery overlap
