participant,fold,split,identity,model,source_trial_row,source_beta_index,target_trial_row,target_beta_index,pairing_policy,root_seed_digest,child_seed_digest,derivation_version
subj01,fold_0,train,A:E,vis2img,26,26,111,591,V2I_ROY_RANDOM_WITHIN_IDENTITY_V1,908ce1f927ae651f,ec265d3920a6fd45,PAIRING_V1
subj01,fold_0,train,A:E,vis2img,32,32,118,598,V2I_ROY_RANDOM_WITHIN_IDENTITY_V1,908ce1f927ae651f,ec265d3920a6fd45,PAIRING_V1
subj01,fold_0,train,A:E,vis2img,43,43,120,600,V2I_ROY_RANDOM_WITHIN_IDENTITY_V1,908ce1f927ae651f,ec265d3920a6fd45,PAIRING_V1
subj01,fold_0,train,A:E,vis2img,47,47,116,596,V2I_ROY_RANDOM_WITHIN_IDENTITY_V1,908ce1f927ae651f,ec265d3920a6fd45,PAIRING_V1
subj01,fold_0,train,A:H,vis2img,2,2,125,605,V2I_ROY_RANDOM_WITHIN_IDENTITY_V1,908ce1f927ae651f,8da047cabb4c0eea,PAIRING_V1
subj01,fold_0,train,A:H,vis2img,10,10,140,620,V2I_ROY_RANDOM_WITHIN_IDENTITY_V1,908ce1f927ae651f,8da047cabb4c0eea,PAIRING_V1
subj01,fold_0,train,A:H,vis2img,14,14,134,614,V2I_ROY_RANDOM_WITHIN_IDENTITY_V1,908ce1f927ae651f,8da047cabb4c0eea,PAIRING_V1
subj01,fold_0,train,A:H,vis2img,28,28,129,609,V2I_ROY_RANDOM_WITHIN_IDENTITY_V1,908ce1f927ae651f,8da047cabb4c0eea,PAIRING_V1
subj01,fold_0,train,A:L,vis2img,12,12,117,597,V2I_ROY_RANDOM_WITHIN_IDENTITY_V1,908ce1f927ae651f,0092241ea09d8cf7,PAIRING_V1
subj01,fold_0,train,A:L,vis2img,27,27,126,606,V2I_ROY_RANDOM_WITHIN_IDENTITY_V1,908ce1f927ae651f,0092241ea09d8cf7,PAIRING_V1
subj01,fold_0,train,A:L,vis2img,36,36,96,576,V2I_ROY_RANDOM_WITHIN_IDENTITY_V1,908ce1f927ae651f,0092241ea09d8cf7,PAIRING_V1
subj01,fold_0,train,A:L,vis2img,42,42,135,615,V2I_ROY_RANDOM_WITHIN_IDENTITY_V1,908ce1f927ae651f,0092241ea09d8cf7,PAIRING_V1
subj01,fold_0,train,A:P,vis2img,8,8,112,592,V2I_ROY_RANDOM_WITHIN_IDENTITY_V1,908ce1f927ae651f,e1ba44278996d958,PAIRING_V1
subj01,fold_0,train,A:P,vis2img,13,13,130,610,V2I_ROY_RANDOM_WITHIN_IDENTITY_V1,908ce1f927ae651f,e1ba44278996d958,PAIRING_V1
subj01,fold_0,train,A:P,vis2img,20,20,143,623,V2I_ROY_RANDOM_WITHIN_IDENTITY_V1,908ce1f927ae651f,e1ba44278996d958,PAIRING_V1
subj01,fold_0,train,A:P,vis2img,41,41,127,607,V2I_ROY_RANDOM_WITHIN_IDENTITY_V1,908ce1f927ae651f,e1ba44278996d958,PAIRING_V1
subj01,fold_0,train,A:R,vis2img,22,22,142,622,V2I_ROY_RANDOM_WITHIN_IDENTITY_V1,908ce1f927ae651f,a2734b7ca9a7bbf5,PAIRING_V1
subj01,fold_0,train,A:R,vis2img,25,25,133,613,V2I_ROY_RANDOM_WITHIN_IDENTITY_V1,908ce1f927ae651f,a2734b7ca9a7bbf5,PAIRING_V1
subj01,fold_0,train,A:R,vis2img,30,30,98,578,V2I_ROY_RANDOM_WITHIN_IDENTITY_V1,908ce1f927ae651f,a2734b7ca9a7bbf5,PAIRING_V1
subj01,fold_0,train,A:R,vis2img,39,39,105,585,V2I_ROY_RANDOM_WITHIN_IDENTITY_V1,908ce1f927ae651f,a2734b7ca9a7bbf5,PAIRING_V1
subj01,fold_0,train,A:V,vis2img,1,1,109,589,V2I_ROY_RANDOM_WITHIN_IDENTITY_V1,908ce1f927ae651f,d3a0b6e130ba689d,PAIRING_V1
subj01,fold_0,train,A:V,vis2img,3,3,106,586,V2I_ROY_RANDOM_WITHIN_IDENTITY_V1,908ce1f927ae651f,d3a0b6e130ba689d,PAIRING_V1
subj01,fold_0,train,A:V,vis2img,15,15,97,577,V2I_ROY_RANDOM_WITHIN_IDENTITY_V1,908ce1f927ae651f,d3a0b6e130ba689d,PAIRING_V1
subj01,fold_0,train,A:V,vis2img,19,19,100,580,V2I_ROY_RANDOM_WITHIN_IDENTITY_V1,908ce1f927ae651f,d3a0b6e130ba689d,PAIRING_V1
subj01,fold_0,train,B:B,vis2img,53,197,185,665,V2I_ROY_RANDOM_WITHIN_IDENTITY_V1,908ce1f927ae651f,2415496e272d9053,PAIRING_V1
subj01,fold_0,train,B:B,vis2img,66,210,191,671,V2I_ROY_RANDOM_WITHIN_IDENTITY_V1,908ce1f927ae651f,2415496e272d9053,PAIRING_V1
subj01,fold_0,train,B:B,vis2img,79,223,144,624,V2I_ROY_RANDOM_WITHIN_IDENTITY_V1,908ce1f927ae651f,2415496e272d9053,PAIRING_V1
subj01,fold_0,train,B:B,vis2img,89,233,161,641,V2I_ROY_RANDOM_WITHIN_IDENTITY_V1,908ce1f927ae651f,2415496e272d9053,PAIRING_V1
subj01,fold_0,train,B:C,vis2img,58,202,156,636,V2I_ROY_RANDOM_WITHIN_IDENTITY_V1,908ce1f927ae651f,153dfe8e041a969d,PAIRING_V1
subj01,fold_0,train,B:C,vis2img,62,206,146,626,V2I_ROY_RANDOM_WITHIN_IDENTITY_V1,908ce1f927ae651f,153dfe8e041a969d,PAIRING_V1
subj01,fold_0,train,B:C,vis2img,71,215,148,628,V2I_ROY_RANDOM_WITHIN_IDENTITY_V1,908ce1f927ae651f,153dfe8e041a969d,PAIRING_V1
subj01,fold_0,train,B:C,vis2img,90,234,151,631,V2I_ROY_RANDOM_WITHIN_IDENTITY_V1,908ce1f927ae651f,153dfe8e041a969d,PAIRING_V1
subj01,fold_0,train,B:D,vis2img,68,212,150,630,V2I_ROY_RANDOM_WITHIN_IDENTITY_V1,908ce1f927ae651f,1cd4ef5276295a77,PAIRING_V1
subj01,fold_0,train,B:D,vis2img,70,214,169,649,V2I_ROY_RANDOM_WITHIN_IDENTITY_V1,908ce1f927ae651f,1cd4ef5276295a77,PAIRING_V1
subj01,fold_0,train,B:D,vis2img,81,225,188,668,V2I_ROY_RANDOM_WITHIN_IDENTITY_V1,908ce1f927ae651f,1cd4ef5276295a77,PAIRING_V1
subj01,fold_0,train,B:D,vis2img,93,237,184,664,V2I_ROY_RANDOM_WITHIN_IDENTITY_V1,908ce1f927ae651f,1cd4ef5276295a77,PAIRING_V1
subj01,fold_0,train,B:K,vis2img,59,203,149,629,V2I_ROY_RANDOM_WITHIN_IDENTITY_V1,908ce1f927ae651f,f11c40d5a1296cc7,PAIRING_V1
subj01,fold_0,train,B:K,vis2img,67,211,178,658,V2I_ROY_RANDOM_WITHIN_IDENTITY_V1,908ce1f927ae651f,f11c40d5a1296cc7,PAIRING_V1
subj01,fold_0,train,B:K,vis2img,82,226,187,667,V2I_ROY_RANDOM_WITHIN_IDENTITY_V1,908ce1f927ae651f,f11c40d5a1296cc7,PAIRING_V1
subj01,fold_0,train,B:K,vis2img,91,235,189,669,V2I_ROY_RANDOM_WITHIN_IDENTITY_V1,908ce1f927ae651f,f11c40d5a1296cc7,PAIRING_V1
subj01,fold_0,train,B:T,vis2img,52,196,159,639,V2I_ROY_RANDOM_WITHIN_IDENTITY_V1,908ce1f927ae651f,ddabbaaa7dc4fd2d,PAIRING_V1
subj01,fold_0,train,B:T,vis2img,60,204,170,650,V2I_ROY_RANDOM_WITHIN_IDENTITY_V1,908ce1f927ae651f,ddabbaaa7dc4fd2d,PAIRING_V1
subj01,fold_0,train,B:T,vis2img,92,236,162,642,V2I_ROY_RANDOM_WITHIN_IDENTITY_V1,908ce1f927ae651f,ddabbaaa7dc4fd2d,PAIRING_V1
subj01,fold_0,train,B:T,vis2img,95,239,190,670,V2I_ROY_RANDOM_WITHIN_IDENTITY_V1,908ce1f927ae651f,ddabbaaa7dc4fd2d,PAIRING_V1
subj01,fold_0,train,B:W,vis2img,56,200,164,644,V2I_ROY_RANDOM_WITHIN_IDENTITY_V1,908ce1f927ae651f,9ecff04ec1973a8d,PAIRING_V1
subj01,fold_0,train,B:W,vis2img,72,216,177,657,V2I_ROY_RANDOM_WITHIN_IDENTITY_V1,908ce1f927ae651f,9ecff04ec1973a8d,PAIRING_V1
subj01,fold_0,train,B:W,vis2img,75,219,175,655,V2I_ROY_RANDOM_WITHIN_IDENTITY_V1,908ce1f927ae651f,9ecff04ec1973a8d,PAIRING_V1
subj01,fold_0,train,B:W,vis2img,77,221,181,661,V2I_ROY_RANDOM_WITHIN_IDENTITY_V1,908ce1f927ae651f,9ecff04ec1973a8d,PAIRING_V1
subj01,fold_0,val,A:E,vis2img,9,9,123,603,V2I_ROY_RANDOM_WITHIN_IDENTITY_V1,908ce1f927ae651f,d74fdc0f8d0187cd,PAIRING_V1
subj01,fold_0,val,A:E,vis2img,38,38,107,587,V2I_ROY_RANDOM_WITHIN_IDENTITY_V1,908ce1f927ae651f,d74fdc0f8d0187cd,PAIRING_V1
subj01,fold_0,val,A:H,vis2img,18,18,104,584,V2I_ROY_RANDOM_WITHIN_IDENTITY_V1,908ce1f927ae651f,cbc2006c90352700,PAIRING_V1
subj01,fold_0,val,A:H,vis2img,21,21,121,601,V2I_ROY_RANDOM_WITHIN_IDENTITY_V1,908ce1f927ae651f,cbc2006c90352700,PAIRING_V1
subj01,fold_0,val,A:L,vis2img,7,7,115,595,V2I_ROY_RANDOM_WITHIN_IDENTITY_V1,908ce1f927ae651f,b805eb19d23d2423,PAIRING_V1
subj01,fold_0,val,A:L,vis2img,29,29,99,579,V2I_ROY_RANDOM_WITHIN_IDENTITY_V1,908ce1f927ae651f,b805eb19d23d2423,PAIRING_V1
subj01,fold_0,val,A:P,vis2img,11,11,122,602,V2I_ROY_RANDOM_WITHIN_IDENTITY_V1,908ce1f927ae651f,1a86744827c9477a,PAIRING_V1
subj01,fold_0,val,A:P,vis2img,37,37,141,621,V2I_ROY_RANDOM_WITHIN_IDENTITY_V1,908ce1f927ae651f,1a86744827c9477a,PAIRING_V1
subj01,fold_0,val,A:R,vis2img,5,5,136,616,V2I_ROY_RANDOM_WITHIN_IDENTITY_V1,908ce1f927ae651f,d54a3df5dacf4950,PAIRING_V1
subj01,fold_0,val,A:R,vis2img,44,44,103,583,V2I_ROY_RANDOM_WITHIN_IDENTITY_V1,908ce1f927ae651f,d54a3df5dacf4950,PAIRING_V1
subj01,fold_0,val,A:V,vis2img,31,31,128,608,V2I_ROY_RANDOM_WITHIN_IDENTITY_V1,908ce1f927ae651f,6744dfb0ebbd1b98,PAIRING_V1
subj01,fold_0,val,A:V,vis2img,33,33,132,612,V2I_ROY_RANDOM_WITHIN_IDENTITY_V1,908ce1f927ae651f,6744dfb0ebbd1b98,PAIRING_V1
subj01,fold_0,val,B:B,vis2img,83,227,179,659,V2I_ROY_RANDOM_WITHIN_IDENTITY_V1,908ce1f927ae651f,6a764f3a0b8298a1,PAIRING_V1
subj01,fold_0,val,B:B,vis2img,85,229,173,653,V2I_ROY_RANDOM_WITHIN_IDENTITY_V1,908ce1f927ae651f,6a764f3a0b8298a1,PAIRING_V1
subj01,fold_0,val,B:C,vis2img,49,193,186,666,V2I_ROY_RANDOM_WITHIN_IDENTITY_V1,908ce1f927ae651f,66c047af6904a824,PAIRING_V1
subj01,fold_0,val,B:C,vis2img,73,217,158,638,V2I_ROY_RANDOM_WITHIN_IDENTITY_V1,908ce1f927ae651f,66c047af6904a824,PAIRING_V1
subj01,fold_0,val,B:D,vis2img,61,205,155,635,V2I_ROY_RANDOM_WITHIN_IDENTITY_V1,908ce1f927ae651f,26e207d46c3f9628,PAIRING_V1
subj01,fold_0,val,B:D,vis2img,65,209,174,654,V2I_ROY_RANDOM_WITHIN_IDENTITY_V1,908ce1f927ae651f,26e207d46c3f9628,PAIRING_V1
subj01,fold_0,val,B:K,vis2img,57,201,154,634,V2I_ROY_RANDOM_WITHIN_IDENTITY_V1,908ce1f927ae651f,3b0808cb8a2478d0,PAIRING_V1
subj01,fold_0,val,B:K,vis2img,84,228,152,632,V2I_ROY_RANDOM_WITHIN_IDENTITY_V1,908ce1f927ae651f,3b0808cb8a2478d0,PAIRING_V1
subj01,fold_0,val,B:T,vis2img,69,213,147,627,V2I_ROY_RANDOM_WITHIN_IDENTITY_V1,908ce1f927ae651f,5d16eef6c280cb65,PAIRING_V1
subj01,fold_0,val,B:T,vis2img,80,224,166,646,V2I_ROY_RANDOM_WITHIN_IDENTITY_V1,908ce1f927ae651f,5d16eef6c280cb65,PAIRING_V1
subj01,fold_0,val,B:W,vis2img,48,192,183,663,V2I_ROY_RANDOM_WITHIN_IDENTITY_V1,908ce1f927ae651f,69407fab38b714cf,PAIRING_V1
subj01,fold_0,val,B:W,vis2img,63,207,145,625,V2I_ROY_RANDOM_WITHIN_IDENTITY_V1,908ce1f927ae651f,69407fab38b714cf,PAIRING_V1
subj01,fold_0,test,A:E,vis2img,6,6,114,594,V2I_ROY_RANDOM_WITHIN_IDENTITY_V1,908ce1f927ae651f,2106005584ccba9a,PAIRING_V1
subj01,fold_0,test,A:E,vis2img,23,23,138,618,V2I_ROY_RANDOM_WITHIN_IDENTITY_V1,908ce1f927ae651f,2106005584ccba9a,PAIRING_V1
subj01,fold_0,test,A:H,vis2img,24,24,113,593,V2I_ROY_RANDOM_WITHIN_IDENTITY_V1,908ce1f927ae651f,2baecbb9e0d8c722,PAIRING_V1
subj01,fold_0,test,A:H,vis2img,35,35,119,599,V2I_ROY_RANDOM_WITHIN_IDENTITY_V1,908ce1f927ae651f,2baecbb9e0d8c722,PAIRING_V1
subj01,fold_0,test,A:L,vis2img,0,0,131,611,V2I_ROY_RANDOM_WITHIN_IDENTITY_V1,908ce1f927ae651f,9e4543ff2b1e0f97,PAIRING_V1
subj01,fold_0,test,A:L,vis2img,4,4,110,590,V2I_ROY_RANDOM_WITHIN_IDENTITY_V1,908ce1f927ae651f,9e4543ff2b1e0f97,PAIRING_V1
subj01,fold_0,test,A:P,vis2img,16,16,101,581,V2I_ROY_RANDOM_WITHIN_IDENTITY_V1,908ce1f927ae651f,319a0b0281b67c6a,PAIRING_V1
subj01,fold_0,test,A:P,vis2img,34,34,139,619,V2I_ROY_RANDOM_WITHIN_IDENTITY_V1,908ce1f927ae651f,319a0b0281b67c6a,PAIRING_V1
subj01,fold_0,test,A:R,vis2img,17,17,124,604,V2I_ROY_RANDOM_WITHIN_IDENTITY_V1,908ce1f927ae651f,ebe5aba22ffe5749,PAIRING_V1
subj01,fold_0,test,A:R,vis2img,46,46,108,588,V2I_ROY_RANDOM_WITHIN_IDENTITY_V1,908ce1f927ae651f,ebe5aba22ffe5749,PAIRING_V1
subj01,fold_0,test,A:V,vis2img,40,40,137,617,V2I_ROY_RANDOM_WITHIN_IDENTITY_V1,908ce1f927ae651f,5b92d63adbf3cff6,PAIRING_V1
subj01,fold_0,test,A:V,vis2img,45,45,102,582,V2I_ROY_RANDOM_WITHIN_IDENTITY_V1,908ce1f927ae651f,5b92d63adbf3cff6,PAIRING_V1
subj01,fold_0,test,B:B,vis2img,76,220,167,647,V2I_ROY_RANDOM_WITHIN_IDENTITY_V1,908ce1f927ae651f,96dc902044b707c8,PAIRING_V1
subj01,fold_0,test,B:B,vis2img,94,238,165,645,V2I_ROY_RANDOM_WITHIN_IDENTITY_V1,908ce1f927ae651f,96dc902044b707c8,PAIRING_V1
subj01,fold_0,test,B:C,vis2img,64,208,172,652,V2I_ROY_RANDOM_WITHIN_IDENTITY_V1,908ce1f927ae651f,c5b64409554afeb3,PAIRING_V1
subj01,fold_0,test,B:C,vis2img,86,230,163,643,V2I_ROY_RANDOM_WITHIN_IDENTITY_V1,908ce1f927ae651f,c5b64409554afeb3,PAIRING_V1
subj01,fold_0,test,B:D,vis2img,51,195,160,640,V2I_ROY_RANDOM_WITHIN_IDENTITY_V1,908ce1f927ae651f,d2e58ab0a225fa2f,PAIRING_V1
subj01,fold_0,test,B:D,vis2img,54,198,157,637,V2I_ROY_RANDOM_WITHIN_IDENTITY_V1,908ce1f927ae651f,d2e58ab0a225fa2f,PAIRING_V1
subj01,fold_0,test,B:K,vis2img,55,199,176,656,V2I_ROY_RANDOM_WITHIN_IDENTITY_V1,908ce1f927ae651f,1c54c7457c5718da,PAIRING_V1
subj01,fold_0,test,B:K,vis2img,78,222,168,648,V2I_ROY_RANDOM_WITHIN_IDENTITY_V1,908ce1f927ae651f,1c54c7457c5718da,PAIRING_V1
subj01,fold_0,test,B:T,vis2img,74,218,180,660,V2I_ROY_RANDOM_WITHIN_IDENTITY_V1,908ce1f927ae651f,a19c8e65eee3d242,PAIRING_V1
subj01,fold_0,test,B:T,vis2img,88,232,182,662,V2I_ROY_RANDOM_WITHIN_IDENTITY_V1,908ce1f927ae651f,a19c8e65eee3d242,PAIRING_V1
subj01,fold_0,test,B:W,vis2img,50,194,171,651,V2I_ROY_RANDOM_WITHIN_IDENTITY_V1,908ce1f927ae651f,7fd85721f7eb5225,PAIRING_V1
subj01,fold_0,test,B:W,vis2img,87,231,153,633,V2I_ROY_RANDOM_WITHIN_IDENTITY_V1,908ce1f927ae651f,7fd85721f7eb5225,PAIRING_V1
subj01,fold_1,train,A:E,vis2img,6,6,138,618,V2I_ROY_RANDOM_WITHIN_IDENTITY_V1,908ce1f927ae651f,a035671b239a8c66,PAIRING_V1
subj01,fold_1,train,A:E,vis2img,23,23,114,594,V2I_ROY_RANDOM_WITHIN_IDENTITY_V1,908ce1f927ae651f,a035671b239a8c66,PAIRING_V1
subj01,fold_1,train,A:E,vis2img,43,43,118,598,V2I_ROY_RANDOM_WITHIN_IDENTITY_V1,908ce1f927ae651f,a035671b239a8c66,PAIRING_V1
subj01,fold_1,train,A:E,vis2img,47,47,120,600,V2I_ROY_RANDOM_WITHIN_IDENTITY_V1,908ce1f927ae651f,a035671b239a8c66,PAIRING_V1
subj01,fold_1,train,A:H,vis2img,2,2,140,620,V2I_ROY_RANDOM_WITHIN_IDENTITY_V1,908ce1f927ae651f,5d0107dc873bf455,PAIRING_V1
subj01,fold_1,train,A:H,vis2img,24,24,119,599,V2I_ROY_RANDOM_WITHIN_IDENTITY_V1,908ce1f927ae651f,5d0107dc873bf455,PAIRING_V1
subj01,fold_1,train,A:H,vis2img,28,28,129,609,V2I_ROY_RANDOM_WITHIN_IDENTITY_V1,908ce1f927ae651f,5d0107dc873bf455,PAIRING_V1
subj01,fold_1,train,A:H,vis2img,35,35,113,593,V2I_ROY_RANDOM_WITHIN_IDENTITY_V1,908ce1f927ae651f,5d0107dc873bf455,PAIRING_V1
subj01,fold_1,train,A:L,vis2img,0,0,131,611,V2I_ROY_RANDOM_WITHIN_IDENTITY_V1,908ce1f927ae651f,b4b8671cf30e184c,PAIRING_V1
subj01,fold_1,train,A:L,vis2img,4,4,110,590,V2I_ROY_RANDOM_WITHIN_IDENTITY_V1,908ce1f927ae651f,b4b8671cf30e184c,PAIRING_V1
subj01,fold_1,train,A:L,vis2img,36,36,135,615,V2I_ROY_RANDOM_WITHIN_IDENTITY_V1,908ce1f927ae651f,b4b8671cf30e184c,PAIRING_V1
subj01,fold_1,train,A:L,vis2img,42,42,117,597,V2I_ROY_RANDOM_WITHIN_IDENTITY_V1,908ce1f927ae651f,b4b8671cf30e184c,PAIRING_V1
subj01,fold_1,train,A:P,vis2img,16,16,143,623,V2I_ROY_RANDOM_WITHIN_IDENTITY_V1,908ce1f927ae651f,d11b4b947f3c2c0d,PAIRING_V1
subj01,fold_1,train,A:P,vis2img,20,20,139,619,V2I_ROY_RANDOM_WITHIN_IDENTITY_V1,908ce1f927ae651f,d11b4b947f3c2c0d,PAIRING_V1
subj01,fold_1,train,A:P,vis2img,34,34,101,581,V2I_ROY_RANDOM_WITHIN_IDENTITY_V1,908ce1f927ae651f,d11b4b947f3c2c0d,PAIRING_V1
subj01,fold_1,train,A:P,vis2img,41,41,112,592,V2I_ROY_RANDOM_WITHIN_IDENTITY_V1,908ce1f927ae651f,d11b4b947f3c2c0d,PAIRING_V1
subj01,fold_1,train,A:R,vis2img,17,17,133,613,V2I_ROY_RANDOM_WITHIN_IDENTITY_V1,908ce1f927ae651f,c740f5bd0192bf2f,PAIRING_V1
subj01,fold_1,train,A:R,vis2img,25,25,142,622,V2I_ROY_RANDOM_WITHIN_IDENTITY_V1,908ce1f927ae651f,c740f5bd0192bf2f,PAIRING_V1
subj01,fold_1,train,A:R,vis2img,39,39,108,588,V2I_ROY_RANDOM_WITHIN_IDENTITY_V1,908ce1f927ae651f,c740f5bd0192bf2f,PAIRING_V1
subj01,fold_1,train,A:R,vis2img,46,46,124,604,V2I_ROY_RANDOM_WITHIN_IDENTITY_V1,908ce1f927ae651f,c740f5bd0192bf2f,PAIRING_V1
subj01,fold_1,train,A:V,vis2img,15,15,137,617,V2I_ROY_RANDOM_WITHIN_IDENTITY_V1,908ce1f927ae651f,7625dd1dd67763fb,PAIRING_V1
subj01,fold_1,train,A:V,vis2img,19,19,102,582,V2I_ROY_RANDOM_WITHIN_IDENTITY_V1,908ce1f927ae651f,7625dd1dd67763fb,PAIRING_V1
subj01,fold_1,train,A:V,vis2img,40,40,100,580,V2I_ROY_RANDOM_WITHIN_IDENTITY_V1,908ce1f927ae651f,7625dd1dd67763fb,PAIRING_V1
subj01,fold_1,train,A:V,vis2img,45,45,106,586,V2I_ROY_RANDOM_WITHIN_IDENTITY_V1,908ce1f927ae651f,7625dd1dd67763fb,PAIRING_V1
subj01,fold_1,train,B:B,vis2img,53,197,165,645,V2I_ROY_RANDOM_WITHIN_IDENTITY_V1,908ce1f927ae651f,9b90e8245a0661df,PAIRING_V1
subj01,fold_1,train,B:B,vis2img,76,220,167,647,V2I_ROY_RANDOM_WITHIN_IDENTITY_V1,908ce1f927ae651f,9b90e8245a0661df,PAIRING_V1
subj01,fold_1,train,B:B,vis2img,89,233,185,665,V2I_ROY_RANDOM_WITHIN_IDENTITY_V1,908ce1f927ae651f,9b90e8245a0661df,PAIRING_V1
subj01,fold_1,train,B:B,vis2img,94,238,161,641,V2I_ROY_RANDOM_WITHIN_IDENTITY_V1,908ce1f927ae651f,9b90e8245a0661df,PAIRING_V1
subj01,fold_1,train,B:C,vis2img,62,206,172,652,V2I_ROY_RANDOM_WITHIN_IDENTITY_V1,908ce1f927ae651f,8c3c00e487a06477,PAIRING_V1
subj01,fold_1,train,B:C,vis2img,64,208,146,626,V2I_ROY_RANDOM_WITHIN_IDENTITY_V1,908ce1f927ae651f,8c3c00e487a06477,PAIRING_V1
subj01,fold_1,train,B:C,vis2img,86,230,148,628,V2I_ROY_RANDOM_WITHIN_IDENTITY_V1,908ce1f927ae651f,8c3c00e487a06477,PAIRING_V1
subj01,fold_1,train,B:C,vis2img,90,234,163,643,V2I_ROY_RANDOM_WITHIN_IDENTITY_V1,908ce1f927ae651f,8c3c00e487a06477,PAIRING_V1
subj01,fold_1,train,B:D,vis2img,51,195,157,637,V2I_ROY_RANDOM_WITHIN_IDENTITY_V1,908ce1f927ae651f,964d3697dda67387,PAIRING_V1
subj01,fold_1,train,B:D,vis2img,54,198,188,668,V2I_ROY_RANDOM_WITHIN_IDENTITY_V1,908ce1f927ae651f,964d3697dda67387,PAIRING_V1
subj01,fold_1,train,B:D,vis2img,68,212,169,649,V2I_ROY_RANDOM_WITHIN_IDENTITY_V1,908ce1f927ae651f,964d3697dda67387,PAIRING_V1
subj01,fold_1,train,B:D,vis2img,81,225,160,640,V2I_ROY_RANDOM_WITHIN_IDENTITY_V1,908ce1f927ae651f,964d3697dda67387,PAIRING_V1
subj01,fold_1,train,B:K,vis2img,55,199,168,648,V2I_ROY_RANDOM_WITHIN_IDENTITY_V1,908ce1f927ae651f,b059ce52274df19b,PAIRING_V1
subj01,fold_1,train,B:K,vis2img,59,203,189,669,V2I_ROY_RANDOM_WITHIN_IDENTITY_V1,908ce1f927ae651f,b059ce52274df19b,PAIRING_V1
subj01,fold_1,train,B:K,vis2img,78,222,176,656,V2I_ROY_RANDOM_WITHIN_IDENTITY_V1,908ce1f927ae651f,b059ce52274df19b,PAIRING_V1
subj01,fold_1,train,B:K,vis2img,82,226,149,629,V2I_ROY_RANDOM_WITHIN_IDENTITY_V1,908ce1f927ae651f,b059ce52274df19b,PAIRING_V1
subj01,fold_1,train,B:T,vis2img,60,204,170,650,V2I_ROY_RANDOM_WITHIN_IDENTITY_V1,908ce1f927ae651f,061578cb4056df75,PAIRING_V1
subj01,fold_1,train,B:T,vis2img,74,218,159,639,V2I_ROY_RANDOM_WITHIN_IDENTITY_V1,908ce1f927ae651f,061578cb4056df75,PAIRING_V1
subj01,fold_1,train,B:T,vis2img,88,232,182,662,V2I_ROY_RANDOM_WITHIN_IDENTITY_V1,908ce1f927ae651f,061578cb4056df75,PAIRING_V1
subj01,fold_1,train,B:T,vis2img,95,239,180,660,V2I_ROY_RANDOM_WITHIN_IDENTITY_V1,908ce1f927ae651f,061578cb4056df75,PAIRING_V1
subj01,fold_1,train,B:W,vis2img,50,194,171,651,V2I_ROY_RANDOM_WITHIN_IDENTITY_V1,908ce1f927ae651f,1da2d758e4e9f0d5,PAIRING_V1
subj01,fold_1,train,B:W,vis2img,72,216,164,644,V2I_ROY_RANDOM_WITHIN_IDENTITY_V1,908ce1f927ae651f,1da2d758e4e9f0d5,PAIRING_V1
subj01,fold_1,train,B:W,vis2img,77,221,153,633,V2I_ROY_RANDOM_WITHIN_IDENTITY_V1,908ce1f927ae651f,1da2d758e4e9f0d5,PAIRING_V1
subj01,fold_1,train,B:W,vis2img,87,231,175,655,V2I_ROY_RANDOM_WITHIN_IDENTITY_V1,908ce1f927ae651f,1da2d758e4e9f0d5,PAIRING_V1
subj01,fold_1,val,A:E,vis2img,9,9,123,603,V2I_ROY_RANDOM_WITHIN_IDENTITY_V1,908ce1f927ae651f,2307bc3f7aa1b49b,PAIRING_V1
subj01,fold_1,val,A:E,vis2img,38,38,107,587,V2I_ROY_RANDOM_WITHIN_IDENTITY_V1,908ce1f927ae651f,2307bc3f7aa1b49b,PAIRING_V1
subj01,fold_1,val,A:H,vis2img,18,18,121,601,V2I_ROY_RANDOM_WITHIN_IDENTITY_V1,908ce1f927ae651f,497ea2ce03826488,PAIRING_V1
subj01,fold_1,val,A:H,vis2img,21,21,104,584,V2I_ROY_RANDOM_WITHIN_IDENTITY_V1,908ce1f927ae651f,497ea2ce03826488,PAIRING_V1
subj01,fold_1,val,A:L,vis2img,7,7,115,595,V2I_ROY_RANDOM_WITHIN_IDENTITY_V1,908ce1f927ae651f,99b815823634f41b,PAIRING_V1
subj01,fold_1,val,A:L,vis2img,29,29,99,579,V2I_ROY_RANDOM_WITHIN_IDENTITY_V1,908ce1f927ae651f,99b815823634f41b,PAIRING_V1
subj01,fold_1,val,A:P,vis2img,11,11,141,621,V2I_ROY_RANDOM_WITHIN_IDENTITY_V1,908ce1f927ae651f,c1779f8f533979e0,PAIRING_V1
subj01,fold_1,val,A:P,vis2img,37,37,122,602,V2I_ROY_RANDOM_WITHIN_IDENTITY_V1,908ce1f927ae651f,c1779f8f533979e0,PAIRING_V1
subj01,fold_1,val,A:R,vis2img,5,5,136,616,V2I_ROY_RANDOM_WITHIN_IDENTITY_V1,908ce1f927ae651f,17cc28ace3e6f41b,PAIRING_V1
subj01,fold_1,val,A:R,vis2img,44,44,103,583,V2I_ROY_RANDOM_WITHIN_IDENTITY_V1,908ce1f927ae651f,17cc28ace3e6f41b,PAIRING_V1
subj01,fold_1,val,A:V,vis2img,31,31,132,612,V2I_ROY_RANDOM_WITHIN_IDENTITY_V1,908ce1f927ae651f,ed88861b9a6b40c7,PAIRING_V1
subj01,fold_1,val,A:V,vis2img,33,33,128,608,V2I_ROY_RANDOM_WITHIN_IDENTITY_V1,908ce1f927ae651f,ed88861b9a6b40c7,PAIRING_V1
subj01,fold_1,val,B:B,vis2img,83,227,173,653,V2I_ROY_RANDOM_WITHIN_IDENTITY_V1,908ce1f927ae651f,8ddb4699718bbcc2,PAIRING_V1
subj01,fold_1,val,B:B,vis2img,85,229,179,659,V2I_ROY_RANDOM_WITHIN_IDENTITY_V1,908ce1f927ae651f,8ddb4699718bbcc2,PAIRING_V1
subj01,fold_1,val,B:C,vis2img,49,193,158,638,V2I_ROY_RANDOM_WITHIN_IDENTITY_V1,908ce1f927ae651f,0784968d63c18c52,PAIRING_V1
subj01,fold_1,val,B:C,vis2img,73,217,186,666,V2I_ROY_RANDOM_WITHIN_IDENTITY_V1,908ce1f927ae651f,0784968d63c18c52,PAIRING_V1
subj01,fold_1,val,B:D,vis2img,61,205,155,635,V2I_ROY_RANDOM_WITHIN_IDENTITY_V1,908ce1f927ae651f,b50a24ab65978389,PAIRING_V1
subj01,fold_1,val,B:D,vis2img,65,209,174,654,V2I_ROY_RANDOM_WITHIN_IDENTITY_V1,908ce1f927ae651f,b50a24ab65978389,PAIRING_V1
subj01,fold_1,val,B:K,vis2img,57,201,152,632,V2I_ROY_RANDOM_WITHIN_IDENTITY_V1,908ce1f927ae651f,d3a332319624b21d,PAIRING_V1
subj01,fold_1,val,B:K,vis2img,84,228,154,634,V2I_ROY_RANDOM_WITHIN_IDENTITY_V1,908ce1f927ae651f,d3a332319624b21d,PAIRING_V1
subj01,fold_1,val,B:T,vis2img,69,213,147,627,V2I_ROY_RANDOM_WITHIN_IDENTITY_V1,908ce1f927ae651f,b4538c29a83e7819,PAIRING_V1
subj01,fold_1,val,B:T,vis2img,80,224,166,646,V2I_ROY_RANDOM_WITHIN_IDENTITY_V1,908ce1f927ae651f,b4538c29a83e7819,PAIRING_V1
subj01,fold_1,val,B:W,vis2img,48,192,183,663,V2I_ROY_RANDOM_WITHIN_IDENTITY_V1,908ce1f927ae651f,c2feb7cf6def102b,PAIRING_V1
subj01,fold_1,val,B:W,vis2img,63,207,145,625,V2I_ROY_RANDOM_WITHIN_IDENTITY_V1,908ce1f927ae651f,c2feb7cf6def102b,PAIRING_V1
subj01,fold_1,test,A:E,vis2img,26,26,116,596,V2I_ROY_RANDOM_WITHIN_IDENTITY_V1,908ce1f927ae651f,e146e16f04753093,PAIRING_V1
subj01,fold_1,test,A:E,vis2img,32,32,111,591,V2I_ROY_RANDOM_WITHIN_IDENTITY_V1,908ce1f927ae651f,e146e16f04753093,PAIRING_V1
subj01,fold_1,test,A:H,vis2img,10,10,134,614,V2I_ROY_RANDOM_WITHIN_IDENTITY_V1,908ce1f927ae651f,53ad624a60487e5d,PAIRING_V1
subj01,fold_1,test,A:H,vis2img,14,14,125,605,V2I_ROY_RANDOM_WITHIN_IDENTITY_V1,908ce1f927ae651f,53ad624a60487e5d,PAIRING_V1
subj01,fold_1,test,A:L,vis2img,12,12,126,606,V2I_ROY_RANDOM_WITHIN_IDENTITY_V1,908ce1f927ae651f,d0973c7f04e341e3,PAIRING_V1
subj01,fold_1,test,A:L,vis2img,27,27,96,576,V2I_ROY_RANDOM_WITHIN_IDENTITY_V1,908ce1f927ae651f,d0973c7f04e341e3,PAIRING_V1
subj01,fold_1,test,A:P,vis2img,8,8,127,607,V2I_ROY_RANDOM_WITHIN_IDENTITY_V1,908ce1f927ae651f,428bd3dd8565e27c,PAIRING_V1
subj01,fold_1,test,A:P,vis2img,13,13,130,610,V2I_ROY_RANDOM_WITHIN_IDENTITY_V1,908ce1f927ae651f,428bd3dd8565e27c,PAIRING_V1
subj01,fold_1,test,A:R,vis2img,22,22,98,578,V2I_ROY_RANDOM_WITHIN_IDENTITY_V1,908ce1f927ae651f,43453b7bbdc72879,PAIRING_V1
subj01,fold_1,test,A:R,vis2img,30,30,105,585,V2I_ROY_RANDOM_WITHIN_IDENTITY_V1,908ce1f927ae651f,43453b7bbdc72879,PAIRING_V1
subj01,fold_1,test,A:V,vis2img,1,1,97,577,V2I_ROY_RANDOM_WITHIN_IDENTITY_V1,908ce1f927ae651f,3065712c7f472221,PAIRING_V1
subj01,fold_1,test,A:V,vis2img,3,3,109,589,V2I_ROY_RANDOM_WITHIN_IDENTITY_V1,908ce1f927ae651f,3065712c7f472221,PAIRING_V1
subj01,fold_1,test,B:B,vis2img,66,210,144,624,V2I_ROY_RANDOM_WITHIN_IDENTITY_V1,908ce1f927ae651f,8b46cdf4d0e597cf,PAIRING_V1
subj01,fold_1,test,B:B,vis2img,79,223,191,671,V2I_ROY_RANDOM_WITHIN_IDENTITY_V1,908ce1f927ae651f,8b46cdf4d0e597cf,PAIRING_V1
subj01,fold_1,test,B:C,vis2img,58,202,156,636,V2I_ROY_RANDOM_WITHIN_IDENTITY_V1,908ce1f927ae651f,14ab6c0d01a61228,PAIRING_V1
subj01,fold_1,test,B:C,vis2img,71,215,151,631,V2I_ROY_RANDOM_WITHIN_IDENTITY_V1,908ce1f927ae651f,14ab6c0d01a61228,PAIRING_V1
subj01,fold_1,test,B:D,vis2img,70,214,150,630,V2I_ROY_RANDOM_WITHIN_IDENTITY_V1,908ce1f927ae651f,5b5b4accf65a478d,PAIRING_V1
subj01,fold_1,test,B:D,vis2img,93,237,184,664,V2I_ROY_RANDOM_WITHIN_IDENTITY_V1,908ce1f927ae651f,5b5b4accf65a478d,PAIRING_V1
subj01,fold_1,test,B:K,vis2img,67,211,187,667,V2I_ROY_RANDOM_WITHIN_IDENTITY_V1,908ce1f927ae651f,b94c33c11c124b15,PAIRING_V1
subj01,fold_1,test,B:K,vis2img,91,235,178,658,V2I_ROY_RANDOM_WITHIN_IDENTITY_V1,908ce1f927ae651f,b94c33c11c124b15,PAIRING_V1
subj01,fold_1,test,B:T,vis2img,52,196,190,670,V2I_ROY_RANDOM_WITHIN_IDENTITY_V1,908ce1f927ae651f,086cde25f6029af9,PAIRING_V1
subj01,fold_1,test,B:T,vis2img,92,236,162,642,V2I_ROY_RANDOM_WITHIN_IDENTITY_V1,908ce1f927ae651f,086cde25f6029af9,PAIRING_V1
subj01,fold_1,test,B:W,vis2img,56,200,177,657,V2I_ROY_RANDOM_WITHIN_IDENTITY_V1,908ce1f927ae651f,04c608f4452bb6f2,PAIRING_V1
subj01,fold_1,test,B:W,vis2img,75,219,181,661,V2I_ROY_RANDOM_WITHIN_IDENTITY_V1,908ce1f927ae651f,04c608f4452bb6f2,PAIRING_V1
subj01,fold_2,train,A:E,vis2img,6,6,111,591,V2I_ROY_RANDOM_WITHIN_IDENTITY_V1,908ce1f927ae651f,cf520bd1718dba57,PAIRING_V1
subj01,fold_2,train,A:E,vis2img,23,23,116,596,V2I_ROY_RANDOM_WITHIN_IDENTITY_V1,908ce1f927ae651f,cf520bd1718dba57,PAIRING_V1
subj01,fold_2,train,A:E,vis2img,26,26,138,618,V2I_ROY_RANDOM_WITHIN_IDENTITY_V1,908ce1f927ae651f,cf520bd1718dba57,PAIRING_V1
subj01,fold_2,train,A:E,vis2img,32,32,114,594,V2I_ROY_RANDOM_WITHIN_IDENTITY_V1,908ce1f927ae651f,cf520bd1718dba57,PAIRING_V1
subj01,fold_2,train,A:H,vis2img,10,10,113,593,V2I_ROY_RANDOM_WITHIN_IDENTITY_V1,908ce1f927ae651f,b079f964938ab098,PAIRING_V1
subj01,fold_2,train,A:H,vis2img,14,14,119,599,V2I_ROY_RANDOM_WITHIN_IDENTITY_V1,908ce1f927ae651f,b079f964938ab098,PAIRING_V1
subj01,fold_2,train,A:H,vis2img,24,24,125,605,V2I_ROY_RANDOM_WITHIN_IDENTITY_V1,908ce1f927ae651f,b079f964938ab098,PAIRING_V1
subj01,fold_2,train,A:H,vis2img,35,35,134,614,V2I_ROY_RANDOM_WITHIN_IDENTITY_V1,908ce1f927ae651f,b079f964938ab098,PAIRING_V1
subj01,fold_2,train,A:L,vis2img,0,0,131,611,V2I_ROY_RANDOM_WITHIN_IDENTITY_V1,908ce1f927ae651f,dd36d9fb76debd0a,PAIRING_V1
subj01,fold_2,train,A:L,vis2img,4,4,126,606,V2I_ROY_RANDOM_WITHIN_IDENTITY_V1,908ce1f927ae651f,dd36d9fb76debd0a,PAIRING_V1
subj01,fold_2,train,A:L,vis2img,12,12,96,576,V2I_ROY_RANDOM_WITHIN_IDENTITY_V1,908ce1f927ae651f,dd36d9fb76debd0a,PAIRING_V1
subj01,fold_2,train,A:L,vis2img,27,27,110,590,V2I_ROY_RANDOM_WITHIN_IDENTITY_V1,908ce1f927ae651f,dd36d9fb76debd0a,PAIRING_V1
subj01,fold_2,train,A:P,vis2img,8,8,101,581,V2I_ROY_RANDOM_WITHIN_IDENTITY_V1,908ce1f927ae651f,1e1ad5427681dbc9,PAIRING_V1
subj01,fold_2,train,A:P,vis2img,13,13,130,610,V2I_ROY_RANDOM_WITHIN_IDENTITY_V1,908ce1f927ae651f,1e1ad5427681dbc9,PAIRING_V1
subj01,fold_2,train,A:P,vis2img,16,16,127,607,V2I_ROY_RANDOM_WITHIN_IDENTITY_V1,908ce1f927ae651f,1e1ad5427681dbc9,PAIRING_V1
subj01,fold_2,train,A:P,vis2img,34,34,139,619,V2I_ROY_RANDOM_WITHIN_IDENTITY_V1,908ce1f927ae651f,1e1ad5427681dbc9,PAIRING_V1
subj01,fold_2,train,A:R,vis2img,17,17,108,588,V2I_ROY_RANDOM_WITHIN_IDENTITY_V1,908ce1f927ae651f,2ec7d649f82d5136,PAIRING_V1
subj01,fold_2,train,A:R,vis2img,22,22,124,604,V2I_ROY_RANDOM_WITHIN_IDENTITY_V1,908ce1f927ae651f,2ec7d649f82d5136,PAIRING_V1
subj01,fold_2,train,A:R,vis2img,30,30,105,585,V2I_ROY_RANDOM_WITHIN_IDENTITY_V1,908ce1f927ae651f,2ec7d649f82d5136,PAIRING_V1
subj01,fold_2,train,A:R,vis2img,46,46,98,578,V2I_ROY_RANDOM_WITHIN_IDENTITY_V1,908ce1f927ae651f,2ec7d649f82d5136,PAIRING_V1
subj01,fold_2,train,A:V,vis2img,1,1,137,617,V2I_ROY_RANDOM_WITHIN_IDENTITY_V1,908ce1f927ae651f,ff6a86528fc0d88b,PAIRING_V1
subj01,fold_2,train,A:V,vis2img,3,3,97,577,V2I_ROY_RANDOM_WITHIN_IDENTITY_V1,908ce1f927ae651f,ff6a86528fc0d88b,PAIRING_V1
subj01,fold_2,train,A:V,vis2img,40,40,109,589,V2I_ROY_RANDOM_WITHIN_IDENTITY_V1,908ce1f927ae651f,ff6a86528fc0d88b,PAIRING_V1
subj01,fold_2,train,A:V,vis2img,45,45,102,582,V2I_ROY_RANDOM_WITHIN_IDENTITY_V1,908ce1f927ae651f,ff6a86528fc0d88b,PAIRING_V1
subj01,fold_2,train,B:B,vis2img,66,210,165,645,V2I_ROY_RANDOM_WITHIN_IDENTITY_V1,908ce1f927ae651f,1581777a3fa8550a,PAIRING_V1
subj01,fold_2,train,B:B,vis2img,76,220,167,647,V2I_ROY_RANDOM_WITHIN_IDENTITY_V1,908ce1f927ae651f,1581777a3fa8550a,PAIRING_V1
subj01,fold_2,train,B:B,vis2img,79,223,191,671,V2I_ROY_RANDOM_WITHIN_IDENTITY_V1,908ce1f927ae651f,1581777a3fa8550a,PAIRING_V1
subj01,fold_2,train,B:B,vis2img,94,238,144,624,V2I_ROY_RANDOM_WITHIN_IDENTITY_V1,908ce1f927ae651f,1581777a3fa8550a,PAIRING_V1
subj01,fold_2,train,B:C,vis2img,58,202,172,652,V2I_ROY_RANDOM_WITHIN_IDENTITY_V1,908ce1f927ae651f,920c2c6902f08809,PAIRING_V1
subj01,fold_2,train,B:C,vis2img,64,208,151,631,V2I_ROY_RANDOM_WITHIN_IDENTITY_V1,908ce1f927ae651f,920c2c6902f08809,PAIRING_V1
subj01,fold_2,train,B:C,vis2img,71,215,156,636,V2I_ROY_RANDOM_WITHIN_IDENTITY_V1,908ce1f927ae651f,920c2c6902f08809,PAIRING_V1
subj01,fold_2,train,B:C,vis2img,86,230,163,643,V2I_ROY_RANDOM_WITHIN_IDENTITY_V1,908ce1f927ae651f,920c2c6902f08809,PAIRING_V1
subj01,fold_2,train,B:D,vis2img,51,195,160,640,V2I_ROY_RANDOM_WITHIN_IDENTITY_V1,908ce1f927ae651f,739a8351df10b0c3,PAIRING_V1
subj01,fold_2,train,B:D,vis2img,54,198,150,630,V2I_ROY_RANDOM_WITHIN_IDENTITY_V1,908ce1f927ae651f,739a8351df10b0c3,PAIRING_V1
subj01,fold_2,train,B:D,vis2img,70,214,184,664,V2I_ROY_RANDOM_WITHIN_IDENTITY_V1,908ce1f927ae651f,739a8351df10b0c3,PAIRING_V1
subj01,fold_2,train,B:D,vis2img,93,237,157,637,V2I_ROY_RANDOM_WITHIN_IDENTITY_V1,908ce1f927ae651f,739a8351df10b0c3,PAIRING_V1
subj01,fold_2,train,B:K,vis2img,55,199,187,667,V2I_ROY_RANDOM_WITHIN_IDENTITY_V1,908ce1f927ae651f,2d5d613c02fc23f8,PAIRING_V1
subj01,fold_2,train,B:K,vis2img,67,211,168,648,V2I_ROY_RANDOM_WITHIN_IDENTITY_V1,908ce1f927ae651f,2d5d613c02fc23f8,PAIRING_V1
subj01,fold_2,train,B:K,vis2img,78,222,176,656,V2I_ROY_RANDOM_WITHIN_IDENTITY_V1,908ce1f927ae651f,2d5d613c02fc23f8,PAIRING_V1
subj01,fold_2,train,B:K,vis2img,91,235,178,658,V2I_ROY_RANDOM_WITHIN_IDENTITY_V1,908ce1f927ae651f,2d5d613c02fc23f8,PAIRING_V1
subj01,fold_2,train,B:T,vis2img,52,196,162,642,V2I_ROY_RANDOM_WITHIN_IDENTITY_V1,908ce1f927ae651f,5ee47de828e6c7fb,PAIRING_V1
subj01,fold_2,train,B:T,vis2img,74,218,182,662,V2I_ROY_RANDOM_WITHIN_IDENTITY_V1,908ce1f927ae651f,5ee47de828e6c7fb,PAIRING_V1
subj01,fold_2,train,B:T,vis2img,88,232,190,670,V2I_ROY_RANDOM_WITHIN_IDENTITY_V1,908ce1f927ae651f,5ee47de828e6c7fb,PAIRING_V1
subj01,fold_2,train,B:T,vis2img,92,236,180,660,V2I_ROY_RANDOM_WITHIN_IDENTITY_V1,908ce1f927ae651f,5ee47de828e6c7fb,PAIRING_V1
subj01,fold_2,train,B:W,vis2img,50,194,171,651,V2I_ROY_RANDOM_WITHIN_IDENTITY_V1,908ce1f927ae651f,bf6cdadf724c1c08,PAIRING_V1
subj01,fold_2,train,B:W,vis2img,56,200,177,657,V2I_ROY_RANDOM_WITHIN_IDENTITY_V1,908ce1f927ae651f,bf6cdadf724c1c08,PAIRING_V1
subj01,fold_2,train,B:W,vis2img,75,219,153,633,V2I_ROY_RANDOM_WITHIN_IDENTITY_V1,908ce1f927ae651f,bf6cdadf724c1c08,PAIRING_V1
subj01,fold_2,train,B:W,vis2img,87,231,181,661,V2I_ROY_RANDOM_WITHIN_IDENTITY_V1,908ce1f927ae651f,bf6cdadf724c1c08,PAIRING_V1
subj01,fold_2,val,A:E,vis2img,9,9,123,603,V2I_ROY_RANDOM_WITHIN_IDENTITY_V1,908ce1f927ae651f,309c39db22cc4551,PAIRING_V1
subj01,fold_2,val,A:E,vis2img,38,38,107,587,V2I_ROY_RANDOM_WITHIN_IDENTITY_V1,908ce1f927ae651f,309c39db22cc4551,PAIRING_V1
subj01,fold_2,val,A:H,vis2img,18,18,121,601,V2I_ROY_RANDOM_WITHIN_IDENTITY_V1,908ce1f927ae651f,19f303d473deb1d7,PAIRING_V1
subj01,fold_2,val,A:H,vis2img,21,21,104,584,V2I_ROY_RANDOM_WITHIN_IDENTITY_V1,908ce1f927ae651f,19f303d473deb1d7,PAIRING_V1
subj01,fold_2,val,A:L,vis2img,7,7,115,595,V2I_ROY_RANDOM_WITHIN_IDENTITY_V1,908ce1f927ae651f,a16cd799a0643a14,PAIRING_V1
subj01,fold_2,val,A:L,vis2img,29,29,99,579,V2I_ROY_RANDOM_WITHIN_IDENTITY_V1,908ce1f927ae651f,a16cd799a0643a14,PAIRING_V1
subj01,fold_2,val,A:P,vis2img,11,11,141,621,V2I_ROY_RANDOM_WITHIN_IDENTITY_V1,908ce1f927ae651f,c48c6f5a531339e1,PAIRING_V1
subj01,fold_2,val,A:P,vis2img,37,37,122,602,V2I_ROY_RANDOM_WITHIN_IDENTITY_V1,908ce1f927ae651f,c48c6f5a531339e1,PAIRING_V1
subj01,fold_2,val,A:R,vis2img,5,5,103,583,V2I_ROY_RANDOM_WITHIN_IDENTITY_V1,908ce1f927ae651f,e1fb8532fb3e86bf,PAIRING_V1
subj01,fold_2,val,A:R,vis2img,44,44,136,616,V2I_ROY_RANDOM_WITHIN_IDENTITY_V1,908ce1f927ae651f,e1fb8532fb3e86bf,PAIRING_V1
subj01,fold_2,val,A:V,vis2img,31,31,132,612,V2I_ROY_RANDOM_WITHIN_IDENTITY_V1,908ce1f927ae651f,7f681ebb26a26f71,PAIRING_V1
subj01,fold_2,val,A:V,vis2img,33,33,128,608,V2I_ROY_RANDOM_WITHIN_IDENTITY_V1,908ce1f927ae651f,7f681ebb26a26f71,PAIRING_V1
subj01,fold_2,val,B:B,vis2img,83,227,173,653,V2I_ROY_RANDOM_WITHIN_IDENTITY_V1,908ce1f927ae651f,4d0f5cdd8d4b6a1a,PAIRING_V1
subj01,fold_2,val,B:B,vis2img,85,229,179,659,V2I_ROY_RANDOM_WITHIN_IDENTITY_V1,908ce1f927ae651f,4d0f5cdd8d4b6a1a,PAIRING_V1
subj01,fold_2,val,B:C,vis2img,49,193,186,666,V2I_ROY_RANDOM_WITHIN_IDENTITY_V1,908ce1f927ae651f,cb6baaaea90e19d8,PAIRING_V1
subj01,fold_2,val,B:C,vis2img,73,217,158,638,V2I_ROY_RANDOM_WITHIN_IDENTITY_V1,908ce1f927ae651f,cb6baaaea90e19d8,PAIRING_V1
subj01,fold_2,val,B:D,vis2img,61,205,174,654,V2I_ROY_RANDOM_WITHIN_IDENTITY_V1,908ce1f927ae651f,7f3911d074c2fd1a,PAIRING_V1
subj01,fold_2,val,B:D,vis2img,65,209,155,635,V2I_ROY_RANDOM_WITHIN_IDENTITY_V1,908ce1f927ae651f,7f3911d074c2fd1a,PAIRING_V1
subj01,fold_2,val,B:K,vis2img,57,201,154,634,V2I_ROY_RANDOM_WITHIN_IDENTITY_V1,908ce1f927ae651f,e630168d502ea4ab,PAIRING_V1
subj01,fold_2,val,B:K,vis2img,84,228,152,632,V2I_ROY_RANDOM_WITHIN_IDENTITY_V1,908ce1f927ae651f,e630168d502ea4ab,PAIRING_V1
subj01,fold_2,val,B:T,vis2img,69,213,147,627,V2I_ROY_RANDOM_WITHIN_IDENTITY_V1,908ce1f927ae651f,e0dd6bbae9c40142,PAIRING_V1
subj01,fold_2,val,B:T,vis2img,80,224,166,646,V2I_ROY_RANDOM_WITHIN_IDENTITY_V1,908ce1f927ae651f,e0dd6bbae9c40142,PAIRING_V1
subj01,fold_2,val,B:W,vis2img,48,192,145,625,V2I_ROY_RANDOM_WITHIN_IDENTITY_V1,908ce1f927ae651f,df170b8a256bc53f,PAIRING_V1
subj01,fold_2,val,B:W,vis2img,63,207,183,663,V2I_ROY_RANDOM_WITHIN_IDENTITY_V1,908ce1f927ae651f,df170b8a256bc53f,PAIRING_V1
subj01,fold_2,test,A:E,vis2img,43,43,118,598,V2I_ROY_RANDOM_WITHIN_IDENTITY_V1,908ce1f927ae651f,bfb44ce655567a04,PAIRING_V1
subj01,fold_2,test,A:E,vis2img,47,47,120,600,V2I_ROY_RANDOM_WITHIN_IDENTITY_V1,908ce1f927ae651f,bfb44ce655567a04,PAIRING_V1
subj01,fold_2,test,A:H,vis2img,2,2,129,609,V2I_ROY_RANDOM_WITHIN_IDENTITY_V1,908ce1f927ae651f,a472d94a520dd1c0,PAIRING_V1
subj01,fold_2,test,A:H,vis2img,28,28,140,620,V2I_ROY_RANDOM_WITHIN_IDENTITY_V1,908ce1f927ae651f,a472d94a520dd1c0,PAIRING_V1
subj01,fold_2,test,A:L,vis2img,36,36,117,597,V2I_ROY_RANDOM_WITHIN_IDENTITY_V1,908ce1f927ae651f,837b23e75bf43ffe,PAIRING_V1
subj01,fold_2,test,A:L,vis2img,42,42,135,615,V2I_ROY_RANDOM_WITHIN_IDENTITY_V1,908ce1f927ae651f,837b23e75bf43ffe,PAIRING_V1
subj01,fold_2,test,A:P,vis2img,20,20,112,592,V2I_ROY_RANDOM_WITHIN_IDENTITY_V1,908ce1f927ae651f,b5a31dd9c3fb88c3,PAIRING_V1
subj01,fold_2,test,A:P,vis2img,41,41,143,623,V2I_ROY_RANDOM_WITHIN_IDENTITY_V1,908ce1f927ae651f,b5a31dd9c3fb88c3,PAIRING_V1
subj01,fold_2,test,A:R,vis2img,25,25,142,622,V2I_ROY_RANDOM_WITHIN_IDENTITY_V1,908ce1f927ae651f,e8d6430d3806aedd,PAIRING_V1
subj01,fold_2,test,A:R,vis2img,39,39,133,613,V2I_ROY_RANDOM_WITHIN_IDENTITY_V1,908ce1f927ae651f,e8d6430d3806aedd,PAIRING_V1
subj01,fold_2,test,A:V,vis2img,15,15,106,586,V2I_ROY_RANDOM_WITHIN_IDENTITY_V1,908ce1f927ae651f,68ee0cf9a7263389,PAIRING_V1
subj01,fold_2,test,A:V,vis2img,19,19,100,580,V2I_ROY_RANDOM_WITHIN_IDENTITY_V1,908ce1f927ae651f,68ee0cf9a7263389,PAIRING_V1
subj01,fold_2,test,B:B,vis2img,53,197,161,641,V2I_ROY_RANDOM_WITHIN_IDENTITY_V1,908ce1f927ae651f,749ee19aa4afe5e5,PAIRING_V1
subj01,fold_2,test,B:B,vis2img,89,233,185,665,V2I_ROY_RANDOM_WITHIN_IDENTITY_V1,908ce1f927ae651f,749ee19aa4afe5e5,PAIRING_V1
subj01,fold_2,test,B:C,vis2img,62,206,146,626,V2I_ROY_RANDOM_WITHIN_IDENTITY_V1,908ce1f927ae651f,6905543035881413,PAIRING_V1
subj01,fold_2,test,B:C,vis2img,90,234,148,628,V2I_ROY_RANDOM_WITHIN_IDENTITY_V1,908ce1f927ae651f,6905543035881413,PAIRING_V1
subj01,fold_2,test,B:D,vis2img,68,212,188,668,V2I_ROY_RANDOM_WITHIN_IDENTITY_V1,908ce1f927ae651f,1b80a42953b2fb63,PAIRING_V1
subj01,fold_2,test,B:D,vis2img,81,225,169,649,V2I_ROY_RANDOM_WITHIN_IDENTITY_V1,908ce1f927ae651f,1b80a42953b2fb63,PAIRING_V1
subj01,fold_2,test,B:K,vis2img,59,203,189,669,V2I_ROY_RANDOM_WITHIN_IDENTITY_V1,908ce1f927ae651f,4f9634ebad1fda8c,PAIRING_V1
subj01,fold_2,test,B:K,vis2img,82,226,149,629,V2I_ROY_RANDOM_WITHIN_IDENTITY_V1,908ce1f927ae651f,4f9634ebad1fda8c,PAIRING_V1
subj01,fold_2,test,B:T,vis2img,60,204,170,650,V2I_ROY_RANDOM_WITHIN_IDENTITY_V1,908ce1f927ae651f,96d165e8ddc0d501,PAIRING_V1
subj01,fold_2,test,B:T,vis2img,95,239,159,639,V2I_ROY_RANDOM_WITHIN_IDENTITY_V1,908ce1f927ae651f,96d165e8ddc0d501,PAIRING_V1
subj01,fold_2,test,B:W,vis2img,72,216,175,655,V2I_ROY_RANDOM_WITHIN_IDENTITY_V1,908ce1f927ae651f,a49c9a7317b7aaad,PAIRING_V1
subj01,fold_2,test,B:W,vis2img,77,221,164,644,V2I_ROY_RANDOM_WITHIN_IDENTITY_V1,908ce1f927ae651f,a49c9a7317b7aaad,PAIRING_V1
subj01,fold_3,train,A:E,vis2img,6,6,138,618,V2I_ROY_RANDOM_WITHIN_IDENTITY_V1,908ce1f927ae651f,f1c52e647b896a32,PAIRING_V1
subj01,fold_3,train,A:E,vis2img,23,23,116,596,V2I_ROY_RANDOM_WITHIN_IDENTITY_V1,908ce1f927ae651f,f1c52e647b896a32,PAIRING_V1
subj01,fold_3,train,A:E,vis2img,26,26,111,591,V2I_ROY_RANDOM_WITHIN_IDENTITY_V1,908ce1f927ae651f,f1c52e647b896a32,PAIRING_V1
subj01,fold_3,train,A:E,vis2img,32,32,114,594,V2I_ROY_RANDOM_WITHIN_IDENTITY_V1,908ce1f927ae651f,f1c52e647b896a32,PAIRING_V1
subj01,fold_3,train,A:H,vis2img,10,10,119,599,V2I_ROY_RANDOM_WITHIN_IDENTITY_V1,908ce1f927ae651f,e60ea3b2f49db34f,PAIRING_V1
subj01,fold_3,train,A:H,vis2img,14,14,134,614,V2I_ROY_RANDOM_WITHIN_IDENTITY_V1,908ce1f927ae651f,e60ea3b2f49db34f,PAIRING_V1
subj01,fold_3,train,A:H,vis2img,24,24,113,593,V2I_ROY_RANDOM_WITHIN_IDENTITY_V1,908ce1f927ae651f,e60ea3b2f49db34f,PAIRING_V1
subj01,fold_3,train,A:H,vis2img,35,35,125,605,V2I_ROY_RANDOM_WITHIN_IDENTITY_V1,908ce1f927ae651f,e60ea3b2f49db34f,PAIRING_V1
subj01,fold_3,train,A:L,vis2img,0,0,96,576,V2I_ROY_RANDOM_WITHIN_IDENTITY_V1,908ce1f927ae651f,e42fd46c10c4ca04,PAIRING_V1
subj01,fold_3,train,A:L,vis2img,4,4,131,611,V2I_ROY_RANDOM_WITHIN_IDENTITY_V1,908ce1f927ae651f,e42fd46c10c4ca04,PAIRING_V1
subj01,fold_3,train,A:L,vis2img,12,12,126,606,V2I_ROY_RANDOM_WITHIN_IDENTITY_V1,908ce1f927ae651f,e42fd46c10c4ca04,PAIRING_V1
subj01,fold_3,train,A:L,vis2img,27,27,110,590,V2I_ROY_RANDOM_WITHIN_IDENTITY_V1,908ce1f927ae651f,e42fd46c10c4ca04,PAIRING_V1
subj01,fold_3,train,A:P,vis2img,8,8,139,619,V2I_ROY_RANDOM_WITHIN_IDENTITY_V1,908ce1f927ae651f,cb80437408505b23,PAIRING_V1
subj01,fold_3,train,A:P,vis2img,13,13,130,610,V2I_ROY_RANDOM_WITHIN_IDENTITY_V1,908ce1f927ae651f,cb80437408505b23,PAIRING_V1
subj01,fold_3,train,A:P,vis2img,16,16,127,607,V2I_ROY_RANDOM_WITHIN_IDENTITY_V1,908ce1f927ae651f,cb80437408505b23,PAIRING_V1
subj01,fold_3,train,A:P,vis2img,34,34,101,581,V2I_ROY_RANDOM_WITHIN_IDENTITY_V1,908ce1f927ae651f,cb80437408505b23,PAIRING_V1
subj01,fold_3,train,A:R,vis2img,17,17,108,588,V2I_ROY_RANDOM_WITHIN_IDENTITY_V1,908ce1f927ae651f,4edf477c879acf8e,PAIRING_V1
subj01,fold_3,train,A:R,vis2img,22,22,124,604,V2I_ROY_RANDOM_WITHIN_IDENTITY_V1,908ce1f927ae651f,4edf477c879acf8e,PAIRING_V1
subj01,fold_3,train,A:R,vis2img,30,30,105,585,V2I_ROY_RANDOM_WITHIN_IDENTITY_V1,908ce1f927ae651f,4edf477c879acf8e,PAIRING_V1
subj01,fold_3,train,A:R,vis2img,46,46,98,578,V2I_ROY_RANDOM_WITHIN_IDENTITY_V1,908ce1f927ae651f,4edf477c879acf8e,PAIRING_V1
subj01,fold_3,train,A:V,vis2img,1,1,109,589,V2I_ROY_RANDOM_WITHIN_IDENTITY_V1,908ce1f927ae651f,f6b77aa0ff993d78,PAIRING_V1
subj01,fold_3,train,A:V,vis2img,3,3,97,577,V2I_ROY_RANDOM_WITHIN_IDENTITY_V1,908ce1f927ae651f,f6b77aa0ff993d78,PAIRING_V1
subj01,fold_3,train,A:V,vis2img,40,40,102,582,V2I_ROY_RANDOM_WITHIN_IDENTITY_V1,908ce1f927ae651f,f6b77aa0ff993d78,PAIRING_V1
subj01,fold_3,train,A:V,vis2img,45,45,137,617,V2I_ROY_RANDOM_WITHIN_IDENTITY_V1,908ce1f927ae651f,f6b77aa0ff993d78,PAIRING_V1
subj01,fold_3,train,B:B,vis2img,66,210,191,671,V2I_ROY_RANDOM_WITHIN_IDENTITY_V1,908ce1f927ae651f,4fcd6c6924929493,PAIRING_V1
subj01,fold_3,train,B:B,vis2img,76,220,167,647,V2I_ROY_RANDOM_WITHIN_IDENTITY_V1,908ce1f927ae651f,4fcd6c6924929493,PAIRING_V1
subj01,fold_3,train,B:B,vis2img,79,223,144,624,V2I_ROY_RANDOM_WITHIN_IDENTITY_V1,908ce1f927ae651f,4fcd6c6924929493,PAIRING_V1
subj01,fold_3,train,B:B,vis2img,94,238,165,645,V2I_ROY_RANDOM_WITHIN_IDENTITY_V1,908ce1f927ae651f,4fcd6c6924929493,PAIRING_V1
subj01,fold_3,train,B:C,vis2img,58,202,151,631,V2I_ROY_RANDOM_WITHIN_IDENTITY_V1,908ce1f927ae651f,17e825f52cc4f08f,PAIRING_V1
subj01,fold_3,train,B:C,vis2img,64,208,163,643,V2I_ROY_RANDOM_WITHIN_IDENTITY_V1,908ce1f927ae651f,17e825f52cc4f08f,PAIRING_V1
subj01,fold_3,train,B:C,vis2img,71,215,156,636,V2I_ROY_RANDOM_WITHIN_IDENTITY_V1,908ce1f927ae651f,17e825f52cc4f08f,PAIRING_V1
subj01,fold_3,train,B:C,vis2img,86,230,172,652,V2I_ROY_RANDOM_WITHIN_IDENTITY_V1,908ce1f927ae651f,17e825f52cc4f08f,PAIRING_V1
subj01,fold_3,train,B:D,vis2img,51,195,160,640,V2I_ROY_RANDOM_WITHIN_IDENTITY_V1,908ce1f927ae651f,35de080447f0b853,PAIRING_V1
subj01,fold_3,train,B:D,vis2img,54,198,157,637,V2I_ROY_RANDOM_WITHIN_IDENTITY_V1,908ce1f927ae651f,35de080447f0b853,PAIRING_V1
subj01,fold_3,train,B:D,vis2img,70,214,150,630,V2I_ROY_RANDOM_WITHIN_IDENTITY_V1,908ce1f927ae651f,35de080447f0b853,PAIRING_V1
subj01,fold_3,train,B:D,vis2img,93,237,184,664,V2I_ROY_RANDOM_WITHIN_IDENTITY_V1,908ce1f927ae651f,35de080447f0b853,PAIRING_V1
subj01,fold_3,train,B:K,vis2img,55,199,178,658,V2I_ROY_RANDOM_WITHIN_IDENTITY_V1,908ce1f927ae651f,80f6ed2a9df8b8f2,PAIRING_V1
subj01,fold_3,train,B:K,vis2img,67,211,168,648,V2I_ROY_RANDOM_WITHIN_IDENTITY_V1,908ce1f927ae651f,80f6ed2a9df8b8f2,PAIRING_V1
subj01,fold_3,train,B:K,vis2img,78,222,187,667,V2I_ROY_RANDOM_WITHIN_IDENTITY_V1,908ce1f927ae651f,80f6ed2a9df8b8f2,PAIRING_V1
subj01,fold_3,train,B:K,vis2img,91,235,176,656,V2I_ROY_RANDOM_WITHIN_IDENTITY_V1,908ce1f927ae651f,80f6ed2a9df8b8f2,PAIRING_V1
subj01,fold_3,train,B:T,vis2img,52,196,162,642,V2I_ROY_RANDOM_WITHIN_IDENTITY_V1,908ce1f927ae651f,22cbef80b1f61bb6,PAIRING_V1
subj01,fold_3,train,B:T,vis2img,74,218,182,662,V2I_ROY_RANDOM_WITHIN_IDENTITY_V1,908ce1f927ae651f,22cbef80b1f61bb6,PAIRING_V1
subj01,fold_3,train,B:T,vis2img,88,232,180,660,V2I_ROY_RANDOM_WITHIN_IDENTITY_V1,908ce1f927ae651f,22cbef80b1f61bb6,PAIRING_V1
subj01,fold_3,train,B:T,vis2img,92,236,190,670,V2I_ROY_RANDOM_WITHIN_IDENTITY_V1,908ce1f927ae651f,22cbef80b1f61bb6,PAIRING_V1
subj01,fold_3,train,B:W,vis2img,50,194,177,657,V2I_ROY_RANDOM_WITHIN_IDENTITY_V1,908ce1f927ae651f,e1c876a0f3829c9d,PAIRING_V1
subj01,fold_3,train,B:W,vis2img,56,200,181,661,V2I_ROY_RANDOM_WITHIN_IDENTITY_V1,908ce1f927ae651f,e1c876a0f3829c9d,PAIRING_V1
subj01,fold_3,train,B:W,vis2img,75,219,153,633,V2I_ROY_RANDOM_WITHIN_IDENTITY_V1,908ce1f927ae651f,e1c876a0f3829c9d,PAIRING_V1
subj01,fold_3,train,B:W,vis2img,87,231,171,651,V2I_ROY_RANDOM_WITHIN_IDENTITY_V1,908ce1f927ae651f,e1c876a0f3829c9d,PAIRING_V1
subj01,fold_3,val,A:E,vis2img,43,43,120,600,V2I_ROY_RANDOM_WITHIN_IDENTITY_V1,908ce1f927ae651f,b1808f01b8badc36,PAIRING_V1
subj01,fold_3,val,A:E,vis2img,47,47,118,598,V2I_ROY_RANDOM_WITHIN_IDENTITY_V1,908ce1f927ae651f,b1808f01b8badc36,PAIRING_V1
subj01,fold_3,val,A:H,vis2img,2,2,140,620,V2I_ROY_RANDOM_WITHIN_IDENTITY_V1,908ce1f927ae651f,d0f7b62cd5dc16ab,PAIRING_V1
subj01,fold_3,val,A:H,vis2img,28,28,129,609,V2I_ROY_RANDOM_WITHIN_IDENTITY_V1,908ce1f927ae651f,d0f7b62cd5dc16ab,PAIRING_V1
subj01,fold_3,val,A:L,vis2img,36,36,117,597,V2I_ROY_RANDOM_WITHIN_IDENTITY_V1,908ce1f927ae651f,587f67bd668dc000,PAIRING_V1
subj01,fold_3,val,A:L,vis2img,42,42,135,615,V2I_ROY_RANDOM_WITHIN_IDENTITY_V1,908ce1f927ae651f,587f67bd668dc000,PAIRING_V1
subj01,fold_3,val,A:P,vis2img,20,20,112,592,V2I_ROY_RANDOM_WITHIN_IDENTITY_V1,908ce1f927ae651f,e8a79179bef18c01,PAIRING_V1
subj01,fold_3,val,A:P,vis2img,41,41,143,623,V2I_ROY_RANDOM_WITHIN_IDENTITY_V1,908ce1f927ae651f,e8a79179bef18c01,PAIRING_V1
subj01,fold_3,val,A:R,vis2img,25,25,142,622,V2I_ROY_RANDOM_WITHIN_IDENTITY_V1,908ce1f927ae651f,9a2787e0336a4642,PAIRING_V1
subj01,fold_3,val,A:R,vis2img,39,39,133,613,V2I_ROY_RANDOM_WITHIN_IDENTITY_V1,908ce1f927ae651f,9a2787e0336a4642,PAIRING_V1
subj01,fold_3,val,A:V,vis2img,15,15,100,580,V2I_ROY_RANDOM_WITHIN_IDENTITY_V1,908ce1f927ae651f,b695901b70375cf6,PAIRING_V1
subj01,fold_3,val,A:V,vis2img,19,19,106,586,V2I_ROY_RANDOM_WITHIN_IDENTITY_V1,908ce1f927ae651f,b695901b70375cf6,PAIRING_V1
subj01,fold_3,val,B:B,vis2img,53,197,161,641,V2I_ROY_RANDOM_WITHIN_IDENTITY_V1,908ce1f927ae651f,d801133199fb71e4,PAIRING_V1
subj01,fold_3,val,B:B,vis2img,89,233,185,665,V2I_ROY_RANDOM_WITHIN_IDENTITY_V1,908ce1f927ae651f,d801133199fb71e4,PAIRING_V1
subj01,fold_3,val,B:C,vis2img,62,206,146,626,V2I_ROY_RANDOM_WITHIN_IDENTITY_V1,908ce1f927ae651f,a91f751a97c81996,PAIRING_V1
subj01,fold_3,val,B:C,vis2img,90,234,148,628,V2I_ROY_RANDOM_WITHIN_IDENTITY_V1,908ce1f927ae651f,a91f751a97c81996,PAIRING_V1
subj01,fold_3,val,B:D,vis2img,68,212,169,649,V2I_ROY_RANDOM_WITHIN_IDENTITY_V1,908ce1f927ae651f,080f74aaae21a7dc,PAIRING_V1
subj01,fold_3,val,B:D,vis2img,81,225,188,668,V2I_ROY_RANDOM_WITHIN_IDENTITY_V1,908ce1f927ae651f,080f74aaae21a7dc,PAIRING_V1
subj01,fold_3,val,B:K,vis2img,59,203,149,629,V2I_ROY_RANDOM_WITHIN_IDENTITY_V1,908ce1f927ae651f,b69db87d7e8ee827,PAIRING_V1
subj01,fold_3,val,B:K,vis2img,82,226,189,669,V2I_ROY_RANDOM_WITHIN_IDENTITY_V1,908ce1f927ae651f,b69db87d7e8ee827,PAIRING_V1
subj01,fold_3,val,B:T,vis2img,60,204,159,639,V2I_ROY_RANDOM_WITHIN_IDENTITY_V1,908ce1f927ae651f,489558133aff07c1,PAIRING_V1
subj01,fold_3,val,B:T,vis2img,95,239,170,650,V2I_ROY_RANDOM_WITHIN_IDENTITY_V1,908ce1f927ae651f,489558133aff07c1,PAIRING_V1
subj01,fold_3,val,B:W,vis2img,72,216,164,644,V2I_ROY_RANDOM_WITHIN_IDENTITY_V1,908ce1f927ae651f,2aceddca9b813fe1,PAIRING_V1
subj01,fold_3,val,B:W,vis2img,77,221,175,655,V2I_ROY_RANDOM_WITHIN_IDENTITY_V1,908ce1f927ae651f,2aceddca9b813fe1,PAIRING_V1
subj01,fold_3,test,A:E,vis2img,9,9,123,603,V2I_ROY_RANDOM_WITHIN_IDENTITY_V1,908ce1f927ae651f,4c5c9777b0085f1b,PAIRING_V1
subj01,fold_3,test,A:E,vis2img,38,38,107,587,V2I_ROY_RANDOM_WITHIN_IDENTITY_V1,908ce1f927ae651f,4c5c9777b0085f1b,PAIRING_V1
subj01,fold_3,test,A:H,vis2img,18,18,121,601,V2I_ROY_RANDOM_WITHIN_IDENTITY_V1,908ce1f927ae651f,c08ce4b531853694,PAIRING_V1
subj01,fold_3,test,A:H,vis2img,21,21,104,584,V2I_ROY_RANDOM_WITHIN_IDENTITY_V1,908ce1f927ae651f,c08ce4b531853694,PAIRING_V1
subj01,fold_3,test,A:L,vis2img,7,7,99,579,V2I_ROY_RANDOM_WITHIN_IDENTITY_V1,908ce1f927ae651f,42a609876844b122,PAIRING_V1
subj01,fold_3,test,A:L,vis2img,29,29,115,595,V2I_ROY_RANDOM_WITHIN_IDENTITY_V1,908ce1f927ae651f,42a609876844b122,PAIRING_V1
subj01,fold_3,test,A:P,vis2img,11,11,122,602,V2I_ROY_RANDOM_WITHIN_IDENTITY_V1,908ce1f927ae651f,6669949918db907c,PAIRING_V1
subj01,fold_3,test,A:P,vis2img,37,37,141,621,V2I_ROY_RANDOM_WITHIN_IDENTITY_V1,908ce1f927ae651f,6669949918db907c,PAIRING_V1
subj01,fold_3,test,A:R,vis2img,5,5,103,583,V2I_ROY_RANDOM_WITHIN_IDENTITY_V1,908ce1f927ae651f,c4a45a8cf938995b,PAIRING_V1
subj01,fold_3,test,A:R,vis2img,44,44,136,616,V2I_ROY_RANDOM_WITHIN_IDENTITY_V1,908ce1f927ae651f,c4a45a8cf938995b,PAIRING_V1
subj01,fold_3,test,A:V,vis2img,31,31,132,612,V2I_ROY_RANDOM_WITHIN_IDENTITY_V1,908ce1f927ae651f,8a5cc09516b16d4c,PAIRING_V1
subj01,fold_3,test,A:V,vis2img,33,33,128,608,V2I_ROY_RANDOM_WITHIN_IDENTITY_V1,908ce1f927ae651f,8a5cc09516b16d4c,PAIRING_V1
subj01,fold_3,test,B:B,vis2img,83,227,179,659,V2I_ROY_RANDOM_WITHIN_IDENTITY_V1,908ce1f927ae651f,a0a5a0cbe9419358,PAIRING_V1
subj01,fold_3,test,B:B,vis2img,85,229,173,653,V2I_ROY_RANDOM_WITHIN_IDENTITY_V1,908ce1f927ae651f,a0a5a0cbe9419358,PAIRING_V1
subj01,fold_3,test,B:C,vis2img,49,193,158,638,V2I_ROY_RANDOM_WITHIN_IDENTITY_V1,908ce1f927ae651f,f0ddda12a1c4a81c,PAIRING_V1
subj01,fold_3,test,B:C,vis2img,73,217,186,666,V2I_ROY_RANDOM_WITHIN_IDENTITY_V1,908ce1f927ae651f,f0ddda12a1c4a81c,PAIRING_V1
subj01,fold_3,test,B:D,vis2img,61,205,155,635,V2I_ROY_RANDOM_WITHIN_IDENTITY_V1,908ce1f927ae651f,d287ab5d3bc32c93,PAIRING_V1
subj01,fold_3,test,B:D,vis2img,65,209,174,654,V2I_ROY_RANDOM_WITHIN_IDENTITY_V1,908ce1f927ae651f,d287ab5d3bc32c93,PAIRING_V1
subj01,fold_3,test,B:K,vis2img,57,201,152,632,V2I_ROY_RANDOM_WITHIN_IDENTITY_V1,908ce1f927ae651f,e87bd2bc25b0f3fd,PAIRING_V1
subj01,fold_3,test,B:K,vis2img,84,228,154,634,V2I_ROY_RANDOM_WITHIN_IDENTITY_V1,908ce1f927ae651f,e87bd2bc25b0f3fd,PAIRING_V1
subj01,fold_3,test,B:T,vis2img,69,213,147,627,V2I_ROY_RANDOM_WITHIN_IDENTITY_V1,908ce1f927ae651f,434f938a77f276fa,PAIRING_V1
subj01,fold_3,test,B:T,vis2img,80,224,166,646,V2I_ROY_RANDOM_WITHIN_IDENTITY_V1,908ce1f927ae651f,434f938a77f276fa,PAIRING_V1
subj01,fold_3,test,B:W,vis2img,48,192,183,663,V2I_ROY_RANDOM_WITHIN_IDENTITY_V1,908ce1f927ae651f,dbb610a0a1914ac7,PAIRING_V1
subj01,fold_3,test,B:W,vis2img,63,207,145,625,V2I_ROY_RANDOM_WITHIN_IDENTITY_V1,908ce1f927ae651f,dbb610a0a1914ac7,PAIRING_V1
subj02,fold_0,train,A:E,vis2img,26,26,111,591,V2I_ROY_RANDOM_WITHIN_IDENTITY_V1,908ce1f927ae651f,fff0d40274de9614,PAIRING_V1
subj02,fold_0,train,A:E,vis2img,32,32,116,596,V2I_ROY_RANDOM_WITHIN_IDENTITY_V1,908ce1f927ae651f,fff0d40274de9614,PAIRING_V1
subj02,fold_0,train,A:E,vis2img,43,43,120,600,V2I_ROY_RANDOM_WITHIN_IDENTITY_V1,908ce1f927ae651f,fff0d40274de9614,PAIRING_V1
subj02,fold_0,train,A:E,vis2img,47,47,118,598,V2I_ROY_RANDOM_WITHIN_IDENTITY_V1,908ce1f927ae651f,fff0d40274de9614,PAIRING_V1
subj02,fold_0,train,A:H,vis2img,2,2,125,605,V2I_ROY_RANDOM_WITHIN_IDENTITY_V1,908ce1f927ae651f,17cc6004de1c4a5a,PAIRING_V1
subj02,fold_0,train,A:H,vis2img,10,10,134,614,V2I_ROY_RANDOM_WITHIN_IDENTITY_V1,908ce1f927ae651f,17cc6004de1c4a5a,PAIRING_V1
subj02,fold_0,train,A:H,vis2img,14,14,140,620,V2I_ROY_RANDOM_WITHIN_IDENTITY_V1,908ce1f927ae651f,17cc6004de1c4a5a,PAIRING_V1
subj02,fold_0,train,A:H,vis2img,28,28,129,609,V2I_ROY_RANDOM_WITHIN_IDENTITY_V1,908ce1f927ae651f,17cc6004de1c4a5a,PAIRING_V1
subj02,fold_0,train,A:L,vis2img,12,12,117,597,V2I_ROY_RANDOM_WITHIN_IDENTITY_V1,908ce1f927ae651f,ff16b51ed6ee68ac,PAIRING_V1
subj02,fold_0,train,A:L,vis2img,27,27,96,576,V2I_ROY_RANDOM_WITHIN_IDENTITY_V1,908ce1f927ae651f,ff16b51ed6ee68ac,PAIRING_V1
subj02,fold_0,train,A:L,vis2img,36,36,135,615,V2I_ROY_RANDOM_WITHIN_IDENTITY_V1,908ce1f927ae651f,ff16b51ed6ee68ac,PAIRING_V1
subj02,fold_0,train,A:L,vis2img,42,42,126,606,V2I_ROY_RANDOM_WITHIN_IDENTITY_V1,908ce1f927ae651f,ff16b51ed6ee68ac,PAIRING_V1
subj02,fold_0,train,A:P,vis2img,8,8,130,610,V2I_ROY_RANDOM_WITHIN_IDENTITY_V1,908ce1f927ae651f,ef9b822f154d06d6,PAIRING_V1
subj02,fold_0,train,A:P,vis2img,13,13,127,607,V2I_ROY_RANDOM_WITHIN_IDENTITY_V1,908ce1f927ae651f,ef9b822f154d06d6,PAIRING_V1
subj02,fold_0,train,A:P,vis2img,20,20,143,623,V2I_ROY_RANDOM_WITHIN_IDENTITY_V1,908ce1f927ae651f,ef9b822f154d06d6,PAIRING_V1
subj02,fold_0,train,A:P,vis2img,41,41,112,592,V2I_ROY_RANDOM_WITHIN_IDENTITY_V1,908ce1f927ae651f,ef9b822f154d06d6,PAIRING_V1
subj02,fold_0,train,A:R,vis2img,22,22,142,622,V2I_ROY_RANDOM_WITHIN_IDENTITY_V1,908ce1f927ae651f,585d88f95a00c1cf,PAIRING_V1
subj02,fold_0,train,A:R,vis2img,25,25,133,613,V2I_ROY_RANDOM_WITHIN_IDENTITY_V1,908ce1f927ae651f,585d88f95a00c1cf,PAIRING_V1
subj02,fold_0,train,A:R,vis2img,30,30,98,578,V2I_ROY_RANDOM_WITHIN_IDENTITY_V1,908ce1f927ae651f,585d88f95a00c1cf,PAIRING_V1
subj02,fold_0,train,A:R,vis2img,39,39,105,585,V2I_ROY_RANDOM_WITHIN_IDENTITY_V1,908ce1f927ae651f,585d88f95a00c1cf,PAIRING_V1
subj02,fold_0,train,A:V,vis2img,1,1,100,580,V2I_ROY_RANDOM_WITHIN_IDENTITY_V1,908ce1f927ae651f,45ad8e445e5736bc,PAIRING_V1
subj02,fold_0,train,A:V,vis2img,3,3,109,589,V2I_ROY_RANDOM_WITHIN_IDENTITY_V1,908ce1f927ae651f,45ad8e445e5736bc,PAIRING_V1
subj02,fold_0,train,A:V,vis2img,15,15,106,586,V2I_ROY_RANDOM_WITHIN_IDENTITY_V1,908ce1f927ae651f,45ad8e445e5736bc,PAIRING_V1
subj02,fold_0,train,A:V,vis2img,19,19,97,577,V2I_ROY_RANDOM_WITHIN_IDENTITY_V1,908ce1f927ae651f,45ad8e445e5736bc,PAIRING_V1
subj02,fold_0,train,B:B,vis2img,53,197,185,665,V2I_ROY_RANDOM_WITHIN_IDENTITY_V1,908ce1f927ae651f,4b94c2b9eac66e5a,PAIRING_V1
subj02,fold_0,train,B:B,vis2img,66,210,161,641,V2I_ROY_RANDOM_WITHIN_IDENTITY_V1,908ce1f927ae651f,4b94c2b9eac66e5a,PAIRING_V1
subj02,fold_0,train,B:B,vis2img,79,223,144,624,V2I_ROY_RANDOM_WITHIN_IDENTITY_V1,908ce1f927ae651f,4b94c2b9eac66e5a,PAIRING_V1
subj02,fold_0,train,B:B,vis2img,89,233,191,671,V2I_ROY_RANDOM_WITHIN_IDENTITY_V1,908ce1f927ae651f,4b94c2b9eac66e5a,PAIRING_V1
subj02,fold_0,train,B:C,vis2img,58,202,146,626,V2I_ROY_RANDOM_WITHIN_IDENTITY_V1,908ce1f927ae651f,e06e93ba7cccb348,PAIRING_V1
subj02,fold_0,train,B:C,vis2img,62,206,148,628,V2I_ROY_RANDOM_WITHIN_IDENTITY_V1,908ce1f927ae651f,e06e93ba7cccb348,PAIRING_V1
subj02,fold_0,train,B:C,vis2img,71,215,151,631,V2I_ROY_RANDOM_WITHIN_IDENTITY_V1,908ce1f927ae651f,e06e93ba7cccb348,PAIRING_V1
subj02,fold_0,train,B:C,vis2img,90,234,156,636,V2I_ROY_RANDOM_WITHIN_IDENTITY_V1,908ce1f927ae651f,e06e93ba7cccb348,PAIRING_V1
subj02,fold_0,train,B:D,vis2img,68,212,150,630,V2I_ROY_RANDOM_WITHIN_IDENTITY_V1,908ce1f927ae651f,b397ee5d3c3dbe74,PAIRING_V1
subj02,fold_0,train,B:D,vis2img,70,214,184,664,V2I_ROY_RANDOM_WITHIN_IDENTITY_V1,908ce1f927ae651f,b397ee5d3c3dbe74,PAIRING_V1
subj02,fold_0,train,B:D,vis2img,81,225,169,649,V2I_ROY_RANDOM_WITHIN_IDENTITY_V1,908ce1f927ae651f,b397ee5d3c3dbe74,PAIRING_V1
subj02,fold_0,train,B:D,vis2img,93,237,188,668,V2I_ROY_RANDOM_WITHIN_IDENTITY_V1,908ce1f927ae651f,b397ee5d3c3dbe74,PAIRING_V1
subj02,fold_0,train,B:K,vis2img,59,203,187,667,V2I_ROY_RANDOM_WITHIN_IDENTITY_V1,908ce1f927ae651f,c1f17a66bf918c3a,PAIRING_V1
subj02,fold_0,train,B:K,vis2img,67,211,178,658,V2I_ROY_RANDOM_WITHIN_IDENTITY_V1,908ce1f927ae651f,c1f17a66bf918c3a,PAIRING_V1
subj02,fold_0,train,B:K,vis2img,82,226,149,629,V2I_ROY_RANDOM_WITHIN_IDENTITY_V1,908ce1f927ae651f,c1f17a66bf918c3a,PAIRING_V1
subj02,fold_0,train,B:K,vis2img,91,235,189,669,V2I_ROY_RANDOM_WITHIN_IDENTITY_V1,908ce1f927ae651f,c1f17a66bf918c3a,PAIRING_V1
subj02,fold_0,train,B:T,vis2img,52,196,190,670,V2I_ROY_RANDOM_WITHIN_IDENTITY_V1,908ce1f927ae651f,9333bee6bacc2c70,PAIRING_V1
subj02,fold_0,train,B:T,vis2img,60,204,162,642,V2I_ROY_RANDOM_WITHIN_IDENTITY_V1,908ce1f927ae651f,9333bee6bacc2c70,PAIRING_V1
subj02,fold_0,train,B:T,vis2img,92,236,170,650,V2I_ROY_RANDOM_WITHIN_IDENTITY_V1,908ce1f927ae651f,9333bee6bacc2c70,PAIRING_V1
subj02,fold_0,train,B:T,vis2img,95,239,159,639,V2I_ROY_RANDOM_WITHIN_IDENTITY_V1,908ce1f927ae651f,9333bee6bacc2c70,PAIRING_V1
subj02,fold_0,train,B:W,vis2img,56,200,177,657,V2I_ROY_RANDOM_WITHIN_IDENTITY_V1,908ce1f927ae651f,22cda6aa8c641a25,PAIRING_V1
subj02,fold_0,train,B:W,vis2img,72,216,181,661,V2I_ROY_RANDOM_WITHIN_IDENTITY_V1,908ce1f927ae651f,22cda6aa8c641a25,PAIRING_V1
subj02,fold_0,train,B:W,vis2img,75,219,175,655,V2I_ROY_RANDOM_WITHIN_IDENTITY_V1,908ce1f927ae651f,22cda6aa8c641a25,PAIRING_V1
subj02,fold_0,train,B:W,vis2img,77,221,164,644,V2I_ROY_RANDOM_WITHIN_IDENTITY_V1,908ce1f927ae651f,22cda6aa8c641a25,PAIRING_V1
subj02,fold_0,val,A:E,vis2img,9,9,107,587,V2I_ROY_RANDOM_WITHIN_IDENTITY_V1,908ce1f927ae651f,7f075506b1b2a185,PAIRING_V1
subj02,fold_0,val,A:E,vis2img,38,38,123,603,V2I_ROY_RANDOM_WITHIN_IDENTITY_V1,908ce1f927ae651f,7f075506b1b2a185,PAIRING_V1
subj02,fold_0,val,A:H,vis2img,18,18,104,584,V2I_ROY_RANDOM_WITHIN_IDENTITY_V1,908ce1f927ae651f,694c8e9340185338,PAIRING_V1
subj02,fold_0,val,A:H,vis2img,21,21,121,601,V2I_ROY_RANDOM_WITHIN_IDENTITY_V1,908ce1f927ae651f,694c8e9340185338,PAIRING_V1
subj02,fold_0,val,A:L,vis2img,7,7,99,579,V2I_ROY_RANDOM_WITHIN_IDENTITY_V1,908ce1f927ae651f,45a729c9095744fc,PAIRING_V1
subj02,fold_0,val,A:L,vis2img,29,29,115,595,V2I_ROY_RANDOM_WITHIN_IDENTITY_V1,908ce1f927ae651f,45a729c9095744fc,PAIRING_V1
subj02,fold_0,val,A:P,vis2img,11,11,122,602,V2I_ROY_RANDOM_WITHIN_IDENTITY_V1,908ce1f927ae651f,f1f766602de37f10,PAIRING_V1
subj02,fold_0,val,A:P,vis2img,37,37,141,621,V2I_ROY_RANDOM_WITHIN_IDENTITY_V1,908ce1f927ae651f,f1f766602de37f10,PAIRING_V1
subj02,fold_0,val,A:R,vis2img,5,5,103,583,V2I_ROY_RANDOM_WITHIN_IDENTITY_V1,908ce1f927ae651f,f98dfdf96ce8687d,PAIRING_V1
subj02,fold_0,val,A:R,vis2img,44,44,136,616,V2I_ROY_RANDOM_WITHIN_IDENTITY_V1,908ce1f927ae651f,f98dfdf96ce8687d,PAIRING_V1
subj02,fold_0,val,A:V,vis2img,31,31,128,608,V2I_ROY_RANDOM_WITHIN_IDENTITY_V1,908ce1f927ae651f,176f71df02771765,PAIRING_V1
subj02,fold_0,val,A:V,vis2img,33,33,132,612,V2I_ROY_RANDOM_WITHIN_IDENTITY_V1,908ce1f927ae651f,176f71df02771765,PAIRING_V1
subj02,fold_0,val,B:B,vis2img,83,227,173,653,V2I_ROY_RANDOM_WITHIN_IDENTITY_V1,908ce1f927ae651f,5b512bb4bc957c6e,PAIRING_V1
subj02,fold_0,val,B:B,vis2img,85,229,179,659,V2I_ROY_RANDOM_WITHIN_IDENTITY_V1,908ce1f927ae651f,5b512bb4bc957c6e,PAIRING_V1
subj02,fold_0,val,B:C,vis2img,49,193,158,638,V2I_ROY_RANDOM_WITHIN_IDENTITY_V1,908ce1f927ae651f,6d31bb2bbfdaae64,PAIRING_V1
subj02,fold_0,val,B:C,vis2img,73,217,186,666,V2I_ROY_RANDOM_WITHIN_IDENTITY_V1,908ce1f927ae651f,6d31bb2bbfdaae64,PAIRING_V1
subj02,fold_0,val,B:D,vis2img,61,205,174,654,V2I_ROY_RANDOM_WITHIN_IDENTITY_V1,908ce1f927ae651f,6259b1db1b2fa3b3,PAIRING_V1
subj02,fold_0,val,B:D,vis2img,65,209,155,635,V2I_ROY_RANDOM_WITHIN_IDENTITY_V1,908ce1f927ae651f,6259b1db1b2fa3b3,PAIRING_V1
subj02,fold_0,val,B:K,vis2img,57,201,152,632,V2I_ROY_RANDOM_WITHIN_IDENTITY_V1,908ce1f927ae651f,1ecb9db03074cb8c,PAIRING_V1
subj02,fold_0,val,B:K,vis2img,84,228,154,634,V2I_ROY_RANDOM_WITHIN_IDENTITY_V1,908ce1f927ae651f,1ecb9db03074cb8c,PAIRING_V1
subj02,fold_0,val,B:T,vis2img,69,213,166,646,V2I_ROY_RANDOM_WITHIN_IDENTITY_V1,908ce1f927ae651f,cc98465697043a30,PAIRING_V1
subj02,fold_0,val,B:T,vis2img,80,224,147,627,V2I_ROY_RANDOM_WITHIN_IDENTITY_V1,908ce1f927ae651f,cc98465697043a30,PAIRING_V1
subj02,fold_0,val,B:W,vis2img,48,192,183,663,V2I_ROY_RANDOM_WITHIN_IDENTITY_V1,908ce1f927ae651f,f38abdc2df10bb11,PAIRING_V1
subj02,fold_0,val,B:W,vis2img,63,207,145,625,V2I_ROY_RANDOM_WITHIN_IDENTITY_V1,908ce1f927ae651f,f38abdc2df10bb11,PAIRING_V1
subj02,fold_0,test,A:E,vis2img,6,6,114,594,V2I_ROY_RANDOM_WITHIN_IDENTITY_V1,908ce1f927ae651f,0be5822eb4bb3a09,PAIRING_V1
subj02,fold_0,test,A:E,vis2img,23,23,138,618,V2I_ROY_RANDOM_WITHIN_IDENTITY_V1,908ce1f927ae651f,0be5822eb4bb3a09,PAIRING_V1
subj02,fold_0,test,A:H,vis2img,24,24,113,593,V2I_ROY_RANDOM_WITHIN_IDENTITY_V1,908ce1f927ae651f,1db0e1a8de1b8a23,PAIRING_V1
subj02,fold_0,test,A:H,vis2img,35,35,119,599,V2I_ROY_RANDOM_WITHIN_IDENTITY_V1,908ce1f927ae651f,1db0e1a8de1b8a23,PAIRING_V1
subj02,fold_0,test,A:L,vis2img,0,0,131,611,V2I_ROY_RANDOM_WITHIN_IDENTITY_V1,908ce1f927ae651f,3b289e46868ebdab,PAIRING_V1
subj02,fold_0,test,A:L,vis2img,4,4,110,590,V2I_ROY_RANDOM_WITHIN_IDENTITY_V1,908ce1f927ae651f,3b289e46868ebdab,PAIRING_V1
subj02,fold_0,test,A:P,vis2img,16,16,101,581,V2I_ROY_RANDOM_WITHIN_IDENTITY_V1,908ce1f927ae651f,94589acc0f100c30,PAIRING_V1
subj02,fold_0,test,A:P,vis2img,34,34,139,619,V2I_ROY_RANDOM_WITHIN_IDENTITY_V1,908ce1f927ae651f,94589acc0f100c30,PAIRING_V1
subj02,fold_0,test,A:R,vis2img,17,17,124,604,V2I_ROY_RANDOM_WITHIN_IDENTITY_V1,908ce1f927ae651f,0ac634f67be663c2,PAIRING_V1
subj02,fold_0,test,A:R,vis2img,46,46,108,588,V2I_ROY_RANDOM_WITHIN_IDENTITY_V1,908ce1f927ae651f,0ac634f67be663c2,PAIRING_V1
subj02,fold_0,test,A:V,vis2img,40,40,137,617,V2I_ROY_RANDOM_WITHIN_IDENTITY_V1,908ce1f927ae651f,d988aed2bdd3f7d8,PAIRING_V1
subj02,fold_0,test,A:V,vis2img,45,45,102,582,V2I_ROY_RANDOM_WITHIN_IDENTITY_V1,908ce1f927ae651f,d988aed2bdd3f7d8,PAIRING_V1
subj02,fold_0,test,B:B,vis2img,76,220,167,647,V2I_ROY_RANDOM_WITHIN_IDENTITY_V1,908ce1f927ae651f,efc91245333ae92e,PAIRING_V1
subj02,fold_0,test,B:B,vis2img,94,238,165,645,V2I_ROY_RANDOM_WITHIN_IDENTITY_V1,908ce1f927ae651f,efc91245333ae92e,PAIRING_V1
subj02,fold_0,test,B:C,vis2img,64,208,163,643,V2I_ROY_RANDOM_WITHIN_IDENTITY_V1,908ce1f927ae651f,f776bb150dc2a251,PAIRING_V1
subj02,fold_0,test,B:C,vis2img,86,230,172,652,V2I_ROY_RANDOM_WITHIN_IDENTITY_V1,908ce1f927ae651f,f776bb150dc2a251,PAIRING_V1
subj02,fold_0,test,B:D,vis2img,51,195,160,640,V2I_ROY_RANDOM_WITHIN_IDENTITY_V1,908ce1f927ae651f,d06db342dc2bf749,PAIRING_V1
subj02,fold_0,test,B:D,vis2img,54,198,157,637,V2I_ROY_RANDOM_WITHIN_IDENTITY_V1,908ce1f927ae651f,d06db342dc2bf749,PAIRING_V1
subj02,fold_0,test,B:K,vis2img,55,199,176,656,V2I_ROY_RANDOM_WITHIN_IDENTITY_V1,908ce1f927ae651f,8df71aff8382a2cf,PAIRING_V1
subj02,fold_0,test,B:K,vis2img,78,222,168,648,V2I_ROY_RANDOM_WITHIN_IDENTITY_V1,908ce1f927ae651f,8df71aff8382a2cf,PAIRING_V1
subj02,fold_0,test,B:T,vis2img,74,218,182,662,V2I_ROY_RANDOM_WITHIN_IDENTITY_V1,908ce1f927ae651f,ca3db91381bd880b,PAIRING_V1
subj02,fold_0,test,B:T,vis2img,88,232,180,660,V2I_ROY_RANDOM_WITHIN_IDENTITY_V1,908ce1f927ae651f,ca3db91381bd880b,PAIRING_V1
subj02,fold_0,test,B:W,vis2img,50,194,153,633,V2I_ROY_RANDOM_WITHIN_IDENTITY_V1,908ce1f927ae651f,47135a27876c78aa,PAIRING_V1
subj02,fold_0,test,B:W,vis2img,87,231,171,651,V2I_ROY_RANDOM_WITHIN_IDENTITY_V1,908ce1f927ae651f,47135a27876c78aa,PAIRING_V1
subj02,fold_1,train,A:E,vis2img,6,6,118,598,V2I_ROY_RANDOM_WITHIN_IDENTITY_V1,908ce1f927ae651f,28d6450132e0e951,PAIRING_V1
subj02,fold_1,train,A:E,vis2img,23,23,114,594,V2I_ROY_RANDOM_WITHIN_IDENTITY_V1,908ce1f927ae651f,28d6450132e0e951,PAIRING_V1
subj02,fold_1,train,A:E,vis2img,43,43,120,600,V2I_ROY_RANDOM_WITHIN_IDENTITY_V1,908ce1f927ae651f,28d6450132e0e951,PAIRING_V1
subj02,fold_1,train,A:E,vis2img,47,47,138,618,V2I_ROY_RANDOM_WITHIN_IDENTITY_V1,908ce1f927ae651f,28d6450132e0e951,PAIRING_V1
subj02,fold_1,train,A:H,vis2img,2,2,113,593,V2I_ROY_RANDOM_WITHIN_IDENTITY_V1,908ce1f927ae651f,5c23280b69f18858,PAIRING_V1
subj02,fold_1,train,A:H,vis2img,24,24,129,609,V2I_ROY_RANDOM_WITHIN_IDENTITY_V1,908ce1f927ae651f,5c23280b69f18858,PAIRING_V1
subj02,fold_1,train,A:H,vis2img,28,28,140,620,V2I_ROY_RANDOM_WITHIN_IDENTITY_V1,908ce1f927ae651f,5c23280b69f18858,PAIRING_V1
subj02,fold_1,train,A:H,vis2img,35,35,119,599,V2I_ROY_RANDOM_WITHIN_IDENTITY_V1,908ce1f927ae651f,5c23280b69f18858,PAIRING_V1
subj02,fold_1,train,A:L,vis2img,0,0,117,597,V2I_ROY_RANDOM_WITHIN_IDENTITY_V1,908ce1f927ae651f,b8e171af62418bcb,PAIRING_V1
subj02,fold_1,train,A:L,vis2img,4,4,131,611,V2I_ROY_RANDOM_WITHIN_IDENTITY_V1,908ce1f927ae651f,b8e171af62418bcb,PAIRING_V1
subj02,fold_1,train,A:L,vis2img,36,36,110,590,V2I_ROY_RANDOM_WITHIN_IDENTITY_V1,908ce1f927ae651f,b8e171af62418bcb,PAIRING_V1
subj02,fold_1,train,A:L,vis2img,42,42,135,615,V2I_ROY_RANDOM_WITHIN_IDENTITY_V1,908ce1f927ae651f,b8e171af62418bcb,PAIRING_V1
subj02,fold_1,train,A:P,vis2img,16,16,143,623,V2I_ROY_RANDOM_WITHIN_IDENTITY_V1,908ce1f927ae651f,081acf8ade226f71,PAIRING_V1
subj02,fold_1,train,A:P,vis2img,20,20,112,592,V2I_ROY_RANDOM_WITHIN_IDENTITY_V1,908ce1f927ae651f,081acf8ade226f71,PAIRING_V1
subj02,fold_1,train,A:P,vis2img,34,34,139,619,V2I_ROY_RANDOM_WITHIN_IDENTITY_V1,908ce1f927ae651f,081acf8ade226f71,PAIRING_V1
subj02,fold_1,train,A:P,vis2img,41,41,101,581,V2I_ROY_RANDOM_WITHIN_IDENTITY_V1,908ce1f927ae651f,081acf8ade226f71,PAIRING_V1
subj02,fold_1,train,A:R,vis2img,17,17,142,622,V2I_ROY_RANDOM_WITHIN_IDENTITY_V1,908ce1f927ae651f,79db85253c0b6dea,PAIRING_V1
subj02,fold_1,train,A:R,vis2img,25,25,133,613,V2I_ROY_RANDOM_WITHIN_IDENTITY_V1,908ce1f927ae651f,79db85253c0b6dea,PAIRING_V1
subj02,fold_1,train,A:R,vis2img,39,39,108,588,V2I_ROY_RANDOM_WITHIN_IDENTITY_V1,908ce1f927ae651f,79db85253c0b6dea,PAIRING_V1
subj02,fold_1,train,A:R,vis2img,46,46,124,604,V2I_ROY_RANDOM_WITHIN_IDENTITY_V1,908ce1f927ae651f,79db85253c0b6dea,PAIRING_V1
subj02,fold_1,train,A:V,vis2img,15,15,106,586,V2I_ROY_RANDOM_WITHIN_IDENTITY_V1,908ce1f927ae651f,a2e0a783bc2a889c,PAIRING_V1
subj02,fold_1,train,A:V,vis2img,19,19,137,617,V2I_ROY_RANDOM_WITHIN_IDENTITY_V1,908ce1f927ae651f,a2e0a783bc2a889c,PAIRING_V1
subj02,fold_1,train,A:V,vis2img,40,40,100,580,V2I_ROY_RANDOM_WITHIN_IDENTITY_V1,908ce1f927ae651f,a2e0a783bc2a889c,PAIRING_V1
subj02,fold_1,train,A:V,vis2img,45,45,102,582,V2I_ROY_RANDOM_WITHIN_IDENTITY_V1,908ce1f927ae651f,a2e0a783bc2a889c,PAIRING_V1
subj02,fold_1,train,B:B,vis2img,53,197,165,645,V2I_ROY_RANDOM_WITHIN_IDENTITY_V1,908ce1f927ae651f,096119ba29cf4ea6,PAIRING_V1
subj02,fold_1,train,B:B,vis2img,76,220,185,665,V2I_ROY_RANDOM_WITHIN_IDENTITY_V1,908ce1f927ae651f,096119ba29cf4ea6,PAIRING_V1
subj02,fold_1,train,B:B,vis2img,89,233,167,647,V2I_ROY_RANDOM_WITHIN_IDENTITY_V1,908ce1f927ae651f,096119ba29cf4ea6,PAIRING_V1
subj02,fold_1,train,B:B,vis2img,94,238,161,641,V2I_ROY_RANDOM_WITHIN_IDENTITY_V1,908ce1f927ae651f,096119ba29cf4ea6,PAIRING_V1
subj02,fold_1,train,B:C,vis2img,62,206,172,652,V2I_ROY_RANDOM_WITHIN_IDENTITY_V1,908ce1f927ae651f,a8f1fe9754d3423f,PAIRING_V1
subj02,fold_1,train,B:C,vis2img,64,208,146,626,V2I_ROY_RANDOM_WITHIN_IDENTITY_V1,908ce1f927ae651f,a8f1fe9754d3423f,PAIRING_V1
subj02,fold_1,train,B:C,vis2img,86,230,163,643,V2I_ROY_RANDOM_WITHIN_IDENTITY_V1,908ce1f927ae651f,a8f1fe9754d3423f,PAIRING_V1
subj02,fold_1,train,B:C,vis2img,90,234,148,628,V2I_ROY_RANDOM_WITHIN_IDENTITY_V1,908ce1f927ae651f,a8f1fe9754d3423f,PAIRING_V1
subj02,fold_1,train,B:D,vis2img,51,195,160,640,V2I_ROY_RANDOM_WITHIN_IDENTITY_V1,908ce1f927ae651f,5350f8d3b2fda791,PAIRING_V1
subj02,fold_1,train,B:D,vis2img,54,198,157,637,V2I_ROY_RANDOM_WITHIN_IDENTITY_V1,908ce1f927ae651f,5350f8d3b2fda791,PAIRING_V1
subj02,fold_1,train,B:D,vis2img,68,212,169,649,V2I_ROY_RANDOM_WITHIN_IDENTITY_V1,908ce1f927ae651f,5350f8d3b2fda791,PAIRING_V1
subj02,fold_1,train,B:D,vis2img,81,225,188,668,V2I_ROY_RANDOM_WITHIN_IDENTITY_V1,908ce1f927ae651f,5350f8d3b2fda791,PAIRING_V1
subj02,fold_1,train,B:K,vis2img,55,199,176,656,V2I_ROY_RANDOM_WITHIN_IDENTITY_V1,908ce1f927ae651f,c53609d06b97a4f9,PAIRING_V1
subj02,fold_1,train,B:K,vis2img,59,203,189,669,V2I_ROY_RANDOM_WITHIN_IDENTITY_V1,908ce1f927ae651f,c53609d06b97a4f9,PAIRING_V1
subj02,fold_1,train,B:K,vis2img,78,222,149,629,V2I_ROY_RANDOM_WITHIN_IDENTITY_V1,908ce1f927ae651f,c53609d06b97a4f9,PAIRING_V1
subj02,fold_1,train,B:K,vis2img,82,226,168,648,V2I_ROY_RANDOM_WITHIN_IDENTITY_V1,908ce1f927ae651f,c53609d06b97a4f9,PAIRING_V1
subj02,fold_1,train,B:T,vis2img,60,204,182,662,V2I_ROY_RANDOM_WITHIN_IDENTITY_V1,908ce1f927ae651f,61c3e03dfcfe6ecc,PAIRING_V1
subj02,fold_1,train,B:T,vis2img,74,218,170,650,V2I_ROY_RANDOM_WITHIN_IDENTITY_V1,908ce1f927ae651f,61c3e03dfcfe6ecc,PAIRING_V1
subj02,fold_1,train,B:T,vis2img,88,232,159,639,V2I_ROY_RANDOM_WITHIN_IDENTITY_V1,908ce1f927ae651f,61c3e03dfcfe6ecc,PAIRING_V1
subj02,fold_1,train,B:T,vis2img,95,239,180,660,V2I_ROY_RANDOM_WITHIN_IDENTITY_V1,908ce1f927ae651f,61c3e03dfcfe6ecc,PAIRING_V1
subj02,fold_1,train,B:W,vis2img,50,194,164,644,V2I_ROY_RANDOM_WITHIN_IDENTITY_V1,908ce1f927ae651f,0ea4a37ec0375ed6,PAIRING_V1
subj02,fold_1,train,B:W,vis2img,72,216,175,655,V2I_ROY_RANDOM_WITHIN_IDENTITY_V1,908ce1f927ae651f,0ea4a37ec0375ed6,PAIRING_V1
subj02,fold_1,train,B:W,vis2img,77,221,153,633,V2I_ROY_RANDOM_WITHIN_IDENTITY_V1,908ce1f927ae651f,0ea4a37ec0375ed6,PAIRING_V1
subj02,fold_1,train,B:W,vis2img,87,231,171,651,V2I_ROY_RANDOM_WITHIN_IDENTITY_V1,908ce1f927ae651f,0ea4a37ec0375ed6,PAIRING_V1
subj02,fold_1,val,A:E,vis2img,9,9,123,603,V2I_ROY_RANDOM_WITHIN_IDENTITY_V1,908ce1f927ae651f,4e4439f428ceaa06,PAIRING_V1
subj02,fold_1,val,A:E,vis2img,38,38,107,587,V2I_ROY_RANDOM_WITHIN_IDENTITY_V1,908ce1f927ae651f,4e4439f428ceaa06,PAIRING_V1
subj02,fold_1,val,A:H,vis2img,18,18,104,584,V2I_ROY_RANDOM_WITHIN_IDENTITY_V1,908ce1f927ae651f,96a89f905ae01347,PAIRING_V1
subj02,fold_1,val,A:H,vis2img,21,21,121,601,V2I_ROY_RANDOM_WITHIN_IDENTITY_V1,908ce1f927ae651f,96a89f905ae01347,PAIRING_V1
subj02,fold_1,val,A:L,vis2img,7,7,115,595,V2I_ROY_RANDOM_WITHIN_IDENTITY_V1,908ce1f927ae651f,fe8c5cdc8d9b456d,PAIRING_V1
subj02,fold_1,val,A:L,vis2img,29,29,99,579,V2I_ROY_RANDOM_WITHIN_IDENTITY_V1,908ce1f927ae651f,fe8c5cdc8d9b456d,PAIRING_V1
subj02,fold_1,val,A:P,vis2img,11,11,141,621,V2I_ROY_RANDOM_WITHIN_IDENTITY_V1,908ce1f927ae651f,d8759b69c93bc354,PAIRING_V1
subj02,fold_1,val,A:P,vis2img,37,37,122,602,V2I_ROY_RANDOM_WITHIN_IDENTITY_V1,908ce1f927ae651f,d8759b69c93bc354,PAIRING_V1
subj02,fold_1,val,A:R,vis2img,5,5,103,583,V2I_ROY_RANDOM_WITHIN_IDENTITY_V1,908ce1f927ae651f,8d01016de6df2606,PAIRING_V1
subj02,fold_1,val,A:R,vis2img,44,44,136,616,V2I_ROY_RANDOM_WITHIN_IDENTITY_V1,908ce1f927ae651f,8d01016de6df2606,PAIRING_V1
subj02,fold_1,val,A:V,vis2img,31,31,128,608,V2I_ROY_RANDOM_WITHIN_IDENTITY_V1,908ce1f927ae651f,7e6621cf1f000050,PAIRING_V1
subj02,fold_1,val,A:V,vis2img,33,33,132,612,V2I_ROY_RANDOM_WITHIN_IDENTITY_V1,908ce1f927ae651f,7e6621cf1f000050,PAIRING_V1
subj02,fold_1,val,B:B,vis2img,83,227,173,653,V2I_ROY_RANDOM_WITHIN_IDENTITY_V1,908ce1f927ae651f,ea0f3a909340c401,PAIRING_V1
subj02,fold_1,val,B:B,vis2img,85,229,179,659,V2I_ROY_RANDOM_WITHIN_IDENTITY_V1,908ce1f927ae651f,ea0f3a909340c401,PAIRING_V1
subj02,fold_1,val,B:C,vis2img,49,193,158,638,V2I_ROY_RANDOM_WITHIN_IDENTITY_V1,908ce1f927ae651f,c15657991a335628,PAIRING_V1
subj02,fold_1,val,B:C,vis2img,73,217,186,666,V2I_ROY_RANDOM_WITHIN_IDENTITY_V1,908ce1f927ae651f,c15657991a335628,PAIRING_V1
subj02,fold_1,val,B:D,vis2img,61,205,174,654,V2I_ROY_RANDOM_WITHIN_IDENTITY_V1,908ce1f927ae651f,a9ec37da7d1cf7c8,PAIRING_V1
subj02,fold_1,val,B:D,vis2img,65,209,155,635,V2I_ROY_RANDOM_WITHIN_IDENTITY_V1,908ce1f927ae651f,a9ec37da7d1cf7c8,PAIRING_V1
subj02,fold_1,val,B:K,vis2img,57,201,154,634,V2I_ROY_RANDOM_WITHIN_IDENTITY_V1,908ce1f927ae651f,b2d1aec635c58c0c,PAIRING_V1
subj02,fold_1,val,B:K,vis2img,84,228,152,632,V2I_ROY_RANDOM_WITHIN_IDENTITY_V1,908ce1f927ae651f,b2d1aec635c58c0c,PAIRING_V1
subj02,fold_1,val,B:T,vis2img,69,213,166,646,V2I_ROY_RANDOM_WITHIN_IDENTITY_V1,908ce1f927ae651f,ef5b2128b79b8e92,PAIRING_V1
subj02,fold_1,val,B:T,vis2img,80,224,147,627,V2I_ROY_RANDOM_WITHIN_IDENTITY_V1,908ce1f927ae651f,ef5b2128b79b8e92,PAIRING_V1
subj02,fold_1,val,B:W,vis2img,48,192,145,625,V2I_ROY_RANDOM_WITHIN_IDENTITY_V1,908ce1f927ae651f,07b6fa65e8de026e,PAIRING_V1
subj02,fold_1,val,B:W,vis2img,63,207,183,663,V2I_ROY_RANDOM_WITHIN_IDENTITY_V1,908ce1f927ae651f,07b6fa65e8de026e,PAIRING_V1
subj02,fold_1,test,A:E,vis2img,26,26,116,596,V2I_ROY_RANDOM_WITHIN_IDENTITY_V1,908ce1f927ae651f,1da3eb80c7946478,PAIRING_V1
subj02,fold_1,test,A:E,vis2img,32,32,111,591,V2I_ROY_RANDOM_WITHIN_IDENTITY_V1,908ce1f927ae651f,1da3eb80c7946478,PAIRING_V1
subj02,fold_1,test,A:H,vis2img,10,10,125,605,V2I_ROY_RANDOM_WITHIN_IDENTITY_V1,908ce1f927ae651f,cc14b23ba108f4d9,PAIRING_V1
subj02,fold_1,test,A:H,vis2img,14,14,134,614,V2I_ROY_RANDOM_WITHIN_IDENTITY_V1,908ce1f927ae651f,cc14b23ba108f4d9,PAIRING_V1
subj02,fold_1,test,A:L,vis2img,12,12,96,576,V2I_ROY_RANDOM_WITHIN_IDENTITY_V1,908ce1f927ae651f,9339de0dc360e00d,PAIRING_V1
subj02,fold_1,test,A:L,vis2img,27,27,126,606,V2I_ROY_RANDOM_WITHIN_IDENTITY_V1,908ce1f927ae651f,9339de0dc360e00d,PAIRING_V1
subj02,fold_1,test,A:P,vis2img,8,8,127,607,V2I_ROY_RANDOM_WITHIN_IDENTITY_V1,908ce1f927ae651f,40f25fb28b5e3cd0,PAIRING_V1
subj02,fold_1,test,A:P,vis2img,13,13,130,610,V2I_ROY_RANDOM_WITHIN_IDENTITY_V1,908ce1f927ae651f,40f25fb28b5e3cd0,PAIRING_V1
subj02,fold_1,test,A:R,vis2img,22,22,105,585,V2I_ROY_RANDOM_WITHIN_IDENTITY_V1,908ce1f927ae651f,0d189b034ddafafa,PAIRING_V1
subj02,fold_1,test,A:R,vis2img,30,30,98,578,V2I_ROY_RANDOM_WITHIN_IDENTITY_V1,908ce1f927ae651f,0d189b034ddafafa,PAIRING_V1
subj02,fold_1,test,A:V,vis2img,1,1,97,577,V2I_ROY_RANDOM_WITHIN_IDENTITY_V1,908ce1f927ae651f,8fbf3011c598553b,PAIRING_V1
subj02,fold_1,test,A:V,vis2img,3,3,109,589,V2I_ROY_RANDOM_WITHIN_IDENTITY_V1,908ce1f927ae651f,8fbf3011c598553b,PAIRING_V1
subj02,fold_1,test,B:B,vis2img,66,210,144,624,V2I_ROY_RANDOM_WITHIN_IDENTITY_V1,908ce1f927ae651f,6bcb1cbbdbd55d29,PAIRING_V1
subj02,fold_1,test,B:B,vis2img,79,223,191,671,V2I_ROY_RANDOM_WITHIN_IDENTITY_V1,908ce1f927ae651f,6bcb1cbbdbd55d29,PAIRING_V1
subj02,fold_1,test,B:C,vis2img,58,202,156,636,V2I_ROY_RANDOM_WITHIN_IDENTITY_V1,908ce1f927ae651f,1ac21774575762cd,PAIRING_V1
subj02,fold_1,test,B:C,vis2img,71,215,151,631,V2I_ROY_RANDOM_WITHIN_IDENTITY_V1,908ce1f927ae651f,1ac21774575762cd,PAIRING_V1
subj02,fold_1,test,B:D,vis2img,70,214,150,630,V2I_ROY_RANDOM_WITHIN_IDENTITY_V1,908ce1f927ae651f,1ccf49265989741f,PAIRING_V1
subj02,fold_1,test,B:D,vis2img,93,237,184,664,V2I_ROY_RANDOM_WITHIN_IDENTITY_V1,908ce1f927ae651f,1ccf49265989741f,PAIRING_V1
subj02,fold_1,test,B:K,vis2img,67,211,178,658,V2I_ROY_RANDOM_WITHIN_IDENTITY_V1,908ce1f927ae651f,8077e2782d1edc75,PAIRING_V1
subj02,fold_1,test,B:K,vis2img,91,235,187,667,V2I_ROY_RANDOM_WITHIN_IDENTITY_V1,908ce1f927ae651f,8077e2782d1edc75,PAIRING_V1
subj02,fold_1,test,B:T,vis2img,52,196,190,670,V2I_ROY_RANDOM_WITHIN_IDENTITY_V1,908ce1f927ae651f,4ff0358c62dd2c08,PAIRING_V1
subj02,fold_1,test,B:T,vis2img,92,236,162,642,V2I_ROY_RANDOM_WITHIN_IDENTITY_V1,908ce1f927ae651f,4ff0358c62dd2c08,PAIRING_V1
subj02,fold_1,test,B:W,vis2img,56,200,177,657,V2I_ROY_RANDOM_WITHIN_IDENTITY_V1,908ce1f927ae651f,edfbbc3b27f71c41,PAIRING_V1
subj02,fold_1,test,B:W,vis2img,75,219,181,661,V2I_ROY_RANDOM_WITHIN_IDENTITY_V1,908ce1f927ae651f,edfbbc3b27f71c41,PAIRING_V1
subj02,fold_2,train,A:E,vis2img,6,6,111,591,V2I_ROY_RANDOM_WITHIN_IDENTITY_V1,908ce1f927ae651f,c6aaf8158e707c32,PAIRING_V1
subj02,fold_2,train,A:E,vis2img,23,23,114,594,V2I_ROY_RANDOM_WITHIN_IDENTITY_V1,908ce1f927ae651f,c6aaf8158e707c32,PAIRING_V1
subj02,fold_2,train,A:E,vis2img,26,26,116,596,V2I_ROY_RANDOM_WITHIN_IDENTITY_V1,908ce1f927ae651f,c6aaf8158e707c32,PAIRING_V1
subj02,fold_2,train,A:E,vis2img,32,32,138,618,V2I_ROY_RANDOM_WITHIN_IDENTITY_V1,908ce1f927ae651f,c6aaf8158e707c32,PAIRING_V1
subj02,fold_2,train,A:H,vis2img,10,10,125,605,V2I_ROY_RANDOM_WITHIN_IDENTITY_V1,908ce1f927ae651f,d94f8885f37577b4,PAIRING_V1
subj02,fold_2,train,A:H,vis2img,14,14,113,593,V2I_ROY_RANDOM_WITHIN_IDENTITY_V1,908ce1f927ae651f,d94f8885f37577b4,PAIRING_V1
subj02,fold_2,train,A:H,vis2img,24,24,119,599,V2I_ROY_RANDOM_WITHIN_IDENTITY_V1,908ce1f927ae651f,d94f8885f37577b4,PAIRING_V1
subj02,fold_2,train,A:H,vis2img,35,35,134,614,V2I_ROY_RANDOM_WITHIN_IDENTITY_V1,908ce1f927ae651f,d94f8885f37577b4,PAIRING_V1
subj02,fold_2,train,A:L,vis2img,0,0,131,611,V2I_ROY_RANDOM_WITHIN_IDENTITY_V1,908ce1f927ae651f,12c16f344cb35aae,PAIRING_V1
subj02,fold_2,train,A:L,vis2img,4,4,96,576,V2I_ROY_RANDOM_WITHIN_IDENTITY_V1,908ce1f927ae651f,12c16f344cb35aae,PAIRING_V1
subj02,fold_2,train,A:L,vis2img,12,12,126,606,V2I_ROY_RANDOM_WITHIN_IDENTITY_V1,908ce1f927ae651f,12c16f344cb35aae,PAIRING_V1
subj02,fold_2,train,A:L,vis2img,27,27,110,590,V2I_ROY_RANDOM_WITHIN_IDENTITY_V1,908ce1f927ae651f,12c16f344cb35aae,PAIRING_V1
subj02,fold_2,train,A:P,vis2img,8,8,130,610,V2I_ROY_RANDOM_WITHIN_IDENTITY_V1,908ce1f927ae651f,9394a046af2ea519,PAIRING_V1
subj02,fold_2,train,A:P,vis2img,13,13,127,607,V2I_ROY_RANDOM_WITHIN_IDENTITY_V1,908ce1f927ae651f,9394a046af2ea519,PAIRING_V1
subj02,fold_2,train,A:P,vis2img,16,16,101,581,V2I_ROY_RANDOM_WITHIN_IDENTITY_V1,908ce1f927ae651f,9394a046af2ea519,PAIRING_V1
subj02,fold_2,train,A:P,vis2img,34,34,139,619,V2I_ROY_RANDOM_WITHIN_IDENTITY_V1,908ce1f927ae651f,9394a046af2ea519,PAIRING_V1
subj02,fold_2,train,A:R,vis2img,17,17,105,585,V2I_ROY_RANDOM_WITHIN_IDENTITY_V1,908ce1f927ae651f,e7dd683b0bdaba4d,PAIRING_V1
subj02,fold_2,train,A:R,vis2img,22,22,108,588,V2I_ROY_RANDOM_WITHIN_IDENTITY_V1,908ce1f927ae651f,e7dd683b0bdaba4d,PAIRING_V1
subj02,fold_2,train,A:R,vis2img,30,30,124,604,V2I_ROY_RANDOM_WITHIN_IDENTITY_V1,908ce1f927ae651f,e7dd683b0bdaba4d,PAIRING_V1
subj02,fold_2,train,A:R,vis2img,46,46,98,578,V2I_ROY_RANDOM_WITHIN_IDENTITY_V1,908ce1f927ae651f,e7dd683b0bdaba4d,PAIRING_V1
subj02,fold_2,train,A:V,vis2img,1,1,137,617,V2I_ROY_RANDOM_WITHIN_IDENTITY_V1,908ce1f927ae651f,98a6574d6f598c16,PAIRING_V1
subj02,fold_2,train,A:V,vis2img,3,3,102,582,V2I_ROY_RANDOM_WITHIN_IDENTITY_V1,908ce1f927ae651f,98a6574d6f598c16,PAIRING_V1
subj02,fold_2,train,A:V,vis2img,40,40,97,577,V2I_ROY_RANDOM_WITHIN_IDENTITY_V1,908ce1f927ae651f,98a6574d6f598c16,PAIRING_V1
subj02,fold_2,train,A:V,vis2img,45,45,109,589,V2I_ROY_RANDOM_WITHIN_IDENTITY_V1,908ce1f927ae651f,98a6574d6f598c16,PAIRING_V1
subj02,fold_2,train,B:B,vis2img,66,210,191,671,V2I_ROY_RANDOM_WITHIN_IDENTITY_V1,908ce1f927ae651f,f23313412d976ab5,PAIRING_V1
subj02,fold_2,train,B:B,vis2img,76,220,144,624,V2I_ROY_RANDOM_WITHIN_IDENTITY_V1,908ce1f927ae651f,f23313412d976ab5,PAIRING_V1
subj02,fold_2,train,B:B,vis2img,79,223,167,647,V2I_ROY_RANDOM_WITHIN_IDENTITY_V1,908ce1f927ae651f,f23313412d976ab5,PAIRING_V1
subj02,fold_2,train,B:B,vis2img,94,238,165,645,V2I_ROY_RANDOM_WITHIN_IDENTITY_V1,908ce1f927ae651f,f23313412d976ab5,PAIRING_V1
subj02,fold_2,train,B:C,vis2img,58,202,172,652,V2I_ROY_RANDOM_WITHIN_IDENTITY_V1,908ce1f927ae651f,f1e1bc733f81f93f,PAIRING_V1
subj02,fold_2,train,B:C,vis2img,64,208,156,636,V2I_ROY_RANDOM_WITHIN_IDENTITY_V1,908ce1f927ae651f,f1e1bc733f81f93f,PAIRING_V1
subj02,fold_2,train,B:C,vis2img,71,215,163,643,V2I_ROY_RANDOM_WITHIN_IDENTITY_V1,908ce1f927ae651f,f1e1bc733f81f93f,PAIRING_V1
subj02,fold_2,train,B:C,vis2img,86,230,151,631,V2I_ROY_RANDOM_WITHIN_IDENTITY_V1,908ce1f927ae651f,f1e1bc733f81f93f,PAIRING_V1
subj02,fold_2,train,B:D,vis2img,51,195,160,640,V2I_ROY_RANDOM_WITHIN_IDENTITY_V1,908ce1f927ae651f,08ea66434ff77d82,PAIRING_V1
subj02,fold_2,train,B:D,vis2img,54,198,184,664,V2I_ROY_RANDOM_WITHIN_IDENTITY_V1,908ce1f927ae651f,08ea66434ff77d82,PAIRING_V1
subj02,fold_2,train,B:D,vis2img,70,214,157,637,V2I_ROY_RANDOM_WITHIN_IDENTITY_V1,908ce1f927ae651f,08ea66434ff77d82,PAIRING_V1
subj02,fold_2,train,B:D,vis2img,93,237,150,630,V2I_ROY_RANDOM_WITHIN_IDENTITY_V1,908ce1f927ae651f,08ea66434ff77d82,PAIRING_V1
subj02,fold_2,train,B:K,vis2img,55,199,176,656,V2I_ROY_RANDOM_WITHIN_IDENTITY_V1,908ce1f927ae651f,9f6f5a7438a40024,PAIRING_V1
subj02,fold_2,train,B:K,vis2img,67,211,178,658,V2I_ROY_RANDOM_WITHIN_IDENTITY_V1,908ce1f927ae651f,9f6f5a7438a40024,PAIRING_V1
subj02,fold_2,train,B:K,vis2img,78,222,168,648,V2I_ROY_RANDOM_WITHIN_IDENTITY_V1,908ce1f927ae651f,9f6f5a7438a40024,PAIRING_V1
subj02,fold_2,train,B:K,vis2img,91,235,187,667,V2I_ROY_RANDOM_WITHIN_IDENTITY_V1,908ce1f927ae651f,9f6f5a7438a40024,PAIRING_V1
subj02,fold_2,train,B:T,vis2img,52,196,182,662,V2I_ROY_RANDOM_WITHIN_IDENTITY_V1,908ce1f927ae651f,e5efe60b5b40a779,PAIRING_V1
subj02,fold_2,train,B:T,vis2img,74,218,162,642,V2I_ROY_RANDOM_WITHIN_IDENTITY_V1,908ce1f927ae651f,e5efe60b5b40a779,PAIRING_V1
subj02,fold_2,train,B:T,vis2img,88,232,190,670,V2I_ROY_RANDOM_WITHIN_IDENTITY_V1,908ce1f927ae651f,e5efe60b5b40a779,PAIRING_V1
subj02,fold_2,train,B:T,vis2img,92,236,180,660,V2I_ROY_RANDOM_WITHIN_IDENTITY_V1,908ce1f927ae651f,e5efe60b5b40a779,PAIRING_V1
subj02,fold_2,train,B:W,vis2img,50,194,181,661,V2I_ROY_RANDOM_WITHIN_IDENTITY_V1,908ce1f927ae651f,1e511bdc58701a2c,PAIRING_V1
subj02,fold_2,train,B:W,vis2img,56,200,177,657,V2I_ROY_RANDOM_WITHIN_IDENTITY_V1,908ce1f927ae651f,1e511bdc58701a2c,PAIRING_V1
subj02,fold_2,train,B:W,vis2img,75,219,171,651,V2I_ROY_RANDOM_WITHIN_IDENTITY_V1,908ce1f927ae651f,1e511bdc58701a2c,PAIRING_V1
subj02,fold_2,train,B:W,vis2img,87,231,153,633,V2I_ROY_RANDOM_WITHIN_IDENTITY_V1,908ce1f927ae651f,1e511bdc58701a2c,PAIRING_V1
subj02,fold_2,val,A:E,vis2img,9,9,107,587,V2I_ROY_RANDOM_WITHIN_IDENTITY_V1,908ce1f927ae651f,71745b4db2507d37,PAIRING_V1
subj02,fold_2,val,A:E,vis2img,38,38,123,603,V2I_ROY_RANDOM_WITHIN_IDENTITY_V1,908ce1f927ae651f,71745b4db2507d37,PAIRING_V1
subj02,fold_2,val,A:H,vis2img,18,18,121,601,V2I_ROY_RANDOM_WITHIN_IDENTITY_V1,908ce1f927ae651f,8f0d8035d224112a,PAIRING_V1
subj02,fold_2,val,A:H,vis2img,21,21,104,584,V2I_ROY_RANDOM_WITHIN_IDENTITY_V1,908ce1f927ae651f,8f0d8035d224112a,PAIRING_V1
subj02,fold_2,val,A:L,vis2img,7,7,99,579,V2I_ROY_RANDOM_WITHIN_IDENTITY_V1,908ce1f927ae651f,096bbcfd311451c1,PAIRING_V1
subj02,fold_2,val,A:L,vis2img,29,29,115,595,V2I_ROY_RANDOM_WITHIN_IDENTITY_V1,908ce1f927ae651f,096bbcfd311451c1,PAIRING_V1
subj02,fold_2,val,A:P,vis2img,11,11,122,602,V2I_ROY_RANDOM_WITHIN_IDENTITY_V1,908ce1f927ae651f,4e88e8a5d4e3d69e,PAIRING_V1
subj02,fold_2,val,A:P,vis2img,37,37,141,621,V2I_ROY_RANDOM_WITHIN_IDENTITY_V1,908ce1f927ae651f,4e88e8a5d4e3d69e,PAIRING_V1
subj02,fold_2,val,A:R,vis2img,5,5,103,583,V2I_ROY_RANDOM_WITHIN_IDENTITY_V1,908ce1f927ae651f,5fcd083037a677dc,PAIRING_V1
subj02,fold_2,val,A:R,vis2img,44,44,136,616,V2I_ROY_RANDOM_WITHIN_IDENTITY_V1,908ce1f927ae651f,5fcd083037a677dc,PAIRING_V1
subj02,fold_2,val,A:V,vis2img,31,31,128,608,V2I_ROY_RANDOM_WITHIN_IDENTITY_V1,908ce1f927ae651f,ecd0083e33d07ac6,PAIRING_V1
subj02,fold_2,val,A:V,vis2img,33,33,132,612,V2I_ROY_RANDOM_WITHIN_IDENTITY_V1,908ce1f927ae651f,ecd0083e33d07ac6,PAIRING_V1
subj02,fold_2,val,B:B,vis2img,83,227,173,653,V2I_ROY_RANDOM_WITHIN_IDENTITY_V1,908ce1f927ae651f,f302017b6f699b55,PAIRING_V1
subj02,fold_2,val,B:B,vis2img,85,229,179,659,V2I_ROY_RANDOM_WITHIN_IDENTITY_V1,908ce1f927ae651f,f302017b6f699b55,PAIRING_V1
subj02,fold_2,val,B:C,vis2img,49,193,158,638,V2I_ROY_RANDOM_WITHIN_IDENTITY_V1,908ce1f927ae651f,2b79a6494317922c,PAIRING_V1
subj02,fold_2,val,B:C,vis2img,73,217,186,666,V2I_ROY_RANDOM_WITHIN_IDENTITY_V1,908ce1f927ae651f,2b79a6494317922c,PAIRING_V1
subj02,fold_2,val,B:D,vis2img,61,205,155,635,V2I_ROY_RANDOM_WITHIN_IDENTITY_V1,908ce1f927ae651f,4982aac5fe18d4cb,PAIRING_V1
subj02,fold_2,val,B:D,vis2img,65,209,174,654,V2I_ROY_RANDOM_WITHIN_IDENTITY_V1,908ce1f927ae651f,4982aac5fe18d4cb,PAIRING_V1
subj02,fold_2,val,B:K,vis2img,57,201,152,632,V2I_ROY_RANDOM_WITHIN_IDENTITY_V1,908ce1f927ae651f,f648f1bf4b2f90fb,PAIRING_V1
subj02,fold_2,val,B:K,vis2img,84,228,154,634,V2I_ROY_RANDOM_WITHIN_IDENTITY_V1,908ce1f927ae651f,f648f1bf4b2f90fb,PAIRING_V1
subj02,fold_2,val,B:T,vis2img,69,213,147,627,V2I_ROY_RANDOM_WITHIN_IDENTITY_V1,908ce1f927ae651f,b0793d930fde32a2,PAIRING_V1
subj02,fold_2,val,B:T,vis2img,80,224,166,646,V2I_ROY_RANDOM_WITHIN_IDENTITY_V1,908ce1f927ae651f,b0793d930fde32a2,PAIRING_V1
subj02,fold_2,val,B:W,vis2img,48,192,183,663,V2I_ROY_RANDOM_WITHIN_IDENTITY_V1,908ce1f927ae651f,4d837b24a69565d2,PAIRING_V1
subj02,fold_2,val,B:W,vis2img,63,207,145,625,V2I_ROY_RANDOM_WITHIN_IDENTITY_V1,908ce1f927ae651f,4d837b24a69565d2,PAIRING_V1
subj02,fold_2,test,A:E,vis2img,43,43,118,598,V2I_ROY_RANDOM_WITHIN_IDENTITY_V1,908ce1f927ae651f,4451dd83c3c5f3d2,PAIRING_V1
subj02,fold_2,test,A:E,vis2img,47,47,120,600,V2I_ROY_RANDOM_WITHIN_IDENTITY_V1,908ce1f927ae651f,4451dd83c3c5f3d2,PAIRING_V1
subj02,fold_2,test,A:H,vis2img,2,2,129,609,V2I_ROY_RANDOM_WITHIN_IDENTITY_V1,908ce1f927ae651f,2c3800c1a6b0e4ee,PAIRING_V1
subj02,fold_2,test,A:H,vis2img,28,28,140,620,V2I_ROY_RANDOM_WITHIN_IDENTITY_V1,908ce1f927ae651f,2c3800c1a6b0e4ee,PAIRING_V1
subj02,fold_2,test,A:L,vis2img,36,36,117,597,V2I_ROY_RANDOM_WITHIN_IDENTITY_V1,908ce1f927ae651f,44c3702693a2843c,PAIRING_V1
subj02,fold_2,test,A:L,vis2img,42,42,135,615,V2I_ROY_RANDOM_WITHIN_IDENTITY_V1,908ce1f927ae651f,44c3702693a2843c,PAIRING_V1
subj02,fold_2,test,A:P,vis2img,20,20,112,592,V2I_ROY_RANDOM_WITHIN_IDENTITY_V1,908ce1f927ae651f,c1aa5af98d7d4de5,PAIRING_V1
subj02,fold_2,test,A:P,vis2img,41,41,143,623,V2I_ROY_RANDOM_WITHIN_IDENTITY_V1,908ce1f927ae651f,c1aa5af98d7d4de5,PAIRING_V1
subj02,fold_2,test,A:R,vis2img,25,25,133,613,V2I_ROY_RANDOM_WITHIN_IDENTITY_V1,908ce1f927ae651f,fe6d5e1c50208697,PAIRING_V1
subj02,fold_2,test,A:R,vis2img,39,39,142,622,V2I_ROY_RANDOM_WITHIN_IDENTITY_V1,908ce1f927ae651f,fe6d5e1c50208697,PAIRING_V1
subj02,fold_2,test,A:V,vis2img,15,15,100,580,V2I_ROY_RANDOM_WITHIN_IDENTITY_V1,908ce1f927ae651f,a32d0ccbbea7142a,PAIRING_V1
subj02,fold_2,test,A:V,vis2img,19,19,106,586,V2I_ROY_RANDOM_WITHIN_IDENTITY_V1,908ce1f927ae651f,a32d0ccbbea7142a,PAIRING_V1
subj02,fold_2,test,B:B,vis2img,53,197,185,665,V2I_ROY_RANDOM_WITHIN_IDENTITY_V1,908ce1f927ae651f,a6bca8b372162493,PAIRING_V1
subj02,fold_2,test,B:B,vis2img,89,233,161,641,V2I_ROY_RANDOM_WITHIN_IDENTITY_V1,908ce1f927ae651f,a6bca8b372162493,PAIRING_V1
subj02,fold_2,test,B:C,vis2img,62,206,146,626,V2I_ROY_RANDOM_WITHIN_IDENTITY_V1,908ce1f927ae651f,74fcd6ef1c423a32,PAIRING_V1
subj02,fold_2,test,B:C,vis2img,90,234,148,628,V2I_ROY_RANDOM_WITHIN_IDENTITY_V1,908ce1f927ae651f,74fcd6ef1c423a32,PAIRING_V1
subj02,fold_2,test,B:D,vis2img,68,212,169,649,V2I_ROY_RANDOM_WITHIN_IDENTITY_V1,908ce1f927ae651f,9f2718c51455f3df,PAIRING_V1
subj02,fold_2,test,B:D,vis2img,81,225,188,668,V2I_ROY_RANDOM_WITHIN_IDENTITY_V1,908ce1f927ae651f,9f2718c51455f3df,PAIRING_V1
subj02,fold_2,test,B:K,vis2img,59,203,149,629,V2I_ROY_RANDOM_WITHIN_IDENTITY_V1,908ce1f927ae651f,3d1f1bf4945897f1,PAIRING_V1
subj02,fold_2,test,B:K,vis2img,82,226,189,669,V2I_ROY_RANDOM_WITHIN_IDENTITY_V1,908ce1f927ae651f,3d1f1bf4945897f1,PAIRING_V1
subj02,fold_2,test,B:T,vis2img,60,204,170,650,V2I_ROY_RANDOM_WITHIN_IDENTITY_V1,908ce1f927ae651f,5f5731e3dc16fdff,PAIRING_V1
subj02,fold_2,test,B:T,vis2img,95,239,159,639,V2I_ROY_RANDOM_WITHIN_IDENTITY_V1,908ce1f927ae651f,5f5731e3dc16fdff,PAIRING_V1
subj02,fold_2,test,B:W,vis2img,72,216,175,655,V2I_ROY_RANDOM_WITHIN_IDENTITY_V1,908ce1f927ae651f,734818d3bb5f9107,PAIRING_V1
subj02,fold_2,test,B:W,vis2img,77,221,164,644,V2I_ROY_RANDOM_WITHIN_IDENTITY_V1,908ce1f927ae651f,734818d3bb5f9107,PAIRING_V1
subj02,fold_3,train,A:E,vis2img,6,6,138,618,V2I_ROY_RANDOM_WITHIN_IDENTITY_V1,908ce1f927ae651f,01d2e12a3a714757,PAIRING_V1
subj02,fold_3,train,A:E,vis2img,23,23,114,594,V2I_ROY_RANDOM_WITHIN_IDENTITY_V1,908ce1f927ae651f,01d2e12a3a714757,PAIRING_V1
subj02,fold_3,train,A:E,vis2img,26,26,111,591,V2I_ROY_RANDOM_WITHIN_IDENTITY_V1,908ce1f927ae651f,01d2e12a3a714757,PAIRING_V1
subj02,fold_3,train,A:E,vis2img,32,32,116,596,V2I_ROY_RANDOM_WITHIN_IDENTITY_V1,908ce1f927ae651f,01d2e12a3a714757,PAIRING_V1
subj02,fold_3,train,A:H,vis2img,10,10,113,593,V2I_ROY_RANDOM_WITHIN_IDENTITY_V1,908ce1f927ae651f,308efcfcfde48fbe,PAIRING_V1
subj02,fold_3,train,A:H,vis2img,14,14,119,599,V2I_ROY_RANDOM_WITHIN_IDENTITY_V1,908ce1f927ae651f,308efcfcfde48fbe,PAIRING_V1
subj02,fold_3,train,A:H,vis2img,24,24,134,614,V2I_ROY_RANDOM_WITHIN_IDENTITY_V1,908ce1f927ae651f,308efcfcfde48fbe,PAIRING_V1
subj02,fold_3,train,A:H,vis2img,35,35,125,605,V2I_ROY_RANDOM_WITHIN_IDENTITY_V1,908ce1f927ae651f,308efcfcfde48fbe,PAIRING_V1
subj02,fold_3,train,A:L,vis2img,0,0,126,606,V2I_ROY_RANDOM_WITHIN_IDENTITY_V1,908ce1f927ae651f,11a71a0b94db5bad,PAIRING_V1
subj02,fold_3,train,A:L,vis2img,4,4,131,611,V2I_ROY_RANDOM_WITHIN_IDENTITY_V1,908ce1f927ae651f,11a71a0b94db5bad,PAIRING_V1
subj02,fold_3,train,A:L,vis2img,12,12,96,576,V2I_ROY_RANDOM_WITHIN_IDENTITY_V1,908ce1f927ae651f,11a71a0b94db5bad,PAIRING_V1
subj02,fold_3,train,A:L,vis2img,27,27,110,590,V2I_ROY_RANDOM_WITHIN_IDENTITY_V1,908ce1f927ae651f,11a71a0b94db5bad,PAIRING_V1
subj02,fold_3,train,A:P,vis2img,8,8,139,619,V2I_ROY_RANDOM_WITHIN_IDENTITY_V1,908ce1f927ae651f,454047215c2c6c9d,PAIRING_V1
subj02,fold_3,train,A:P,vis2img,13,13,127,607,V2I_ROY_RANDOM_WITHIN_IDENTITY_V1,908ce1f927ae651f,454047215c2c6c9d,PAIRING_V1
subj02,fold_3,train,A:P,vis2img,16,16,101,581,V2I_ROY_RANDOM_WITHIN_IDENTITY_V1,908ce1f927ae651f,454047215c2c6c9d,PAIRING_V1
subj02,fold_3,train,A:P,vis2img,34,34,130,610,V2I_ROY_RANDOM_WITHIN_IDENTITY_V1,908ce1f927ae651f,454047215c2c6c9d,PAIRING_V1
subj02,fold_3,train,A:R,vis2img,17,17,108,588,V2I_ROY_RANDOM_WITHIN_IDENTITY_V1,908ce1f927ae651f,9ceeaa7505ca2e74,PAIRING_V1
subj02,fold_3,train,A:R,vis2img,22,22,124,604,V2I_ROY_RANDOM_WITHIN_IDENTITY_V1,908ce1f927ae651f,9ceeaa7505ca2e74,PAIRING_V1
subj02,fold_3,train,A:R,vis2img,30,30,98,578,V2I_ROY_RANDOM_WITHIN_IDENTITY_V1,908ce1f927ae651f,9ceeaa7505ca2e74,PAIRING_V1
subj02,fold_3,train,A:R,vis2img,46,46,105,585,V2I_ROY_RANDOM_WITHIN_IDENTITY_V1,908ce1f927ae651f,9ceeaa7505ca2e74,PAIRING_V1
subj02,fold_3,train,A:V,vis2img,1,1,137,617,V2I_ROY_RANDOM_WITHIN_IDENTITY_V1,908ce1f927ae651f,f4d3a153d07a6cfd,PAIRING_V1
subj02,fold_3,train,A:V,vis2img,3,3,109,589,V2I_ROY_RANDOM_WITHIN_IDENTITY_V1,908ce1f927ae651f,f4d3a153d07a6cfd,PAIRING_V1
subj02,fold_3,train,A:V,vis2img,40,40,102,582,V2I_ROY_RANDOM_WITHIN_IDENTITY_V1,908ce1f927ae651f,f4d3a153d07a6cfd,PAIRING_V1
subj02,fold_3,train,A:V,vis2img,45,45,97,577,V2I_ROY_RANDOM_WITHIN_IDENTITY_V1,908ce1f927ae651f,f4d3a153d07a6cfd,PAIRING_V1
subj02,fold_3,train,B:B,vis2img,66,210,167,647,V2I_ROY_RANDOM_WITHIN_IDENTITY_V1,908ce1f927ae651f,cae9397f792fc9a2,PAIRING_V1
subj02,fold_3,train,B:B,vis2img,76,220,165,645,V2I_ROY_RANDOM_WITHIN_IDENTITY_V1,908ce1f927ae651f,cae9397f792fc9a2,PAIRING_V1
subj02,fold_3,train,B:B,vis2img,79,223,191,671,V2I_ROY_RANDOM_WITHIN_IDENTITY_V1,908ce1f927ae651f,cae9397f792fc9a2,PAIRING_V1
subj02,fold_3,train,B:B,vis2img,94,238,144,624,V2I_ROY_RANDOM_WITHIN_IDENTITY_V1,908ce1f927ae651f,cae9397f792fc9a2,PAIRING_V1
subj02,fold_3,train,B:C,vis2img,58,202,172,652,V2I_ROY_RANDOM_WITHIN_IDENTITY_V1,908ce1f927ae651f,1972922a0176719d,PAIRING_V1
subj02,fold_3,train,B:C,vis2img,64,208,163,643,V2I_ROY_RANDOM_WITHIN_IDENTITY_V1,908ce1f927ae651f,1972922a0176719d,PAIRING_V1
subj02,fold_3,train,B:C,vis2img,71,215,156,636,V2I_ROY_RANDOM_WITHIN_IDENTITY_V1,908ce1f927ae651f,1972922a0176719d,PAIRING_V1
subj02,fold_3,train,B:C,vis2img,86,230,151,631,V2I_ROY_RANDOM_WITHIN_IDENTITY_V1,908ce1f927ae651f,1972922a0176719d,PAIRING_V1
subj02,fold_3,train,B:D,vis2img,51,195,184,664,V2I_ROY_RANDOM_WITHIN_IDENTITY_V1,908ce1f927ae651f,3bcf6ffd68277c27,PAIRING_V1
subj02,fold_3,train,B:D,vis2img,54,198,157,637,V2I_ROY_RANDOM_WITHIN_IDENTITY_V1,908ce1f927ae651f,3bcf6ffd68277c27,PAIRING_V1
subj02,fold_3,train,B:D,vis2img,70,214,160,640,V2I_ROY_RANDOM_WITHIN_IDENTITY_V1,908ce1f927ae651f,3bcf6ffd68277c27,PAIRING_V1
subj02,fold_3,train,B:D,vis2img,93,237,150,630,V2I_ROY_RANDOM_WITHIN_IDENTITY_V1,908ce1f927ae651f,3bcf6ffd68277c27,PAIRING_V1
subj02,fold_3,train,B:K,vis2img,55,199,187,667,V2I_ROY_RANDOM_WITHIN_IDENTITY_V1,908ce1f927ae651f,dfc8a97881c10ed8,PAIRING_V1
subj02,fold_3,train,B:K,vis2img,67,211,168,648,V2I_ROY_RANDOM_WITHIN_IDENTITY_V1,908ce1f927ae651f,dfc8a97881c10ed8,PAIRING_V1
subj02,fold_3,train,B:K,vis2img,78,222,178,658,V2I_ROY_RANDOM_WITHIN_IDENTITY_V1,908ce1f927ae651f,dfc8a97881c10ed8,PAIRING_V1
subj02,fold_3,train,B:K,vis2img,91,235,176,656,V2I_ROY_RANDOM_WITHIN_IDENTITY_V1,908ce1f927ae651f,dfc8a97881c10ed8,PAIRING_V1
subj02,fold_3,train,B:T,vis2img,52,196,180,660,V2I_ROY_RANDOM_WITHIN_IDENTITY_V1,908ce1f927ae651f,43c7357749f3c7fd,PAIRING_V1
subj02,fold_3,train,B:T,vis2img,74,218,190,670,V2I_ROY_RANDOM_WITHIN_IDENTITY_V1,908ce1f927ae651f,43c7357749f3c7fd,PAIRING_V1
subj02,fold_3,train,B:T,vis2img,88,232,182,662,V2I_ROY_RANDOM_WITHIN_IDENTITY_V1,908ce1f927ae651f,43c7357749f3c7fd,PAIRING_V1
subj02,fold_3,train,B:T,vis2img,92,236,162,642,V2I_ROY_RANDOM_WITHIN_IDENTITY_V1,908ce1f927ae651f,43c7357749f3c7fd,PAIRING_V1
subj02,fold_3,train,B:W,vis2img,50,194,177,657,V2I_ROY_RANDOM_WITHIN_IDENTITY_V1,908ce1f927ae651f,e6fec24505f35952,PAIRING_V1
subj02,fold_3,train,B:W,vis2img,56,200,153,633,V2I_ROY_RANDOM_WITHIN_IDENTITY_V1,908ce1f927ae651f,e6fec24505f35952,PAIRING_V1
subj02,fold_3,train,B:W,vis2img,75,219,171,651,V2I_ROY_RANDOM_WITHIN_IDENTITY_V1,908ce1f927ae651f,e6fec24505f35952,PAIRING_V1
subj02,fold_3,train,B:W,vis2img,87,231,181,661,V2I_ROY_RANDOM_WITHIN_IDENTITY_V1,908ce1f927ae651f,e6fec24505f35952,PAIRING_V1
subj02,fold_3,val,A:E,vis2img,43,43,120,600,V2I_ROY_RANDOM_WITHIN_IDENTITY_V1,908ce1f927ae651f,d44221af4270b90e,PAIRING_V1
subj02,fold_3,val,A:E,vis2img,47,47,118,598,V2I_ROY_RANDOM_WITHIN_IDENTITY_V1,908ce1f927ae651f,d44221af4270b90e,PAIRING_V1
subj02,fold_3,val,A:H,vis2img,2,2,140,620,V2I_ROY_RANDOM_WITHIN_IDENTITY_V1,908ce1f927ae651f,75c843ae870a1902,PAIRING_V1
subj02,fold_3,val,A:H,vis2img,28,28,129,609,V2I_ROY_RANDOM_WITHIN_IDENTITY_V1,908ce1f927ae651f,75c843ae870a1902,PAIRING_V1
subj02,fold_3,val,A:L,vis2img,36,36,117,597,V2I_ROY_RANDOM_WITHIN_IDENTITY_V1,908ce1f927ae651f,1cc24b1e2f6a84f3,PAIRING_V1
subj02,fold_3,val,A:L,vis2img,42,42,135,615,V2I_ROY_RANDOM_WITHIN_IDENTITY_V1,908ce1f927ae651f,1cc24b1e2f6a84f3,PAIRING_V1
subj02,fold_3,val,A:P,vis2img,20,20,112,592,V2I_ROY_RANDOM_WITHIN_IDENTITY_V1,908ce1f927ae651f,afaeeed424471a4b,PAIRING_V1
subj02,fold_3,val,A:P,vis2img,41,41,143,623,V2I_ROY_RANDOM_WITHIN_IDENTITY_V1,908ce1f927ae651f,afaeeed424471a4b,PAIRING_V1
subj02,fold_3,val,A:R,vis2img,25,25,142,622,V2I_ROY_RANDOM_WITHIN_IDENTITY_V1,908ce1f927ae651f,502652ecfdb3af6d,PAIRING_V1
subj02,fold_3,val,A:R,vis2img,39,39,133,613,V2I_ROY_RANDOM_WITHIN_IDENTITY_V1,908ce1f927ae651f,502652ecfdb3af6d,PAIRING_V1
subj02,fold_3,val,A:V,vis2img,15,15,100,580,V2I_ROY_RANDOM_WITHIN_IDENTITY_V1,908ce1f927ae651f,c388a36479e0b5dc,PAIRING_V1
subj02,fold_3,val,A:V,vis2img,19,19,106,586,V2I_ROY_RANDOM_WITHIN_IDENTITY_V1,908ce1f927ae651f,c388a36479e0b5dc,PAIRING_V1
subj02,fold_3,val,B:B,vis2img,53,197,161,641,V2I_ROY_RANDOM_WITHIN_IDENTITY_V1,908ce1f927ae651f,5a275a5ff7a10a82,PAIRING_V1
subj02,fold_3,val,B:B,vis2img,89,233,185,665,V2I_ROY_RANDOM_WITHIN_IDENTITY_V1,908ce1f927ae651f,5a275a5ff7a10a82,PAIRING_V1
subj02,fold_3,val,B:C,vis2img,62,206,146,626,V2I_ROY_RANDOM_WITHIN_IDENTITY_V1,908ce1f927ae651f,a40ee11acae91215,PAIRING_V1
subj02,fold_3,val,B:C,vis2img,90,234,148,628,V2I_ROY_RANDOM_WITHIN_IDENTITY_V1,908ce1f927ae651f,a40ee11acae91215,PAIRING_V1
subj02,fold_3,val,B:D,vis2img,68,212,188,668,V2I_ROY_RANDOM_WITHIN_IDENTITY_V1,908ce1f927ae651f,8cde41e76640b3cd,PAIRING_V1
subj02,fold_3,val,B:D,vis2img,81,225,169,649,V2I_ROY_RANDOM_WITHIN_IDENTITY_V1,908ce1f927ae651f,8cde41e76640b3cd,PAIRING_V1
subj02,fold_3,val,B:K,vis2img,59,203,149,629,V2I_ROY_RANDOM_WITHIN_IDENTITY_V1,908ce1f927ae651f,4e5abd9969dc9c0c,PAIRING_V1
subj02,fold_3,val,B:K,vis2img,82,226,189,669,V2I_ROY_RANDOM_WITHIN_IDENTITY_V1,908ce1f927ae651f,4e5abd9969dc9c0c,PAIRING_V1
subj02,fold_3,val,B:T,vis2img,60,204,170,650,V2I_ROY_RANDOM_WITHIN_IDENTITY_V1,908ce1f927ae651f,287fe45f2a7c2c59,PAIRING_V1
subj02,fold_3,val,B:T,vis2img,95,239,159,639,V2I_ROY_RANDOM_WITHIN_IDENTITY_V1,908ce1f927ae651f,287fe45f2a7c2c59,PAIRING_V1
subj02,fold_3,val,B:W,vis2img,72,216,164,644,V2I_ROY_RANDOM_WITHIN_IDENTITY_V1,908ce1f927ae651f,ca4807dd57d64a3a,PAIRING_V1
subj02,fold_3,val,B:W,vis2img,77,221,175,655,V2I_ROY_RANDOM_WITHIN_IDENTITY_V1,908ce1f927ae651f,ca4807dd57d64a3a,PAIRING_V1
subj02,fold_3,test,A:E,vis2img,9,9,107,587,V2I_ROY_RANDOM_WITHIN_IDENTITY_V1,908ce1f927ae651f,99894fa66aa641f8,PAIRING_V1
subj02,fold_3,test,A:E,vis2img,38,38,123,603,V2I_ROY_RANDOM_WITHIN_IDENTITY_V1,908ce1f927ae651f,99894fa66aa641f8,PAIRING_V1
subj02,fold_3,test,A:H,vis2img,18,18,104,584,V2I_ROY_RANDOM_WITHIN_IDENTITY_V1,908ce1f927ae651f,2504974dd4b6b6e7,PAIRING_V1
subj02,fold_3,test,A:H,vis2img,21,21,121,601,V2I_ROY_RANDOM_WITHIN_IDENTITY_V1,908ce1f927ae651f,2504974dd4b6b6e7,PAIRING_V1
subj02,fold_3,test,A:L,vis2img,7,7,99,579,V2I_ROY_RANDOM_WITHIN_IDENTITY_V1,908ce1f927ae651f,a7862f44344250fa,PAIRING_V1
subj02,fold_3,test,A:L,vis2img,29,29,115,595,V2I_ROY_RANDOM_WITHIN_IDENTITY_V1,908ce1f927ae651f,a7862f44344250fa,PAIRING_V1
subj02,fold_3,test,A:P,vis2img,11,11,122,602,V2I_ROY_RANDOM_WITHIN_IDENTITY_V1,908ce1f927ae651f,80df8d71343815a8,PAIRING_V1
subj02,fold_3,test,A:P,vis2img,37,37,141,621,V2I_ROY_RANDOM_WITHIN_IDENTITY_V1,908ce1f927ae651f,80df8d71343815a8,PAIRING_V1
subj02,fold_3,test,A:R,vis2img,5,5,103,583,V2I_ROY_RANDOM_WITHIN_IDENTITY_V1,908ce1f927ae651f,6f2e186ffc88d402,PAIRING_V1
subj02,fold_3,test,A:R,vis2img,44,44,136,616,V2I_ROY_RANDOM_WITHIN_IDENTITY_V1,908ce1f927ae651f,6f2e186ffc88d402,PAIRING_V1
subj02,fold_3,test,A:V,vis2img,31,31,128,608,V2I_ROY_RANDOM_WITHIN_IDENTITY_V1,908ce1f927ae651f,e04b88773d66a768,PAIRING_V1
subj02,fold_3,test,A:V,vis2img,33,33,132,612,V2I_ROY_RANDOM_WITHIN_IDENTITY_V1,908ce1f927ae651f,e04b88773d66a768,PAIRING_V1
subj02,fold_3,test,B:B,vis2img,83,227,173,653,V2I_ROY_RANDOM_WITHIN_IDENTITY_V1,908ce1f927ae651f,807cb397d10512fa,PAIRING_V1
subj02,fold_3,test,B:B,vis2img,85,229,179,659,V2I_ROY_RANDOM_WITHIN_IDENTITY_V1,908ce1f927ae651f,807cb397d10512fa,PAIRING_V1
subj02,fold_3,test,B:C,vis2img,49,193,186,666,V2I_ROY_RANDOM_WITHIN_IDENTITY_V1,908ce1f927ae651f,0a5ce3f99acb23c0,PAIRING_V1
subj02,fold_3,test,B:C,vis2img,73,217,158,638,V2I_ROY_RANDOM_WITHIN_IDENTITY_V1,908ce1f927ae651f,0a5ce3f99acb23c0,PAIRING_V1
subj02,fold_3,test,B:D,vis2img,61,205,155,635,V2I_ROY_RANDOM_WITHIN_IDENTITY_V1,908ce1f927ae651f,693bcb6b24c9f487,PAIRING_V1
subj02,fold_3,test,B:D,vis2img,65,209,174,654,V2I_ROY_RANDOM_WITHIN_IDENTITY_V1,908ce1f927ae651f,693bcb6b24c9f487,PAIRING_V1
subj02,fold_3,test,B:K,vis2img,57,201,154,634,V2I_ROY_RANDOM_WITHIN_IDENTITY_V1,908ce1f927ae651f,fcb1e60013be05ff,PAIRING_V1
subj02,fold_3,test,B:K,vis2img,84,228,152,632,V2I_ROY_RANDOM_WITHIN_IDENTITY_V1,908ce1f927ae651f,fcb1e60013be05ff,PAIRING_V1
subj02,fold_3,test,B:T,vis2img,69,213,166,646,V2I_ROY_RANDOM_WITHIN_IDENTITY_V1,908ce1f927ae651f,c7e4f19043808a82,PAIRING_V1
subj02,fold_3,test,B:T,vis2img,80,224,147,627,V2I_ROY_RANDOM_WITHIN_IDENTITY_V1,908ce1f927ae651f,c7e4f19043808a82,PAIRING_V1
subj02,fold_3,test,B:W,vis2img,48,192,145,625,V2I_ROY_RANDOM_WITHIN_IDENTITY_V1,908ce1f927ae651f,7055ec972efdb722,PAIRING_V1
subj02,fold_3,test,B:W,vis2img,63,207,183,663,V2I_ROY_RANDOM_WITHIN_IDENTITY_V1,908ce1f927ae651f,7055ec972efdb722,PAIRING_V1
subj03,fold_0,train,A:E,vis2img,26,26,120,600,V2I_ROY_RANDOM_WITHIN_IDENTITY_V1,908ce1f927ae651f,dee732fa0171a756,PAIRING_V1
subj03,fold_0,train,A:E,vis2img,32,32,116,596,V2I_ROY_RANDOM_WITHIN_IDENTITY_V1,908ce1f927ae651f,dee732fa0171a756,PAIRING_V1
subj03,fold_0,train,A:E,vis2img,43,43,118,598,V2I_ROY_RANDOM_WITHIN_IDENTITY_V1,908ce1f927ae651f,dee732fa0171a756,PAIRING_V1
subj03,fold_0,train,A:E,vis2img,47,47,111,591,V2I_ROY_RANDOM_WITHIN_IDENTITY_V1,908ce1f927ae651f,dee732fa0171a756,PAIRING_V1
subj03,fold_0,train,A:H,vis2img,2,2,125,605,V2I_ROY_RANDOM_WITHIN_IDENTITY_V1,908ce1f927ae651f,5d89106ac2a3e510,PAIRING_V1
subj03,fold_0,train,A:H,vis2img,10,10,140,620,V2I_ROY_RANDOM_WITHIN_IDENTITY_V1,908ce1f927ae651f,5d89106ac2a3e510,PAIRING_V1
subj03,fold_0,train,A:H,vis2img,14,14,134,614,V2I_ROY_RANDOM_WITHIN_IDENTITY_V1,908ce1f927ae651f,5d89106ac2a3e510,PAIRING_V1
subj03,fold_0,train,A:H,vis2img,28,28,129,609,V2I_ROY_RANDOM_WITHIN_IDENTITY_V1,908ce1f927ae651f,5d89106ac2a3e510,PAIRING_V1
subj03,fold_0,train,A:L,vis2img,12,12,96,576,V2I_ROY_RANDOM_WITHIN_IDENTITY_V1,908ce1f927ae651f,f15d42a56d6e3c24,PAIRING_V1
subj03,fold_0,train,A:L,vis2img,27,27,135,615,V2I_ROY_RANDOM_WITHIN_IDENTITY_V1,908ce1f927ae651f,f15d42a56d6e3c24,PAIRING_V1
subj03,fold_0,train,A:L,vis2img,36,36,117,597,V2I_ROY_RANDOM_WITHIN_IDENTITY_V1,908ce1f927ae651f,f15d42a56d6e3c24,PAIRING_V1
subj03,fold_0,train,A:L,vis2img,42,42,126,606,V2I_ROY_RANDOM_WITHIN_IDENTITY_V1,908ce1f927ae651f,f15d42a56d6e3c24,PAIRING_V1
subj03,fold_0,train,A:P,vis2img,8,8,143,623,V2I_ROY_RANDOM_WITHIN_IDENTITY_V1,908ce1f927ae651f,dc8d76cfc75a6fe5,PAIRING_V1
subj03,fold_0,train,A:P,vis2img,13,13,127,607,V2I_ROY_RANDOM_WITHIN_IDENTITY_V1,908ce1f927ae651f,dc8d76cfc75a6fe5,PAIRING_V1
subj03,fold_0,train,A:P,vis2img,20,20,112,592,V2I_ROY_RANDOM_WITHIN_IDENTITY_V1,908ce1f927ae651f,dc8d76cfc75a6fe5,PAIRING_V1
subj03,fold_0,train,A:P,vis2img,41,41,130,610,V2I_ROY_RANDOM_WITHIN_IDENTITY_V1,908ce1f927ae651f,dc8d76cfc75a6fe5,PAIRING_V1
subj03,fold_0,train,A:R,vis2img,22,22,133,613,V2I_ROY_RANDOM_WITHIN_IDENTITY_V1,908ce1f927ae651f,d13f3dafb5cc768c,PAIRING_V1
subj03,fold_0,train,A:R,vis2img,25,25,98,578,V2I_ROY_RANDOM_WITHIN_IDENTITY_V1,908ce1f927ae651f,d13f3dafb5cc768c,PAIRING_V1
subj03,fold_0,train,A:R,vis2img,30,30,142,622,V2I_ROY_RANDOM_WITHIN_IDENTITY_V1,908ce1f927ae651f,d13f3dafb5cc768c,PAIRING_V1
subj03,fold_0,train,A:R,vis2img,39,39,105,585,V2I_ROY_RANDOM_WITHIN_IDENTITY_V1,908ce1f927ae651f,d13f3dafb5cc768c,PAIRING_V1
subj03,fold_0,train,A:V,vis2img,1,1,109,589,V2I_ROY_RANDOM_WITHIN_IDENTITY_V1,908ce1f927ae651f,79f6a0a75a3053ab,PAIRING_V1
subj03,fold_0,train,A:V,vis2img,3,3,106,586,V2I_ROY_RANDOM_WITHIN_IDENTITY_V1,908ce1f927ae651f,79f6a0a75a3053ab,PAIRING_V1
subj03,fold_0,train,A:V,vis2img,15,15,100,580,V2I_ROY_RANDOM_WITHIN_IDENTITY_V1,908ce1f927ae651f,79f6a0a75a3053ab,PAIRING_V1
subj03,fold_0,train,A:V,vis2img,19,19,97,577,V2I_ROY_RANDOM_WITHIN_IDENTITY_V1,908ce1f927ae651f,79f6a0a75a3053ab,PAIRING_V1
subj03,fold_0,train,B:B,vis2img,53,197,191,671,V2I_ROY_RANDOM_WITHIN_IDENTITY_V1,908ce1f927ae651f,14d2a0e432166aef,PAIRING_V1
subj03,fold_0,train,B:B,vis2img,66,210,185,665,V2I_ROY_RANDOM_WITHIN_IDENTITY_V1,908ce1f927ae651f,14d2a0e432166aef,PAIRING_V1
subj03,fold_0,train,B:B,vis2img,79,223,144,624,V2I_ROY_RANDOM_WITHIN_IDENTITY_V1,908ce1f927ae651f,14d2a0e432166aef,PAIRING_V1
subj03,fold_0,train,B:B,vis2img,89,233,161,641,V2I_ROY_RANDOM_WITHIN_IDENTITY_V1,908ce1f927ae651f,14d2a0e432166aef,PAIRING_V1
subj03,fold_0,train,B:C,vis2img,58,202,156,636,V2I_ROY_RANDOM_WITHIN_IDENTITY_V1,908ce1f927ae651f,176eb9d62cce0f0e,PAIRING_V1
subj03,fold_0,train,B:C,vis2img,62,206,151,631,V2I_ROY_RANDOM_WITHIN_IDENTITY_V1,908ce1f927ae651f,176eb9d62cce0f0e,PAIRING_V1
subj03,fold_0,train,B:C,vis2img,71,215,148,628,V2I_ROY_RANDOM_WITHIN_IDENTITY_V1,908ce1f927ae651f,176eb9d62cce0f0e,PAIRING_V1
subj03,fold_0,train,B:C,vis2img,90,234,146,626,V2I_ROY_RANDOM_WITHIN_IDENTITY_V1,908ce1f927ae651f,176eb9d62cce0f0e,PAIRING_V1
subj03,fold_0,train,B:D,vis2img,68,212,169,649,V2I_ROY_RANDOM_WITHIN_IDENTITY_V1,908ce1f927ae651f,8f79250650f129a3,PAIRING_V1
subj03,fold_0,train,B:D,vis2img,70,214,150,630,V2I_ROY_RANDOM_WITHIN_IDENTITY_V1,908ce1f927ae651f,8f79250650f129a3,PAIRING_V1
subj03,fold_0,train,B:D,vis2img,81,225,188,668,V2I_ROY_RANDOM_WITHIN_IDENTITY_V1,908ce1f927ae651f,8f79250650f129a3,PAIRING_V1
subj03,fold_0,train,B:D,vis2img,93,237,184,664,V2I_ROY_RANDOM_WITHIN_IDENTITY_V1,908ce1f927ae651f,8f79250650f129a3,PAIRING_V1
subj03,fold_0,train,B:K,vis2img,59,203,178,658,V2I_ROY_RANDOM_WITHIN_IDENTITY_V1,908ce1f927ae651f,9d8954804f0e401d,PAIRING_V1
subj03,fold_0,train,B:K,vis2img,67,211,149,629,V2I_ROY_RANDOM_WITHIN_IDENTITY_V1,908ce1f927ae651f,9d8954804f0e401d,PAIRING_V1
subj03,fold_0,train,B:K,vis2img,82,226,187,667,V2I_ROY_RANDOM_WITHIN_IDENTITY_V1,908ce1f927ae651f,9d8954804f0e401d,PAIRING_V1
subj03,fold_0,train,B:K,vis2img,91,235,189,669,V2I_ROY_RANDOM_WITHIN_IDENTITY_V1,908ce1f927ae651f,9d8954804f0e401d,PAIRING_V1
subj03,fold_0,train,B:T,vis2img,52,196,159,639,V2I_ROY_RANDOM_WITHIN_IDENTITY_V1,908ce1f927ae651f,b9a80f50f18ccd3e,PAIRING_V1
subj03,fold_0,train,B:T,vis2img,60,204,170,650,V2I_ROY_RANDOM_WITHIN_IDENTITY_V1,908ce1f927ae651f,b9a80f50f18ccd3e,PAIRING_V1
subj03,fold_0,train,B:T,vis2img,92,236,162,642,V2I_ROY_RANDOM_WITHIN_IDENTITY_V1,908ce1f927ae651f,b9a80f50f18ccd3e,PAIRING_V1
subj03,fold_0,train,B:T,vis2img,95,239,190,670,V2I_ROY_RANDOM_WITHIN_IDENTITY_V1,908ce1f927ae651f,b9a80f50f18ccd3e,PAIRING_V1
subj03,fold_0,train,B:W,vis2img,56,200,177,657,V2I_ROY_RANDOM_WITHIN_IDENTITY_V1,908ce1f927ae651f,44cc27eedc00a448,PAIRING_V1
subj03,fold_0,train,B:W,vis2img,72,216,181,661,V2I_ROY_RANDOM_WITHIN_IDENTITY_V1,908ce1f927ae651f,44cc27eedc00a448,PAIRING_V1
subj03,fold_0,train,B:W,vis2img,75,219,175,655,V2I_ROY_RANDOM_WITHIN_IDENTITY_V1,908ce1f927ae651f,44cc27eedc00a448,PAIRING_V1
subj03,fold_0,train,B:W,vis2img,77,221,164,644,V2I_ROY_RANDOM_WITHIN_IDENTITY_V1,908ce1f927ae651f,44cc27eedc00a448,PAIRING_V1
subj03,fold_0,val,A:E,vis2img,9,9,123,603,V2I_ROY_RANDOM_WITHIN_IDENTITY_V1,908ce1f927ae651f,88839503edb76780,PAIRING_V1
subj03,fold_0,val,A:E,vis2img,38,38,107,587,V2I_ROY_RANDOM_WITHIN_IDENTITY_V1,908ce1f927ae651f,88839503edb76780,PAIRING_V1
subj03,fold_0,val,A:H,vis2img,18,18,121,601,V2I_ROY_RANDOM_WITHIN_IDENTITY_V1,908ce1f927ae651f,b45b27e42628552d,PAIRING_V1
subj03,fold_0,val,A:H,vis2img,21,21,104,584,V2I_ROY_RANDOM_WITHIN_IDENTITY_V1,908ce1f927ae651f,b45b27e42628552d,PAIRING_V1
subj03,fold_0,val,A:L,vis2img,7,7,115,595,V2I_ROY_RANDOM_WITHIN_IDENTITY_V1,908ce1f927ae651f,76c321202371b15a,PAIRING_V1
subj03,fold_0,val,A:L,vis2img,29,29,99,579,V2I_ROY_RANDOM_WITHIN_IDENTITY_V1,908ce1f927ae651f,76c321202371b15a,PAIRING_V1
subj03,fold_0,val,A:P,vis2img,11,11,122,602,V2I_ROY_RANDOM_WITHIN_IDENTITY_V1,908ce1f927ae651f,3d9fab8e5e14142e,PAIRING_V1
subj03,fold_0,val,A:P,vis2img,37,37,141,621,V2I_ROY_RANDOM_WITHIN_IDENTITY_V1,908ce1f927ae651f,3d9fab8e5e14142e,PAIRING_V1
subj03,fold_0,val,A:R,vis2img,5,5,103,583,V2I_ROY_RANDOM_WITHIN_IDENTITY_V1,908ce1f927ae651f,e7dcf22d37d3c8cd,PAIRING_V1
subj03,fold_0,val,A:R,vis2img,44,44,136,616,V2I_ROY_RANDOM_WITHIN_IDENTITY_V1,908ce1f927ae651f,e7dcf22d37d3c8cd,PAIRING_V1
subj03,fold_0,val,A:V,vis2img,31,31,132,612,V2I_ROY_RANDOM_WITHIN_IDENTITY_V1,908ce1f927ae651f,738f7617072449e6,PAIRING_V1
subj03,fold_0,val,A:V,vis2img,33,33,128,608,V2I_ROY_RANDOM_WITHIN_IDENTITY_V1,908ce1f927ae651f,738f7617072449e6,PAIRING_V1
subj03,fold_0,val,B:B,vis2img,83,227,179,659,V2I_ROY_RANDOM_WITHIN_IDENTITY_V1,908ce1f927ae651f,001b1892ebf0bb50,PAIRING_V1
subj03,fold_0,val,B:B,vis2img,85,229,173,653,V2I_ROY_RANDOM_WITHIN_IDENTITY_V1,908ce1f927ae651f,001b1892ebf0bb50,PAIRING_V1
subj03,fold_0,val,B:C,vis2img,49,193,186,666,V2I_ROY_RANDOM_WITHIN_IDENTITY_V1,908ce1f927ae651f,11a5942b56325d54,PAIRING_V1
subj03,fold_0,val,B:C,vis2img,73,217,158,638,V2I_ROY_RANDOM_WITHIN_IDENTITY_V1,908ce1f927ae651f,11a5942b56325d54,PAIRING_V1
subj03,fold_0,val,B:D,vis2img,61,205,174,654,V2I_ROY_RANDOM_WITHIN_IDENTITY_V1,908ce1f927ae651f,ccf8aef7b5356ee8,PAIRING_V1
subj03,fold_0,val,B:D,vis2img,65,209,155,635,V2I_ROY_RANDOM_WITHIN_IDENTITY_V1,908ce1f927ae651f,ccf8aef7b5356ee8,PAIRING_V1
subj03,fold_0,val,B:K,vis2img,57,201,152,632,V2I_ROY_RANDOM_WITHIN_IDENTITY_V1,908ce1f927ae651f,3b92293e7fa6c884,PAIRING_V1
subj03,fold_0,val,B:K,vis2img,84,228,154,634,V2I_ROY_RANDOM_WITHIN_IDENTITY_V1,908ce1f927ae651f,3b92293e7fa6c884,PAIRING_V1
subj03,fold_0,val,B:T,vis2img,69,213,166,646,V2I_ROY_RANDOM_WITHIN_IDENTITY_V1,908ce1f927ae651f,eff6ffe236ddc8a4,PAIRING_V1
subj03,fold_0,val,B:T,vis2img,80,224,147,627,V2I_ROY_RANDOM_WITHIN_IDENTITY_V1,908ce1f927ae651f,eff6ffe236ddc8a4,PAIRING_V1
subj03,fold_0,val,B:W,vis2img,48,192,183,663,V2I_ROY_RANDOM_WITHIN_IDENTITY_V1,908ce1f927ae651f,ff7c4747c6a64abc,PAIRING_V1
subj03,fold_0,val,B:W,vis2img,63,207,145,625,V2I_ROY_RANDOM_WITHIN_IDENTITY_V1,908ce1f927ae651f,ff7c4747c6a64abc,PAIRING_V1
subj03,fold_0,test,A:E,vis2img,6,6,138,618,V2I_ROY_RANDOM_WITHIN_IDENTITY_V1,908ce1f927ae651f,9e13b5ba77b53830,PAIRING_V1
subj03,fold_0,test,A:E,vis2img,23,23,114,594,V2I_ROY_RANDOM_WITHIN_IDENTITY_V1,908ce1f927ae651f,9e13b5ba77b53830,PAIRING_V1
subj03,fold_0,test,A:H,vis2img,24,24,119,599,V2I_ROY_RANDOM_WITHIN_IDENTITY_V1,908ce1f927ae651f,a2ae111537d0e4f9,PAIRING_V1
subj03,fold_0,test,A:H,vis2img,35,35,113,593,V2I_ROY_RANDOM_WITHIN_IDENTITY_V1,908ce1f927ae651f,a2ae111537d0e4f9,PAIRING_V1
subj03,fold_0,test,A:L,vis2img,0,0,131,611,V2I_ROY_RANDOM_WITHIN_IDENTITY_V1,908ce1f927ae651f,feb7dd45ddca6dbb,PAIRING_V1
subj03,fold_0,test,A:L,vis2img,4,4,110,590,V2I_ROY_RANDOM_WITHIN_IDENTITY_V1,908ce1f927ae651f,feb7dd45ddca6dbb,PAIRING_V1
subj03,fold_0,test,A:P,vis2img,16,16,139,619,V2I_ROY_RANDOM_WITHIN_IDENTITY_V1,908ce1f927ae651f,f46642abbaed4490,PAIRING_V1
subj03,fold_0,test,A:P,vis2img,34,34,101,581,V2I_ROY_RANDOM_WITHIN_IDENTITY_V1,908ce1f927ae651f,f46642abbaed4490,PAIRING_V1
subj03,fold_0,test,A:R,vis2img,17,17,124,604,V2I_ROY_RANDOM_WITHIN_IDENTITY_V1,908ce1f927ae651f,ac47e0ed99f54988,PAIRING_V1
subj03,fold_0,test,A:R,vis2img,46,46,108,588,V2I_ROY_RANDOM_WITHIN_IDENTITY_V1,908ce1f927ae651f,ac47e0ed99f54988,PAIRING_V1
subj03,fold_0,test,A:V,vis2img,40,40,102,582,V2I_ROY_RANDOM_WITHIN_IDENTITY_V1,908ce1f927ae651f,983a9ebaa7914266,PAIRING_V1
subj03,fold_0,test,A:V,vis2img,45,45,137,617,V2I_ROY_RANDOM_WITHIN_IDENTITY_V1,908ce1f927ae651f,983a9ebaa7914266,PAIRING_V1
subj03,fold_0,test,B:B,vis2img,76,220,167,647,V2I_ROY_RANDOM_WITHIN_IDENTITY_V1,908ce1f927ae651f,e1dce74116b436e4,PAIRING_V1
subj03,fold_0,test,B:B,vis2img,94,238,165,645,V2I_ROY_RANDOM_WITHIN_IDENTITY_V1,908ce1f927ae651f,e1dce74116b436e4,PAIRING_V1
subj03,fold_0,test,B:C,vis2img,64,208,163,643,V2I_ROY_RANDOM_WITHIN_IDENTITY_V1,908ce1f927ae651f,40dd1a07ee3a16d3,PAIRING_V1
subj03,fold_0,test,B:C,vis2img,86,230,172,652,V2I_ROY_RANDOM_WITHIN_IDENTITY_V1,908ce1f927ae651f,40dd1a07ee3a16d3,PAIRING_V1
subj03,fold_0,test,B:D,vis2img,51,195,160,640,V2I_ROY_RANDOM_WITHIN_IDENTITY_V1,908ce1f927ae651f,944e864cfc68ab9d,PAIRING_V1
subj03,fold_0,test,B:D,vis2img,54,198,157,637,V2I_ROY_RANDOM_WITHIN_IDENTITY_V1,908ce1f927ae651f,944e864cfc68ab9d,PAIRING_V1
subj03,fold_0,test,B:K,vis2img,55,199,176,656,V2I_ROY_RANDOM_WITHIN_IDENTITY_V1,908ce1f927ae651f,2618b00d0f4876aa,PAIRING_V1
subj03,fold_0,test,B:K,vis2img,78,222,168,648,V2I_ROY_RANDOM_WITHIN_IDENTITY_V1,908ce1f927ae651f,2618b00d0f4876aa,PAIRING_V1
subj03,fold_0,test,B:T,vis2img,74,218,182,662,V2I_ROY_RANDOM_WITHIN_IDENTITY_V1,908ce1f927ae651f,6e6ffb493dfc91ab,PAIRING_V1
subj03,fold_0,test,B:T,vis2img,88,232,180,660,V2I_ROY_RANDOM_WITHIN_IDENTITY_V1,908ce1f927ae651f,6e6ffb493dfc91ab,PAIRING_V1
subj03,fold_0,test,B:W,vis2img,50,194,171,651,V2I_ROY_RANDOM_WITHIN_IDENTITY_V1,908ce1f927ae651f,79e1eab9d0f24feb,PAIRING_V1
subj03,fold_0,test,B:W,vis2img,87,231,153,633,V2I_ROY_RANDOM_WITHIN_IDENTITY_V1,908ce1f927ae651f,79e1eab9d0f24feb,PAIRING_V1
subj03,fold_1,train,A:E,vis2img,6,6,114,594,V2I_ROY_RANDOM_WITHIN_IDENTITY_V1,908ce1f927ae651f,11dd0ae1ffaabaaf,PAIRING_V1
subj03,fold_1,train,A:E,vis2img,23,23,120,600,V2I_ROY_RANDOM_WITHIN_IDENTITY_V1,908ce1f927ae651f,11dd0ae1ffaabaaf,PAIRING_V1
subj03,fold_1,train,A:E,vis2img,43,43,138,618,V2I_ROY_RANDOM_WITHIN_IDENTITY_V1,908ce1f927ae651f,11dd0ae1ffaabaaf,PAIRING_V1
subj03,fold_1,train,A:E,vis2img,47,47,118,598,V2I_ROY_RANDOM_WITHIN_IDENTITY_V1,908ce1f927ae651f,11dd0ae1ffaabaaf,PAIRING_V1
subj03,fold_1,train,A:H,vis2img,2,2,113,593,V2I_ROY_RANDOM_WITHIN_IDENTITY_V1,908ce1f927ae651f,f5bceaf51412cbce,PAIRING_V1
subj03,fold_1,train,A:H,vis2img,24,24,129,609,V2I_ROY_RANDOM_WITHIN_IDENTITY_V1,908ce1f927ae651f,f5bceaf51412cbce,PAIRING_V1
subj03,fold_1,train,A:H,vis2img,28,28,119,599,V2I_ROY_RANDOM_WITHIN_IDENTITY_V1,908ce1f927ae651f,f5bceaf51412cbce,PAIRING_V1
subj03,fold_1,train,A:H,vis2img,35,35,140,620,V2I_ROY_RANDOM_WITHIN_IDENTITY_V1,908ce1f927ae651f,f5bceaf51412cbce,PAIRING_V1
subj03,fold_1,train,A:L,vis2img,0,0,117,597,V2I_ROY_RANDOM_WITHIN_IDENTITY_V1,908ce1f927ae651f,3c830c25bd6edf13,PAIRING_V1
subj03,fold_1,train,A:L,vis2img,4,4,110,590,V2I_ROY_RANDOM_WITHIN_IDENTITY_V1,908ce1f927ae651f,3c830c25bd6edf13,PAIRING_V1
subj03,fold_1,train,A:L,vis2img,36,36,135,615,V2I_ROY_RANDOM_WITHIN_IDENTITY_V1,908ce1f927ae651f,3c830c25bd6edf13,PAIRING_V1
subj03,fold_1,train,A:L,vis2img,42,42,131,611,V2I_ROY_RANDOM_WITHIN_IDENTITY_V1,908ce1f927ae651f,3c830c25bd6edf13,PAIRING_V1
subj03,fold_1,train,A:P,vis2img,16,16,101,581,V2I_ROY_RANDOM_WITHIN_IDENTITY_V1,908ce1f927ae651f,04fe6e65ec952f49,PAIRING_V1
subj03,fold_1,train,A:P,vis2img,20,20,143,623,V2I_ROY_RANDOM_WITHIN_IDENTITY_V1,908ce1f927ae651f,04fe6e65ec952f49,PAIRING_V1
subj03,fold_1,train,A:P,vis2img,34,34,112,592,V2I_ROY_RANDOM_WITHIN_IDENTITY_V1,908ce1f927ae651f,04fe6e65ec952f49,PAIRING_V1
subj03,fold_1,train,A:P,vis2img,41,41,139,619,V2I_ROY_RANDOM_WITHIN_IDENTITY_V1,908ce1f927ae651f,04fe6e65ec952f49,PAIRING_V1
subj03,fold_1,train,A:R,vis2img,17,17,124,604,V2I_ROY_RANDOM_WITHIN_IDENTITY_V1,908ce1f927ae651f,d0aff4f30dd8a24a,PAIRING_V1
subj03,fold_1,train,A:R,vis2img,25,25,108,588,V2I_ROY_RANDOM_WITHIN_IDENTITY_V1,908ce1f927ae651f,d0aff4f30dd8a24a,PAIRING_V1
subj03,fold_1,train,A:R,vis2img,39,39,133,613,V2I_ROY_RANDOM_WITHIN_IDENTITY_V1,908ce1f927ae651f,d0aff4f30dd8a24a,PAIRING_V1
subj03,fold_1,train,A:R,vis2img,46,46,142,622,V2I_ROY_RANDOM_WITHIN_IDENTITY_V1,908ce1f927ae651f,d0aff4f30dd8a24a,PAIRING_V1
subj03,fold_1,train,A:V,vis2img,15,15,102,582,V2I_ROY_RANDOM_WITHIN_IDENTITY_V1,908ce1f927ae651f,af3caa612aa29771,PAIRING_V1
subj03,fold_1,train,A:V,vis2img,19,19,100,580,V2I_ROY_RANDOM_WITHIN_IDENTITY_V1,908ce1f927ae651f,af3caa612aa29771,PAIRING_V1
subj03,fold_1,train,A:V,vis2img,40,40,106,586,V2I_ROY_RANDOM_WITHIN_IDENTITY_V1,908ce1f927ae651f,af3caa612aa29771,PAIRING_V1
subj03,fold_1,train,A:V,vis2img,45,45,137,617,V2I_ROY_RANDOM_WITHIN_IDENTITY_V1,908ce1f927ae651f,af3caa612aa29771,PAIRING_V1
subj03,fold_1,train,B:B,vis2img,53,197,161,641,V2I_ROY_RANDOM_WITHIN_IDENTITY_V1,908ce1f927ae651f,82eed258cbecd618,PAIRING_V1
subj03,fold_1,train,B:B,vis2img,76,220,165,645,V2I_ROY_RANDOM_WITHIN_IDENTITY_V1,908ce1f927ae651f,82eed258cbecd618,PAIRING_V1
subj03,fold_1,train,B:B,vis2img,89,233,167,647,V2I_ROY_RANDOM_WITHIN_IDENTITY_V1,908ce1f927ae651f,82eed258cbecd618,PAIRING_V1
subj03,fold_1,train,B:B,vis2img,94,238,185,665,V2I_ROY_RANDOM_WITHIN_IDENTITY_V1,908ce1f927ae651f,82eed258cbecd618,PAIRING_V1
subj03,fold_1,train,B:C,vis2img,62,206,163,643,V2I_ROY_RANDOM_WITHIN_IDENTITY_V1,908ce1f927ae651f,1553a26e13fe6c51,PAIRING_V1
subj03,fold_1,train,B:C,vis2img,64,208,172,652,V2I_ROY_RANDOM_WITHIN_IDENTITY_V1,908ce1f927ae651f,1553a26e13fe6c51,PAIRING_V1
subj03,fold_1,train,B:C,vis2img,86,230,148,628,V2I_ROY_RANDOM_WITHIN_IDENTITY_V1,908ce1f927ae651f,1553a26e13fe6c51,PAIRING_V1
subj03,fold_1,train,B:C,vis2img,90,234,146,626,V2I_ROY_RANDOM_WITHIN_IDENTITY_V1,908ce1f927ae651f,1553a26e13fe6c51,PAIRING_V1
subj03,fold_1,train,B:D,vis2img,51,195,160,640,V2I_ROY_RANDOM_WITHIN_IDENTITY_V1,908ce1f927ae651f,ecf828ee455d80b1,PAIRING_V1
subj03,fold_1,train,B:D,vis2img,54,198,169,649,V2I_ROY_RANDOM_WITHIN_IDENTITY_V1,908ce1f927ae651f,ecf828ee455d80b1,PAIRING_V1
subj03,fold_1,train,B:D,vis2img,68,212,157,637,V2I_ROY_RANDOM_WITHIN_IDENTITY_V1,908ce1f927ae651f,ecf828ee455d80b1,PAIRING_V1
subj03,fold_1,train,B:D,vis2img,81,225,188,668,V2I_ROY_RANDOM_WITHIN_IDENTITY_V1,908ce1f927ae651f,ecf828ee455d80b1,PAIRING_V1
subj03,fold_1,train,B:K,vis2img,55,199,176,656,V2I_ROY_RANDOM_WITHIN_IDENTITY_V1,908ce1f927ae651f,6e7e55b6b26136ce,PAIRING_V1
subj03,fold_1,train,B:K,vis2img,59,203,149,629,V2I_ROY_RANDOM_WITHIN_IDENTITY_V1,908ce1f927ae651f,6e7e55b6b26136ce,PAIRING_V1
subj03,fold_1,train,B:K,vis2img,78,222,168,648,V2I_ROY_RANDOM_WITHIN_IDENTITY_V1,908ce1f927ae651f,6e7e55b6b26136ce,PAIRING_V1
subj03,fold_1,train,B:K,vis2img,82,226,189,669,V2I_ROY_RANDOM_WITHIN_IDENTITY_V1,908ce1f927ae651f,6e7e55b6b26136ce,PAIRING_V1
subj03,fold_1,train,B:T,vis2img,60,204,182,662,V2I_ROY_RANDOM_WITHIN_IDENTITY_V1,908ce1f927ae651f,f598dbf9cc59a878,PAIRING_V1
subj03,fold_1,train,B:T,vis2img,74,218,170,650,V2I_ROY_RANDOM_WITHIN_IDENTITY_V1,908ce1f927ae651f,f598dbf9cc59a878,PAIRING_V1
subj03,fold_1,train,B:T,vis2img,88,232,180,660,V2I_ROY_RANDOM_WITHIN_IDENTITY_V1,908ce1f927ae651f,f598dbf9cc59a878,PAIRING_V1
subj03,fold_1,train,B:T,vis2img,95,239,159,639,V2I_ROY_RANDOM_WITHIN_IDENTITY_V1,908ce1f927ae651f,f598dbf9cc59a878,PAIRING_V1
subj03,fold_1,train,B:W,vis2img,50,194,164,644,V2I_ROY_RANDOM_WITHIN_IDENTITY_V1,908ce1f927ae651f,f3db79bb38b0406d,PAIRING_V1
subj03,fold_1,train,B:W,vis2img,72,216,171,651,V2I_ROY_RANDOM_WITHIN_IDENTITY_V1,908ce1f927ae651f,f3db79bb38b0406d,PAIRING_V1
subj03,fold_1,train,B:W,vis2img,77,221,153,633,V2I_ROY_RANDOM_WITHIN_IDENTITY_V1,908ce1f927ae651f,f3db79bb38b0406d,PAIRING_V1
subj03,fold_1,train,B:W,vis2img,87,231,175,655,V2I_ROY_RANDOM_WITHIN_IDENTITY_V1,908ce1f927ae651f,f3db79bb38b0406d,PAIRING_V1
subj03,fold_1,val,A:E,vis2img,9,9,123,603,V2I_ROY_RANDOM_WITHIN_IDENTITY_V1,908ce1f927ae651f,2398b482857d6838,PAIRING_V1
subj03,fold_1,val,A:E,vis2img,38,38,107,587,V2I_ROY_RANDOM_WITHIN_IDENTITY_V1,908ce1f927ae651f,2398b482857d6838,PAIRING_V1
subj03,fold_1,val,A:H,vis2img,18,18,104,584,V2I_ROY_RANDOM_WITHIN_IDENTITY_V1,908ce1f927ae651f,171c4ed5e232bda5,PAIRING_V1
subj03,fold_1,val,A:H,vis2img,21,21,121,601,V2I_ROY_RANDOM_WITHIN_IDENTITY_V1,908ce1f927ae651f,171c4ed5e232bda5,PAIRING_V1
subj03,fold_1,val,A:L,vis2img,7,7,115,595,V2I_ROY_RANDOM_WITHIN_IDENTITY_V1,908ce1f927ae651f,ef9f6b7b18556b95,PAIRING_V1
subj03,fold_1,val,A:L,vis2img,29,29,99,579,V2I_ROY_RANDOM_WITHIN_IDENTITY_V1,908ce1f927ae651f,ef9f6b7b18556b95,PAIRING_V1
subj03,fold_1,val,A:P,vis2img,11,11,141,621,V2I_ROY_RANDOM_WITHIN_IDENTITY_V1,908ce1f927ae651f,ce599843257badd1,PAIRING_V1
subj03,fold_1,val,A:P,vis2img,37,37,122,602,V2I_ROY_RANDOM_WITHIN_IDENTITY_V1,908ce1f927ae651f,ce599843257badd1,PAIRING_V1
subj03,fold_1,val,A:R,vis2img,5,5,136,616,V2I_ROY_RANDOM_WITHIN_IDENTITY_V1,908ce1f927ae651f,20a5b61722bf55ec,PAIRING_V1
subj03,fold_1,val,A:R,vis2img,44,44,103,583,V2I_ROY_RANDOM_WITHIN_IDENTITY_V1,908ce1f927ae651f,20a5b61722bf55ec,PAIRING_V1
subj03,fold_1,val,A:V,vis2img,31,31,128,608,V2I_ROY_RANDOM_WITHIN_IDENTITY_V1,908ce1f927ae651f,71f470817bcc6af6,PAIRING_V1
subj03,fold_1,val,A:V,vis2img,33,33,132,612,V2I_ROY_RANDOM_WITHIN_IDENTITY_V1,908ce1f927ae651f,71f470817bcc6af6,PAIRING_V1
subj03,fold_1,val,B:B,vis2img,83,227,179,659,V2I_ROY_RANDOM_WITHIN_IDENTITY_V1,908ce1f927ae651f,a4f305cd0e8e923b,PAIRING_V1
subj03,fold_1,val,B:B,vis2img,85,229,173,653,V2I_ROY_RANDOM_WITHIN_IDENTITY_V1,908ce1f927ae651f,a4f305cd0e8e923b,PAIRING_V1
subj03,fold_1,val,B:C,vis2img,49,193,186,666,V2I_ROY_RANDOM_WITHIN_IDENTITY_V1,908ce1f927ae651f,f2f8e131f1ad9cfa,PAIRING_V1
subj03,fold_1,val,B:C,vis2img,73,217,158,638,V2I_ROY_RANDOM_WITHIN_IDENTITY_V1,908ce1f927ae651f,f2f8e131f1ad9cfa,PAIRING_V1
subj03,fold_1,val,B:D,vis2img,61,205,174,654,V2I_ROY_RANDOM_WITHIN_IDENTITY_V1,908ce1f927ae651f,94410de9c3cfd015,PAIRING_V1
subj03,fold_1,val,B:D,vis2img,65,209,155,635,V2I_ROY_RANDOM_WITHIN_IDENTITY_V1,908ce1f927ae651f,94410de9c3cfd015,PAIRING_V1
subj03,fold_1,val,B:K,vis2img,57,201,152,632,V2I_ROY_RANDOM_WITHIN_IDENTITY_V1,908ce1f927ae651f,ee7e869f64d14b2d,PAIRING_V1
subj03,fold_1,val,B:K,vis2img,84,228,154,634,V2I_ROY_RANDOM_WITHIN_IDENTITY_V1,908ce1f927ae651f,ee7e869f64d14b2d,PAIRING_V1
subj03,fold_1,val,B:T,vis2img,69,213,147,627,V2I_ROY_RANDOM_WITHIN_IDENTITY_V1,908ce1f927ae651f,9eaa86168453d21f,PAIRING_V1
subj03,fold_1,val,B:T,vis2img,80,224,166,646,V2I_ROY_RANDOM_WITHIN_IDENTITY_V1,908ce1f927ae651f,9eaa86168453d21f,PAIRING_V1
subj03,fold_1,val,B:W,vis2img,48,192,145,625,V2I_ROY_RANDOM_WITHIN_IDENTITY_V1,908ce1f927ae651f,59ef294834a54db2,PAIRING_V1
subj03,fold_1,val,B:W,vis2img,63,207,183,663,V2I_ROY_RANDOM_WITHIN_IDENTITY_V1,908ce1f927ae651f,59ef294834a54db2,PAIRING_V1
subj03,fold_1,test,A:E,vis2img,26,26,116,596,V2I_ROY_RANDOM_WITHIN_IDENTITY_V1,908ce1f927ae651f,5ebd06f0b17f8fb5,PAIRING_V1
subj03,fold_1,test,A:E,vis2img,32,32,111,591,V2I_ROY_RANDOM_WITHIN_IDENTITY_V1,908ce1f927ae651f,5ebd06f0b17f8fb5,PAIRING_V1
subj03,fold_1,test,A:H,vis2img,10,10,134,614,V2I_ROY_RANDOM_WITHIN_IDENTITY_V1,908ce1f927ae651f,5d8f300e87bcb05c,PAIRING_V1
subj03,fold_1,test,A:H,vis2img,14,14,125,605,V2I_ROY_RANDOM_WITHIN_IDENTITY_V1,908ce1f927ae651f,5d8f300e87bcb05c,PAIRING_V1
subj03,fold_1,test,A:L,vis2img,12,12,96,576,V2I_ROY_RANDOM_WITHIN_IDENTITY_V1,908ce1f927ae651f,40dfc003c8f5c23e,PAIRING_V1
subj03,fold_1,test,A:L,vis2img,27,27,126,606,V2I_ROY_RANDOM_WITHIN_IDENTITY_V1,908ce1f927ae651f,40dfc003c8f5c23e,PAIRING_V1
subj03,fold_1,test,A:P,vis2img,8,8,127,607,V2I_ROY_RANDOM_WITHIN_IDENTITY_V1,908ce1f927ae651f,975533b4116d3128,PAIRING_V1
subj03,fold_1,test,A:P,vis2img,13,13,130,610,V2I_ROY_RANDOM_WITHIN_IDENTITY_V1,908ce1f927ae651f,975533b4116d3128,PAIRING_V1
subj03,fold_1,test,A:R,vis2img,22,22,98,578,V2I_ROY_RANDOM_WITHIN_IDENTITY_V1,908ce1f927ae651f,91ef27a45efd64e0,PAIRING_V1
subj03,fold_1,test,A:R,vis2img,30,30,105,585,V2I_ROY_RANDOM_WITHIN_IDENTITY_V1,908ce1f927ae651f,91ef27a45efd64e0,PAIRING_V1
subj03,fold_1,test,A:V,vis2img,1,1,109,589,V2I_ROY_RANDOM_WITHIN_IDENTITY_V1,908ce1f927ae651f,a083af88be87725c,PAIRING_V1
subj03,fold_1,test,A:V,vis2img,3,3,97,577,V2I_ROY_RANDOM_WITHIN_IDENTITY_V1,908ce1f927ae651f,a083af88be87725c,PAIRING_V1
subj03,fold_1,test,B:B,vis2img,66,210,144,624,V2I_ROY_RANDOM_WITHIN_IDENTITY_V1,908ce1f927ae651f,fa4902070927e85a,PAIRING_V1
subj03,fold_1,test,B:B,vis2img,79,223,191,671,V2I_ROY_RANDOM_WITHIN_IDENTITY_V1,908ce1f927ae651f,fa4902070927e85a,PAIRING_V1
subj03,fold_1,test,B:C,vis2img,58,202,156,636,V2I_ROY_RANDOM_WITHIN_IDENTITY_V1,908ce1f927ae651f,9ec6b160ef29fb1d,PAIRING_V1
subj03,fold_1,test,B:C,vis2img,71,215,151,631,V2I_ROY_RANDOM_WITHIN_IDENTITY_V1,908ce1f927ae651f,9ec6b160ef29fb1d,PAIRING_V1
subj03,fold_1,test,B:D,vis2img,70,214,184,664,V2I_ROY_RANDOM_WITHIN_IDENTITY_V1,908ce1f927ae651f,6ef13979c666cebe,PAIRING_V1
subj03,fold_1,test,B:D,vis2img,93,237,150,630,V2I_ROY_RANDOM_WITHIN_IDENTITY_V1,908ce1f927ae651f,6ef13979c666cebe,PAIRING_V1
subj03,fold_1,test,B:K,vis2img,67,211,178,658,V2I_ROY_RANDOM_WITHIN_IDENTITY_V1,908ce1f927ae651f,8ba8402774d9d577,PAIRING_V1
subj03,fold_1,test,B:K,vis2img,91,235,187,667,V2I_ROY_RANDOM_WITHIN_IDENTITY_V1,908ce1f927ae651f,8ba8402774d9d577,PAIRING_V1
subj03,fold_1,test,B:T,vis2img,52,196,190,670,V2I_ROY_RANDOM_WITHIN_IDENTITY_V1,908ce1f927ae651f,855b02485bd5183f,PAIRING_V1
subj03,fold_1,test,B:T,vis2img,92,236,162,642,V2I_ROY_RANDOM_WITHIN_IDENTITY_V1,908ce1f927ae651f,855b02485bd5183f,PAIRING_V1
subj03,fold_1,test,B:W,vis2img,56,200,177,657,V2I_ROY_RANDOM_WITHIN_IDENTITY_V1,908ce1f927ae651f,fdb27dabf452c802,PAIRING_V1
subj03,fold_1,test,B:W,vis2img,75,219,181,661,V2I_ROY_RANDOM_WITHIN_IDENTITY_V1,908ce1f927ae651f,fdb27dabf452c802,PAIRING_V1
subj03,fold_2,train,A:E,vis2img,6,6,111,591,V2I_ROY_RANDOM_WITHIN_IDENTITY_V1,908ce1f927ae651f,42d94d03f36e35bb,PAIRING_V1
subj03,fold_2,train,A:E,vis2img,23,23,116,596,V2I_ROY_RANDOM_WITHIN_IDENTITY_V1,908ce1f927ae651f,42d94d03f36e35bb,PAIRING_V1
subj03,fold_2,train,A:E,vis2img,26,26,138,618,V2I_ROY_RANDOM_WITHIN_IDENTITY_V1,908ce1f927ae651f,42d94d03f36e35bb,PAIRING_V1
subj03,fold_2,train,A:E,vis2img,32,32,114,594,V2I_ROY_RANDOM_WITHIN_IDENTITY_V1,908ce1f927ae651f,42d94d03f36e35bb,PAIRING_V1
subj03,fold_2,train,A:H,vis2img,10,10,125,605,V2I_ROY_RANDOM_WITHIN_IDENTITY_V1,908ce1f927ae651f,64819f513183374b,PAIRING_V1
subj03,fold_2,train,A:H,vis2img,14,14,119,599,V2I_ROY_RANDOM_WITHIN_IDENTITY_V1,908ce1f927ae651f,64819f513183374b,PAIRING_V1
subj03,fold_2,train,A:H,vis2img,24,24,134,614,V2I_ROY_RANDOM_WITHIN_IDENTITY_V1,908ce1f927ae651f,64819f513183374b,PAIRING_V1
subj03,fold_2,train,A:H,vis2img,35,35,113,593,V2I_ROY_RANDOM_WITHIN_IDENTITY_V1,908ce1f927ae651f,64819f513183374b,PAIRING_V1
subj03,fold_2,train,A:L,vis2img,0,0,131,611,V2I_ROY_RANDOM_WITHIN_IDENTITY_V1,908ce1f927ae651f,33d8495d84e24f47,PAIRING_V1
subj03,fold_2,train,A:L,vis2img,4,4,96,576,V2I_ROY_RANDOM_WITHIN_IDENTITY_V1,908ce1f927ae651f,33d8495d84e24f47,PAIRING_V1
subj03,fold_2,train,A:L,vis2img,12,12,110,590,V2I_ROY_RANDOM_WITHIN_IDENTITY_V1,908ce1f927ae651f,33d8495d84e24f47,PAIRING_V1
subj03,fold_2,train,A:L,vis2img,27,27,126,606,V2I_ROY_RANDOM_WITHIN_IDENTITY_V1,908ce1f927ae651f,33d8495d84e24f47,PAIRING_V1
subj03,fold_2,train,A:P,vis2img,8,8,101,581,V2I_ROY_RANDOM_WITHIN_IDENTITY_V1,908ce1f927ae651f,33d92de7eb806fbc,PAIRING_V1
subj03,fold_2,train,A:P,vis2img,13,13,130,610,V2I_ROY_RANDOM_WITHIN_IDENTITY_V1,908ce1f927ae651f,33d92de7eb806fbc,PAIRING_V1
subj03,fold_2,train,A:P,vis2img,16,16,139,619,V2I_ROY_RANDOM_WITHIN_IDENTITY_V1,908ce1f927ae651f,33d92de7eb806fbc,PAIRING_V1
subj03,fold_2,train,A:P,vis2img,34,34,127,607,V2I_ROY_RANDOM_WITHIN_IDENTITY_V1,908ce1f927ae651f,33d92de7eb806fbc,PAIRING_V1
subj03,fold_2,train,A:R,vis2img,17,17,98,578,V2I_ROY_RANDOM_WITHIN_IDENTITY_V1,908ce1f927ae651f,5c520482ddb7c5b0,PAIRING_V1
subj03,fold_2,train,A:R,vis2img,22,22,105,585,V2I_ROY_RANDOM_WITHIN_IDENTITY_V1,908ce1f927ae651f,5c520482ddb7c5b0,PAIRING_V1
subj03,fold_2,train,A:R,vis2img,30,30,108,588,V2I_ROY_RANDOM_WITHIN_IDENTITY_V1,908ce1f927ae651f,5c520482ddb7c5b0,PAIRING_V1
subj03,fold_2,train,A:R,vis2img,46,46,124,604,V2I_ROY_RANDOM_WITHIN_IDENTITY_V1,908ce1f927ae651f,5c520482ddb7c5b0,PAIRING_V1
subj03,fold_2,train,A:V,vis2img,1,1,137,617,V2I_ROY_RANDOM_WITHIN_IDENTITY_V1,908ce1f927ae651f,37cdfab6dbc87c3a,PAIRING_V1
subj03,fold_2,train,A:V,vis2img,3,3,109,589,V2I_ROY_RANDOM_WITHIN_IDENTITY_V1,908ce1f927ae651f,37cdfab6dbc87c3a,PAIRING_V1
subj03,fold_2,train,A:V,vis2img,40,40,97,577,V2I_ROY_RANDOM_WITHIN_IDENTITY_V1,908ce1f927ae651f,37cdfab6dbc87c3a,PAIRING_V1
subj03,fold_2,train,A:V,vis2img,45,45,102,582,V2I_ROY_RANDOM_WITHIN_IDENTITY_V1,908ce1f927ae651f,37cdfab6dbc87c3a,PAIRING_V1
subj03,fold_2,train,B:B,vis2img,66,210,191,671,V2I_ROY_RANDOM_WITHIN_IDENTITY_V1,908ce1f927ae651f,73ba0e2c82b2e5e6,PAIRING_V1
subj03,fold_2,train,B:B,vis2img,76,220,165,645,V2I_ROY_RANDOM_WITHIN_IDENTITY_V1,908ce1f927ae651f,73ba0e2c82b2e5e6,PAIRING_V1
subj03,fold_2,train,B:B,vis2img,79,223,144,624,V2I_ROY_RANDOM_WITHIN_IDENTITY_V1,908ce1f927ae651f,73ba0e2c82b2e5e6,PAIRING_V1
subj03,fold_2,train,B:B,vis2img,94,238,167,647,V2I_ROY_RANDOM_WITHIN_IDENTITY_V1,908ce1f927ae651f,73ba0e2c82b2e5e6,PAIRING_V1
subj03,fold_2,train,B:C,vis2img,58,202,172,652,V2I_ROY_RANDOM_WITHIN_IDENTITY_V1,908ce1f927ae651f,cf696a55be397915,PAIRING_V1
subj03,fold_2,train,B:C,vis2img,64,208,151,631,V2I_ROY_RANDOM_WITHIN_IDENTITY_V1,908ce1f927ae651f,cf696a55be397915,PAIRING_V1
subj03,fold_2,train,B:C,vis2img,71,215,156,636,V2I_ROY_RANDOM_WITHIN_IDENTITY_V1,908ce1f927ae651f,cf696a55be397915,PAIRING_V1
subj03,fold_2,train,B:C,vis2img,86,230,163,643,V2I_ROY_RANDOM_WITHIN_IDENTITY_V1,908ce1f927ae651f,cf696a55be397915,PAIRING_V1
subj03,fold_2,train,B:D,vis2img,51,195,184,664,V2I_ROY_RANDOM_WITHIN_IDENTITY_V1,908ce1f927ae651f,772b32a25eeca838,PAIRING_V1
subj03,fold_2,train,B:D,vis2img,54,198,157,637,V2I_ROY_RANDOM_WITHIN_IDENTITY_V1,908ce1f927ae651f,772b32a25eeca838,PAIRING_V1
subj03,fold_2,train,B:D,vis2img,70,214,160,640,V2I_ROY_RANDOM_WITHIN_IDENTITY_V1,908ce1f927ae651f,772b32a25eeca838,PAIRING_V1
subj03,fold_2,train,B:D,vis2img,93,237,150,630,V2I_ROY_RANDOM_WITHIN_IDENTITY_V1,908ce1f927ae651f,772b32a25eeca838,PAIRING_V1
subj03,fold_2,train,B:K,vis2img,55,199,187,667,V2I_ROY_RANDOM_WITHIN_IDENTITY_V1,908ce1f927ae651f,fa2d7fae73924067,PAIRING_V1
subj03,fold_2,train,B:K,vis2img,67,211,176,656,V2I_ROY_RANDOM_WITHIN_IDENTITY_V1,908ce1f927ae651f,fa2d7fae73924067,PAIRING_V1
subj03,fold_2,train,B:K,vis2img,78,222,168,648,V2I_ROY_RANDOM_WITHIN_IDENTITY_V1,908ce1f927ae651f,fa2d7fae73924067,PAIRING_V1
subj03,fold_2,train,B:K,vis2img,91,235,178,658,V2I_ROY_RANDOM_WITHIN_IDENTITY_V1,908ce1f927ae651f,fa2d7fae73924067,PAIRING_V1
subj03,fold_2,train,B:T,vis2img,52,196,162,642,V2I_ROY_RANDOM_WITHIN_IDENTITY_V1,908ce1f927ae651f,5ebe06ffa67b67e6,PAIRING_V1
subj03,fold_2,train,B:T,vis2img,74,218,190,670,V2I_ROY_RANDOM_WITHIN_IDENTITY_V1,908ce1f927ae651f,5ebe06ffa67b67e6,PAIRING_V1
subj03,fold_2,train,B:T,vis2img,88,232,180,660,V2I_ROY_RANDOM_WITHIN_IDENTITY_V1,908ce1f927ae651f,5ebe06ffa67b67e6,PAIRING_V1
subj03,fold_2,train,B:T,vis2img,92,236,182,662,V2I_ROY_RANDOM_WITHIN_IDENTITY_V1,908ce1f927ae651f,5ebe06ffa67b67e6,PAIRING_V1
subj03,fold_2,train,B:W,vis2img,50,194,177,657,V2I_ROY_RANDOM_WITHIN_IDENTITY_V1,908ce1f927ae651f,491bfd7e882169a7,PAIRING_V1
subj03,fold_2,train,B:W,vis2img,56,200,181,661,V2I_ROY_RANDOM_WITHIN_IDENTITY_V1,908ce1f927ae651f,491bfd7e882169a7,PAIRING_V1
subj03,fold_2,train,B:W,vis2img,75,219,153,633,V2I_ROY_RANDOM_WITHIN_IDENTITY_V1,908ce1f927ae651f,491bfd7e882169a7,PAIRING_V1
subj03,fold_2,train,B:W,vis2img,87,231,171,651,V2I_ROY_RANDOM_WITHIN_IDENTITY_V1,908ce1f927ae651f,491bfd7e882169a7,PAIRING_V1
subj03,fold_2,val,A:E,vis2img,9,9,107,587,V2I_ROY_RANDOM_WITHIN_IDENTITY_V1,908ce1f927ae651f,cc45607f8dc5dfa8,PAIRING_V1
subj03,fold_2,val,A:E,vis2img,38,38,123,603,V2I_ROY_RANDOM_WITHIN_IDENTITY_V1,908ce1f927ae651f,cc45607f8dc5dfa8,PAIRING_V1
subj03,fold_2,val,A:H,vis2img,18,18,104,584,V2I_ROY_RANDOM_WITHIN_IDENTITY_V1,908ce1f927ae651f,03d5cb7d88b06cff,PAIRING_V1
subj03,fold_2,val,A:H,vis2img,21,21,121,601,V2I_ROY_RANDOM_WITHIN_IDENTITY_V1,908ce1f927ae651f,03d5cb7d88b06cff,PAIRING_V1
subj03,fold_2,val,A:L,vis2img,7,7,115,595,V2I_ROY_RANDOM_WITHIN_IDENTITY_V1,908ce1f927ae651f,15fdfd0d0276ceb1,PAIRING_V1
subj03,fold_2,val,A:L,vis2img,29,29,99,579,V2I_ROY_RANDOM_WITHIN_IDENTITY_V1,908ce1f927ae651f,15fdfd0d0276ceb1,PAIRING_V1
subj03,fold_2,val,A:P,vis2img,11,11,141,621,V2I_ROY_RANDOM_WITHIN_IDENTITY_V1,908ce1f927ae651f,6e8c9fa0d9097c51,PAIRING_V1
subj03,fold_2,val,A:P,vis2img,37,37,122,602,V2I_ROY_RANDOM_WITHIN_IDENTITY_V1,908ce1f927ae651f,6e8c9fa0d9097c51,PAIRING_V1
subj03,fold_2,val,A:R,vis2img,5,5,103,583,V2I_ROY_RANDOM_WITHIN_IDENTITY_V1,908ce1f927ae651f,58a3c38106fde8a6,PAIRING_V1
subj03,fold_2,val,A:R,vis2img,44,44,136,616,V2I_ROY_RANDOM_WITHIN_IDENTITY_V1,908ce1f927ae651f,58a3c38106fde8a6,PAIRING_V1
subj03,fold_2,val,A:V,vis2img,31,31,128,608,V2I_ROY_RANDOM_WITHIN_IDENTITY_V1,908ce1f927ae651f,7a82e3becee56979,PAIRING_V1
subj03,fold_2,val,A:V,vis2img,33,33,132,612,V2I_ROY_RANDOM_WITHIN_IDENTITY_V1,908ce1f927ae651f,7a82e3becee56979,PAIRING_V1
subj03,fold_2,val,B:B,vis2img,83,227,179,659,V2I_ROY_RANDOM_WITHIN_IDENTITY_V1,908ce1f927ae651f,1a225d7d95f243f6,PAIRING_V1
subj03,fold_2,val,B:B,vis2img,85,229,173,653,V2I_ROY_RANDOM_WITHIN_IDENTITY_V1,908ce1f927ae651f,1a225d7d95f243f6,PAIRING_V1
subj03,fold_2,val,B:C,vis2img,49,193,158,638,V2I_ROY_RANDOM_WITHIN_IDENTITY_V1,908ce1f927ae651f,96edfbca2bd05087,PAIRING_V1
subj03,fold_2,val,B:C,vis2img,73,217,186,666,V2I_ROY_RANDOM_WITHIN_IDENTITY_V1,908ce1f927ae651f,96edfbca2bd05087,PAIRING_V1
subj03,fold_2,val,B:D,vis2img,61,205,174,654,V2I_ROY_RANDOM_WITHIN_IDENTITY_V1,908ce1f927ae651f,6ccff5a74e738053,PAIRING_V1
subj03,fold_2,val,B:D,vis2img,65,209,155,635,V2I_ROY_RANDOM_WITHIN_IDENTITY_V1,908ce1f927ae651f,6ccff5a74e738053,PAIRING_V1
subj03,fold_2,val,B:K,vis2img,57,201,152,632,V2I_ROY_RANDOM_WITHIN_IDENTITY_V1,908ce1f927ae651f,ed397cbeab89a8b8,PAIRING_V1
subj03,fold_2,val,B:K,vis2img,84,228,154,634,V2I_ROY_RANDOM_WITHIN_IDENTITY_V1,908ce1f927ae651f,ed397cbeab89a8b8,PAIRING_V1
subj03,fold_2,val,B:T,vis2img,69,213,147,627,V2I_ROY_RANDOM_WITHIN_IDENTITY_V1,908ce1f927ae651f,96548f99e0bb1130,PAIRING_V1
subj03,fold_2,val,B:T,vis2img,80,224,166,646,V2I_ROY_RANDOM_WITHIN_IDENTITY_V1,908ce1f927ae651f,96548f99e0bb1130,PAIRING_V1
subj03,fold_2,val,B:W,vis2img,48,192,183,663,V2I_ROY_RANDOM_WITHIN_IDENTITY_V1,908ce1f927ae651f,b8f8be6606de572e,PAIRING_V1
subj03,fold_2,val,B:W,vis2img,63,207,145,625,V2I_ROY_RANDOM_WITHIN_IDENTITY_V1,908ce1f927ae651f,b8f8be6606de572e,PAIRING_V1
subj03,fold_2,test,A:E,vis2img,43,43,118,598,V2I_ROY_RANDOM_WITHIN_IDENTITY_V1,908ce1f927ae651f,183ccf8df1e297a1,PAIRING_V1
subj03,fold_2,test,A:E,vis2img,47,47,120,600,V2I_ROY_RANDOM_WITHIN_IDENTITY_V1,908ce1f927ae651f,183ccf8df1e297a1,PAIRING_V1
subj03,fold_2,test,A:H,vis2img,2,2,129,609,V2I_ROY_RANDOM_WITHIN_IDENTITY_V1,908ce1f927ae651f,35438a8f14c6f5fb,PAIRING_V1
subj03,fold_2,test,A:H,vis2img,28,28,140,620,V2I_ROY_RANDOM_WITHIN_IDENTITY_V1,908ce1f927ae651f,35438a8f14c6f5fb,PAIRING_V1
subj03,fold_2,test,A:L,vis2img,36,36,117,597,V2I_ROY_RANDOM_WITHIN_IDENTITY_V1,908ce1f927ae651f,28e955ebf25538a5,PAIRING_V1
subj03,fold_2,test,A:L,vis2img,42,42,135,615,V2I_ROY_RANDOM_WITHIN_IDENTITY_V1,908ce1f927ae651f,28e955ebf25538a5,PAIRING_V1
subj03,fold_2,test,A:P,vis2img,20,20,112,592,V2I_ROY_RANDOM_WITHIN_IDENTITY_V1,908ce1f927ae651f,71ba1d3018ca0545,PAIRING_V1
subj03,fold_2,test,A:P,vis2img,41,41,143,623,V2I_ROY_RANDOM_WITHIN_IDENTITY_V1,908ce1f927ae651f,71ba1d3018ca0545,PAIRING_V1
subj03,fold_2,test,A:R,vis2img,25,25,133,613,V2I_ROY_RANDOM_WITHIN_IDENTITY_V1,908ce1f927ae651f,96df97d0ff1141c5,PAIRING_V1
subj03,fold_2,test,A:R,vis2img,39,39,142,622,V2I_ROY_RANDOM_WITHIN_IDENTITY_V1,908ce1f927ae651f,96df97d0ff1141c5,PAIRING_V1
subj03,fold_2,test,A:V,vis2img,15,15,106,586,V2I_ROY_RANDOM_WITHIN_IDENTITY_V1,908ce1f927ae651f,fb4102652ad628fa,PAIRING_V1
subj03,fold_2,test,A:V,vis2img,19,19,100,580,V2I_ROY_RANDOM_WITHIN_IDENTITY_V1,908ce1f927ae651f,fb4102652ad628fa,PAIRING_V1
subj03,fold_2,test,B:B,vis2img,53,197,161,641,V2I_ROY_RANDOM_WITHIN_IDENTITY_V1,908ce1f927ae651f,c7970c651a337548,PAIRING_V1
subj03,fold_2,test,B:B,vis2img,89,233,185,665,V2I_ROY_RANDOM_WITHIN_IDENTITY_V1,908ce1f927ae651f,c7970c651a337548,PAIRING_V1
subj03,fold_2,test,B:C,vis2img,62,206,148,628,V2I_ROY_RANDOM_WITHIN_IDENTITY_V1,908ce1f927ae651f,8b7d13da989e1a06,PAIRING_V1
subj03,fold_2,test,B:C,vis2img,90,234,146,626,V2I_ROY_RANDOM_WITHIN_IDENTITY_V1,908ce1f927ae651f,8b7d13da989e1a06,PAIRING_V1
subj03,fold_2,test,B:D,vis2img,68,212,188,668,V2I_ROY_RANDOM_WITHIN_IDENTITY_V1,908ce1f927ae651f,7ea7f1701ffedb60,PAIRING_V1
subj03,fold_2,test,B:D,vis2img,81,225,169,649,V2I_ROY_RANDOM_WITHIN_IDENTITY_V1,908ce1f927ae651f,7ea7f1701ffedb60,PAIRING_V1
subj03,fold_2,test,B:K,vis2img,59,203,149,629,V2I_ROY_RANDOM_WITHIN_IDENTITY_V1,908ce1f927ae651f,ffa1728013b590b8,PAIRING_V1
subj03,fold_2,test,B:K,vis2img,82,226,189,669,V2I_ROY_RANDOM_WITHIN_IDENTITY_V1,908ce1f927ae651f,ffa1728013b590b8,PAIRING_V1
subj03,fold_2,test,B:T,vis2img,60,204,170,650,V2I_ROY_RANDOM_WITHIN_IDENTITY_V1,908ce1f927ae651f,2c2e289935018e21,PAIRING_V1
subj03,fold_2,test,B:T,vis2img,95,239,159,639,V2I_ROY_RANDOM_WITHIN_IDENTITY_V1,908ce1f927ae651f,2c2e289935018e21,PAIRING_V1
subj03,fold_2,test,B:W,vis2img,72,216,164,644,V2I_ROY_RANDOM_WITHIN_IDENTITY_V1,908ce1f927ae651f,9911ac74fd30810c,PAIRING_V1
subj03,fold_2,test,B:W,vis2img,77,221,175,655,V2I_ROY_RANDOM_WITHIN_IDENTITY_V1,908ce1f927ae651f,9911ac74fd30810c,PAIRING_V1
subj03,fold_3,train,A:E,vis2img,6,6,114,594,V2I_ROY_RANDOM_WITHIN_IDENTITY_V1,908ce1f927ae651f,7fdd8185bb47cf05,PAIRING_V1
subj03,fold_3,train,A:E,vis2img,23,23,138,618,V2I_ROY_RANDOM_WITHIN_IDENTITY_V1,908ce1f927ae651f,7fdd8185bb47cf05,PAIRING_V1
subj03,fold_3,train,A:E,vis2img,26,26,116,596,V2I_ROY_RANDOM_WITHIN_IDENTITY_V1,908ce1f927ae651f,7fdd8185bb47cf05,PAIRING_V1
subj03,fold_3,train,A:E,vis2img,32,32,111,591,V2I_ROY_RANDOM_WITHIN_IDENTITY_V1,908ce1f927ae651f,7fdd8185bb47cf05,PAIRING_V1
subj03,fold_3,train,A:H,vis2img,10,10,134,614,V2I_ROY_RANDOM_WITHIN_IDENTITY_V1,908ce1f927ae651f,ae144a8ae67c5f08,PAIRING_V1
subj03,fold_3,train,A:H,vis2img,14,14,119,599,V2I_ROY_RANDOM_WITHIN_IDENTITY_V1,908ce1f927ae651f,ae144a8ae67c5f08,PAIRING_V1
subj03,fold_3,train,A:H,vis2img,24,24,125,605,V2I_ROY_RANDOM_WITHIN_IDENTITY_V1,908ce1f927ae651f,ae144a8ae67c5f08,PAIRING_V1
subj03,fold_3,train,A:H,vis2img,35,35,113,593,V2I_ROY_RANDOM_WITHIN_IDENTITY_V1,908ce1f927ae651f,ae144a8ae67c5f08,PAIRING_V1
subj03,fold_3,train,A:L,vis2img,0,0,131,611,V2I_ROY_RANDOM_WITHIN_IDENTITY_V1,908ce1f927ae651f,c5cee4c06fab4560,PAIRING_V1
subj03,fold_3,train,A:L,vis2img,4,4,96,576,V2I_ROY_RANDOM_WITHIN_IDENTITY_V1,908ce1f927ae651f,c5cee4c06fab4560,PAIRING_V1
subj03,fold_3,train,A:L,vis2img,12,12,126,606,V2I_ROY_RANDOM_WITHIN_IDENTITY_V1,908ce1f927ae651f,c5cee4c06fab4560,PAIRING_V1
subj03,fold_3,train,A:L,vis2img,27,27,110,590,V2I_ROY_RANDOM_WITHIN_IDENTITY_V1,908ce1f927ae651f,c5cee4c06fab4560,PAIRING_V1
subj03,fold_3,train,A:P,vis2img,8,8,101,581,V2I_ROY_RANDOM_WITHIN_IDENTITY_V1,908ce1f927ae651f,b3dbe32b158bbc58,PAIRING_V1
subj03,fold_3,train,A:P,vis2img,13,13,139,619,V2I_ROY_RANDOM_WITHIN_IDENTITY_V1,908ce1f927ae651f,b3dbe32b158bbc58,PAIRING_V1
subj03,fold_3,train,A:P,vis2img,16,16,127,607,V2I_ROY_RANDOM_WITHIN_IDENTITY_V1,908ce1f927ae651f,b3dbe32b158bbc58,PAIRING_V1
subj03,fold_3,train,A:P,vis2img,34,34,130,610,V2I_ROY_RANDOM_WITHIN_IDENTITY_V1,908ce1f927ae651f,b3dbe32b158bbc58,PAIRING_V1
subj03,fold_3,train,A:R,vis2img,17,17,108,588,V2I_ROY_RANDOM_WITHIN_IDENTITY_V1,908ce1f927ae651f,723b40ecf1f136e0,PAIRING_V1
subj03,fold_3,train,A:R,vis2img,22,22,105,585,V2I_ROY_RANDOM_WITHIN_IDENTITY_V1,908ce1f927ae651f,723b40ecf1f136e0,PAIRING_V1
subj03,fold_3,train,A:R,vis2img,30,30,98,578,V2I_ROY_RANDOM_WITHIN_IDENTITY_V1,908ce1f927ae651f,723b40ecf1f136e0,PAIRING_V1
subj03,fold_3,train,A:R,vis2img,46,46,124,604,V2I_ROY_RANDOM_WITHIN_IDENTITY_V1,908ce1f927ae651f,723b40ecf1f136e0,PAIRING_V1
subj03,fold_3,train,A:V,vis2img,1,1,109,589,V2I_ROY_RANDOM_WITHIN_IDENTITY_V1,908ce1f927ae651f,0cd23dd50dea9114,PAIRING_V1
subj03,fold_3,train,A:V,vis2img,3,3,102,582,V2I_ROY_RANDOM_WITHIN_IDENTITY_V1,908ce1f927ae651f,0cd23dd50dea9114,PAIRING_V1
subj03,fold_3,train,A:V,vis2img,40,40,137,617,V2I_ROY_RANDOM_WITHIN_IDENTITY_V1,908ce1f927ae651f,0cd23dd50dea9114,PAIRING_V1
subj03,fold_3,train,A:V,vis2img,45,45,97,577,V2I_ROY_RANDOM_WITHIN_IDENTITY_V1,908ce1f927ae651f,0cd23dd50dea9114,PAIRING_V1
subj03,fold_3,train,B:B,vis2img,66,210,191,671,V2I_ROY_RANDOM_WITHIN_IDENTITY_V1,908ce1f927ae651f,7e193f611c27f357,PAIRING_V1
subj03,fold_3,train,B:B,vis2img,76,220,165,645,V2I_ROY_RANDOM_WITHIN_IDENTITY_V1,908ce1f927ae651f,7e193f611c27f357,PAIRING_V1
subj03,fold_3,train,B:B,vis2img,79,223,167,647,V2I_ROY_RANDOM_WITHIN_IDENTITY_V1,908ce1f927ae651f,7e193f611c27f357,PAIRING_V1
subj03,fold_3,train,B:B,vis2img,94,238,144,624,V2I_ROY_RANDOM_WITHIN_IDENTITY_V1,908ce1f927ae651f,7e193f611c27f357,PAIRING_V1
subj03,fold_3,train,B:C,vis2img,58,202,156,636,V2I_ROY_RANDOM_WITHIN_IDENTITY_V1,908ce1f927ae651f,cc0294719a2592e7,PAIRING_V1
subj03,fold_3,train,B:C,vis2img,64,208,163,643,V2I_ROY_RANDOM_WITHIN_IDENTITY_V1,908ce1f927ae651f,cc0294719a2592e7,PAIRING_V1
subj03,fold_3,train,B:C,vis2img,71,215,151,631,V2I_ROY_RANDOM_WITHIN_IDENTITY_V1,908ce1f927ae651f,cc0294719a2592e7,PAIRING_V1
subj03,fold_3,train,B:C,vis2img,86,230,172,652,V2I_ROY_RANDOM_WITHIN_IDENTITY_V1,908ce1f927ae651f,cc0294719a2592e7,PAIRING_V1
subj03,fold_3,train,B:D,vis2img,51,195,157,637,V2I_ROY_RANDOM_WITHIN_IDENTITY_V1,908ce1f927ae651f,13cb373b20521bff,PAIRING_V1
subj03,fold_3,train,B:D,vis2img,54,198,184,664,V2I_ROY_RANDOM_WITHIN_IDENTITY_V1,908ce1f927ae651f,13cb373b20521bff,PAIRING_V1
subj03,fold_3,train,B:D,vis2img,70,214,150,630,V2I_ROY_RANDOM_WITHIN_IDENTITY_V1,908ce1f927ae651f,13cb373b20521bff,PAIRING_V1
subj03,fold_3,train,B:D,vis2img,93,237,160,640,V2I_ROY_RANDOM_WITHIN_IDENTITY_V1,908ce1f927ae651f,13cb373b20521bff,PAIRING_V1
subj03,fold_3,train,B:K,vis2img,55,199,168,648,V2I_ROY_RANDOM_WITHIN_IDENTITY_V1,908ce1f927ae651f,b3d6fa5db28ee70d,PAIRING_V1
subj03,fold_3,train,B:K,vis2img,67,211,187,667,V2I_ROY_RANDOM_WITHIN_IDENTITY_V1,908ce1f927ae651f,b3d6fa5db28ee70d,PAIRING_V1
subj03,fold_3,train,B:K,vis2img,78,222,176,656,V2I_ROY_RANDOM_WITHIN_IDENTITY_V1,908ce1f927ae651f,b3d6fa5db28ee70d,PAIRING_V1
subj03,fold_3,train,B:K,vis2img,91,235,178,658,V2I_ROY_RANDOM_WITHIN_IDENTITY_V1,908ce1f927ae651f,b3d6fa5db28ee70d,PAIRING_V1
subj03,fold_3,train,B:T,vis2img,52,196,182,662,V2I_ROY_RANDOM_WITHIN_IDENTITY_V1,908ce1f927ae651f,1f651a2a1921c4da,PAIRING_V1
subj03,fold_3,train,B:T,vis2img,74,218,180,660,V2I_ROY_RANDOM_WITHIN_IDENTITY_V1,908ce1f927ae651f,1f651a2a1921c4da,PAIRING_V1
subj03,fold_3,train,B:T,vis2img,88,232,162,642,V2I_ROY_RANDOM_WITHIN_IDENTITY_V1,908ce1f927ae651f,1f651a2a1921c4da,PAIRING_V1
subj03,fold_3,train,B:T,vis2img,92,236,190,670,V2I_ROY_RANDOM_WITHIN_IDENTITY_V1,908ce1f927ae651f,1f651a2a1921c4da,PAIRING_V1
subj03,fold_3,train,B:W,vis2img,50,194,177,657,V2I_ROY_RANDOM_WITHIN_IDENTITY_V1,908ce1f927ae651f,30d87062dc871953,PAIRING_V1
subj03,fold_3,train,B:W,vis2img,56,200,171,651,V2I_ROY_RANDOM_WITHIN_IDENTITY_V1,908ce1f927ae651f,30d87062dc871953,PAIRING_V1
subj03,fold_3,train,B:W,vis2img,75,219,153,633,V2I_ROY_RANDOM_WITHIN_IDENTITY_V1,908ce1f927ae651f,30d87062dc871953,PAIRING_V1
subj03,fold_3,train,B:W,vis2img,87,231,181,661,V2I_ROY_RANDOM_WITHIN_IDENTITY_V1,908ce1f927ae651f,30d87062dc871953,PAIRING_V1
subj03,fold_3,val,A:E,vis2img,43,43,120,600,V2I_ROY_RANDOM_WITHIN_IDENTITY_V1,908ce1f927ae651f,1eaffa35b287f6db,PAIRING_V1
subj03,fold_3,val,A:E,vis2img,47,47,118,598,V2I_ROY_RANDOM_WITHIN_IDENTITY_V1,908ce1f927ae651f,1eaffa35b287f6db,PAIRING_V1
subj03,fold_3,val,A:H,vis2img,2,2,140,620,V2I_ROY_RANDOM_WITHIN_IDENTITY_V1,908ce1f927ae651f,12069a94c0492f33,PAIRING_V1
subj03,fold_3,val,A:H,vis2img,28,28,129,609,V2I_ROY_RANDOM_WITHIN_IDENTITY_V1,908ce1f927ae651f,12069a94c0492f33,PAIRING_V1
subj03,fold_3,val,A:L,vis2img,36,36,117,597,V2I_ROY_RANDOM_WITHIN_IDENTITY_V1,908ce1f927ae651f,5fb853514bb0aa37,PAIRING_V1
subj03,fold_3,val,A:L,vis2img,42,42,135,615,V2I_ROY_RANDOM_WITHIN_IDENTITY_V1,908ce1f927ae651f,5fb853514bb0aa37,PAIRING_V1
subj03,fold_3,val,A:P,vis2img,20,20,112,592,V2I_ROY_RANDOM_WITHIN_IDENTITY_V1,908ce1f927ae651f,41e8d627caf82f5f,PAIRING_V1
subj03,fold_3,val,A:P,vis2img,41,41,143,623,V2I_ROY_RANDOM_WITHIN_IDENTITY_V1,908ce1f927ae651f,41e8d627caf82f5f,PAIRING_V1
subj03,fold_3,val,A:R,vis2img,25,25,133,613,V2I_ROY_RANDOM_WITHIN_IDENTITY_V1,908ce1f927ae651f,bcd4ccb511e33f28,PAIRING_V1
subj03,fold_3,val,A:R,vis2img,39,39,142,622,V2I_ROY_RANDOM_WITHIN_IDENTITY_V1,908ce1f927ae651f,bcd4ccb511e33f28,PAIRING_V1
subj03,fold_3,val,A:V,vis2img,15,15,100,580,V2I_ROY_RANDOM_WITHIN_IDENTITY_V1,908ce1f927ae651f,b608f38bc4bda98f,PAIRING_V1
subj03,fold_3,val,A:V,vis2img,19,19,106,586,V2I_ROY_RANDOM_WITHIN_IDENTITY_V1,908ce1f927ae651f,b608f38bc4bda98f,PAIRING_V1
subj03,fold_3,val,B:B,vis2img,53,197,185,665,V2I_ROY_RANDOM_WITHIN_IDENTITY_V1,908ce1f927ae651f,01cc00e62238555c,PAIRING_V1
subj03,fold_3,val,B:B,vis2img,89,233,161,641,V2I_ROY_RANDOM_WITHIN_IDENTITY_V1,908ce1f927ae651f,01cc00e62238555c,PAIRING_V1
subj03,fold_3,val,B:C,vis2img,62,206,146,626,V2I_ROY_RANDOM_WITHIN_IDENTITY_V1,908ce1f927ae651f,20273b103598d15b,PAIRING_V1
subj03,fold_3,val,B:C,vis2img,90,234,148,628,V2I_ROY_RANDOM_WITHIN_IDENTITY_V1,908ce1f927ae651f,20273b103598d15b,PAIRING_V1
subj03,fold_3,val,B:D,vis2img,68,212,169,649,V2I_ROY_RANDOM_WITHIN_IDENTITY_V1,908ce1f927ae651f,251a7b10b970eebf,PAIRING_V1
subj03,fold_3,val,B:D,vis2img,81,225,188,668,V2I_ROY_RANDOM_WITHIN_IDENTITY_V1,908ce1f927ae651f,251a7b10b970eebf,PAIRING_V1
subj03,fold_3,val,B:K,vis2img,59,203,149,629,V2I_ROY_RANDOM_WITHIN_IDENTITY_V1,908ce1f927ae651f,660b545ee6b5e7dd,PAIRING_V1
subj03,fold_3,val,B:K,vis2img,82,226,189,669,V2I_ROY_RANDOM_WITHIN_IDENTITY_V1,908ce1f927ae651f,660b545ee6b5e7dd,PAIRING_V1
subj03,fold_3,val,B:T,vis2img,60,204,159,639,V2I_ROY_RANDOM_WITHIN_IDENTITY_V1,908ce1f927ae651f,0b2705d1c2b40fa3,PAIRING_V1
subj03,fold_3,val,B:T,vis2img,95,239,170,650,V2I_ROY_RANDOM_WITHIN_IDENTITY_V1,908ce1f927ae651f,0b2705d1c2b40fa3,PAIRING_V1
subj03,fold_3,val,B:W,vis2img,72,216,164,644,V2I_ROY_RANDOM_WITHIN_IDENTITY_V1,908ce1f927ae651f,05eef4987f51edbc,PAIRING_V1
subj03,fold_3,val,B:W,vis2img,77,221,175,655,V2I_ROY_RANDOM_WITHIN_IDENTITY_V1,908ce1f927ae651f,05eef4987f51edbc,PAIRING_V1
subj03,fold_3,test,A:E,vis2img,9,9,107,587,V2I_ROY_RANDOM_WITHIN_IDENTITY_V1,908ce1f927ae651f,be96c85f513273fa,PAIRING_V1
subj03,fold_3,test,A:E,vis2img,38,38,123,603,V2I_ROY_RANDOM_WITHIN_IDENTITY_V1,908ce1f927ae651f,be96c85f513273fa,PAIRING_V1
subj03,fold_3,test,A:H,vis2img,18,18,121,601,V2I_ROY_RANDOM_WITHIN_IDENTITY_V1,908ce1f927ae651f,19c5011f1afb0212,PAIRING_V1
subj03,fold_3,test,A:H,vis2img,21,21,104,584,V2I_ROY_RANDOM_WITHIN_IDENTITY_V1,908ce1f927ae651f,19c5011f1afb0212,PAIRING_V1
subj03,fold_3,test,A:L,vis2img,7,7,115,595,V2I_ROY_RANDOM_WITHIN_IDENTITY_V1,908ce1f927ae651f,f2fcef1828f7bee0,PAIRING_V1
subj03,fold_3,test,A:L,vis2img,29,29,99,579,V2I_ROY_RANDOM_WITHIN_IDENTITY_V1,908ce1f927ae651f,f2fcef1828f7bee0,PAIRING_V1
subj03,fold_3,test,A:P,vis2img,11,11,141,621,V2I_ROY_RANDOM_WITHIN_IDENTITY_V1,908ce1f927ae651f,42097b5edf7cc7e3,PAIRING_V1
subj03,fold_3,test,A:P,vis2img,37,37,122,602,V2I_ROY_RANDOM_WITHIN_IDENTITY_V1,908ce1f927ae651f,42097b5edf7cc7e3,PAIRING_V1
subj03,fold_3,test,A:R,vis2img,5,5,136,616,V2I_ROY_RANDOM_WITHIN_IDENTITY_V1,908ce1f927ae651f,5168712e0e569b6f,PAIRING_V1
subj03,fold_3,test,A:R,vis2img,44,44,103,583,V2I_ROY_RANDOM_WITHIN_IDENTITY_V1,908ce1f927ae651f,5168712e0e569b6f,PAIRING_V1
subj03,fold_3,test,A:V,vis2img,31,31,132,612,V2I_ROY_RANDOM_WITHIN_IDENTITY_V1,908ce1f927ae651f,fe0b3b18267f4849,PAIRING_V1
subj03,fold_3,test,A:V,vis2img,33,33,128,608,V2I_ROY_RANDOM_WITHIN_IDENTITY_V1,908ce1f927ae651f,fe0b3b18267f4849,PAIRING_V1
subj03,fold_3,test,B:B,vis2img,83,227,173,653,V2I_ROY_RANDOM_WITHIN_IDENTITY_V1,908ce1f927ae651f,4b78740db6f35b7a,PAIRING_V1
subj03,fold_3,test,B:B,vis2img,85,229,179,659,V2I_ROY_RANDOM_WITHIN_IDENTITY_V1,908ce1f927ae651f,4b78740db6f35b7a,PAIRING_V1
subj03,fold_3,test,B:C,vis2img,49,193,186,666,V2I_ROY_RANDOM_WITHIN_IDENTITY_V1,908ce1f927ae651f,f6e2c1f7c7729781,PAIRING_V1
subj03,fold_3,test,B:C,vis2img,73,217,158,638,V2I_ROY_RANDOM_WITHIN_IDENTITY_V1,908ce1f927ae651f,f6e2c1f7c7729781,PAIRING_V1
subj03,fold_3,test,B:D,vis2img,61,205,174,654,V2I_ROY_RANDOM_WITHIN_IDENTITY_V1,908ce1f927ae651f,8fde7bd38557e9ed,PAIRING_V1
subj03,fold_3,test,B:D,vis2img,65,209,155,635,V2I_ROY_RANDOM_WITHIN_IDENTITY_V1,908ce1f927ae651f,8fde7bd38557e9ed,PAIRING_V1
subj03,fold_3,test,B:K,vis2img,57,201,152,632,V2I_ROY_RANDOM_WITHIN_IDENTITY_V1,908ce1f927ae651f,403035cdb20b27a8,PAIRING_V1
subj03,fold_3,test,B:K,vis2img,84,228,154,634,V2I_ROY_RANDOM_WITHIN_IDENTITY_V1,908ce1f927ae651f,403035cdb20b27a8,PAIRING_V1
subj03,fold_3,test,B:T,vis2img,69,213,147,627,V2I_ROY_RANDOM_WITHIN_IDENTITY_V1,908ce1f927ae651f,47759bdb328b1826,PAIRING_V1
subj03,fold_3,test,B:T,vis2img,80,224,166,646,V2I_ROY_RANDOM_WITHIN_IDENTITY_V1,908ce1f927ae651f,47759bdb328b1826,PAIRING_V1
subj03,fold_3,test,B:W,vis2img,48,192,183,663,V2I_ROY_RANDOM_WITHIN_IDENTITY_V1,908ce1f927ae651f,afb0e62f41d0d550,PAIRING_V1
subj03,fold_3,test,B:W,vis2img,63,207,145,625,V2I_ROY_RANDOM_WITHIN_IDENTITY_V1,908ce1f927ae651f,afb0e62f41d0d550,PAIRING_V1
subj04,fold_0,train,A:E,vis2img,26,26,120,600,V2I_ROY_RANDOM_WITHIN_IDENTITY_V1,908ce1f927ae651f,5decbcdfafed8bb9,PAIRING_V1
subj04,fold_0,train,A:E,vis2img,32,32,116,596,V2I_ROY_RANDOM_WITHIN_IDENTITY_V1,908ce1f927ae651f,5decbcdfafed8bb9,PAIRING_V1
subj04,fold_0,train,A:E,vis2img,43,43,118,598,V2I_ROY_RANDOM_WITHIN_IDENTITY_V1,908ce1f927ae651f,5decbcdfafed8bb9,PAIRING_V1
subj04,fold_0,train,A:E,vis2img,47,47,111,591,V2I_ROY_RANDOM_WITHIN_IDENTITY_V1,908ce1f927ae651f,5decbcdfafed8bb9,PAIRING_V1
subj04,fold_0,train,A:H,vis2img,2,2,134,614,V2I_ROY_RANDOM_WITHIN_IDENTITY_V1,908ce1f927ae651f,e0993206395df87b,PAIRING_V1
subj04,fold_0,train,A:H,vis2img,10,10,140,620,V2I_ROY_RANDOM_WITHIN_IDENTITY_V1,908ce1f927ae651f,e0993206395df87b,PAIRING_V1
subj04,fold_0,train,A:H,vis2img,14,14,125,605,V2I_ROY_RANDOM_WITHIN_IDENTITY_V1,908ce1f927ae651f,e0993206395df87b,PAIRING_V1
subj04,fold_0,train,A:H,vis2img,28,28,129,609,V2I_ROY_RANDOM_WITHIN_IDENTITY_V1,908ce1f927ae651f,e0993206395df87b,PAIRING_V1
subj04,fold_0,train,A:L,vis2img,12,12,135,615,V2I_ROY_RANDOM_WITHIN_IDENTITY_V1,908ce1f927ae651f,61fbf6ea52a252a2,PAIRING_V1
subj04,fold_0,train,A:L,vis2img,27,27,96,576,V2I_ROY_RANDOM_WITHIN_IDENTITY_V1,908ce1f927ae651f,61fbf6ea52a252a2,PAIRING_V1
subj04,fold_0,train,A:L,vis2img,36,36,117,597,V2I_ROY_RANDOM_WITHIN_IDENTITY_V1,908ce1f927ae651f,61fbf6ea52a252a2,PAIRING_V1
subj04,fold_0,train,A:L,vis2img,42,42,126,606,V2I_ROY_RANDOM_WITHIN_IDENTITY_V1,908ce1f927ae651f,61fbf6ea52a252a2,PAIRING_V1
subj04,fold_0,train,A:P,vis2img,8,8,143,623,V2I_ROY_RANDOM_WITHIN_IDENTITY_V1,908ce1f927ae651f,cf02bcb759df7cdb,PAIRING_V1
subj04,fold_0,train,A:P,vis2img,13,13,130,610,V2I_ROY_RANDOM_WITHIN_IDENTITY_V1,908ce1f927ae651f,cf02bcb759df7cdb,PAIRING_V1
subj04,fold_0,train,A:P,vis2img,20,20,112,592,V2I_ROY_RANDOM_WITHIN_IDENTITY_V1,908ce1f927ae651f,cf02bcb759df7cdb,PAIRING_V1
subj04,fold_0,train,A:P,vis2img,41,41,127,607,V2I_ROY_RANDOM_WITHIN_IDENTITY_V1,908ce1f927ae651f,cf02bcb759df7cdb,PAIRING_V1
subj04,fold_0,train,A:R,vis2img,22,22,133,613,V2I_ROY_RANDOM_WITHIN_IDENTITY_V1,908ce1f927ae651f,3909cb74019e80ab,PAIRING_V1
subj04,fold_0,train,A:R,vis2img,25,25,142,622,V2I_ROY_RANDOM_WITHIN_IDENTITY_V1,908ce1f927ae651f,3909cb74019e80ab,PAIRING_V1
subj04,fold_0,train,A:R,vis2img,30,30,105,585,V2I_ROY_RANDOM_WITHIN_IDENTITY_V1,908ce1f927ae651f,3909cb74019e80ab,PAIRING_V1
subj04,fold_0,train,A:R,vis2img,39,39,98,578,V2I_ROY_RANDOM_WITHIN_IDENTITY_V1,908ce1f927ae651f,3909cb74019e80ab,PAIRING_V1
subj04,fold_0,train,A:V,vis2img,1,1,97,577,V2I_ROY_RANDOM_WITHIN_IDENTITY_V1,908ce1f927ae651f,1c6b86b3ab3fda82,PAIRING_V1
subj04,fold_0,train,A:V,vis2img,3,3,100,580,V2I_ROY_RANDOM_WITHIN_IDENTITY_V1,908ce1f927ae651f,1c6b86b3ab3fda82,PAIRING_V1
subj04,fold_0,train,A:V,vis2img,15,15,106,586,V2I_ROY_RANDOM_WITHIN_IDENTITY_V1,908ce1f927ae651f,1c6b86b3ab3fda82,PAIRING_V1
subj04,fold_0,train,A:V,vis2img,19,19,109,589,V2I_ROY_RANDOM_WITHIN_IDENTITY_V1,908ce1f927ae651f,1c6b86b3ab3fda82,PAIRING_V1
subj04,fold_0,train,B:B,vis2img,53,197,144,624,V2I_ROY_RANDOM_WITHIN_IDENTITY_V1,908ce1f927ae651f,acc8ed63fa7308e6,PAIRING_V1
subj04,fold_0,train,B:B,vis2img,66,210,161,641,V2I_ROY_RANDOM_WITHIN_IDENTITY_V1,908ce1f927ae651f,acc8ed63fa7308e6,PAIRING_V1
subj04,fold_0,train,B:B,vis2img,79,223,185,665,V2I_ROY_RANDOM_WITHIN_IDENTITY_V1,908ce1f927ae651f,acc8ed63fa7308e6,PAIRING_V1
subj04,fold_0,train,B:B,vis2img,89,233,191,671,V2I_ROY_RANDOM_WITHIN_IDENTITY_V1,908ce1f927ae651f,acc8ed63fa7308e6,PAIRING_V1
subj04,fold_0,train,B:C,vis2img,58,202,151,631,V2I_ROY_RANDOM_WITHIN_IDENTITY_V1,908ce1f927ae651f,5eff94a61f972b9d,PAIRING_V1
subj04,fold_0,train,B:C,vis2img,62,206,148,628,V2I_ROY_RANDOM_WITHIN_IDENTITY_V1,908ce1f927ae651f,5eff94a61f972b9d,PAIRING_V1
subj04,fold_0,train,B:C,vis2img,71,215,146,626,V2I_ROY_RANDOM_WITHIN_IDENTITY_V1,908ce1f927ae651f,5eff94a61f972b9d,PAIRING_V1
subj04,fold_0,train,B:C,vis2img,90,234,156,636,V2I_ROY_RANDOM_WITHIN_IDENTITY_V1,908ce1f927ae651f,5eff94a61f972b9d,PAIRING_V1
subj04,fold_0,train,B:D,vis2img,68,212,184,664,V2I_ROY_RANDOM_WITHIN_IDENTITY_V1,908ce1f927ae651f,4241d22963949f7f,PAIRING_V1
subj04,fold_0,train,B:D,vis2img,70,214,188,668,V2I_ROY_RANDOM_WITHIN_IDENTITY_V1,908ce1f927ae651f,4241d22963949f7f,PAIRING_V1
subj04,fold_0,train,B:D,vis2img,81,225,169,649,V2I_ROY_RANDOM_WITHIN_IDENTITY_V1,908ce1f927ae651f,4241d22963949f7f,PAIRING_V1
subj04,fold_0,train,B:D,vis2img,93,237,150,630,V2I_ROY_RANDOM_WITHIN_IDENTITY_V1,908ce1f927ae651f,4241d22963949f7f,PAIRING_V1
subj04,fold_0,train,B:K,vis2img,59,203,149,629,V2I_ROY_RANDOM_WITHIN_IDENTITY_V1,908ce1f927ae651f,3c472b9d1d160056,PAIRING_V1
subj04,fold_0,train,B:K,vis2img,67,211,189,669,V2I_ROY_RANDOM_WITHIN_IDENTITY_V1,908ce1f927ae651f,3c472b9d1d160056,PAIRING_V1
subj04,fold_0,train,B:K,vis2img,82,226,178,658,V2I_ROY_RANDOM_WITHIN_IDENTITY_V1,908ce1f927ae651f,3c472b9d1d160056,PAIRING_V1
subj04,fold_0,train,B:K,vis2img,91,235,187,667,V2I_ROY_RANDOM_WITHIN_IDENTITY_V1,908ce1f927ae651f,3c472b9d1d160056,PAIRING_V1
subj04,fold_0,train,B:T,vis2img,52,196,159,639,V2I_ROY_RANDOM_WITHIN_IDENTITY_V1,908ce1f927ae651f,9244b47016a5a101,PAIRING_V1
subj04,fold_0,train,B:T,vis2img,60,204,162,642,V2I_ROY_RANDOM_WITHIN_IDENTITY_V1,908ce1f927ae651f,9244b47016a5a101,PAIRING_V1
subj04,fold_0,train,B:T,vis2img,92,236,190,670,V2I_ROY_RANDOM_WITHIN_IDENTITY_V1,908ce1f927ae651f,9244b47016a5a101,PAIRING_V1
subj04,fold_0,train,B:T,vis2img,95,239,170,650,V2I_ROY_RANDOM_WITHIN_IDENTITY_V1,908ce1f927ae651f,9244b47016a5a101,PAIRING_V1
subj04,fold_0,train,B:W,vis2img,56,200,164,644,V2I_ROY_RANDOM_WITHIN_IDENTITY_V1,908ce1f927ae651f,d80beeb6f2797d19,PAIRING_V1
subj04,fold_0,train,B:W,vis2img,72,216,175,655,V2I_ROY_RANDOM_WITHIN_IDENTITY_V1,908ce1f927ae651f,d80beeb6f2797d19,PAIRING_V1
subj04,fold_0,train,B:W,vis2img,75,219,181,661,V2I_ROY_RANDOM_WITHIN_IDENTITY_V1,908ce1f927ae651f,d80beeb6f2797d19,PAIRING_V1
subj04,fold_0,train,B:W,vis2img,77,221,177,657,V2I_ROY_RANDOM_WITHIN_IDENTITY_V1,908ce1f927ae651f,d80beeb6f2797d19,PAIRING_V1
subj04,fold_0,val,A:E,vis2img,9,9,123,603,V2I_ROY_RANDOM_WITHIN_IDENTITY_V1,908ce1f927ae651f,93be2e8d911a967f,PAIRING_V1
subj04,fold_0,val,A:E,vis2img,38,38,107,587,V2I_ROY_RANDOM_WITHIN_IDENTITY_V1,908ce1f927ae651f,93be2e8d911a967f,PAIRING_V1
subj04,fold_0,val,A:H,vis2img,18,18,121,601,V2I_ROY_RANDOM_WITHIN_IDENTITY_V1,908ce1f927ae651f,76112468ca29dbce,PAIRING_V1
subj04,fold_0,val,A:H,vis2img,21,21,104,584,V2I_ROY_RANDOM_WITHIN_IDENTITY_V1,908ce1f927ae651f,76112468ca29dbce,PAIRING_V1
subj04,fold_0,val,A:L,vis2img,7,7,99,579,V2I_ROY_RANDOM_WITHIN_IDENTITY_V1,908ce1f927ae651f,530e916781c1c36c,PAIRING_V1
subj04,fold_0,val,A:L,vis2img,29,29,115,595,V2I_ROY_RANDOM_WITHIN_IDENTITY_V1,908ce1f927ae651f,530e916781c1c36c,PAIRING_V1
subj04,fold_0,val,A:P,vis2img,11,11,122,602,V2I_ROY_RANDOM_WITHIN_IDENTITY_V1,908ce1f927ae651f,c727ad7f73d5fd10,PAIRING_V1
subj04,fold_0,val,A:P,vis2img,37,37,141,621,V2I_ROY_RANDOM_WITHIN_IDENTITY_V1,908ce1f927ae651f,c727ad7f73d5fd10,PAIRING_V1
subj04,fold_0,val,A:R,vis2img,5,5,136,616,V2I_ROY_RANDOM_WITHIN_IDENTITY_V1,908ce1f927ae651f,2652e1de410dbb7e,PAIRING_V1
subj04,fold_0,val,A:R,vis2img,44,44,103,583,V2I_ROY_RANDOM_WITHIN_IDENTITY_V1,908ce1f927ae651f,2652e1de410dbb7e,PAIRING_V1
subj04,fold_0,val,A:V,vis2img,31,31,128,608,V2I_ROY_RANDOM_WITHIN_IDENTITY_V1,908ce1f927ae651f,9bb75ce7d0bb7abd,PAIRING_V1
subj04,fold_0,val,A:V,vis2img,33,33,132,612,V2I_ROY_RANDOM_WITHIN_IDENTITY_V1,908ce1f927ae651f,9bb75ce7d0bb7abd,PAIRING_V1
subj04,fold_0,val,B:B,vis2img,83,227,173,653,V2I_ROY_RANDOM_WITHIN_IDENTITY_V1,908ce1f927ae651f,2899f4c3821e2450,PAIRING_V1
subj04,fold_0,val,B:B,vis2img,85,229,179,659,V2I_ROY_RANDOM_WITHIN_IDENTITY_V1,908ce1f927ae651f,2899f4c3821e2450,PAIRING_V1
subj04,fold_0,val,B:C,vis2img,49,193,158,638,V2I_ROY_RANDOM_WITHIN_IDENTITY_V1,908ce1f927ae651f,2806ec591034cce2,PAIRING_V1
subj04,fold_0,val,B:C,vis2img,73,217,186,666,V2I_ROY_RANDOM_WITHIN_IDENTITY_V1,908ce1f927ae651f,2806ec591034cce2,PAIRING_V1
subj04,fold_0,val,B:D,vis2img,61,205,155,635,V2I_ROY_RANDOM_WITHIN_IDENTITY_V1,908ce1f927ae651f,641871be2fadb901,PAIRING_V1
subj04,fold_0,val,B:D,vis2img,65,209,174,654,V2I_ROY_RANDOM_WITHIN_IDENTITY_V1,908ce1f927ae651f,641871be2fadb901,PAIRING_V1
subj04,fold_0,val,B:K,vis2img,57,201,152,632,V2I_ROY_RANDOM_WITHIN_IDENTITY_V1,908ce1f927ae651f,56fcf3ba2bad55fe,PAIRING_V1
subj04,fold_0,val,B:K,vis2img,84,228,154,634,V2I_ROY_RANDOM_WITHIN_IDENTITY_V1,908ce1f927ae651f,56fcf3ba2bad55fe,PAIRING_V1
subj04,fold_0,val,B:T,vis2img,69,213,166,646,V2I_ROY_RANDOM_WITHIN_IDENTITY_V1,908ce1f927ae651f,d01df9269c7952fe,PAIRING_V1
subj04,fold_0,val,B:T,vis2img,80,224,147,627,V2I_ROY_RANDOM_WITHIN_IDENTITY_V1,908ce1f927ae651f,d01df9269c7952fe,PAIRING_V1
subj04,fold_0,val,B:W,vis2img,48,192,183,663,V2I_ROY_RANDOM_WITHIN_IDENTITY_V1,908ce1f927ae651f,4ca0649c43f2cb99,PAIRING_V1
subj04,fold_0,val,B:W,vis2img,63,207,145,625,V2I_ROY_RANDOM_WITHIN_IDENTITY_V1,908ce1f927ae651f,4ca0649c43f2cb99,PAIRING_V1
subj04,fold_0,test,A:E,vis2img,6,6,114,594,V2I_ROY_RANDOM_WITHIN_IDENTITY_V1,908ce1f927ae651f,c7f744f115b092fa,PAIRING_V1
subj04,fold_0,test,A:E,vis2img,23,23,138,618,V2I_ROY_RANDOM_WITHIN_IDENTITY_V1,908ce1f927ae651f,c7f744f115b092fa,PAIRING_V1
subj04,fold_0,test,A:H,vis2img,24,24,119,599,V2I_ROY_RANDOM_WITHIN_IDENTITY_V1,908ce1f927ae651f,42954042684e7631,PAIRING_V1
subj04,fold_0,test,A:H,vis2img,35,35,113,593,V2I_ROY_RANDOM_WITHIN_IDENTITY_V1,908ce1f927ae651f,42954042684e7631,PAIRING_V1
subj04,fold_0,test,A:L,vis2img,0,0,110,590,V2I_ROY_RANDOM_WITHIN_IDENTITY_V1,908ce1f927ae651f,dd57aad4a5701c86,PAIRING_V1
subj04,fold_0,test,A:L,vis2img,4,4,131,611,V2I_ROY_RANDOM_WITHIN_IDENTITY_V1,908ce1f927ae651f,dd57aad4a5701c86,PAIRING_V1
subj04,fold_0,test,A:P,vis2img,16,16,101,581,V2I_ROY_RANDOM_WITHIN_IDENTITY_V1,908ce1f927ae651f,d0a213266599d1a6,PAIRING_V1
subj04,fold_0,test,A:P,vis2img,34,34,139,619,V2I_ROY_RANDOM_WITHIN_IDENTITY_V1,908ce1f927ae651f,d0a213266599d1a6,PAIRING_V1
subj04,fold_0,test,A:R,vis2img,17,17,124,604,V2I_ROY_RANDOM_WITHIN_IDENTITY_V1,908ce1f927ae651f,e8bef245728d4f01,PAIRING_V1
subj04,fold_0,test,A:R,vis2img,46,46,108,588,V2I_ROY_RANDOM_WITHIN_IDENTITY_V1,908ce1f927ae651f,e8bef245728d4f01,PAIRING_V1
subj04,fold_0,test,A:V,vis2img,40,40,102,582,V2I_ROY_RANDOM_WITHIN_IDENTITY_V1,908ce1f927ae651f,8283ad052cb34d08,PAIRING_V1
subj04,fold_0,test,A:V,vis2img,45,45,137,617,V2I_ROY_RANDOM_WITHIN_IDENTITY_V1,908ce1f927ae651f,8283ad052cb34d08,PAIRING_V1
subj04,fold_0,test,B:B,vis2img,76,220,167,647,V2I_ROY_RANDOM_WITHIN_IDENTITY_V1,908ce1f927ae651f,163f248b985f0dbc,PAIRING_V1
subj04,fold_0,test,B:B,vis2img,94,238,165,645,V2I_ROY_RANDOM_WITHIN_IDENTITY_V1,908ce1f927ae651f,163f248b985f0dbc,PAIRING_V1
subj04,fold_0,test,B:C,vis2img,64,208,172,652,V2I_ROY_RANDOM_WITHIN_IDENTITY_V1,908ce1f927ae651f,07f83252c85b8049,PAIRING_V1
subj04,fold_0,test,B:C,vis2img,86,230,163,643,V2I_ROY_RANDOM_WITHIN_IDENTITY_V1,908ce1f927ae651f,07f83252c85b8049,PAIRING_V1
subj04,fold_0,test,B:D,vis2img,51,195,157,637,V2I_ROY_RANDOM_WITHIN_IDENTITY_V1,908ce1f927ae651f,763a26ef6ed003e3,PAIRING_V1
subj04,fold_0,test,B:D,vis2img,54,198,160,640,V2I_ROY_RANDOM_WITHIN_IDENTITY_V1,908ce1f927ae651f,763a26ef6ed003e3,PAIRING_V1
subj04,fold_0,test,B:K,vis2img,55,199,176,656,V2I_ROY_RANDOM_WITHIN_IDENTITY_V1,908ce1f927ae651f,49771756aa0e4f77,PAIRING_V1
subj04,fold_0,test,B:K,vis2img,78,222,168,648,V2I_ROY_RANDOM_WITHIN_IDENTITY_V1,908ce1f927ae651f,49771756aa0e4f77,PAIRING_V1
subj04,fold_0,test,B:T,vis2img,74,218,182,662,V2I_ROY_RANDOM_WITHIN_IDENTITY_V1,908ce1f927ae651f,2da8257f3e295e70,PAIRING_V1
subj04,fold_0,test,B:T,vis2img,88,232,180,660,V2I_ROY_RANDOM_WITHIN_IDENTITY_V1,908ce1f927ae651f,2da8257f3e295e70,PAIRING_V1
subj04,fold_0,test,B:W,vis2img,50,194,171,651,V2I_ROY_RANDOM_WITHIN_IDENTITY_V1,908ce1f927ae651f,5f89b269593402f3,PAIRING_V1
subj04,fold_0,test,B:W,vis2img,87,231,153,633,V2I_ROY_RANDOM_WITHIN_IDENTITY_V1,908ce1f927ae651f,5f89b269593402f3,PAIRING_V1
subj04,fold_1,train,A:E,vis2img,6,6,138,618,V2I_ROY_RANDOM_WITHIN_IDENTITY_V1,908ce1f927ae651f,2938bcd790cb157b,PAIRING_V1
subj04,fold_1,train,A:E,vis2img,23,23,114,594,V2I_ROY_RANDOM_WITHIN_IDENTITY_V1,908ce1f927ae651f,2938bcd790cb157b,PAIRING_V1
subj04,fold_1,train,A:E,vis2img,43,43,118,598,V2I_ROY_RANDOM_WITHIN_IDENTITY_V1,908ce1f927ae651f,2938bcd790cb157b,PAIRING_V1
subj04,fold_1,train,A:E,vis2img,47,47,120,600,V2I_ROY_RANDOM_WITHIN_IDENTITY_V1,908ce1f927ae651f,2938bcd790cb157b,PAIRING_V1
subj04,fold_1,train,A:H,vis2img,2,2,140,620,V2I_ROY_RANDOM_WITHIN_IDENTITY_V1,908ce1f927ae651f,a74a4e5d318892b1,PAIRING_V1
subj04,fold_1,train,A:H,vis2img,24,24,113,593,V2I_ROY_RANDOM_WITHIN_IDENTITY_V1,908ce1f927ae651f,a74a4e5d318892b1,PAIRING_V1
subj04,fold_1,train,A:H,vis2img,28,28,119,599,V2I_ROY_RANDOM_WITHIN_IDENTITY_V1,908ce1f927ae651f,a74a4e5d318892b1,PAIRING_V1
subj04,fold_1,train,A:H,vis2img,35,35,129,609,V2I_ROY_RANDOM_WITHIN_IDENTITY_V1,908ce1f927ae651f,a74a4e5d318892b1,PAIRING_V1
subj04,fold_1,train,A:L,vis2img,0,0,110,590,V2I_ROY_RANDOM_WITHIN_IDENTITY_V1,908ce1f927ae651f,22119ded65ea34bd,PAIRING_V1
subj04,fold_1,train,A:L,vis2img,4,4,131,611,V2I_ROY_RANDOM_WITHIN_IDENTITY_V1,908ce1f927ae651f,22119ded65ea34bd,PAIRING_V1
subj04,fold_1,train,A:L,vis2img,36,36,117,597,V2I_ROY_RANDOM_WITHIN_IDENTITY_V1,908ce1f927ae651f,22119ded65ea34bd,PAIRING_V1
subj04,fold_1,train,A:L,vis2img,42,42,135,615,V2I_ROY_RANDOM_WITHIN_IDENTITY_V1,908ce1f927ae651f,22119ded65ea34bd,PAIRING_V1
subj04,fold_1,train,A:P,vis2img,16,16,112,592,V2I_ROY_RANDOM_WITHIN_IDENTITY_V1,908ce1f927ae651f,9c5d96f4a9671631,PAIRING_V1
subj04,fold_1,train,A:P,vis2img,20,20,139,619,V2I_ROY_RANDOM_WITHIN_IDENTITY_V1,908ce1f927ae651f,9c5d96f4a9671631,PAIRING_V1
subj04,fold_1,train,A:P,vis2img,34,34,143,623,V2I_ROY_RANDOM_WITHIN_IDENTITY_V1,908ce1f927ae651f,9c5d96f4a9671631,PAIRING_V1
subj04,fold_1,train,A:P,vis2img,41,41,101,581,V2I_ROY_RANDOM_WITHIN_IDENTITY_V1,908ce1f927ae651f,9c5d96f4a9671631,PAIRING_V1
subj04,fold_1,train,A:R,vis2img,17,17,124,604,V2I_ROY_RANDOM_WITHIN_IDENTITY_V1,908ce1f927ae651f,924b2d820902d82c,PAIRING_V1
subj04,fold_1,train,A:R,vis2img,25,25,133,613,V2I_ROY_RANDOM_WITHIN_IDENTITY_V1,908ce1f927ae651f,924b2d820902d82c,PAIRING_V1
subj04,fold_1,train,A:R,vis2img,39,39,142,622,V2I_ROY_RANDOM_WITHIN_IDENTITY_V1,908ce1f927ae651f,924b2d820902d82c,PAIRING_V1
subj04,fold_1,train,A:R,vis2img,46,46,108,588,V2I_ROY_RANDOM_WITHIN_IDENTITY_V1,908ce1f927ae651f,924b2d820902d82c,PAIRING_V1
subj04,fold_1,train,A:V,vis2img,15,15,106,586,V2I_ROY_RANDOM_WITHIN_IDENTITY_V1,908ce1f927ae651f,bdc0df9f704cad23,PAIRING_V1
subj04,fold_1,train,A:V,vis2img,19,19,102,582,V2I_ROY_RANDOM_WITHIN_IDENTITY_V1,908ce1f927ae651f,bdc0df9f704cad23,PAIRING_V1
subj04,fold_1,train,A:V,vis2img,40,40,100,580,V2I_ROY_RANDOM_WITHIN_IDENTITY_V1,908ce1f927ae651f,bdc0df9f704cad23,PAIRING_V1
subj04,fold_1,train,A:V,vis2img,45,45,137,617,V2I_ROY_RANDOM_WITHIN_IDENTITY_V1,908ce1f927ae651f,bdc0df9f704cad23,PAIRING_V1
subj04,fold_1,train,B:B,vis2img,53,197,161,641,V2I_ROY_RANDOM_WITHIN_IDENTITY_V1,908ce1f927ae651f,912c0523c18587cc,PAIRING_V1
subj04,fold_1,train,B:B,vis2img,76,220,185,665,V2I_ROY_RANDOM_WITHIN_IDENTITY_V1,908ce1f927ae651f,912c0523c18587cc,PAIRING_V1
subj04,fold_1,train,B:B,vis2img,89,233,167,647,V2I_ROY_RANDOM_WITHIN_IDENTITY_V1,908ce1f927ae651f,912c0523c18587cc,PAIRING_V1
subj04,fold_1,train,B:B,vis2img,94,238,165,645,V2I_ROY_RANDOM_WITHIN_IDENTITY_V1,908ce1f927ae651f,912c0523c18587cc,PAIRING_V1
subj04,fold_1,train,B:C,vis2img,62,206,172,652,V2I_ROY_RANDOM_WITHIN_IDENTITY_V1,908ce1f927ae651f,ff5f2d6c1c5c2f84,PAIRING_V1
subj04,fold_1,train,B:C,vis2img,64,208,163,643,V2I_ROY_RANDOM_WITHIN_IDENTITY_V1,908ce1f927ae651f,ff5f2d6c1c5c2f84,PAIRING_V1
subj04,fold_1,train,B:C,vis2img,86,230,146,626,V2I_ROY_RANDOM_WITHIN_IDENTITY_V1,908ce1f927ae651f,ff5f2d6c1c5c2f84,PAIRING_V1
subj04,fold_1,train,B:C,vis2img,90,234,148,628,V2I_ROY_RANDOM_WITHIN_IDENTITY_V1,908ce1f927ae651f,ff5f2d6c1c5c2f84,PAIRING_V1
subj04,fold_1,train,B:D,vis2img,51,195,169,649,V2I_ROY_RANDOM_WITHIN_IDENTITY_V1,908ce1f927ae651f,4188d72eb944bb9c,PAIRING_V1
subj04,fold_1,train,B:D,vis2img,54,198,157,637,V2I_ROY_RANDOM_WITHIN_IDENTITY_V1,908ce1f927ae651f,4188d72eb944bb9c,PAIRING_V1
subj04,fold_1,train,B:D,vis2img,68,212,160,640,V2I_ROY_RANDOM_WITHIN_IDENTITY_V1,908ce1f927ae651f,4188d72eb944bb9c,PAIRING_V1
subj04,fold_1,train,B:D,vis2img,81,225,188,668,V2I_ROY_RANDOM_WITHIN_IDENTITY_V1,908ce1f927ae651f,4188d72eb944bb9c,PAIRING_V1
subj04,fold_1,train,B:K,vis2img,55,199,176,656,V2I_ROY_RANDOM_WITHIN_IDENTITY_V1,908ce1f927ae651f,b8e18a942385a166,PAIRING_V1
subj04,fold_1,train,B:K,vis2img,59,203,189,669,V2I_ROY_RANDOM_WITHIN_IDENTITY_V1,908ce1f927ae651f,b8e18a942385a166,PAIRING_V1
subj04,fold_1,train,B:K,vis2img,78,222,149,629,V2I_ROY_RANDOM_WITHIN_IDENTITY_V1,908ce1f927ae651f,b8e18a942385a166,PAIRING_V1
subj04,fold_1,train,B:K,vis2img,82,226,168,648,V2I_ROY_RANDOM_WITHIN_IDENTITY_V1,908ce1f927ae651f,b8e18a942385a166,PAIRING_V1
subj04,fold_1,train,B:T,vis2img,60,204,182,662,V2I_ROY_RANDOM_WITHIN_IDENTITY_V1,908ce1f927ae651f,2332678185c7e680,PAIRING_V1
subj04,fold_1,train,B:T,vis2img,74,218,159,639,V2I_ROY_RANDOM_WITHIN_IDENTITY_V1,908ce1f927ae651f,2332678185c7e680,PAIRING_V1
subj04,fold_1,train,B:T,vis2img,88,232,180,660,V2I_ROY_RANDOM_WITHIN_IDENTITY_V1,908ce1f927ae651f,2332678185c7e680,PAIRING_V1
subj04,fold_1,train,B:T,vis2img,95,239,170,650,V2I_ROY_RANDOM_WITHIN_IDENTITY_V1,908ce1f927ae651f,2332678185c7e680,PAIRING_V1
subj04,fold_1,train,B:W,vis2img,50,194,164,644,V2I_ROY_RANDOM_WITHIN_IDENTITY_V1,908ce1f927ae651f,8dc325b163bddcf5,PAIRING_V1
subj04,fold_1,train,B:W,vis2img,72,216,153,633,V2I_ROY_RANDOM_WITHIN_IDENTITY_V1,908ce1f927ae651f,8dc325b163bddcf5,PAIRING_V1
subj04,fold_1,train,B:W,vis2img,77,221,175,655,V2I_ROY_RANDOM_WITHIN_IDENTITY_V1,908ce1f927ae651f,8dc325b163bddcf5,PAIRING_V1
subj04,fold_1,train,B:W,vis2img,87,231,171,651,V2I_ROY_RANDOM_WITHIN_IDENTITY_V1,908ce1f927ae651f,8dc325b163bddcf5,PAIRING_V1
subj04,fold_1,val,A:E,vis2img,9,9,107,587,V2I_ROY_RANDOM_WITHIN_IDENTITY_V1,908ce1f927ae651f,6b04913c546baa41,PAIRING_V1
subj04,fold_1,val,A:E,vis2img,38,38,123,603,V2I_ROY_RANDOM_WITHIN_IDENTITY_V1,908ce1f927ae651f,6b04913c546baa41,PAIRING_V1
subj04,fold_1,val,A:H,vis2img,18,18,121,601,V2I_ROY_RANDOM_WITHIN_IDENTITY_V1,908ce1f927ae651f,ed82675f6c607828,PAIRING_V1
subj04,fold_1,val,A:H,vis2img,21,21,104,584,V2I_ROY_RANDOM_WITHIN_IDENTITY_V1,908ce1f927ae651f,ed82675f6c607828,PAIRING_V1
subj04,fold_1,val,A:L,vis2img,7,7,115,595,V2I_ROY_RANDOM_WITHIN_IDENTITY_V1,908ce1f927ae651f,a8086df6ac4b2281,PAIRING_V1
subj04,fold_1,val,A:L,vis2img,29,29,99,579,V2I_ROY_RANDOM_WITHIN_IDENTITY_V1,908ce1f927ae651f,a8086df6ac4b2281,PAIRING_V1
subj04,fold_1,val,A:P,vis2img,11,11,141,621,V2I_ROY_RANDOM_WITHIN_IDENTITY_V1,908ce1f927ae651f,27350c8e09887f4e,PAIRING_V1
subj04,fold_1,val,A:P,vis2img,37,37,122,602,V2I_ROY_RANDOM_WITHIN_IDENTITY_V1,908ce1f927ae651f,27350c8e09887f4e,PAIRING_V1
subj04,fold_1,val,A:R,vis2img,5,5,103,583,V2I_ROY_RANDOM_WITHIN_IDENTITY_V1,908ce1f927ae651f,d42eea2aba504a54,PAIRING_V1
subj04,fold_1,val,A:R,vis2img,44,44,136,616,V2I_ROY_RANDOM_WITHIN_IDENTITY_V1,908ce1f927ae651f,d42eea2aba504a54,PAIRING_V1
subj04,fold_1,val,A:V,vis2img,31,31,132,612,V2I_ROY_RANDOM_WITHIN_IDENTITY_V1,908ce1f927ae651f,6e013d00e3e53aab,PAIRING_V1
subj04,fold_1,val,A:V,vis2img,33,33,128,608,V2I_ROY_RANDOM_WITHIN_IDENTITY_V1,908ce1f927ae651f,6e013d00e3e53aab,PAIRING_V1
subj04,fold_1,val,B:B,vis2img,83,227,179,659,V2I_ROY_RANDOM_WITHIN_IDENTITY_V1,908ce1f927ae651f,40497eb8dbb3bdb6,PAIRING_V1
subj04,fold_1,val,B:B,vis2img,85,229,173,653,V2I_ROY_RANDOM_WITHIN_IDENTITY_V1,908ce1f927ae651f,40497eb8dbb3bdb6,PAIRING_V1
subj04,fold_1,val,B:C,vis2img,49,193,186,666,V2I_ROY_RANDOM_WITHIN_IDENTITY_V1,908ce1f927ae651f,9aa8d8bedcc30623,PAIRING_V1
subj04,fold_1,val,B:C,vis2img,73,217,158,638,V2I_ROY_RANDOM_WITHIN_IDENTITY_V1,908ce1f927ae651f,9aa8d8bedcc30623,PAIRING_V1
subj04,fold_1,val,B:D,vis2img,61,205,155,635,V2I_ROY_RANDOM_WITHIN_IDENTITY_V1,908ce1f927ae651f,b327a249a7551d6e,PAIRING_V1
subj04,fold_1,val,B:D,vis2img,65,209,174,654,V2I_ROY_RANDOM_WITHIN_IDENTITY_V1,908ce1f927ae651f,b327a249a7551d6e,PAIRING_V1
subj04,fold_1,val,B:K,vis2img,57,201,154,634,V2I_ROY_RANDOM_WITHIN_IDENTITY_V1,908ce1f927ae651f,06d7f837ac3e14fb,PAIRING_V1
subj04,fold_1,val,B:K,vis2img,84,228,152,632,V2I_ROY_RANDOM_WITHIN_IDENTITY_V1,908ce1f927ae651f,06d7f837ac3e14fb,PAIRING_V1
subj04,fold_1,val,B:T,vis2img,69,213,166,646,V2I_ROY_RANDOM_WITHIN_IDENTITY_V1,908ce1f927ae651f,cf94a6a53fc81e2a,PAIRING_V1
subj04,fold_1,val,B:T,vis2img,80,224,147,627,V2I_ROY_RANDOM_WITHIN_IDENTITY_V1,908ce1f927ae651f,cf94a6a53fc81e2a,PAIRING_V1
subj04,fold_1,val,B:W,vis2img,48,192,145,625,V2I_ROY_RANDOM_WITHIN_IDENTITY_V1,908ce1f927ae651f,2510dd86d0e6d66d,PAIRING_V1
subj04,fold_1,val,B:W,vis2img,63,207,183,663,V2I_ROY_RANDOM_WITHIN_IDENTITY_V1,908ce1f927ae651f,2510dd86d0e6d66d,PAIRING_V1
subj04,fold_1,test,A:E,vis2img,26,26,111,591,V2I_ROY_RANDOM_WITHIN_IDENTITY_V1,908ce1f927ae651f,8afbc60d40fc46a2,PAIRING_V1
subj04,fold_1,test,A:E,vis2img,32,32,116,596,V2I_ROY_RANDOM_WITHIN_IDENTITY_V1,908ce1f927ae651f,8afbc60d40fc46a2,PAIRING_V1
subj04,fold_1,test,A:H,vis2img,10,10,125,605,V2I_ROY_RANDOM_WITHIN_IDENTITY_V1,908ce1f927ae651f,2ca4175157fac0b5,PAIRING_V1
subj04,fold_1,test,A:H,vis2img,14,14,134,614,V2I_ROY_RANDOM_WITHIN_IDENTITY_V1,908ce1f927ae651f,2ca4175157fac0b5,PAIRING_V1
subj04,fold_1,test,A:L,vis2img,12,12,96,576,V2I_ROY_RANDOM_WITHIN_IDENTITY_V1,908ce1f927ae651f,084a7d975e2f79fa,PAIRING_V1
subj04,fold_1,test,A:L,vis2img,27,27,126,606,V2I_ROY_RANDOM_WITHIN_IDENTITY_V1,908ce1f927ae651f,084a7d975e2f79fa,PAIRING_V1
subj04,fold_1,test,A:P,vis2img,8,8,127,607,V2I_ROY_RANDOM_WITHIN_IDENTITY_V1,908ce1f927ae651f,8c30c27818730f67,PAIRING_V1
subj04,fold_1,test,A:P,vis2img,13,13,130,610,V2I_ROY_RANDOM_WITHIN_IDENTITY_V1,908ce1f927ae651f,8c30c27818730f67,PAIRING_V1
subj04,fold_1,test,A:R,vis2img,22,22,98,578,V2I_ROY_RANDOM_WITHIN_IDENTITY_V1,908ce1f927ae651f,a9cb6104d7ead194,PAIRING_V1
subj04,fold_1,test,A:R,vis2img,30,30,105,585,V2I_ROY_RANDOM_WITHIN_IDENTITY_V1,908ce1f927ae651f,a9cb6104d7ead194,PAIRING_V1
subj04,fold_1,test,A:V,vis2img,1,1,97,577,V2I_ROY_RANDOM_WITHIN_IDENTITY_V1,908ce1f927ae651f,88ef805012c63cf8,PAIRING_V1
subj04,fold_1,test,A:V,vis2img,3,3,109,589,V2I_ROY_RANDOM_WITHIN_IDENTITY_V1,908ce1f927ae651f,88ef805012c63cf8,PAIRING_V1
subj04,fold_1,test,B:B,vis2img,66,210,191,671,V2I_ROY_RANDOM_WITHIN_IDENTITY_V1,908ce1f927ae651f,4669ad9e6f1c9182,PAIRING_V1
subj04,fold_1,test,B:B,vis2img,79,223,144,624,V2I_ROY_RANDOM_WITHIN_IDENTITY_V1,908ce1f927ae651f,4669ad9e6f1c9182,PAIRING_V1
subj04,fold_1,test,B:C,vis2img,58,202,151,631,V2I_ROY_RANDOM_WITHIN_IDENTITY_V1,908ce1f927ae651f,8a272595c07b5e6c,PAIRING_V1
subj04,fold_1,test,B:C,vis2img,71,215,156,636,V2I_ROY_RANDOM_WITHIN_IDENTITY_V1,908ce1f927ae651f,8a272595c07b5e6c,PAIRING_V1
subj04,fold_1,test,B:D,vis2img,70,214,150,630,V2I_ROY_RANDOM_WITHIN_IDENTITY_V1,908ce1f927ae651f,224b930ef5616096,PAIRING_V1
subj04,fold_1,test,B:D,vis2img,93,237,184,664,V2I_ROY_RANDOM_WITHIN_IDENTITY_V1,908ce1f927ae651f,224b930ef5616096,PAIRING_V1
subj04,fold_1,test,B:K,vis2img,67,211,178,658,V2I_ROY_RANDOM_WITHIN_IDENTITY_V1,908ce1f927ae651f,35b8148494bdeff1,PAIRING_V1
subj04,fold_1,test,B:K,vis2img,91,235,187,667,V2I_ROY_RANDOM_WITHIN_IDENTITY_V1,908ce1f927ae651f,35b8148494bdeff1,PAIRING_V1
subj04,fold_1,test,B:T,vis2img,52,196,162,642,V2I_ROY_RANDOM_WITHIN_IDENTITY_V1,908ce1f927ae651f,3be915bd0b08c12d,PAIRING_V1
subj04,fold_1,test,B:T,vis2img,92,236,190,670,V2I_ROY_RANDOM_WITHIN_IDENTITY_V1,908ce1f927ae651f,3be915bd0b08c12d,PAIRING_V1
subj04,fold_1,test,B:W,vis2img,56,200,181,661,V2I_ROY_RANDOM_WITHIN_IDENTITY_V1,908ce1f927ae651f,bb9ff07995938163,PAIRING_V1
subj04,fold_1,test,B:W,vis2img,75,219,177,657,V2I_ROY_RANDOM_WITHIN_IDENTITY_V1,908ce1f927ae651f,bb9ff07995938163,PAIRING_V1
subj04,fold_2,train,A:E,vis2img,6,6,114,594,V2I_ROY_RANDOM_WITHIN_IDENTITY_V1,908ce1f927ae651f,a7a98227e74a3b63,PAIRING_V1
subj04,fold_2,train,A:E,vis2img,23,23,116,596,V2I_ROY_RANDOM_WITHIN_IDENTITY_V1,908ce1f927ae651f,a7a98227e74a3b63,PAIRING_V1
subj04,fold_2,train,A:E,vis2img,26,26,111,591,V2I_ROY_RANDOM_WITHIN_IDENTITY_V1,908ce1f927ae651f,a7a98227e74a3b63,PAIRING_V1
subj04,fold_2,train,A:E,vis2img,32,32,138,618,V2I_ROY_RANDOM_WITHIN_IDENTITY_V1,908ce1f927ae651f,a7a98227e74a3b63,PAIRING_V1
subj04,fold_2,train,A:H,vis2img,10,10,134,614,V2I_ROY_RANDOM_WITHIN_IDENTITY_V1,908ce1f927ae651f,7125c76e79f98026,PAIRING_V1
subj04,fold_2,train,A:H,vis2img,14,14,113,593,V2I_ROY_RANDOM_WITHIN_IDENTITY_V1,908ce1f927ae651f,7125c76e79f98026,PAIRING_V1
subj04,fold_2,train,A:H,vis2img,24,24,125,605,V2I_ROY_RANDOM_WITHIN_IDENTITY_V1,908ce1f927ae651f,7125c76e79f98026,PAIRING_V1
subj04,fold_2,train,A:H,vis2img,35,35,119,599,V2I_ROY_RANDOM_WITHIN_IDENTITY_V1,908ce1f927ae651f,7125c76e79f98026,PAIRING_V1
subj04,fold_2,train,A:L,vis2img,0,0,110,590,V2I_ROY_RANDOM_WITHIN_IDENTITY_V1,908ce1f927ae651f,b94357377df597ba,PAIRING_V1
subj04,fold_2,train,A:L,vis2img,4,4,131,611,V2I_ROY_RANDOM_WITHIN_IDENTITY_V1,908ce1f927ae651f,b94357377df597ba,PAIRING_V1
subj04,fold_2,train,A:L,vis2img,12,12,126,606,V2I_ROY_RANDOM_WITHIN_IDENTITY_V1,908ce1f927ae651f,b94357377df597ba,PAIRING_V1
subj04,fold_2,train,A:L,vis2img,27,27,96,576,V2I_ROY_RANDOM_WITHIN_IDENTITY_V1,908ce1f927ae651f,b94357377df597ba,PAIRING_V1
subj04,fold_2,train,A:P,vis2img,8,8,139,619,V2I_ROY_RANDOM_WITHIN_IDENTITY_V1,908ce1f927ae651f,57c77c404e5e43e2,PAIRING_V1
subj04,fold_2,train,A:P,vis2img,13,13,101,581,V2I_ROY_RANDOM_WITHIN_IDENTITY_V1,908ce1f927ae651f,57c77c404e5e43e2,PAIRING_V1
subj04,fold_2,train,A:P,vis2img,16,16,127,607,V2I_ROY_RANDOM_WITHIN_IDENTITY_V1,908ce1f927ae651f,57c77c404e5e43e2,PAIRING_V1
subj04,fold_2,train,A:P,vis2img,34,34,130,610,V2I_ROY_RANDOM_WITHIN_IDENTITY_V1,908ce1f927ae651f,57c77c404e5e43e2,PAIRING_V1
subj04,fold_2,train,A:R,vis2img,17,17,108,588,V2I_ROY_RANDOM_WITHIN_IDENTITY_V1,908ce1f927ae651f,e4dd39a5f96df760,PAIRING_V1
subj04,fold_2,train,A:R,vis2img,22,22,105,585,V2I_ROY_RANDOM_WITHIN_IDENTITY_V1,908ce1f927ae651f,e4dd39a5f96df760,PAIRING_V1
subj04,fold_2,train,A:R,vis2img,30,30,124,604,V2I_ROY_RANDOM_WITHIN_IDENTITY_V1,908ce1f927ae651f,e4dd39a5f96df760,PAIRING_V1
subj04,fold_2,train,A:R,vis2img,46,46,98,578,V2I_ROY_RANDOM_WITHIN_IDENTITY_V1,908ce1f927ae651f,e4dd39a5f96df760,PAIRING_V1
subj04,fold_2,train,A:V,vis2img,1,1,102,582,V2I_ROY_RANDOM_WITHIN_IDENTITY_V1,908ce1f927ae651f,fd5832b71db6eded,PAIRING_V1
subj04,fold_2,train,A:V,vis2img,3,3,97,577,V2I_ROY_RANDOM_WITHIN_IDENTITY_V1,908ce1f927ae651f,fd5832b71db6eded,PAIRING_V1
subj04,fold_2,train,A:V,vis2img,40,40,137,617,V2I_ROY_RANDOM_WITHIN_IDENTITY_V1,908ce1f927ae651f,fd5832b71db6eded,PAIRING_V1
subj04,fold_2,train,A:V,vis2img,45,45,109,589,V2I_ROY_RANDOM_WITHIN_IDENTITY_V1,908ce1f927ae651f,fd5832b71db6eded,PAIRING_V1
subj04,fold_2,train,B:B,vis2img,66,210,144,624,V2I_ROY_RANDOM_WITHIN_IDENTITY_V1,908ce1f927ae651f,95bac91dacf14e7b,PAIRING_V1
subj04,fold_2,train,B:B,vis2img,76,220,167,647,V2I_ROY_RANDOM_WITHIN_IDENTITY_V1,908ce1f927ae651f,95bac91dacf14e7b,PAIRING_V1
subj04,fold_2,train,B:B,vis2img,79,223,165,645,V2I_ROY_RANDOM_WITHIN_IDENTITY_V1,908ce1f927ae651f,95bac91dacf14e7b,PAIRING_V1
subj04,fold_2,train,B:B,vis2img,94,238,191,671,V2I_ROY_RANDOM_WITHIN_IDENTITY_V1,908ce1f927ae651f,95bac91dacf14e7b,PAIRING_V1
subj04,fold_2,train,B:C,vis2img,58,202,172,652,V2I_ROY_RANDOM_WITHIN_IDENTITY_V1,908ce1f927ae651f,75d450d5e1f04a38,PAIRING_V1
subj04,fold_2,train,B:C,vis2img,64,208,163,643,V2I_ROY_RANDOM_WITHIN_IDENTITY_V1,908ce1f927ae651f,75d450d5e1f04a38,PAIRING_V1
subj04,fold_2,train,B:C,vis2img,71,215,151,631,V2I_ROY_RANDOM_WITHIN_IDENTITY_V1,908ce1f927ae651f,75d450d5e1f04a38,PAIRING_V1
subj04,fold_2,train,B:C,vis2img,86,230,156,636,V2I_ROY_RANDOM_WITHIN_IDENTITY_V1,908ce1f927ae651f,75d450d5e1f04a38,PAIRING_V1
subj04,fold_2,train,B:D,vis2img,51,195,157,637,V2I_ROY_RANDOM_WITHIN_IDENTITY_V1,908ce1f927ae651f,2915f9a7cbcd7adb,PAIRING_V1
subj04,fold_2,train,B:D,vis2img,54,198,184,664,V2I_ROY_RANDOM_WITHIN_IDENTITY_V1,908ce1f927ae651f,2915f9a7cbcd7adb,PAIRING_V1
subj04,fold_2,train,B:D,vis2img,70,214,150,630,V2I_ROY_RANDOM_WITHIN_IDENTITY_V1,908ce1f927ae651f,2915f9a7cbcd7adb,PAIRING_V1
subj04,fold_2,train,B:D,vis2img,93,237,160,640,V2I_ROY_RANDOM_WITHIN_IDENTITY_V1,908ce1f927ae651f,2915f9a7cbcd7adb,PAIRING_V1
subj04,fold_2,train,B:K,vis2img,55,199,178,658,V2I_ROY_RANDOM_WITHIN_IDENTITY_V1,908ce1f927ae651f,bcb526c021076d7d,PAIRING_V1
subj04,fold_2,train,B:K,vis2img,67,211,176,656,V2I_ROY_RANDOM_WITHIN_IDENTITY_V1,908ce1f927ae651f,bcb526c021076d7d,PAIRING_V1
subj04,fold_2,train,B:K,vis2img,78,222,168,648,V2I_ROY_RANDOM_WITHIN_IDENTITY_V1,908ce1f927ae651f,bcb526c021076d7d,PAIRING_V1
subj04,fold_2,train,B:K,vis2img,91,235,187,667,V2I_ROY_RANDOM_WITHIN_IDENTITY_V1,908ce1f927ae651f,bcb526c021076d7d,PAIRING_V1
subj04,fold_2,train,B:T,vis2img,52,196,162,642,V2I_ROY_RANDOM_WITHIN_IDENTITY_V1,908ce1f927ae651f,2db9d93603bd489f,PAIRING_V1
subj04,fold_2,train,B:T,vis2img,74,218,180,660,V2I_ROY_RANDOM_WITHIN_IDENTITY_V1,908ce1f927ae651f,2db9d93603bd489f,PAIRING_V1
subj04,fold_2,train,B:T,vis2img,88,232,182,662,V2I_ROY_RANDOM_WITHIN_IDENTITY_V1,908ce1f927ae651f,2db9d93603bd489f,PAIRING_V1
subj04,fold_2,train,B:T,vis2img,92,236,190,670,V2I_ROY_RANDOM_WITHIN_IDENTITY_V1,908ce1f927ae651f,2db9d93603bd489f,PAIRING_V1
subj04,fold_2,train,B:W,vis2img,50,194,153,633,V2I_ROY_RANDOM_WITHIN_IDENTITY_V1,908ce1f927ae651f,59e4eb785c29b1c7,PAIRING_V1
subj04,fold_2,train,B:W,vis2img,56,200,181,661,V2I_ROY_RANDOM_WITHIN_IDENTITY_V1,908ce1f927ae651f,59e4eb785c29b1c7,PAIRING_V1
subj04,fold_2,train,B:W,vis2img,75,219,171,651,V2I_ROY_RANDOM_WITHIN_IDENTITY_V1,908ce1f927ae651f,59e4eb785c29b1c7,PAIRING_V1
subj04,fold_2,train,B:W,vis2img,87,231,177,657,V2I_ROY_RANDOM_WITHIN_IDENTITY_V1,908ce1f927ae651f,59e4eb785c29b1c7,PAIRING_V1
subj04,fold_2,val,A:E,vis2img,9,9,107,587,V2I_ROY_RANDOM_WITHIN_IDENTITY_V1,908ce1f927ae651f,73d80b6057e2a05a,PAIRING_V1
subj04,fold_2,val,A:E,vis2img,38,38,123,603,V2I_ROY_RANDOM_WITHIN_IDENTITY_V1,908ce1f927ae651f,73d80b6057e2a05a,PAIRING_V1
subj04,fold_2,val,A:H,vis2img,18,18,121,601,V2I_ROY_RANDOM_WITHIN_IDENTITY_V1,908ce1f927ae651f,04f95ba11035d208,PAIRING_V1
subj04,fold_2,val,A:H,vis2img,21,21,104,584,V2I_ROY_RANDOM_WITHIN_IDENTITY_V1,908ce1f927ae651f,04f95ba11035d208,PAIRING_V1
subj04,fold_2,val,A:L,vis2img,7,7,115,595,V2I_ROY_RANDOM_WITHIN_IDENTITY_V1,908ce1f927ae651f,df0adb4ba734d8c5,PAIRING_V1
subj04,fold_2,val,A:L,vis2img,29,29,99,579,V2I_ROY_RANDOM_WITHIN_IDENTITY_V1,908ce1f927ae651f,df0adb4ba734d8c5,PAIRING_V1
subj04,fold_2,val,A:P,vis2img,11,11,122,602,V2I_ROY_RANDOM_WITHIN_IDENTITY_V1,908ce1f927ae651f,8d48c15ccd32fcb8,PAIRING_V1
subj04,fold_2,val,A:P,vis2img,37,37,141,621,V2I_ROY_RANDOM_WITHIN_IDENTITY_V1,908ce1f927ae651f,8d48c15ccd32fcb8,PAIRING_V1
subj04,fold_2,val,A:R,vis2img,5,5,103,583,V2I_ROY_RANDOM_WITHIN_IDENTITY_V1,908ce1f927ae651f,2722fed6c860ba7a,PAIRING_V1
subj04,fold_2,val,A:R,vis2img,44,44,136,616,V2I_ROY_RANDOM_WITHIN_IDENTITY_V1,908ce1f927ae651f,2722fed6c860ba7a,PAIRING_V1
subj04,fold_2,val,A:V,vis2img,31,31,128,608,V2I_ROY_RANDOM_WITHIN_IDENTITY_V1,908ce1f927ae651f,a501267dc59e9f9f,PAIRING_V1
subj04,fold_2,val,A:V,vis2img,33,33,132,612,V2I_ROY_RANDOM_WITHIN_IDENTITY_V1,908ce1f927ae651f,a501267dc59e9f9f,PAIRING_V1
subj04,fold_2,val,B:B,vis2img,83,227,173,653,V2I_ROY_RANDOM_WITHIN_IDENTITY_V1,908ce1f927ae651f,86663fc276b6f9c5,PAIRING_V1
subj04,fold_2,val,B:B,vis2img,85,229,179,659,V2I_ROY_RANDOM_WITHIN_IDENTITY_V1,908ce1f927ae651f,86663fc276b6f9c5,PAIRING_V1
subj04,fold_2,val,B:C,vis2img,49,193,186,666,V2I_ROY_RANDOM_WITHIN_IDENTITY_V1,908ce1f927ae651f,fc340ec2718b367c,PAIRING_V1
subj04,fold_2,val,B:C,vis2img,73,217,158,638,V2I_ROY_RANDOM_WITHIN_IDENTITY_V1,908ce1f927ae651f,fc340ec2718b367c,PAIRING_V1
subj04,fold_2,val,B:D,vis2img,61,205,155,635,V2I_ROY_RANDOM_WITHIN_IDENTITY_V1,908ce1f927ae651f,72fc7d888aa6d183,PAIRING_V1
subj04,fold_2,val,B:D,vis2img,65,209,174,654,V2I_ROY_RANDOM_WITHIN_IDENTITY_V1,908ce1f927ae651f,72fc7d888aa6d183,PAIRING_V1
subj04,fold_2,val,B:K,vis2img,57,201,154,634,V2I_ROY_RANDOM_WITHIN_IDENTITY_V1,908ce1f927ae651f,4caded2824204103,PAIRING_V1
subj04,fold_2,val,B:K,vis2img,84,228,152,632,V2I_ROY_RANDOM_WITHIN_IDENTITY_V1,908ce1f927ae651f,4caded2824204103,PAIRING_V1
subj04,fold_2,val,B:T,vis2img,69,213,147,627,V2I_ROY_RANDOM_WITHIN_IDENTITY_V1,908ce1f927ae651f,2ae25261ebfeb96a,PAIRING_V1
subj04,fold_2,val,B:T,vis2img,80,224,166,646,V2I_ROY_RANDOM_WITHIN_IDENTITY_V1,908ce1f927ae651f,2ae25261ebfeb96a,PAIRING_V1
subj04,fold_2,val,B:W,vis2img,48,192,183,663,V2I_ROY_RANDOM_WITHIN_IDENTITY_V1,908ce1f927ae651f,4fb209031decd690,PAIRING_V1
subj04,fold_2,val,B:W,vis2img,63,207,145,625,V2I_ROY_RANDOM_WITHIN_IDENTITY_V1,908ce1f927ae651f,4fb209031decd690,PAIRING_V1
subj04,fold_2,test,A:E,vis2img,43,43,120,600,V2I_ROY_RANDOM_WITHIN_IDENTITY_V1,908ce1f927ae651f,186c076e5ef682ca,PAIRING_V1
subj04,fold_2,test,A:E,vis2img,47,47,118,598,V2I_ROY_RANDOM_WITHIN_IDENTITY_V1,908ce1f927ae651f,186c076e5ef682ca,PAIRING_V1
subj04,fold_2,test,A:H,vis2img,2,2,129,609,V2I_ROY_RANDOM_WITHIN_IDENTITY_V1,908ce1f927ae651f,ba0b0225e98acd0c,PAIRING_V1
subj04,fold_2,test,A:H,vis2img,28,28,140,620,V2I_ROY_RANDOM_WITHIN_IDENTITY_V1,908ce1f927ae651f,ba0b0225e98acd0c,PAIRING_V1
subj04,fold_2,test,A:L,vis2img,36,36,135,615,V2I_ROY_RANDOM_WITHIN_IDENTITY_V1,908ce1f927ae651f,235cbe05e4bc8595,PAIRING_V1
subj04,fold_2,test,A:L,vis2img,42,42,117,597,V2I_ROY_RANDOM_WITHIN_IDENTITY_V1,908ce1f927ae651f,235cbe05e4bc8595,PAIRING_V1
subj04,fold_2,test,A:P,vis2img,20,20,143,623,V2I_ROY_RANDOM_WITHIN_IDENTITY_V1,908ce1f927ae651f,9ffe74842c556840,PAIRING_V1
subj04,fold_2,test,A:P,vis2img,41,41,112,592,V2I_ROY_RANDOM_WITHIN_IDENTITY_V1,908ce1f927ae651f,9ffe74842c556840,PAIRING_V1
subj04,fold_2,test,A:R,vis2img,25,25,142,622,V2I_ROY_RANDOM_WITHIN_IDENTITY_V1,908ce1f927ae651f,4b969cc2a1316226,PAIRING_V1
subj04,fold_2,test,A:R,vis2img,39,39,133,613,V2I_ROY_RANDOM_WITHIN_IDENTITY_V1,908ce1f927ae651f,4b969cc2a1316226,PAIRING_V1
subj04,fold_2,test,A:V,vis2img,15,15,100,580,V2I_ROY_RANDOM_WITHIN_IDENTITY_V1,908ce1f927ae651f,6cf0c19c1855b981,PAIRING_V1
subj04,fold_2,test,A:V,vis2img,19,19,106,586,V2I_ROY_RANDOM_WITHIN_IDENTITY_V1,908ce1f927ae651f,6cf0c19c1855b981,PAIRING_V1
subj04,fold_2,test,B:B,vis2img,53,197,185,665,V2I_ROY_RANDOM_WITHIN_IDENTITY_V1,908ce1f927ae651f,6d1e50abd949af29,PAIRING_V1
subj04,fold_2,test,B:B,vis2img,89,233,161,641,V2I_ROY_RANDOM_WITHIN_IDENTITY_V1,908ce1f927ae651f,6d1e50abd949af29,PAIRING_V1
subj04,fold_2,test,B:C,vis2img,62,206,146,626,V2I_ROY_RANDOM_WITHIN_IDENTITY_V1,908ce1f927ae651f,09b4f961953dded2,PAIRING_V1
subj04,fold_2,test,B:C,vis2img,90,234,148,628,V2I_ROY_RANDOM_WITHIN_IDENTITY_V1,908ce1f927ae651f,09b4f961953dded2,PAIRING_V1
subj04,fold_2,test,B:D,vis2img,68,212,188,668,V2I_ROY_RANDOM_WITHIN_IDENTITY_V1,908ce1f927ae651f,dd919831a3aae7bc,PAIRING_V1
subj04,fold_2,test,B:D,vis2img,81,225,169,649,V2I_ROY_RANDOM_WITHIN_IDENTITY_V1,908ce1f927ae651f,dd919831a3aae7bc,PAIRING_V1
subj04,fold_2,test,B:K,vis2img,59,203,189,669,V2I_ROY_RANDOM_WITHIN_IDENTITY_V1,908ce1f927ae651f,63b079120977fc02,PAIRING_V1
subj04,fold_2,test,B:K,vis2img,82,226,149,629,V2I_ROY_RANDOM_WITHIN_IDENTITY_V1,908ce1f927ae651f,63b079120977fc02,PAIRING_V1
subj04,fold_2,test,B:T,vis2img,60,204,170,650,V2I_ROY_RANDOM_WITHIN_IDENTITY_V1,908ce1f927ae651f,b3ffcfb2743385ea,PAIRING_V1
subj04,fold_2,test,B:T,vis2img,95,239,159,639,V2I_ROY_RANDOM_WITHIN_IDENTITY_V1,908ce1f927ae651f,b3ffcfb2743385ea,PAIRING_V1
subj04,fold_2,test,B:W,vis2img,72,216,164,644,V2I_ROY_RANDOM_WITHIN_IDENTITY_V1,908ce1f927ae651f,93df246e838f6e27,PAIRING_V1
subj04,fold_2,test,B:W,vis2img,77,221,175,655,V2I_ROY_RANDOM_WITHIN_IDENTITY_V1,908ce1f927ae651f,93df246e838f6e27,PAIRING_V1
subj04,fold_3,train,A:E,vis2img,6,6,116,596,V2I_ROY_RANDOM_WITHIN_IDENTITY_V1,908ce1f927ae651f,b7c50085122a38d1,PAIRING_V1
subj04,fold_3,train,A:E,vis2img,23,23,138,618,V2I_ROY_RANDOM_WITHIN_IDENTITY_V1,908ce1f927ae651f,b7c50085122a38d1,PAIRING_V1
subj04,fold_3,train,A:E,vis2img,26,26,111,591,V2I_ROY_RANDOM_WITHIN_IDENTITY_V1,908ce1f927ae651f,b7c50085122a38d1,PAIRING_V1
subj04,fold_3,train,A:E,vis2img,32,32,114,594,V2I_ROY_RANDOM_WITHIN_IDENTITY_V1,908ce1f927ae651f,b7c50085122a38d1,PAIRING_V1
subj04,fold_3,train,A:H,vis2img,10,10,125,605,V2I_ROY_RANDOM_WITHIN_IDENTITY_V1,908ce1f927ae651f,4d0e54ad8843dd9d,PAIRING_V1
subj04,fold_3,train,A:H,vis2img,14,14,113,593,V2I_ROY_RANDOM_WITHIN_IDENTITY_V1,908ce1f927ae651f,4d0e54ad8843dd9d,PAIRING_V1
subj04,fold_3,train,A:H,vis2img,24,24,119,599,V2I_ROY_RANDOM_WITHIN_IDENTITY_V1,908ce1f927ae651f,4d0e54ad8843dd9d,PAIRING_V1
subj04,fold_3,train,A:H,vis2img,35,35,134,614,V2I_ROY_RANDOM_WITHIN_IDENTITY_V1,908ce1f927ae651f,4d0e54ad8843dd9d,PAIRING_V1
subj04,fold_3,train,A:L,vis2img,0,0,126,606,V2I_ROY_RANDOM_WITHIN_IDENTITY_V1,908ce1f927ae651f,d3b9185f1ac16471,PAIRING_V1
subj04,fold_3,train,A:L,vis2img,4,4,131,611,V2I_ROY_RANDOM_WITHIN_IDENTITY_V1,908ce1f927ae651f,d3b9185f1ac16471,PAIRING_V1
subj04,fold_3,train,A:L,vis2img,12,12,110,590,V2I_ROY_RANDOM_WITHIN_IDENTITY_V1,908ce1f927ae651f,d3b9185f1ac16471,PAIRING_V1
subj04,fold_3,train,A:L,vis2img,27,27,96,576,V2I_ROY_RANDOM_WITHIN_IDENTITY_V1,908ce1f927ae651f,d3b9185f1ac16471,PAIRING_V1
subj04,fold_3,train,A:P,vis2img,8,8,130,610,V2I_ROY_RANDOM_WITHIN_IDENTITY_V1,908ce1f927ae651f,aefc2824e8e8c318,PAIRING_V1
subj04,fold_3,train,A:P,vis2img,13,13,101,581,V2I_ROY_RANDOM_WITHIN_IDENTITY_V1,908ce1f927ae651f,aefc2824e8e8c318,PAIRING_V1
subj04,fold_3,train,A:P,vis2img,16,16,139,619,V2I_ROY_RANDOM_WITHIN_IDENTITY_V1,908ce1f927ae651f,aefc2824e8e8c318,PAIRING_V1
subj04,fold_3,train,A:P,vis2img,34,34,127,607,V2I_ROY_RANDOM_WITHIN_IDENTITY_V1,908ce1f927ae651f,aefc2824e8e8c318,PAIRING_V1
subj04,fold_3,train,A:R,vis2img,17,17,108,588,V2I_ROY_RANDOM_WITHIN_IDENTITY_V1,908ce1f927ae651f,3356d42c127e8c41,PAIRING_V1
subj04,fold_3,train,A:R,vis2img,22,22,105,585,V2I_ROY_RANDOM_WITHIN_IDENTITY_V1,908ce1f927ae651f,3356d42c127e8c41,PAIRING_V1
subj04,fold_3,train,A:R,vis2img,30,30,124,604,V2I_ROY_RANDOM_WITHIN_IDENTITY_V1,908ce1f927ae651f,3356d42c127e8c41,PAIRING_V1
subj04,fold_3,train,A:R,vis2img,46,46,98,578,V2I_ROY_RANDOM_WITHIN_IDENTITY_V1,908ce1f927ae651f,3356d42c127e8c41,PAIRING_V1
subj04,fold_3,train,A:V,vis2img,1,1,97,577,V2I_ROY_RANDOM_WITHIN_IDENTITY_V1,908ce1f927ae651f,f0b87755350e4dc1,PAIRING_V1
subj04,fold_3,train,A:V,vis2img,3,3,137,617,V2I_ROY_RANDOM_WITHIN_IDENTITY_V1,908ce1f927ae651f,f0b87755350e4dc1,PAIRING_V1
subj04,fold_3,train,A:V,vis2img,40,40,109,589,V2I_ROY_RANDOM_WITHIN_IDENTITY_V1,908ce1f927ae651f,f0b87755350e4dc1,PAIRING_V1
subj04,fold_3,train,A:V,vis2img,45,45,102,582,V2I_ROY_RANDOM_WITHIN_IDENTITY_V1,908ce1f927ae651f,f0b87755350e4dc1,PAIRING_V1
subj04,fold_3,train,B:B,vis2img,66,210,167,647,V2I_ROY_RANDOM_WITHIN_IDENTITY_V1,908ce1f927ae651f,159b2ecb4561fe59,PAIRING_V1
subj04,fold_3,train,B:B,vis2img,76,220,191,671,V2I_ROY_RANDOM_WITHIN_IDENTITY_V1,908ce1f927ae651f,159b2ecb4561fe59,PAIRING_V1
subj04,fold_3,train,B:B,vis2img,79,223,144,624,V2I_ROY_RANDOM_WITHIN_IDENTITY_V1,908ce1f927ae651f,159b2ecb4561fe59,PAIRING_V1
subj04,fold_3,train,B:B,vis2img,94,238,165,645,V2I_ROY_RANDOM_WITHIN_IDENTITY_V1,908ce1f927ae651f,159b2ecb4561fe59,PAIRING_V1
subj04,fold_3,train,B:C,vis2img,58,202,163,643,V2I_ROY_RANDOM_WITHIN_IDENTITY_V1,908ce1f927ae651f,8f8c2572b2344dd3,PAIRING_V1
subj04,fold_3,train,B:C,vis2img,64,208,172,652,V2I_ROY_RANDOM_WITHIN_IDENTITY_V1,908ce1f927ae651f,8f8c2572b2344dd3,PAIRING_V1
subj04,fold_3,train,B:C,vis2img,71,215,156,636,V2I_ROY_RANDOM_WITHIN_IDENTITY_V1,908ce1f927ae651f,8f8c2572b2344dd3,PAIRING_V1
subj04,fold_3,train,B:C,vis2img,86,230,151,631,V2I_ROY_RANDOM_WITHIN_IDENTITY_V1,908ce1f927ae651f,8f8c2572b2344dd3,PAIRING_V1
subj04,fold_3,train,B:D,vis2img,51,195,150,630,V2I_ROY_RANDOM_WITHIN_IDENTITY_V1,908ce1f927ae651f,c4f1fa52ec15179a,PAIRING_V1
subj04,fold_3,train,B:D,vis2img,54,198,157,637,V2I_ROY_RANDOM_WITHIN_IDENTITY_V1,908ce1f927ae651f,c4f1fa52ec15179a,PAIRING_V1
subj04,fold_3,train,B:D,vis2img,70,214,160,640,V2I_ROY_RANDOM_WITHIN_IDENTITY_V1,908ce1f927ae651f,c4f1fa52ec15179a,PAIRING_V1
subj04,fold_3,train,B:D,vis2img,93,237,184,664,V2I_ROY_RANDOM_WITHIN_IDENTITY_V1,908ce1f927ae651f,c4f1fa52ec15179a,PAIRING_V1
subj04,fold_3,train,B:K,vis2img,55,199,187,667,V2I_ROY_RANDOM_WITHIN_IDENTITY_V1,908ce1f927ae651f,e800ac3076a5b2a9,PAIRING_V1
subj04,fold_3,train,B:K,vis2img,67,211,178,658,V2I_ROY_RANDOM_WITHIN_IDENTITY_V1,908ce1f927ae651f,e800ac3076a5b2a9,PAIRING_V1
subj04,fold_3,train,B:K,vis2img,78,222,176,656,V2I_ROY_RANDOM_WITHIN_IDENTITY_V1,908ce1f927ae651f,e800ac3076a5b2a9,PAIRING_V1
subj04,fold_3,train,B:K,vis2img,91,235,168,648,V2I_ROY_RANDOM_WITHIN_IDENTITY_V1,908ce1f927ae651f,e800ac3076a5b2a9,PAIRING_V1
subj04,fold_3,train,B:T,vis2img,52,196,180,660,V2I_ROY_RANDOM_WITHIN_IDENTITY_V1,908ce1f927ae651f,fa4e2b2b1bf5b09f,PAIRING_V1
subj04,fold_3,train,B:T,vis2img,74,218,162,642,V2I_ROY_RANDOM_WITHIN_IDENTITY_V1,908ce1f927ae651f,fa4e2b2b1bf5b09f,PAIRING_V1
subj04,fold_3,train,B:T,vis2img,88,232,182,662,V2I_ROY_RANDOM_WITHIN_IDENTITY_V1,908ce1f927ae651f,fa4e2b2b1bf5b09f,PAIRING_V1
subj04,fold_3,train,B:T,vis2img,92,236,190,670,V2I_ROY_RANDOM_WITHIN_IDENTITY_V1,908ce1f927ae651f,fa4e2b2b1bf5b09f,PAIRING_V1
subj04,fold_3,train,B:W,vis2img,50,194,171,651,V2I_ROY_RANDOM_WITHIN_IDENTITY_V1,908ce1f927ae651f,2acae4b25397d5b3,PAIRING_V1
subj04,fold_3,train,B:W,vis2img,56,200,153,633,V2I_ROY_RANDOM_WITHIN_IDENTITY_V1,908ce1f927ae651f,2acae4b25397d5b3,PAIRING_V1
subj04,fold_3,train,B:W,vis2img,75,219,177,657,V2I_ROY_RANDOM_WITHIN_IDENTITY_V1,908ce1f927ae651f,2acae4b25397d5b3,PAIRING_V1
subj04,fold_3,train,B:W,vis2img,87,231,181,661,V2I_ROY_RANDOM_WITHIN_IDENTITY_V1,908ce1f927ae651f,2acae4b25397d5b3,PAIRING_V1
subj04,fold_3,val,A:E,vis2img,43,43,118,598,V2I_ROY_RANDOM_WITHIN_IDENTITY_V1,908ce1f927ae651f,6af3234375a6ecbc,PAIRING_V1
subj04,fold_3,val,A:E,vis2img,47,47,120,600,V2I_ROY_RANDOM_WITHIN_IDENTITY_V1,908ce1f927ae651f,6af3234375a6ecbc,PAIRING_V1
subj04,fold_3,val,A:H,vis2img,2,2,129,609,V2I_ROY_RANDOM_WITHIN_IDENTITY_V1,908ce1f927ae651f,2b8c092e52f74105,PAIRING_V1
subj04,fold_3,val,A:H,vis2img,28,28,140,620,V2I_ROY_RANDOM_WITHIN_IDENTITY_V1,908ce1f927ae651f,2b8c092e52f74105,PAIRING_V1
subj04,fold_3,val,A:L,vis2img,36,36,135,615,V2I_ROY_RANDOM_WITHIN_IDENTITY_V1,908ce1f927ae651f,682dc0e597d0010b,PAIRING_V1
subj04,fold_3,val,A:L,vis2img,42,42,117,597,V2I_ROY_RANDOM_WITHIN_IDENTITY_V1,908ce1f927ae651f,682dc0e597d0010b,PAIRING_V1
subj04,fold_3,val,A:P,vis2img,20,20,143,623,V2I_ROY_RANDOM_WITHIN_IDENTITY_V1,908ce1f927ae651f,2a552724fd16e551,PAIRING_V1
subj04,fold_3,val,A:P,vis2img,41,41,112,592,V2I_ROY_RANDOM_WITHIN_IDENTITY_V1,908ce1f927ae651f,2a552724fd16e551,PAIRING_V1
subj04,fold_3,val,A:R,vis2img,25,25,142,622,V2I_ROY_RANDOM_WITHIN_IDENTITY_V1,908ce1f927ae651f,b4eb5da469c657b6,PAIRING_V1
subj04,fold_3,val,A:R,vis2img,39,39,133,613,V2I_ROY_RANDOM_WITHIN_IDENTITY_V1,908ce1f927ae651f,b4eb5da469c657b6,PAIRING_V1
subj04,fold_3,val,A:V,vis2img,15,15,106,586,V2I_ROY_RANDOM_WITHIN_IDENTITY_V1,908ce1f927ae651f,31af4fe5aa778ddf,PAIRING_V1
subj04,fold_3,val,A:V,vis2img,19,19,100,580,V2I_ROY_RANDOM_WITHIN_IDENTITY_V1,908ce1f927ae651f,31af4fe5aa778ddf,PAIRING_V1
subj04,fold_3,val,B:B,vis2img,53,197,185,665,V2I_ROY_RANDOM_WITHIN_IDENTITY_V1,908ce1f927ae651f,d6f5749b604d6567,PAIRING_V1
subj04,fold_3,val,B:B,vis2img,89,233,161,641,V2I_ROY_RANDOM_WITHIN_IDENTITY_V1,908ce1f927ae651f,d6f5749b604d6567,PAIRING_V1
subj04,fold_3,val,B:C,vis2img,62,206,146,626,V2I_ROY_RANDOM_WITHIN_IDENTITY_V1,908ce1f927ae651f,1bde642ca7853e3f,PAIRING_V1
subj04,fold_3,val,B:C,vis2img,90,234,148,628,V2I_ROY_RANDOM_WITHIN_IDENTITY_V1,908ce1f927ae651f,1bde642ca7853e3f,PAIRING_V1
subj04,fold_3,val,B:D,vis2img,68,212,169,649,V2I_ROY_RANDOM_WITHIN_IDENTITY_V1,908ce1f927ae651f,5b99e598d9345d66,PAIRING_V1
subj04,fold_3,val,B:D,vis2img,81,225,188,668,V2I_ROY_RANDOM_WITHIN_IDENTITY_V1,908ce1f927ae651f,5b99e598d9345d66,PAIRING_V1
subj04,fold_3,val,B:K,vis2img,59,203,149,629,V2I_ROY_RANDOM_WITHIN_IDENTITY_V1,908ce1f927ae651f,bef11ab18c0495e9,PAIRING_V1
subj04,fold_3,val,B:K,vis2img,82,226,189,669,V2I_ROY_RANDOM_WITHIN_IDENTITY_V1,908ce1f927ae651f,bef11ab18c0495e9,PAIRING_V1
subj04,fold_3,val,B:T,vis2img,60,204,159,639,V2I_ROY_RANDOM_WITHIN_IDENTITY_V1,908ce1f927ae651f,d3073bde485c76dc,PAIRING_V1
subj04,fold_3,val,B:T,vis2img,95,239,170,650,V2I_ROY_RANDOM_WITHIN_IDENTITY_V1,908ce1f927ae651f,d3073bde485c76dc,PAIRING_V1
subj04,fold_3,val,B:W,vis2img,72,216,175,655,V2I_ROY_RANDOM_WITHIN_IDENTITY_V1,908ce1f927ae651f,365ec478971882b7,PAIRING_V1
subj04,fold_3,val,B:W,vis2img,77,221,164,644,V2I_ROY_RANDOM_WITHIN_IDENTITY_V1,908ce1f927ae651f,365ec478971882b7,PAIRING_V1
subj04,fold_3,test,A:E,vis2img,9,9,107,587,V2I_ROY_RANDOM_WITHIN_IDENTITY_V1,908ce1f927ae651f,ec776abff6bf7ab8,PAIRING_V1
subj04,fold_3,test,A:E,vis2img,38,38,123,603,V2I_ROY_RANDOM_WITHIN_IDENTITY_V1,908ce1f927ae651f,ec776abff6bf7ab8,PAIRING_V1
subj04,fold_3,test,A:H,vis2img,18,18,121,601,V2I_ROY_RANDOM_WITHIN_IDENTITY_V1,908ce1f927ae651f,78f10a5999ae1d3d,PAIRING_V1
subj04,fold_3,test,A:H,vis2img,21,21,104,584,V2I_ROY_RANDOM_WITHIN_IDENTITY_V1,908ce1f927ae651f,78f10a5999ae1d3d,PAIRING_V1
subj04,fold_3,test,A:L,vis2img,7,7,99,579,V2I_ROY_RANDOM_WITHIN_IDENTITY_V1,908ce1f927ae651f,02190643d886f979,PAIRING_V1
subj04,fold_3,test,A:L,vis2img,29,29,115,595,V2I_ROY_RANDOM_WITHIN_IDENTITY_V1,908ce1f927ae651f,02190643d886f979,PAIRING_V1
subj04,fold_3,test,A:P,vis2img,11,11,122,602,V2I_ROY_RANDOM_WITHIN_IDENTITY_V1,908ce1f927ae651f,6e5a0f8ec4aeddee,PAIRING_V1
subj04,fold_3,test,A:P,vis2img,37,37,141,621,V2I_ROY_RANDOM_WITHIN_IDENTITY_V1,908ce1f927ae651f,6e5a0f8ec4aeddee,PAIRING_V1
subj04,fold_3,test,A:R,vis2img,5,5,136,616,V2I_ROY_RANDOM_WITHIN_IDENTITY_V1,908ce1f927ae651f,eb84d1d5c1efbf32,PAIRING_V1
subj04,fold_3,test,A:R,vis2img,44,44,103,583,V2I_ROY_RANDOM_WITHIN_IDENTITY_V1,908ce1f927ae651f,eb84d1d5c1efbf32,PAIRING_V1
subj04,fold_3,test,A:V,vis2img,31,31,132,612,V2I_ROY_RANDOM_WITHIN_IDENTITY_V1,908ce1f927ae651f,1426b21611fd5b24,PAIRING_V1
subj04,fold_3,test,A:V,vis2img,33,33,128,608,V2I_ROY_RANDOM_WITHIN_IDENTITY_V1,908ce1f927ae651f,1426b21611fd5b24,PAIRING_V1
subj04,fold_3,test,B:B,vis2img,83,227,179,659,V2I_ROY_RANDOM_WITHIN_IDENTITY_V1,908ce1f927ae651f,8816d3530ee0c42f,PAIRING_V1
subj04,fold_3,test,B:B,vis2img,85,229,173,653,V2I_ROY_RANDOM_WITHIN_IDENTITY_V1,908ce1f927ae651f,8816d3530ee0c42f,PAIRING_V1
subj04,fold_3,test,B:C,vis2img,49,193,186,666,V2I_ROY_RANDOM_WITHIN_IDENTITY_V1,908ce1f927ae651f,f5f644517aa6ab3b,PAIRING_V1
subj04,fold_3,test,B:C,vis2img,73,217,158,638,V2I_ROY_RANDOM_WITHIN_IDENTITY_V1,908ce1f927ae651f,f5f644517aa6ab3b,PAIRING_V1
subj04,fold_3,test,B:D,vis2img,61,205,155,635,V2I_ROY_RANDOM_WITHIN_IDENTITY_V1,908ce1f927ae651f,4ea17b4c1e62c5e5,PAIRING_V1
subj04,fold_3,test,B:D,vis2img,65,209,174,654,V2I_ROY_RANDOM_WITHIN_IDENTITY_V1,908ce1f927ae651f,4ea17b4c1e62c5e5,PAIRING_V1
subj04,fold_3,test,B:K,vis2img,57,201,152,632,V2I_ROY_RANDOM_WITHIN_IDENTITY_V1,908ce1f927ae651f,ac8c32634db8d6e3,PAIRING_V1
subj04,fold_3,test,B:K,vis2img,84,228,154,634,V2I_ROY_RANDOM_WITHIN_IDENTITY_V1,908ce1f927ae651f,ac8c32634db8d6e3,PAIRING_V1
subj04,fold_3,test,B:T,vis2img,69,213,166,646,V2I_ROY_RANDOM_WITHIN_IDENTITY_V1,908ce1f927ae651f,3ecd0aeb40ea5c74,PAIRING_V1
subj04,fold_3,test,B:T,vis2img,80,224,147,627,V2I_ROY_RANDOM_WITHIN_IDENTITY_V1,908ce1f927ae651f,3ecd0aeb40ea5c74,PAIRING_V1
subj04,fold_3,test,B:W,vis2img,48,192,145,625,V2I_ROY_RANDOM_WITHIN_IDENTITY_V1,908ce1f927ae651f,053b5108c4d6b818,PAIRING_V1
subj04,fold_3,test,B:W,vis2img,63,207,183,663,V2I_ROY_RANDOM_WITHIN_IDENTITY_V1,908ce1f927ae651f,053b5108c4d6b818,PAIRING_V1
subj05,fold_0,train,A:E,vis2img,26,26,116,596,V2I_ROY_RANDOM_WITHIN_IDENTITY_V1,908ce1f927ae651f,ff8a6b20474a0ee6,PAIRING_V1
subj05,fold_0,train,A:E,vis2img,32,32,111,591,V2I_ROY_RANDOM_WITHIN_IDENTITY_V1,908ce1f927ae651f,ff8a6b20474a0ee6,PAIRING_V1
subj05,fold_0,train,A:E,vis2img,43,43,118,598,V2I_ROY_RANDOM_WITHIN_IDENTITY_V1,908ce1f927ae651f,ff8a6b20474a0ee6,PAIRING_V1
subj05,fold_0,train,A:E,vis2img,47,47,120,600,V2I_ROY_RANDOM_WITHIN_IDENTITY_V1,908ce1f927ae651f,ff8a6b20474a0ee6,PAIRING_V1
subj05,fold_0,train,A:H,vis2img,2,2,134,614,V2I_ROY_RANDOM_WITHIN_IDENTITY_V1,908ce1f927ae651f,4040c05a8f5c71d5,PAIRING_V1
subj05,fold_0,train,A:H,vis2img,10,10,140,620,V2I_ROY_RANDOM_WITHIN_IDENTITY_V1,908ce1f927ae651f,4040c05a8f5c71d5,PAIRING_V1
subj05,fold_0,train,A:H,vis2img,14,14,125,605,V2I_ROY_RANDOM_WITHIN_IDENTITY_V1,908ce1f927ae651f,4040c05a8f5c71d5,PAIRING_V1
subj05,fold_0,train,A:H,vis2img,28,28,129,609,V2I_ROY_RANDOM_WITHIN_IDENTITY_V1,908ce1f927ae651f,4040c05a8f5c71d5,PAIRING_V1
subj05,fold_0,train,A:L,vis2img,12,12,135,615,V2I_ROY_RANDOM_WITHIN_IDENTITY_V1,908ce1f927ae651f,567c96911fcb7213,PAIRING_V1
subj05,fold_0,train,A:L,vis2img,27,27,96,576,V2I_ROY_RANDOM_WITHIN_IDENTITY_V1,908ce1f927ae651f,567c96911fcb7213,PAIRING_V1
subj05,fold_0,train,A:L,vis2img,36,36,126,606,V2I_ROY_RANDOM_WITHIN_IDENTITY_V1,908ce1f927ae651f,567c96911fcb7213,PAIRING_V1
subj05,fold_0,train,A:L,vis2img,42,42,117,597,V2I_ROY_RANDOM_WITHIN_IDENTITY_V1,908ce1f927ae651f,567c96911fcb7213,PAIRING_V1
subj05,fold_0,train,A:P,vis2img,8,8,112,592,V2I_ROY_RANDOM_WITHIN_IDENTITY_V1,908ce1f927ae651f,0e3e28d5cdee4dc3,PAIRING_V1
subj05,fold_0,train,A:P,vis2img,13,13,143,623,V2I_ROY_RANDOM_WITHIN_IDENTITY_V1,908ce1f927ae651f,0e3e28d5cdee4dc3,PAIRING_V1
subj05,fold_0,train,A:P,vis2img,20,20,127,607,V2I_ROY_RANDOM_WITHIN_IDENTITY_V1,908ce1f927ae651f,0e3e28d5cdee4dc3,PAIRING_V1
subj05,fold_0,train,A:P,vis2img,41,41,130,610,V2I_ROY_RANDOM_WITHIN_IDENTITY_V1,908ce1f927ae651f,0e3e28d5cdee4dc3,PAIRING_V1
subj05,fold_0,train,A:R,vis2img,22,22,133,613,V2I_ROY_RANDOM_WITHIN_IDENTITY_V1,908ce1f927ae651f,da3a18a50e9f9792,PAIRING_V1
subj05,fold_0,train,A:R,vis2img,25,25,142,622,V2I_ROY_RANDOM_WITHIN_IDENTITY_V1,908ce1f927ae651f,da3a18a50e9f9792,PAIRING_V1
subj05,fold_0,train,A:R,vis2img,30,30,98,578,V2I_ROY_RANDOM_WITHIN_IDENTITY_V1,908ce1f927ae651f,da3a18a50e9f9792,PAIRING_V1
subj05,fold_0,train,A:R,vis2img,39,39,105,585,V2I_ROY_RANDOM_WITHIN_IDENTITY_V1,908ce1f927ae651f,da3a18a50e9f9792,PAIRING_V1
subj05,fold_0,train,A:V,vis2img,1,1,97,577,V2I_ROY_RANDOM_WITHIN_IDENTITY_V1,908ce1f927ae651f,38a84f95fc2868d0,PAIRING_V1
subj05,fold_0,train,A:V,vis2img,3,3,100,580,V2I_ROY_RANDOM_WITHIN_IDENTITY_V1,908ce1f927ae651f,38a84f95fc2868d0,PAIRING_V1
subj05,fold_0,train,A:V,vis2img,15,15,106,586,V2I_ROY_RANDOM_WITHIN_IDENTITY_V1,908ce1f927ae651f,38a84f95fc2868d0,PAIRING_V1
subj05,fold_0,train,A:V,vis2img,19,19,109,589,V2I_ROY_RANDOM_WITHIN_IDENTITY_V1,908ce1f927ae651f,38a84f95fc2868d0,PAIRING_V1
subj05,fold_0,train,B:B,vis2img,53,197,185,665,V2I_ROY_RANDOM_WITHIN_IDENTITY_V1,908ce1f927ae651f,839acbfcaf09f594,PAIRING_V1
subj05,fold_0,train,B:B,vis2img,66,210,191,671,V2I_ROY_RANDOM_WITHIN_IDENTITY_V1,908ce1f927ae651f,839acbfcaf09f594,PAIRING_V1
subj05,fold_0,train,B:B,vis2img,79,223,144,624,V2I_ROY_RANDOM_WITHIN_IDENTITY_V1,908ce1f927ae651f,839acbfcaf09f594,PAIRING_V1
subj05,fold_0,train,B:B,vis2img,89,233,161,641,V2I_ROY_RANDOM_WITHIN_IDENTITY_V1,908ce1f927ae651f,839acbfcaf09f594,PAIRING_V1
subj05,fold_0,train,B:C,vis2img,58,202,146,626,V2I_ROY_RANDOM_WITHIN_IDENTITY_V1,908ce1f927ae651f,3a19cc11499b1121,PAIRING_V1
subj05,fold_0,train,B:C,vis2img,62,206,151,631,V2I_ROY_RANDOM_WITHIN_IDENTITY_V1,908ce1f927ae651f,3a19cc11499b1121,PAIRING_V1
subj05,fold_0,train,B:C,vis2img,71,215,156,636,V2I_ROY_RANDOM_WITHIN_IDENTITY_V1,908ce1f927ae651f,3a19cc11499b1121,PAIRING_V1
subj05,fold_0,train,B:C,vis2img,90,234,148,628,V2I_ROY_RANDOM_WITHIN_IDENTITY_V1,908ce1f927ae651f,3a19cc11499b1121,PAIRING_V1
subj05,fold_0,train,B:D,vis2img,68,212,184,664,V2I_ROY_RANDOM_WITHIN_IDENTITY_V1,908ce1f927ae651f,8d31f1ce99ada5f3,PAIRING_V1
subj05,fold_0,train,B:D,vis2img,70,214,150,630,V2I_ROY_RANDOM_WITHIN_IDENTITY_V1,908ce1f927ae651f,8d31f1ce99ada5f3,PAIRING_V1
subj05,fold_0,train,B:D,vis2img,81,225,169,649,V2I_ROY_RANDOM_WITHIN_IDENTITY_V1,908ce1f927ae651f,8d31f1ce99ada5f3,PAIRING_V1
subj05,fold_0,train,B:D,vis2img,93,237,188,668,V2I_ROY_RANDOM_WITHIN_IDENTITY_V1,908ce1f927ae651f,8d31f1ce99ada5f3,PAIRING_V1
subj05,fold_0,train,B:K,vis2img,59,203,189,669,V2I_ROY_RANDOM_WITHIN_IDENTITY_V1,908ce1f927ae651f,ce34610437f067b3,PAIRING_V1
subj05,fold_0,train,B:K,vis2img,67,211,187,667,V2I_ROY_RANDOM_WITHIN_IDENTITY_V1,908ce1f927ae651f,ce34610437f067b3,PAIRING_V1
subj05,fold_0,train,B:K,vis2img,82,226,178,658,V2I_ROY_RANDOM_WITHIN_IDENTITY_V1,908ce1f927ae651f,ce34610437f067b3,PAIRING_V1
subj05,fold_0,train,B:K,vis2img,91,235,149,629,V2I_ROY_RANDOM_WITHIN_IDENTITY_V1,908ce1f927ae651f,ce34610437f067b3,PAIRING_V1
subj05,fold_0,train,B:T,vis2img,52,196,159,639,V2I_ROY_RANDOM_WITHIN_IDENTITY_V1,908ce1f927ae651f,879f420bd1600924,PAIRING_V1
subj05,fold_0,train,B:T,vis2img,60,204,162,642,V2I_ROY_RANDOM_WITHIN_IDENTITY_V1,908ce1f927ae651f,879f420bd1600924,PAIRING_V1
subj05,fold_0,train,B:T,vis2img,92,236,190,670,V2I_ROY_RANDOM_WITHIN_IDENTITY_V1,908ce1f927ae651f,879f420bd1600924,PAIRING_V1
subj05,fold_0,train,B:T,vis2img,95,239,170,650,V2I_ROY_RANDOM_WITHIN_IDENTITY_V1,908ce1f927ae651f,879f420bd1600924,PAIRING_V1
subj05,fold_0,train,B:W,vis2img,56,200,164,644,V2I_ROY_RANDOM_WITHIN_IDENTITY_V1,908ce1f927ae651f,4c1ab20e19ad5a9c,PAIRING_V1
subj05,fold_0,train,B:W,vis2img,72,216,181,661,V2I_ROY_RANDOM_WITHIN_IDENTITY_V1,908ce1f927ae651f,4c1ab20e19ad5a9c,PAIRING_V1
subj05,fold_0,train,B:W,vis2img,75,219,175,655,V2I_ROY_RANDOM_WITHIN_IDENTITY_V1,908ce1f927ae651f,4c1ab20e19ad5a9c,PAIRING_V1
subj05,fold_0,train,B:W,vis2img,77,221,177,657,V2I_ROY_RANDOM_WITHIN_IDENTITY_V1,908ce1f927ae651f,4c1ab20e19ad5a9c,PAIRING_V1
subj05,fold_0,val,A:E,vis2img,9,9,107,587,V2I_ROY_RANDOM_WITHIN_IDENTITY_V1,908ce1f927ae651f,2cebc963a333f9a5,PAIRING_V1
subj05,fold_0,val,A:E,vis2img,38,38,123,603,V2I_ROY_RANDOM_WITHIN_IDENTITY_V1,908ce1f927ae651f,2cebc963a333f9a5,PAIRING_V1
subj05,fold_0,val,A:H,vis2img,18,18,104,584,V2I_ROY_RANDOM_WITHIN_IDENTITY_V1,908ce1f927ae651f,276f3df098c59364,PAIRING_V1
subj05,fold_0,val,A:H,vis2img,21,21,121,601,V2I_ROY_RANDOM_WITHIN_IDENTITY_V1,908ce1f927ae651f,276f3df098c59364,PAIRING_V1
subj05,fold_0,val,A:L,vis2img,7,7,115,595,V2I_ROY_RANDOM_WITHIN_IDENTITY_V1,908ce1f927ae651f,3c6322823b24adf9,PAIRING_V1
subj05,fold_0,val,A:L,vis2img,29,29,99,579,V2I_ROY_RANDOM_WITHIN_IDENTITY_V1,908ce1f927ae651f,3c6322823b24adf9,PAIRING_V1
subj05,fold_0,val,A:P,vis2img,11,11,141,621,V2I_ROY_RANDOM_WITHIN_IDENTITY_V1,908ce1f927ae651f,36a0a933d7afad07,PAIRING_V1
subj05,fold_0,val,A:P,vis2img,37,37,122,602,V2I_ROY_RANDOM_WITHIN_IDENTITY_V1,908ce1f927ae651f,36a0a933d7afad07,PAIRING_V1
subj05,fold_0,val,A:R,vis2img,5,5,136,616,V2I_ROY_RANDOM_WITHIN_IDENTITY_V1,908ce1f927ae651f,9f666d9519289afb,PAIRING_V1
subj05,fold_0,val,A:R,vis2img,44,44,103,583,V2I_ROY_RANDOM_WITHIN_IDENTITY_V1,908ce1f927ae651f,9f666d9519289afb,PAIRING_V1
subj05,fold_0,val,A:V,vis2img,31,31,128,608,V2I_ROY_RANDOM_WITHIN_IDENTITY_V1,908ce1f927ae651f,30a5e816afd7ceb3,PAIRING_V1
subj05,fold_0,val,A:V,vis2img,33,33,132,612,V2I_ROY_RANDOM_WITHIN_IDENTITY_V1,908ce1f927ae651f,30a5e816afd7ceb3,PAIRING_V1
subj05,fold_0,val,B:B,vis2img,83,227,173,653,V2I_ROY_RANDOM_WITHIN_IDENTITY_V1,908ce1f927ae651f,fb53ffabc3c818ce,PAIRING_V1
subj05,fold_0,val,B:B,vis2img,85,229,179,659,V2I_ROY_RANDOM_WITHIN_IDENTITY_V1,908ce1f927ae651f,fb53ffabc3c818ce,PAIRING_V1
subj05,fold_0,val,B:C,vis2img,49,193,158,638,V2I_ROY_RANDOM_WITHIN_IDENTITY_V1,908ce1f927ae651f,15d8a52881f00a17,PAIRING_V1
subj05,fold_0,val,B:C,vis2img,73,217,186,666,V2I_ROY_RANDOM_WITHIN_IDENTITY_V1,908ce1f927ae651f,15d8a52881f00a17,PAIRING_V1
subj05,fold_0,val,B:D,vis2img,61,205,155,635,V2I_ROY_RANDOM_WITHIN_IDENTITY_V1,908ce1f927ae651f,08ce1186c1dff4e5,PAIRING_V1
subj05,fold_0,val,B:D,vis2img,65,209,174,654,V2I_ROY_RANDOM_WITHIN_IDENTITY_V1,908ce1f927ae651f,08ce1186c1dff4e5,PAIRING_V1
subj05,fold_0,val,B:K,vis2img,57,201,154,634,V2I_ROY_RANDOM_WITHIN_IDENTITY_V1,908ce1f927ae651f,f4fdca0ad0b4ab81,PAIRING_V1
subj05,fold_0,val,B:K,vis2img,84,228,152,632,V2I_ROY_RANDOM_WITHIN_IDENTITY_V1,908ce1f927ae651f,f4fdca0ad0b4ab81,PAIRING_V1
subj05,fold_0,val,B:T,vis2img,69,213,147,627,V2I_ROY_RANDOM_WITHIN_IDENTITY_V1,908ce1f927ae651f,ac07dca7b865b634,PAIRING_V1
subj05,fold_0,val,B:T,vis2img,80,224,166,646,V2I_ROY_RANDOM_WITHIN_IDENTITY_V1,908ce1f927ae651f,ac07dca7b865b634,PAIRING_V1
subj05,fold_0,val,B:W,vis2img,48,192,145,625,V2I_ROY_RANDOM_WITHIN_IDENTITY_V1,908ce1f927ae651f,6cfdd40d8a174ae6,PAIRING_V1
subj05,fold_0,val,B:W,vis2img,63,207,183,663,V2I_ROY_RANDOM_WITHIN_IDENTITY_V1,908ce1f927ae651f,6cfdd40d8a174ae6,PAIRING_V1
subj05,fold_0,test,A:E,vis2img,6,6,138,618,V2I_ROY_RANDOM_WITHIN_IDENTITY_V1,908ce1f927ae651f,06f029e2278b4f8e,PAIRING_V1
subj05,fold_0,test,A:E,vis2img,23,23,114,594,V2I_ROY_RANDOM_WITHIN_IDENTITY_V1,908ce1f927ae651f,06f029e2278b4f8e,PAIRING_V1
subj05,fold_0,test,A:H,vis2img,24,24,119,599,V2I_ROY_RANDOM_WITHIN_IDENTITY_V1,908ce1f927ae651f,72af5acc5b397a2a,PAIRING_V1
subj05,fold_0,test,A:H,vis2img,35,35,113,593,V2I_ROY_RANDOM_WITHIN_IDENTITY_V1,908ce1f927ae651f,72af5acc5b397a2a,PAIRING_V1
subj05,fold_0,test,A:L,vis2img,0,0,131,611,V2I_ROY_RANDOM_WITHIN_IDENTITY_V1,908ce1f927ae651f,03a95071fc1654da,PAIRING_V1
subj05,fold_0,test,A:L,vis2img,4,4,110,590,V2I_ROY_RANDOM_WITHIN_IDENTITY_V1,908ce1f927ae651f,03a95071fc1654da,PAIRING_V1
subj05,fold_0,test,A:P,vis2img,16,16,139,619,V2I_ROY_RANDOM_WITHIN_IDENTITY_V1,908ce1f927ae651f,1f8532b53531e598,PAIRING_V1
subj05,fold_0,test,A:P,vis2img,34,34,101,581,V2I_ROY_RANDOM_WITHIN_IDENTITY_V1,908ce1f927ae651f,1f8532b53531e598,PAIRING_V1
subj05,fold_0,test,A:R,vis2img,17,17,108,588,V2I_ROY_RANDOM_WITHIN_IDENTITY_V1,908ce1f927ae651f,f9fda9ada026b58e,PAIRING_V1
subj05,fold_0,test,A:R,vis2img,46,46,124,604,V2I_ROY_RANDOM_WITHIN_IDENTITY_V1,908ce1f927ae651f,f9fda9ada026b58e,PAIRING_V1
subj05,fold_0,test,A:V,vis2img,40,40,137,617,V2I_ROY_RANDOM_WITHIN_IDENTITY_V1,908ce1f927ae651f,fe6622e22e5f2c38,PAIRING_V1
subj05,fold_0,test,A:V,vis2img,45,45,102,582,V2I_ROY_RANDOM_WITHIN_IDENTITY_V1,908ce1f927ae651f,fe6622e22e5f2c38,PAIRING_V1
subj05,fold_0,test,B:B,vis2img,76,220,167,647,V2I_ROY_RANDOM_WITHIN_IDENTITY_V1,908ce1f927ae651f,f991d8e6ef622df8,PAIRING_V1
subj05,fold_0,test,B:B,vis2img,94,238,165,645,V2I_ROY_RANDOM_WITHIN_IDENTITY_V1,908ce1f927ae651f,f991d8e6ef622df8,PAIRING_V1
subj05,fold_0,test,B:C,vis2img,64,208,172,652,V2I_ROY_RANDOM_WITHIN_IDENTITY_V1,908ce1f927ae651f,3f78f24794d3185c,PAIRING_V1
subj05,fold_0,test,B:C,vis2img,86,230,163,643,V2I_ROY_RANDOM_WITHIN_IDENTITY_V1,908ce1f927ae651f,3f78f24794d3185c,PAIRING_V1
subj05,fold_0,test,B:D,vis2img,51,195,157,637,V2I_ROY_RANDOM_WITHIN_IDENTITY_V1,908ce1f927ae651f,d22978c674c38bb4,PAIRING_V1
subj05,fold_0,test,B:D,vis2img,54,198,160,640,V2I_ROY_RANDOM_WITHIN_IDENTITY_V1,908ce1f927ae651f,d22978c674c38bb4,PAIRING_V1
subj05,fold_0,test,B:K,vis2img,55,199,168,648,V2I_ROY_RANDOM_WITHIN_IDENTITY_V1,908ce1f927ae651f,f89224b9ae2354e8,PAIRING_V1
subj05,fold_0,test,B:K,vis2img,78,222,176,656,V2I_ROY_RANDOM_WITHIN_IDENTITY_V1,908ce1f927ae651f,f89224b9ae2354e8,PAIRING_V1
subj05,fold_0,test,B:T,vis2img,74,218,180,660,V2I_ROY_RANDOM_WITHIN_IDENTITY_V1,908ce1f927ae651f,1d77a6cd76b90770,PAIRING_V1
subj05,fold_0,test,B:T,vis2img,88,232,182,662,V2I_ROY_RANDOM_WITHIN_IDENTITY_V1,908ce1f927ae651f,1d77a6cd76b90770,PAIRING_V1
subj05,fold_0,test,B:W,vis2img,50,194,153,633,V2I_ROY_RANDOM_WITHIN_IDENTITY_V1,908ce1f927ae651f,3ad75bd0a257f0fc,PAIRING_V1
subj05,fold_0,test,B:W,vis2img,87,231,171,651,V2I_ROY_RANDOM_WITHIN_IDENTITY_V1,908ce1f927ae651f,3ad75bd0a257f0fc,PAIRING_V1
subj05,fold_1,train,A:E,vis2img,6,6,120,600,V2I_ROY_RANDOM_WITHIN_IDENTITY_V1,908ce1f927ae651f,7b61c3aa58ba9596,PAIRING_V1
subj05,fold_1,train,A:E,vis2img,23,23,118,598,V2I_ROY_RANDOM_WITHIN_IDENTITY_V1,908ce1f927ae651f,7b61c3aa58ba9596,PAIRING_V1
subj05,fold_1,train,A:E,vis2img,43,43,138,618,V2I_ROY_RANDOM_WITHIN_IDENTITY_V1,908ce1f927ae651f,7b61c3aa58ba9596,PAIRING_V1
subj05,fold_1,train,A:E,vis2img,47,47,114,594,V2I_ROY_RANDOM_WITHIN_IDENTITY_V1,908ce1f927ae651f,7b61c3aa58ba9596,PAIRING_V1
subj05,fold_1,train,A:H,vis2img,2,2,129,609,V2I_ROY_RANDOM_WITHIN_IDENTITY_V1,908ce1f927ae651f,1156269c866b66b4,PAIRING_V1
subj05,fold_1,train,A:H,vis2img,24,24,119,599,V2I_ROY_RANDOM_WITHIN_IDENTITY_V1,908ce1f927ae651f,1156269c866b66b4,PAIRING_V1
subj05,fold_1,train,A:H,vis2img,28,28,140,620,V2I_ROY_RANDOM_WITHIN_IDENTITY_V1,908ce1f927ae651f,1156269c866b66b4,PAIRING_V1
subj05,fold_1,train,A:H,vis2img,35,35,113,593,V2I_ROY_RANDOM_WITHIN_IDENTITY_V1,908ce1f927ae651f,1156269c866b66b4,PAIRING_V1
subj05,fold_1,train,A:L,vis2img,0,0,135,615,V2I_ROY_RANDOM_WITHIN_IDENTITY_V1,908ce1f927ae651f,3442c1e3f0f092cb,PAIRING_V1
subj05,fold_1,train,A:L,vis2img,4,4,131,611,V2I_ROY_RANDOM_WITHIN_IDENTITY_V1,908ce1f927ae651f,3442c1e3f0f092cb,PAIRING_V1
subj05,fold_1,train,A:L,vis2img,36,36,110,590,V2I_ROY_RANDOM_WITHIN_IDENTITY_V1,908ce1f927ae651f,3442c1e3f0f092cb,PAIRING_V1
subj05,fold_1,train,A:L,vis2img,42,42,117,597,V2I_ROY_RANDOM_WITHIN_IDENTITY_V1,908ce1f927ae651f,3442c1e3f0f092cb,PAIRING_V1
subj05,fold_1,train,A:P,vis2img,16,16,139,619,V2I_ROY_RANDOM_WITHIN_IDENTITY_V1,908ce1f927ae651f,d86c9a80634d945b,PAIRING_V1
subj05,fold_1,train,A:P,vis2img,20,20,112,592,V2I_ROY_RANDOM_WITHIN_IDENTITY_V1,908ce1f927ae651f,d86c9a80634d945b,PAIRING_V1
subj05,fold_1,train,A:P,vis2img,34,34,101,581,V2I_ROY_RANDOM_WITHIN_IDENTITY_V1,908ce1f927ae651f,d86c9a80634d945b,PAIRING_V1
subj05,fold_1,train,A:P,vis2img,41,41,143,623,V2I_ROY_RANDOM_WITHIN_IDENTITY_V1,908ce1f927ae651f,d86c9a80634d945b,PAIRING_V1
subj05,fold_1,train,A:R,vis2img,17,17,124,604,V2I_ROY_RANDOM_WITHIN_IDENTITY_V1,908ce1f927ae651f,3a8a58beb35bf0b1,PAIRING_V1
subj05,fold_1,train,A:R,vis2img,25,25,133,613,V2I_ROY_RANDOM_WITHIN_IDENTITY_V1,908ce1f927ae651f,3a8a58beb35bf0b1,PAIRING_V1
subj05,fold_1,train,A:R,vis2img,39,39,142,622,V2I_ROY_RANDOM_WITHIN_IDENTITY_V1,908ce1f927ae651f,3a8a58beb35bf0b1,PAIRING_V1
subj05,fold_1,train,A:R,vis2img,46,46,108,588,V2I_ROY_RANDOM_WITHIN_IDENTITY_V1,908ce1f927ae651f,3a8a58beb35bf0b1,PAIRING_V1
subj05,fold_1,train,A:V,vis2img,15,15,100,580,V2I_ROY_RANDOM_WITHIN_IDENTITY_V1,908ce1f927ae651f,9a4eade283560e97,PAIRING_V1
subj05,fold_1,train,A:V,vis2img,19,19,137,617,V2I_ROY_RANDOM_WITHIN_IDENTITY_V1,908ce1f927ae651f,9a4eade283560e97,PAIRING_V1
subj05,fold_1,train,A:V,vis2img,40,40,102,582,V2I_ROY_RANDOM_WITHIN_IDENTITY_V1,908ce1f927ae651f,9a4eade283560e97,PAIRING_V1
subj05,fold_1,train,A:V,vis2img,45,45,106,586,V2I_ROY_RANDOM_WITHIN_IDENTITY_V1,908ce1f927ae651f,9a4eade283560e97,PAIRING_V1
subj05,fold_1,train,B:B,vis2img,53,197,165,645,V2I_ROY_RANDOM_WITHIN_IDENTITY_V1,908ce1f927ae651f,88ca763bfeb7cb3e,PAIRING_V1
subj05,fold_1,train,B:B,vis2img,76,220,161,641,V2I_ROY_RANDOM_WITHIN_IDENTITY_V1,908ce1f927ae651f,88ca763bfeb7cb3e,PAIRING_V1
subj05,fold_1,train,B:B,vis2img,89,233,185,665,V2I_ROY_RANDOM_WITHIN_IDENTITY_V1,908ce1f927ae651f,88ca763bfeb7cb3e,PAIRING_V1
subj05,fold_1,train,B:B,vis2img,94,238,167,647,V2I_ROY_RANDOM_WITHIN_IDENTITY_V1,908ce1f927ae651f,88ca763bfeb7cb3e,PAIRING_V1
subj05,fold_1,train,B:C,vis2img,62,206,163,643,V2I_ROY_RANDOM_WITHIN_IDENTITY_V1,908ce1f927ae651f,48123578548f1b32,PAIRING_V1
subj05,fold_1,train,B:C,vis2img,64,208,146,626,V2I_ROY_RANDOM_WITHIN_IDENTITY_V1,908ce1f927ae651f,48123578548f1b32,PAIRING_V1
subj05,fold_1,train,B:C,vis2img,86,230,172,652,V2I_ROY_RANDOM_WITHIN_IDENTITY_V1,908ce1f927ae651f,48123578548f1b32,PAIRING_V1
subj05,fold_1,train,B:C,vis2img,90,234,148,628,V2I_ROY_RANDOM_WITHIN_IDENTITY_V1,908ce1f927ae651f,48123578548f1b32,PAIRING_V1
subj05,fold_1,train,B:D,vis2img,51,195,169,649,V2I_ROY_RANDOM_WITHIN_IDENTITY_V1,908ce1f927ae651f,e6898edad6d6c522,PAIRING_V1
subj05,fold_1,train,B:D,vis2img,54,198,160,640,V2I_ROY_RANDOM_WITHIN_IDENTITY_V1,908ce1f927ae651f,e6898edad6d6c522,PAIRING_V1
subj05,fold_1,train,B:D,vis2img,68,212,188,668,V2I_ROY_RANDOM_WITHIN_IDENTITY_V1,908ce1f927ae651f,e6898edad6d6c522,PAIRING_V1
subj05,fold_1,train,B:D,vis2img,81,225,157,637,V2I_ROY_RANDOM_WITHIN_IDENTITY_V1,908ce1f927ae651f,e6898edad6d6c522,PAIRING_V1
subj05,fold_1,train,B:K,vis2img,55,199,176,656,V2I_ROY_RANDOM_WITHIN_IDENTITY_V1,908ce1f927ae651f,d215379e0cb02e70,PAIRING_V1
subj05,fold_1,train,B:K,vis2img,59,203,168,648,V2I_ROY_RANDOM_WITHIN_IDENTITY_V1,908ce1f927ae651f,d215379e0cb02e70,PAIRING_V1
subj05,fold_1,train,B:K,vis2img,78,222,149,629,V2I_ROY_RANDOM_WITHIN_IDENTITY_V1,908ce1f927ae651f,d215379e0cb02e70,PAIRING_V1
subj05,fold_1,train,B:K,vis2img,82,226,189,669,V2I_ROY_RANDOM_WITHIN_IDENTITY_V1,908ce1f927ae651f,d215379e0cb02e70,PAIRING_V1
subj05,fold_1,train,B:T,vis2img,60,204,180,660,V2I_ROY_RANDOM_WITHIN_IDENTITY_V1,908ce1f927ae651f,badd6c0ad18aaa15,PAIRING_V1
subj05,fold_1,train,B:T,vis2img,74,218,159,639,V2I_ROY_RANDOM_WITHIN_IDENTITY_V1,908ce1f927ae651f,badd6c0ad18aaa15,PAIRING_V1
subj05,fold_1,train,B:T,vis2img,88,232,170,650,V2I_ROY_RANDOM_WITHIN_IDENTITY_V1,908ce1f927ae651f,badd6c0ad18aaa15,PAIRING_V1
subj05,fold_1,train,B:T,vis2img,95,239,182,662,V2I_ROY_RANDOM_WITHIN_IDENTITY_V1,908ce1f927ae651f,badd6c0ad18aaa15,PAIRING_V1
subj05,fold_1,train,B:W,vis2img,50,194,171,651,V2I_ROY_RANDOM_WITHIN_IDENTITY_V1,908ce1f927ae651f,be69ff1c5e1ecf69,PAIRING_V1
subj05,fold_1,train,B:W,vis2img,72,216,164,644,V2I_ROY_RANDOM_WITHIN_IDENTITY_V1,908ce1f927ae651f,be69ff1c5e1ecf69,PAIRING_V1
subj05,fold_1,train,B:W,vis2img,77,221,175,655,V2I_ROY_RANDOM_WITHIN_IDENTITY_V1,908ce1f927ae651f,be69ff1c5e1ecf69,PAIRING_V1
subj05,fold_1,train,B:W,vis2img,87,231,153,633,V2I_ROY_RANDOM_WITHIN_IDENTITY_V1,908ce1f927ae651f,be69ff1c5e1ecf69,PAIRING_V1
subj05,fold_1,val,A:E,vis2img,9,9,107,587,V2I_ROY_RANDOM_WITHIN_IDENTITY_V1,908ce1f927ae651f,1e09787098b68ce3,PAIRING_V1
subj05,fold_1,val,A:E,vis2img,38,38,123,603,V2I_ROY_RANDOM_WITHIN_IDENTITY_V1,908ce1f927ae651f,1e09787098b68ce3,PAIRING_V1
subj05,fold_1,val,A:H,vis2img,18,18,104,584,V2I_ROY_RANDOM_WITHIN_IDENTITY_V1,908ce1f927ae651f,9d8d0f2998c1658c,PAIRING_V1
subj05,fold_1,val,A:H,vis2img,21,21,121,601,V2I_ROY_RANDOM_WITHIN_IDENTITY_V1,908ce1f927ae651f,9d8d0f2998c1658c,PAIRING_V1
subj05,fold_1,val,A:L,vis2img,7,7,115,595,V2I_ROY_RANDOM_WITHIN_IDENTITY_V1,908ce1f927ae651f,c23c4aa833b4dc08,PAIRING_V1
subj05,fold_1,val,A:L,vis2img,29,29,99,579,V2I_ROY_RANDOM_WITHIN_IDENTITY_V1,908ce1f927ae651f,c23c4aa833b4dc08,PAIRING_V1
subj05,fold_1,val,A:P,vis2img,11,11,122,602,V2I_ROY_RANDOM_WITHIN_IDENTITY_V1,908ce1f927ae651f,71ac1065a4d4bf53,PAIRING_V1
subj05,fold_1,val,A:P,vis2img,37,37,141,621,V2I_ROY_RANDOM_WITHIN_IDENTITY_V1,908ce1f927ae651f,71ac1065a4d4bf53,PAIRING_V1
subj05,fold_1,val,A:R,vis2img,5,5,103,583,V2I_ROY_RANDOM_WITHIN_IDENTITY_V1,908ce1f927ae651f,a3897b5b973341e7,PAIRING_V1
subj05,fold_1,val,A:R,vis2img,44,44,136,616,V2I_ROY_RANDOM_WITHIN_IDENTITY_V1,908ce1f927ae651f,a3897b5b973341e7,PAIRING_V1
subj05,fold_1,val,A:V,vis2img,31,31,132,612,V2I_ROY_RANDOM_WITHIN_IDENTITY_V1,908ce1f927ae651f,a055e97b8f9658c4,PAIRING_V1
subj05,fold_1,val,A:V,vis2img,33,33,128,608,V2I_ROY_RANDOM_WITHIN_IDENTITY_V1,908ce1f927ae651f,a055e97b8f9658c4,PAIRING_V1
subj05,fold_1,val,B:B,vis2img,83,227,179,659,V2I_ROY_RANDOM_WITHIN_IDENTITY_V1,908ce1f927ae651f,fc8e7ed01418c385,PAIRING_V1
subj05,fold_1,val,B:B,vis2img,85,229,173,653,V2I_ROY_RANDOM_WITHIN_IDENTITY_V1,908ce1f927ae651f,fc8e7ed01418c385,PAIRING_V1
subj05,fold_1,val,B:C,vis2img,49,193,158,638,V2I_ROY_RANDOM_WITHIN_IDENTITY_V1,908ce1f927ae651f,005bb4123219e3dd,PAIRING_V1
subj05,fold_1,val,B:C,vis2img,73,217,186,666,V2I_ROY_RANDOM_WITHIN_IDENTITY_V1,908ce1f927ae651f,005bb4123219e3dd,PAIRING_V1
subj05,fold_1,val,B:D,vis2img,61,205,174,654,V2I_ROY_RANDOM_WITHIN_IDENTITY_V1,908ce1f927ae651f,ae2480a7cbf8ca26,PAIRING_V1
subj05,fold_1,val,B:D,vis2img,65,209,155,635,V2I_ROY_RANDOM_WITHIN_IDENTITY_V1,908ce1f927ae651f,ae2480a7cbf8ca26,PAIRING_V1
subj05,fold_1,val,B:K,vis2img,57,201,152,632,V2I_ROY_RANDOM_WITHIN_IDENTITY_V1,908ce1f927ae651f,a016cca277540bb3,PAIRING_V1
subj05,fold_1,val,B:K,vis2img,84,228,154,634,V2I_ROY_RANDOM_WITHIN_IDENTITY_V1,908ce1f927ae651f,a016cca277540bb3,PAIRING_V1
subj05,fold_1,val,B:T,vis2img,69,213,166,646,V2I_ROY_RANDOM_WITHIN_IDENTITY_V1,908ce1f927ae651f,9c70de14afd3b124,PAIRING_V1
subj05,fold_1,val,B:T,vis2img,80,224,147,627,V2I_ROY_RANDOM_WITHIN_IDENTITY_V1,908ce1f927ae651f,9c70de14afd3b124,PAIRING_V1
subj05,fold_1,val,B:W,vis2img,48,192,183,663,V2I_ROY_RANDOM_WITHIN_IDENTITY_V1,908ce1f927ae651f,98d4688c65baa877,PAIRING_V1
subj05,fold_1,val,B:W,vis2img,63,207,145,625,V2I_ROY_RANDOM_WITHIN_IDENTITY_V1,908ce1f927ae651f,98d4688c65baa877,PAIRING_V1
subj05,fold_1,test,A:E,vis2img,26,26,111,591,V2I_ROY_RANDOM_WITHIN_IDENTITY_V1,908ce1f927ae651f,d4f093fdd8f7500e,PAIRING_V1
subj05,fold_1,test,A:E,vis2img,32,32,116,596,V2I_ROY_RANDOM_WITHIN_IDENTITY_V1,908ce1f927ae651f,d4f093fdd8f7500e,PAIRING_V1
subj05,fold_1,test,A:H,vis2img,10,10,125,605,V2I_ROY_RANDOM_WITHIN_IDENTITY_V1,908ce1f927ae651f,ab135f70bf967917,PAIRING_V1
subj05,fold_1,test,A:H,vis2img,14,14,134,614,V2I_ROY_RANDOM_WITHIN_IDENTITY_V1,908ce1f927ae651f,ab135f70bf967917,PAIRING_V1
subj05,fold_1,test,A:L,vis2img,12,12,96,576,V2I_ROY_RANDOM_WITHIN_IDENTITY_V1,908ce1f927ae651f,57c7eee5b13c67c2,PAIRING_V1
subj05,fold_1,test,A:L,vis2img,27,27,126,606,V2I_ROY_RANDOM_WITHIN_IDENTITY_V1,908ce1f927ae651f,57c7eee5b13c67c2,PAIRING_V1
subj05,fold_1,test,A:P,vis2img,8,8,127,607,V2I_ROY_RANDOM_WITHIN_IDENTITY_V1,908ce1f927ae651f,289b7aa2415af293,PAIRING_V1
subj05,fold_1,test,A:P,vis2img,13,13,130,610,V2I_ROY_RANDOM_WITHIN_IDENTITY_V1,908ce1f927ae651f,289b7aa2415af293,PAIRING_V1
subj05,fold_1,test,A:R,vis2img,22,22,105,585,V2I_ROY_RANDOM_WITHIN_IDENTITY_V1,908ce1f927ae651f,bed65cac388d5b22,PAIRING_V1
subj05,fold_1,test,A:R,vis2img,30,30,98,578,V2I_ROY_RANDOM_WITHIN_IDENTITY_V1,908ce1f927ae651f,bed65cac388d5b22,PAIRING_V1
subj05,fold_1,test,A:V,vis2img,1,1,97,577,V2I_ROY_RANDOM_WITHIN_IDENTITY_V1,908ce1f927ae651f,4f584751147e91cf,PAIRING_V1
subj05,fold_1,test,A:V,vis2img,3,3,109,589,V2I_ROY_RANDOM_WITHIN_IDENTITY_V1,908ce1f927ae651f,4f584751147e91cf,PAIRING_V1
subj05,fold_1,test,B:B,vis2img,66,210,191,671,V2I_ROY_RANDOM_WITHIN_IDENTITY_V1,908ce1f927ae651f,fddc74481b120f88,PAIRING_V1
subj05,fold_1,test,B:B,vis2img,79,223,144,624,V2I_ROY_RANDOM_WITHIN_IDENTITY_V1,908ce1f927ae651f,fddc74481b120f88,PAIRING_V1
subj05,fold_1,test,B:C,vis2img,58,202,156,636,V2I_ROY_RANDOM_WITHIN_IDENTITY_V1,908ce1f927ae651f,78ccdd360c225bc1,PAIRING_V1
subj05,fold_1,test,B:C,vis2img,71,215,151,631,V2I_ROY_RANDOM_WITHIN_IDENTITY_V1,908ce1f927ae651f,78ccdd360c225bc1,PAIRING_V1
subj05,fold_1,test,B:D,vis2img,70,214,150,630,V2I_ROY_RANDOM_WITHIN_IDENTITY_V1,908ce1f927ae651f,51271329372d28dc,PAIRING_V1
subj05,fold_1,test,B:D,vis2img,93,237,184,664,V2I_ROY_RANDOM_WITHIN_IDENTITY_V1,908ce1f927ae651f,51271329372d28dc,PAIRING_V1
subj05,fold_1,test,B:K,vis2img,67,211,187,667,V2I_ROY_RANDOM_WITHIN_IDENTITY_V1,908ce1f927ae651f,1b3cbbe5cdc32041,PAIRING_V1
subj05,fold_1,test,B:K,vis2img,91,235,178,658,V2I_ROY_RANDOM_WITHIN_IDENTITY_V1,908ce1f927ae651f,1b3cbbe5cdc32041,PAIRING_V1
subj05,fold_1,test,B:T,vis2img,52,196,162,642,V2I_ROY_RANDOM_WITHIN_IDENTITY_V1,908ce1f927ae651f,d16047de6975bd4f,PAIRING_V1
subj05,fold_1,test,B:T,vis2img,92,236,190,670,V2I_ROY_RANDOM_WITHIN_IDENTITY_V1,908ce1f927ae651f,d16047de6975bd4f,PAIRING_V1
subj05,fold_1,test,B:W,vis2img,56,200,181,661,V2I_ROY_RANDOM_WITHIN_IDENTITY_V1,908ce1f927ae651f,1cb37a7b9b0761fd,PAIRING_V1
subj05,fold_1,test,B:W,vis2img,75,219,177,657,V2I_ROY_RANDOM_WITHIN_IDENTITY_V1,908ce1f927ae651f,1cb37a7b9b0761fd,PAIRING_V1
subj05,fold_2,train,A:E,vis2img,6,6,111,591,V2I_ROY_RANDOM_WITHIN_IDENTITY_V1,908ce1f927ae651f,16154b308448ad7d,PAIRING_V1
subj05,fold_2,train,A:E,vis2img,23,23,138,618,V2I_ROY_RANDOM_WITHIN_IDENTITY_V1,908ce1f927ae651f,16154b308448ad7d,PAIRING_V1
subj05,fold_2,train,A:E,vis2img,26,26,116,596,V2I_ROY_RANDOM_WITHIN_IDENTITY_V1,908ce1f927ae651f,16154b308448ad7d,PAIRING_V1
subj05,fold_2,train,A:E,vis2img,32,32,114,594,V2I_ROY_RANDOM_WITHIN_IDENTITY_V1,908ce1f927ae651f,16154b308448ad7d,PAIRING_V1
subj05,fold_2,train,A:H,vis2img,10,10,113,593,V2I_ROY_RANDOM_WITHIN_IDENTITY_V1,908ce1f927ae651f,4104ff3adc25502b,PAIRING_V1
subj05,fold_2,train,A:H,vis2img,14,14,134,614,V2I_ROY_RANDOM_WITHIN_IDENTITY_V1,908ce1f927ae651f,4104ff3adc25502b,PAIRING_V1
subj05,fold_2,train,A:H,vis2img,24,24,125,605,V2I_ROY_RANDOM_WITHIN_IDENTITY_V1,908ce1f927ae651f,4104ff3adc25502b,PAIRING_V1
subj05,fold_2,train,A:H,vis2img,35,35,119,599,V2I_ROY_RANDOM_WITHIN_IDENTITY_V1,908ce1f927ae651f,4104ff3adc25502b,PAIRING_V1
subj05,fold_2,train,A:L,vis2img,0,0,131,611,V2I_ROY_RANDOM_WITHIN_IDENTITY_V1,908ce1f927ae651f,63e37fb8d12d7504,PAIRING_V1
subj05,fold_2,train,A:L,vis2img,4,4,126,606,V2I_ROY_RANDOM_WITHIN_IDENTITY_V1,908ce1f927ae651f,63e37fb8d12d7504,PAIRING_V1
subj05,fold_2,train,A:L,vis2img,12,12,110,590,V2I_ROY_RANDOM_WITHIN_IDENTITY_V1,908ce1f927ae651f,63e37fb8d12d7504,PAIRING_V1
subj05,fold_2,train,A:L,vis2img,27,27,96,576,V2I_ROY_RANDOM_WITHIN_IDENTITY_V1,908ce1f927ae651f,63e37fb8d12d7504,PAIRING_V1
subj05,fold_2,train,A:P,vis2img,8,8,139,619,V2I_ROY_RANDOM_WITHIN_IDENTITY_V1,908ce1f927ae651f,79ec379574d9efb2,PAIRING_V1
subj05,fold_2,train,A:P,vis2img,13,13,130,610,V2I_ROY_RANDOM_WITHIN_IDENTITY_V1,908ce1f927ae651f,79ec379574d9efb2,PAIRING_V1
subj05,fold_2,train,A:P,vis2img,16,16,127,607,V2I_ROY_RANDOM_WITHIN_IDENTITY_V1,908ce1f927ae651f,79ec379574d9efb2,PAIRING_V1
subj05,fold_2,train,A:P,vis2img,34,34,101,581,V2I_ROY_RANDOM_WITHIN_IDENTITY_V1,908ce1f927ae651f,79ec379574d9efb2,PAIRING_V1
subj05,fold_2,train,A:R,vis2img,17,17,124,604,V2I_ROY_RANDOM_WITHIN_IDENTITY_V1,908ce1f927ae651f,2d88bbd3bbf00c41,PAIRING_V1
subj05,fold_2,train,A:R,vis2img,22,22,105,585,V2I_ROY_RANDOM_WITHIN_IDENTITY_V1,908ce1f927ae651f,2d88bbd3bbf00c41,PAIRING_V1
subj05,fold_2,train,A:R,vis2img,30,30,108,588,V2I_ROY_RANDOM_WITHIN_IDENTITY_V1,908ce1f927ae651f,2d88bbd3bbf00c41,PAIRING_V1
subj05,fold_2,train,A:R,vis2img,46,46,98,578,V2I_ROY_RANDOM_WITHIN_IDENTITY_V1,908ce1f927ae651f,2d88bbd3bbf00c41,PAIRING_V1
subj05,fold_2,train,A:V,vis2img,1,1,102,582,V2I_ROY_RANDOM_WITHIN_IDENTITY_V1,908ce1f927ae651f,2b7bc0b73f800627,PAIRING_V1
subj05,fold_2,train,A:V,vis2img,3,3,109,589,V2I_ROY_RANDOM_WITHIN_IDENTITY_V1,908ce1f927ae651f,2b7bc0b73f800627,PAIRING_V1
subj05,fold_2,train,A:V,vis2img,40,40,137,617,V2I_ROY_RANDOM_WITHIN_IDENTITY_V1,908ce1f927ae651f,2b7bc0b73f800627,PAIRING_V1
subj05,fold_2,train,A:V,vis2img,45,45,97,577,V2I_ROY_RANDOM_WITHIN_IDENTITY_V1,908ce1f927ae651f,2b7bc0b73f800627,PAIRING_V1
subj05,fold_2,train,B:B,vis2img,66,210,144,624,V2I_ROY_RANDOM_WITHIN_IDENTITY_V1,908ce1f927ae651f,053bbac870290be5,PAIRING_V1
subj05,fold_2,train,B:B,vis2img,76,220,191,671,V2I_ROY_RANDOM_WITHIN_IDENTITY_V1,908ce1f927ae651f,053bbac870290be5,PAIRING_V1
subj05,fold_2,train,B:B,vis2img,79,223,167,647,V2I_ROY_RANDOM_WITHIN_IDENTITY_V1,908ce1f927ae651f,053bbac870290be5,PAIRING_V1
subj05,fold_2,train,B:B,vis2img,94,238,165,645,V2I_ROY_RANDOM_WITHIN_IDENTITY_V1,908ce1f927ae651f,053bbac870290be5,PAIRING_V1
subj05,fold_2,train,B:C,vis2img,58,202,151,631,V2I_ROY_RANDOM_WITHIN_IDENTITY_V1,908ce1f927ae651f,4790a058a260348a,PAIRING_V1
subj05,fold_2,train,B:C,vis2img,64,208,156,636,V2I_ROY_RANDOM_WITHIN_IDENTITY_V1,908ce1f927ae651f,4790a058a260348a,PAIRING_V1
subj05,fold_2,train,B:C,vis2img,71,215,172,652,V2I_ROY_RANDOM_WITHIN_IDENTITY_V1,908ce1f927ae651f,4790a058a260348a,PAIRING_V1
subj05,fold_2,train,B:C,vis2img,86,230,163,643,V2I_ROY_RANDOM_WITHIN_IDENTITY_V1,908ce1f927ae651f,4790a058a260348a,PAIRING_V1
subj05,fold_2,train,B:D,vis2img,51,195,157,637,V2I_ROY_RANDOM_WITHIN_IDENTITY_V1,908ce1f927ae651f,e19447c6701e6894,PAIRING_V1
subj05,fold_2,train,B:D,vis2img,54,198,150,630,V2I_ROY_RANDOM_WITHIN_IDENTITY_V1,908ce1f927ae651f,e19447c6701e6894,PAIRING_V1
subj05,fold_2,train,B:D,vis2img,70,214,184,664,V2I_ROY_RANDOM_WITHIN_IDENTITY_V1,908ce1f927ae651f,e19447c6701e6894,PAIRING_V1
subj05,fold_2,train,B:D,vis2img,93,237,160,640,V2I_ROY_RANDOM_WITHIN_IDENTITY_V1,908ce1f927ae651f,e19447c6701e6894,PAIRING_V1
subj05,fold_2,train,B:K,vis2img,55,199,178,658,V2I_ROY_RANDOM_WITHIN_IDENTITY_V1,908ce1f927ae651f,fe4ab04ff39c7d74,PAIRING_V1
subj05,fold_2,train,B:K,vis2img,67,211,168,648,V2I_ROY_RANDOM_WITHIN_IDENTITY_V1,908ce1f927ae651f,fe4ab04ff39c7d74,PAIRING_V1
subj05,fold_2,train,B:K,vis2img,78,222,187,667,V2I_ROY_RANDOM_WITHIN_IDENTITY_V1,908ce1f927ae651f,fe4ab04ff39c7d74,PAIRING_V1
subj05,fold_2,train,B:K,vis2img,91,235,176,656,V2I_ROY_RANDOM_WITHIN_IDENTITY_V1,908ce1f927ae651f,fe4ab04ff39c7d74,PAIRING_V1
subj05,fold_2,train,B:T,vis2img,52,196,182,662,V2I_ROY_RANDOM_WITHIN_IDENTITY_V1,908ce1f927ae651f,8516bf669e892555,PAIRING_V1
subj05,fold_2,train,B:T,vis2img,74,218,162,642,V2I_ROY_RANDOM_WITHIN_IDENTITY_V1,908ce1f927ae651f,8516bf669e892555,PAIRING_V1
subj05,fold_2,train,B:T,vis2img,88,232,190,670,V2I_ROY_RANDOM_WITHIN_IDENTITY_V1,908ce1f927ae651f,8516bf669e892555,PAIRING_V1
subj05,fold_2,train,B:T,vis2img,92,236,180,660,V2I_ROY_RANDOM_WITHIN_IDENTITY_V1,908ce1f927ae651f,8516bf669e892555,PAIRING_V1
subj05,fold_2,train,B:W,vis2img,50,194,171,651,V2I_ROY_RANDOM_WITHIN_IDENTITY_V1,908ce1f927ae651f,28aa814d4fccb716,PAIRING_V1
subj05,fold_2,train,B:W,vis2img,56,200,181,661,V2I_ROY_RANDOM_WITHIN_IDENTITY_V1,908ce1f927ae651f,28aa814d4fccb716,PAIRING_V1
subj05,fold_2,train,B:W,vis2img,75,219,153,633,V2I_ROY_RANDOM_WITHIN_IDENTITY_V1,908ce1f927ae651f,28aa814d4fccb716,PAIRING_V1
subj05,fold_2,train,B:W,vis2img,87,231,177,657,V2I_ROY_RANDOM_WITHIN_IDENTITY_V1,908ce1f927ae651f,28aa814d4fccb716,PAIRING_V1
subj05,fold_2,val,A:E,vis2img,9,9,123,603,V2I_ROY_RANDOM_WITHIN_IDENTITY_V1,908ce1f927ae651f,1f26b45bf8b1bdb2,PAIRING_V1
subj05,fold_2,val,A:E,vis2img,38,38,107,587,V2I_ROY_RANDOM_WITHIN_IDENTITY_V1,908ce1f927ae651f,1f26b45bf8b1bdb2,PAIRING_V1
subj05,fold_2,val,A:H,vis2img,18,18,104,584,V2I_ROY_RANDOM_WITHIN_IDENTITY_V1,908ce1f927ae651f,a9c2c68fabcfa4b8,PAIRING_V1
subj05,fold_2,val,A:H,vis2img,21,21,121,601,V2I_ROY_RANDOM_WITHIN_IDENTITY_V1,908ce1f927ae651f,a9c2c68fabcfa4b8,PAIRING_V1
subj05,fold_2,val,A:L,vis2img,7,7,99,579,V2I_ROY_RANDOM_WITHIN_IDENTITY_V1,908ce1f927ae651f,80edbe8fdea1d6bb,PAIRING_V1
subj05,fold_2,val,A:L,vis2img,29,29,115,595,V2I_ROY_RANDOM_WITHIN_IDENTITY_V1,908ce1f927ae651f,80edbe8fdea1d6bb,PAIRING_V1
subj05,fold_2,val,A:P,vis2img,11,11,141,621,V2I_ROY_RANDOM_WITHIN_IDENTITY_V1,908ce1f927ae651f,02e1ca684b83f4d9,PAIRING_V1
subj05,fold_2,val,A:P,vis2img,37,37,122,602,V2I_ROY_RANDOM_WITHIN_IDENTITY_V1,908ce1f927ae651f,02e1ca684b83f4d9,PAIRING_V1
subj05,fold_2,val,A:R,vis2img,5,5,136,616,V2I_ROY_RANDOM_WITHIN_IDENTITY_V1,908ce1f927ae651f,a0e1bdbff1b13429,PAIRING_V1
subj05,fold_2,val,A:R,vis2img,44,44,103,583,V2I_ROY_RANDOM_WITHIN_IDENTITY_V1,908ce1f927ae651f,a0e1bdbff1b13429,PAIRING_V1
subj05,fold_2,val,A:V,vis2img,31,31,132,612,V2I_ROY_RANDOM_WITHIN_IDENTITY_V1,908ce1f927ae651f,fc29f86cb9782624,PAIRING_V1
subj05,fold_2,val,A:V,vis2img,33,33,128,608,V2I_ROY_RANDOM_WITHIN_IDENTITY_V1,908ce1f927ae651f,fc29f86cb9782624,PAIRING_V1
subj05,fold_2,val,B:B,vis2img,83,227,179,659,V2I_ROY_RANDOM_WITHIN_IDENTITY_V1,908ce1f927ae651f,a23af0644e5488ca,PAIRING_V1
subj05,fold_2,val,B:B,vis2img,85,229,173,653,V2I_ROY_RANDOM_WITHIN_IDENTITY_V1,908ce1f927ae651f,a23af0644e5488ca,PAIRING_V1
subj05,fold_2,val,B:C,vis2img,49,193,158,638,V2I_ROY_RANDOM_WITHIN_IDENTITY_V1,908ce1f927ae651f,40efbb5a5c37cfd5,PAIRING_V1
subj05,fold_2,val,B:C,vis2img,73,217,186,666,V2I_ROY_RANDOM_WITHIN_IDENTITY_V1,908ce1f927ae651f,40efbb5a5c37cfd5,PAIRING_V1
subj05,fold_2,val,B:D,vis2img,61,205,155,635,V2I_ROY_RANDOM_WITHIN_IDENTITY_V1,908ce1f927ae651f,df24b185e823acd8,PAIRING_V1
subj05,fold_2,val,B:D,vis2img,65,209,174,654,V2I_ROY_RANDOM_WITHIN_IDENTITY_V1,908ce1f927ae651f,df24b185e823acd8,PAIRING_V1
subj05,fold_2,val,B:K,vis2img,57,201,154,634,V2I_ROY_RANDOM_WITHIN_IDENTITY_V1,908ce1f927ae651f,6c878f7f373990e8,PAIRING_V1
subj05,fold_2,val,B:K,vis2img,84,228,152,632,V2I_ROY_RANDOM_WITHIN_IDENTITY_V1,908ce1f927ae651f,6c878f7f373990e8,PAIRING_V1
subj05,fold_2,val,B:T,vis2img,69,213,147,627,V2I_ROY_RANDOM_WITHIN_IDENTITY_V1,908ce1f927ae651f,dd69dfdcdd7c288b,PAIRING_V1
subj05,fold_2,val,B:T,vis2img,80,224,166,646,V2I_ROY_RANDOM_WITHIN_IDENTITY_V1,908ce1f927ae651f,dd69dfdcdd7c288b,PAIRING_V1
subj05,fold_2,val,B:W,vis2img,48,192,183,663,V2I_ROY_RANDOM_WITHIN_IDENTITY_V1,908ce1f927ae651f,4142cd527339c3df,PAIRING_V1
subj05,fold_2,val,B:W,vis2img,63,207,145,625,V2I_ROY_RANDOM_WITHIN_IDENTITY_V1,908ce1f927ae651f,4142cd527339c3df,PAIRING_V1
subj05,fold_2,test,A:E,vis2img,43,43,118,598,V2I_ROY_RANDOM_WITHIN_IDENTITY_V1,908ce1f927ae651f,c641409b4fbca3a4,PAIRING_V1
subj05,fold_2,test,A:E,vis2img,47,47,120,600,V2I_ROY_RANDOM_WITHIN_IDENTITY_V1,908ce1f927ae651f,c641409b4fbca3a4,PAIRING_V1
subj05,fold_2,test,A:H,vis2img,2,2,129,609,V2I_ROY_RANDOM_WITHIN_IDENTITY_V1,908ce1f927ae651f,63c0173456e05cea,PAIRING_V1
subj05,fold_2,test,A:H,vis2img,28,28,140,620,V2I_ROY_RANDOM_WITHIN_IDENTITY_V1,908ce1f927ae651f,63c0173456e05cea,PAIRING_V1
subj05,fold_2,test,A:L,vis2img,36,36,135,615,V2I_ROY_RANDOM_WITHIN_IDENTITY_V1,908ce1f927ae651f,6200e931f2cc87ab,PAIRING_V1
subj05,fold_2,test,A:L,vis2img,42,42,117,597,V2I_ROY_RANDOM_WITHIN_IDENTITY_V1,908ce1f927ae651f,6200e931f2cc87ab,PAIRING_V1
subj05,fold_2,test,A:P,vis2img,20,20,143,623,V2I_ROY_RANDOM_WITHIN_IDENTITY_V1,908ce1f927ae651f,a487f61d0a2d7179,PAIRING_V1
subj05,fold_2,test,A:P,vis2img,41,41,112,592,V2I_ROY_RANDOM_WITHIN_IDENTITY_V1,908ce1f927ae651f,a487f61d0a2d7179,PAIRING_V1
subj05,fold_2,test,A:R,vis2img,25,25,142,622,V2I_ROY_RANDOM_WITHIN_IDENTITY_V1,908ce1f927ae651f,2527feda0ce55d93,PAIRING_V1
subj05,fold_2,test,A:R,vis2img,39,39,133,613,V2I_ROY_RANDOM_WITHIN_IDENTITY_V1,908ce1f927ae651f,2527feda0ce55d93,PAIRING_V1
subj05,fold_2,test,A:V,vis2img,15,15,106,586,V2I_ROY_RANDOM_WITHIN_IDENTITY_V1,908ce1f927ae651f,399c89de7e78d248,PAIRING_V1
subj05,fold_2,test,A:V,vis2img,19,19,100,580,V2I_ROY_RANDOM_WITHIN_IDENTITY_V1,908ce1f927ae651f,399c89de7e78d248,PAIRING_V1
subj05,fold_2,test,B:B,vis2img,53,197,161,641,V2I_ROY_RANDOM_WITHIN_IDENTITY_V1,908ce1f927ae651f,cbf5ff4982b38fa4,PAIRING_V1
subj05,fold_2,test,B:B,vis2img,89,233,185,665,V2I_ROY_RANDOM_WITHIN_IDENTITY_V1,908ce1f927ae651f,cbf5ff4982b38fa4,PAIRING_V1
subj05,fold_2,test,B:C,vis2img,62,206,148,628,V2I_ROY_RANDOM_WITHIN_IDENTITY_V1,908ce1f927ae651f,994ed4504fbae839,PAIRING_V1
subj05,fold_2,test,B:C,vis2img,90,234,146,626,V2I_ROY_RANDOM_WITHIN_IDENTITY_V1,908ce1f927ae651f,994ed4504fbae839,PAIRING_V1
subj05,fold_2,test,B:D,vis2img,68,212,188,668,V2I_ROY_RANDOM_WITHIN_IDENTITY_V1,908ce1f927ae651f,19f84e38f2678322,PAIRING_V1
subj05,fold_2,test,B:D,vis2img,81,225,169,649,V2I_ROY_RANDOM_WITHIN_IDENTITY_V1,908ce1f927ae651f,19f84e38f2678322,PAIRING_V1
subj05,fold_2,test,B:K,vis2img,59,203,189,669,V2I_ROY_RANDOM_WITHIN_IDENTITY_V1,908ce1f927ae651f,320113f9ac9e3093,PAIRING_V1
subj05,fold_2,test,B:K,vis2img,82,226,149,629,V2I_ROY_RANDOM_WITHIN_IDENTITY_V1,908ce1f927ae651f,320113f9ac9e3093,PAIRING_V1
subj05,fold_2,test,B:T,vis2img,60,204,170,650,V2I_ROY_RANDOM_WITHIN_IDENTITY_V1,908ce1f927ae651f,3c02f7e9ed9b557c,PAIRING_V1
subj05,fold_2,test,B:T,vis2img,95,239,159,639,V2I_ROY_RANDOM_WITHIN_IDENTITY_V1,908ce1f927ae651f,3c02f7e9ed9b557c,PAIRING_V1
subj05,fold_2,test,B:W,vis2img,72,216,164,644,V2I_ROY_RANDOM_WITHIN_IDENTITY_V1,908ce1f927ae651f,e5d56cbd046ea600,PAIRING_V1
subj05,fold_2,test,B:W,vis2img,77,221,175,655,V2I_ROY_RANDOM_WITHIN_IDENTITY_V1,908ce1f927ae651f,e5d56cbd046ea600,PAIRING_V1
subj05,fold_3,train,A:E,vis2img,6,6,114,594,V2I_ROY_RANDOM_WITHIN_IDENTITY_V1,908ce1f927ae651f,38ab43fd58cef30f,PAIRING_V1
subj05,fold_3,train,A:E,vis2img,23,23,111,591,V2I_ROY_RANDOM_WITHIN_IDENTITY_V1,908ce1f927ae651f,38ab43fd58cef30f,PAIRING_V1
subj05,fold_3,train,A:E,vis2img,26,26,138,618,V2I_ROY_RANDOM_WITHIN_IDENTITY_V1,908ce1f927ae651f,38ab43fd58cef30f,PAIRING_V1
subj05,fold_3,train,A:E,vis2img,32,32,116,596,V2I_ROY_RANDOM_WITHIN_IDENTITY_V1,908ce1f927ae651f,38ab43fd58cef30f,PAIRING_V1
subj05,fold_3,train,A:H,vis2img,10,10,119,599,V2I_ROY_RANDOM_WITHIN_IDENTITY_V1,908ce1f927ae651f,f81a723d3cd4cadb,PAIRING_V1
subj05,fold_3,train,A:H,vis2img,14,14,125,605,V2I_ROY_RANDOM_WITHIN_IDENTITY_V1,908ce1f927ae651f,f81a723d3cd4cadb,PAIRING_V1
subj05,fold_3,train,A:H,vis2img,24,24,134,614,V2I_ROY_RANDOM_WITHIN_IDENTITY_V1,908ce1f927ae651f,f81a723d3cd4cadb,PAIRING_V1
subj05,fold_3,train,A:H,vis2img,35,35,113,593,V2I_ROY_RANDOM_WITHIN_IDENTITY_V1,908ce1f927ae651f,f81a723d3cd4cadb,PAIRING_V1
subj05,fold_3,train,A:L,vis2img,0,0,131,611,V2I_ROY_RANDOM_WITHIN_IDENTITY_V1,908ce1f927ae651f,577ecb00b18b657b,PAIRING_V1
subj05,fold_3,train,A:L,vis2img,4,4,96,576,V2I_ROY_RANDOM_WITHIN_IDENTITY_V1,908ce1f927ae651f,577ecb00b18b657b,PAIRING_V1
subj05,fold_3,train,A:L,vis2img,12,12,126,606,V2I_ROY_RANDOM_WITHIN_IDENTITY_V1,908ce1f927ae651f,577ecb00b18b657b,PAIRING_V1
subj05,fold_3,train,A:L,vis2img,27,27,110,590,V2I_ROY_RANDOM_WITHIN_IDENTITY_V1,908ce1f927ae651f,577ecb00b18b657b,PAIRING_V1
subj05,fold_3,train,A:P,vis2img,8,8,101,581,V2I_ROY_RANDOM_WITHIN_IDENTITY_V1,908ce1f927ae651f,6b18f2dd0c8a3fce,PAIRING_V1
subj05,fold_3,train,A:P,vis2img,13,13,127,607,V2I_ROY_RANDOM_WITHIN_IDENTITY_V1,908ce1f927ae651f,6b18f2dd0c8a3fce,PAIRING_V1
subj05,fold_3,train,A:P,vis2img,16,16,130,610,V2I_ROY_RANDOM_WITHIN_IDENTITY_V1,908ce1f927ae651f,6b18f2dd0c8a3fce,PAIRING_V1
subj05,fold_3,train,A:P,vis2img,34,34,139,619,V2I_ROY_RANDOM_WITHIN_IDENTITY_V1,908ce1f927ae651f,6b18f2dd0c8a3fce,PAIRING_V1
subj05,fold_3,train,A:R,vis2img,17,17,98,578,V2I_ROY_RANDOM_WITHIN_IDENTITY_V1,908ce1f927ae651f,4e8e936a3c1dc12a,PAIRING_V1
subj05,fold_3,train,A:R,vis2img,22,22,105,585,V2I_ROY_RANDOM_WITHIN_IDENTITY_V1,908ce1f927ae651f,4e8e936a3c1dc12a,PAIRING_V1
subj05,fold_3,train,A:R,vis2img,30,30,124,604,V2I_ROY_RANDOM_WITHIN_IDENTITY_V1,908ce1f927ae651f,4e8e936a3c1dc12a,PAIRING_V1
subj05,fold_3,train,A:R,vis2img,46,46,108,588,V2I_ROY_RANDOM_WITHIN_IDENTITY_V1,908ce1f927ae651f,4e8e936a3c1dc12a,PAIRING_V1
subj05,fold_3,train,A:V,vis2img,1,1,109,589,V2I_ROY_RANDOM_WITHIN_IDENTITY_V1,908ce1f927ae651f,9c6c7379a218b5e8,PAIRING_V1
subj05,fold_3,train,A:V,vis2img,3,3,137,617,V2I_ROY_RANDOM_WITHIN_IDENTITY_V1,908ce1f927ae651f,9c6c7379a218b5e8,PAIRING_V1
subj05,fold_3,train,A:V,vis2img,40,40,97,577,V2I_ROY_RANDOM_WITHIN_IDENTITY_V1,908ce1f927ae651f,9c6c7379a218b5e8,PAIRING_V1
subj05,fold_3,train,A:V,vis2img,45,45,102,582,V2I_ROY_RANDOM_WITHIN_IDENTITY_V1,908ce1f927ae651f,9c6c7379a218b5e8,PAIRING_V1
subj05,fold_3,train,B:B,vis2img,66,210,165,645,V2I_ROY_RANDOM_WITHIN_IDENTITY_V1,908ce1f927ae651f,ac5ee5bef386fbd4,PAIRING_V1
subj05,fold_3,train,B:B,vis2img,76,220,144,624,V2I_ROY_RANDOM_WITHIN_IDENTITY_V1,908ce1f927ae651f,ac5ee5bef386fbd4,PAIRING_V1
subj05,fold_3,train,B:B,vis2img,79,223,191,671,V2I_ROY_RANDOM_WITHIN_IDENTITY_V1,908ce1f927ae651f,ac5ee5bef386fbd4,PAIRING_V1
subj05,fold_3,train,B:B,vis2img,94,238,167,647,V2I_ROY_RANDOM_WITHIN_IDENTITY_V1,908ce1f927ae651f,ac5ee5bef386fbd4,PAIRING_V1
subj05,fold_3,train,B:C,vis2img,58,202,151,631,V2I_ROY_RANDOM_WITHIN_IDENTITY_V1,908ce1f927ae651f,75f203abb5bb41de,PAIRING_V1
subj05,fold_3,train,B:C,vis2img,64,208,156,636,V2I_ROY_RANDOM_WITHIN_IDENTITY_V1,908ce1f927ae651f,75f203abb5bb41de,PAIRING_V1
subj05,fold_3,train,B:C,vis2img,71,215,163,643,V2I_ROY_RANDOM_WITHIN_IDENTITY_V1,908ce1f927ae651f,75f203abb5bb41de,PAIRING_V1
subj05,fold_3,train,B:C,vis2img,86,230,172,652,V2I_ROY_RANDOM_WITHIN_IDENTITY_V1,908ce1f927ae651f,75f203abb5bb41de,PAIRING_V1
subj05,fold_3,train,B:D,vis2img,51,195,160,640,V2I_ROY_RANDOM_WITHIN_IDENTITY_V1,908ce1f927ae651f,aeb5a5602fa9fe77,PAIRING_V1
subj05,fold_3,train,B:D,vis2img,54,198,157,637,V2I_ROY_RANDOM_WITHIN_IDENTITY_V1,908ce1f927ae651f,aeb5a5602fa9fe77,PAIRING_V1
subj05,fold_3,train,B:D,vis2img,70,214,184,664,V2I_ROY_RANDOM_WITHIN_IDENTITY_V1,908ce1f927ae651f,aeb5a5602fa9fe77,PAIRING_V1
subj05,fold_3,train,B:D,vis2img,93,237,150,630,V2I_ROY_RANDOM_WITHIN_IDENTITY_V1,908ce1f927ae651f,aeb5a5602fa9fe77,PAIRING_V1
subj05,fold_3,train,B:K,vis2img,55,199,178,658,V2I_ROY_RANDOM_WITHIN_IDENTITY_V1,908ce1f927ae651f,43323ad5548d79a1,PAIRING_V1
subj05,fold_3,train,B:K,vis2img,67,211,168,648,V2I_ROY_RANDOM_WITHIN_IDENTITY_V1,908ce1f927ae651f,43323ad5548d79a1,PAIRING_V1
subj05,fold_3,train,B:K,vis2img,78,222,187,667,V2I_ROY_RANDOM_WITHIN_IDENTITY_V1,908ce1f927ae651f,43323ad5548d79a1,PAIRING_V1
subj05,fold_3,train,B:K,vis2img,91,235,176,656,V2I_ROY_RANDOM_WITHIN_IDENTITY_V1,908ce1f927ae651f,43323ad5548d79a1,PAIRING_V1
subj05,fold_3,train,B:T,vis2img,52,196,162,642,V2I_ROY_RANDOM_WITHIN_IDENTITY_V1,908ce1f927ae651f,0dfda8a2058a29b9,PAIRING_V1
subj05,fold_3,train,B:T,vis2img,74,218,182,662,V2I_ROY_RANDOM_WITHIN_IDENTITY_V1,908ce1f927ae651f,0dfda8a2058a29b9,PAIRING_V1
subj05,fold_3,train,B:T,vis2img,88,232,180,660,V2I_ROY_RANDOM_WITHIN_IDENTITY_V1,908ce1f927ae651f,0dfda8a2058a29b9,PAIRING_V1
subj05,fold_3,train,B:T,vis2img,92,236,190,670,V2I_ROY_RANDOM_WITHIN_IDENTITY_V1,908ce1f927ae651f,0dfda8a2058a29b9,PAIRING_V1
subj05,fold_3,train,B:W,vis2img,50,194,177,657,V2I_ROY_RANDOM_WITHIN_IDENTITY_V1,908ce1f927ae651f,4a501b4ddff07c8e,PAIRING_V1
subj05,fold_3,train,B:W,vis2img,56,200,181,661,V2I_ROY_RANDOM_WITHIN_IDENTITY_V1,908ce1f927ae651f,4a501b4ddff07c8e,PAIRING_V1
subj05,fold_3,train,B:W,vis2img,75,219,153,633,V2I_ROY_RANDOM_WITHIN_IDENTITY_V1,908ce1f927ae651f,4a501b4ddff07c8e,PAIRING_V1
subj05,fold_3,train,B:W,vis2img,87,231,171,651,V2I_ROY_RANDOM_WITHIN_IDENTITY_V1,908ce1f927ae651f,4a501b4ddff07c8e,PAIRING_V1
subj05,fold_3,val,A:E,vis2img,43,43,118,598,V2I_ROY_RANDOM_WITHIN_IDENTITY_V1,908ce1f927ae651f,6e120f24fdbd72fe,PAIRING_V1
subj05,fold_3,val,A:E,vis2img,47,47,120,600,V2I_ROY_RANDOM_WITHIN_IDENTITY_V1,908ce1f927ae651f,6e120f24fdbd72fe,PAIRING_V1
subj05,fold_3,val,A:H,vis2img,2,2,140,620,V2I_ROY_RANDOM_WITHIN_IDENTITY_V1,908ce1f927ae651f,11a0ae5149731724,PAIRING_V1
subj05,fold_3,val,A:H,vis2img,28,28,129,609,V2I_ROY_RANDOM_WITHIN_IDENTITY_V1,908ce1f927ae651f,11a0ae5149731724,PAIRING_V1
subj05,fold_3,val,A:L,vis2img,36,36,117,597,V2I_ROY_RANDOM_WITHIN_IDENTITY_V1,908ce1f927ae651f,8b75ac11d486d317,PAIRING_V1
subj05,fold_3,val,A:L,vis2img,42,42,135,615,V2I_ROY_RANDOM_WITHIN_IDENTITY_V1,908ce1f927ae651f,8b75ac11d486d317,PAIRING_V1
subj05,fold_3,val,A:P,vis2img,20,20,143,623,V2I_ROY_RANDOM_WITHIN_IDENTITY_V1,908ce1f927ae651f,a189515d16482c8d,PAIRING_V1
subj05,fold_3,val,A:P,vis2img,41,41,112,592,V2I_ROY_RANDOM_WITHIN_IDENTITY_V1,908ce1f927ae651f,a189515d16482c8d,PAIRING_V1
subj05,fold_3,val,A:R,vis2img,25,25,133,613,V2I_ROY_RANDOM_WITHIN_IDENTITY_V1,908ce1f927ae651f,4fbef453a65c4bc0,PAIRING_V1
subj05,fold_3,val,A:R,vis2img,39,39,142,622,V2I_ROY_RANDOM_WITHIN_IDENTITY_V1,908ce1f927ae651f,4fbef453a65c4bc0,PAIRING_V1
subj05,fold_3,val,A:V,vis2img,15,15,106,586,V2I_ROY_RANDOM_WITHIN_IDENTITY_V1,908ce1f927ae651f,1934c8550dadcb7b,PAIRING_V1
subj05,fold_3,val,A:V,vis2img,19,19,100,580,V2I_ROY_RANDOM_WITHIN_IDENTITY_V1,908ce1f927ae651f,1934c8550dadcb7b,PAIRING_V1
subj05,fold_3,val,B:B,vis2img,53,197,185,665,V2I_ROY_RANDOM_WITHIN_IDENTITY_V1,908ce1f927ae651f,b84178173c0e7aea,PAIRING_V1
subj05,fold_3,val,B:B,vis2img,89,233,161,641,V2I_ROY_RANDOM_WITHIN_IDENTITY_V1,908ce1f927ae651f,b84178173c0e7aea,PAIRING_V1
subj05,fold_3,val,B:C,vis2img,62,206,148,628,V2I_ROY_RANDOM_WITHIN_IDENTITY_V1,908ce1f927ae651f,2842c844782cb49e,PAIRING_V1
subj05,fold_3,val,B:C,vis2img,90,234,146,626,V2I_ROY_RANDOM_WITHIN_IDENTITY_V1,908ce1f927ae651f,2842c844782cb49e,PAIRING_V1
subj05,fold_3,val,B:D,vis2img,68,212,188,668,V2I_ROY_RANDOM_WITHIN_IDENTITY_V1,908ce1f927ae651f,d14c06e4ad112bc2,PAIRING_V1
subj05,fold_3,val,B:D,vis2img,81,225,169,649,V2I_ROY_RANDOM_WITHIN_IDENTITY_V1,908ce1f927ae651f,d14c06e4ad112bc2,PAIRING_V1
subj05,fold_3,val,B:K,vis2img,59,203,189,669,V2I_ROY_RANDOM_WITHIN_IDENTITY_V1,908ce1f927ae651f,38a233924ab247ab,PAIRING_V1
subj05,fold_3,val,B:K,vis2img,82,226,149,629,V2I_ROY_RANDOM_WITHIN_IDENTITY_V1,908ce1f927ae651f,38a233924ab247ab,PAIRING_V1
subj05,fold_3,val,B:T,vis2img,60,204,170,650,V2I_ROY_RANDOM_WITHIN_IDENTITY_V1,908ce1f927ae651f,b43be3a435d8aff1,PAIRING_V1
subj05,fold_3,val,B:T,vis2img,95,239,159,639,V2I_ROY_RANDOM_WITHIN_IDENTITY_V1,908ce1f927ae651f,b43be3a435d8aff1,PAIRING_V1
subj05,fold_3,val,B:W,vis2img,72,216,175,655,V2I_ROY_RANDOM_WITHIN_IDENTITY_V1,908ce1f927ae651f,a86112e65e0edca3,PAIRING_V1
subj05,fold_3,val,B:W,vis2img,77,221,164,644,V2I_ROY_RANDOM_WITHIN_IDENTITY_V1,908ce1f927ae651f,a86112e65e0edca3,PAIRING_V1
subj05,fold_3,test,A:E,vis2img,9,9,107,587,V2I_ROY_RANDOM_WITHIN_IDENTITY_V1,908ce1f927ae651f,abd24c0b51514dd2,PAIRING_V1
subj05,fold_3,test,A:E,vis2img,38,38,123,603,V2I_ROY_RANDOM_WITHIN_IDENTITY_V1,908ce1f927ae651f,abd24c0b51514dd2,PAIRING_V1
subj05,fold_3,test,A:H,vis2img,18,18,104,584,V2I_ROY_RANDOM_WITHIN_IDENTITY_V1,908ce1f927ae651f,ddae105b9df6921f,PAIRING_V1
subj05,fold_3,test,A:H,vis2img,21,21,121,601,V2I_ROY_RANDOM_WITHIN_IDENTITY_V1,908ce1f927ae651f,ddae105b9df6921f,PAIRING_V1
subj05,fold_3,test,A:L,vis2img,7,7,99,579,V2I_ROY_RANDOM_WITHIN_IDENTITY_V1,908ce1f927ae651f,858cab4adee73755,PAIRING_V1
subj05,fold_3,test,A:L,vis2img,29,29,115,595,V2I_ROY_RANDOM_WITHIN_IDENTITY_V1,908ce1f927ae651f,858cab4adee73755,PAIRING_V1
subj05,fold_3,test,A:P,vis2img,11,11,122,602,V2I_ROY_RANDOM_WITHIN_IDENTITY_V1,908ce1f927ae651f,b4a9e0bf1e98fb7d,PAIRING_V1
subj05,fold_3,test,A:P,vis2img,37,37,141,621,V2I_ROY_RANDOM_WITHIN_IDENTITY_V1,908ce1f927ae651f,b4a9e0bf1e98fb7d,PAIRING_V1
subj05,fold_3,test,A:R,vis2img,5,5,103,583,V2I_ROY_RANDOM_WITHIN_IDENTITY_V1,908ce1f927ae651f,2fb619cabbf0ec9f,PAIRING_V1
subj05,fold_3,test,A:R,vis2img,44,44,136,616,V2I_ROY_RANDOM_WITHIN_IDENTITY_V1,908ce1f927ae651f,2fb619cabbf0ec9f,PAIRING_V1
subj05,fold_3,test,A:V,vis2img,31,31,128,608,V2I_ROY_RANDOM_WITHIN_IDENTITY_V1,908ce1f927ae651f,eb55c82c56bb7510,PAIRING_V1
subj05,fold_3,test,A:V,vis2img,33,33,132,612,V2I_ROY_RANDOM_WITHIN_IDENTITY_V1,908ce1f927ae651f,eb55c82c56bb7510,PAIRING_V1
subj05,fold_3,test,B:B,vis2img,83,227,179,659,V2I_ROY_RANDOM_WITHIN_IDENTITY_V1,908ce1f927ae651f,0dd83698de88518d,PAIRING_V1
subj05,fold_3,test,B:B,vis2img,85,229,173,653,V2I_ROY_RANDOM_WITHIN_IDENTITY_V1,908ce1f927ae651f,0dd83698de88518d,PAIRING_V1
subj05,fold_3,test,B:C,vis2img,49,193,158,638,V2I_ROY_RANDOM_WITHIN_IDENTITY_V1,908ce1f927ae651f,8c13a011f4621a56,PAIRING_V1
subj05,fold_3,test,B:C,vis2img,73,217,186,666,V2I_ROY_RANDOM_WITHIN_IDENTITY_V1,908ce1f927ae651f,8c13a011f4621a56,PAIRING_V1
subj05,fold_3,test,B:D,vis2img,61,205,174,654,V2I_ROY_RANDOM_WITHIN_IDENTITY_V1,908ce1f927ae651f,c4141fc4f43d7deb,PAIRING_V1
subj05,fold_3,test,B:D,vis2img,65,209,155,635,V2I_ROY_RANDOM_WITHIN_IDENTITY_V1,908ce1f927ae651f,c4141fc4f43d7deb,PAIRING_V1
subj05,fold_3,test,B:K,vis2img,57,201,152,632,V2I_ROY_RANDOM_WITHIN_IDENTITY_V1,908ce1f927ae651f,325450dbb39d310d,PAIRING_V1
subj05,fold_3,test,B:K,vis2img,84,228,154,634,V2I_ROY_RANDOM_WITHIN_IDENTITY_V1,908ce1f927ae651f,325450dbb39d310d,PAIRING_V1
subj05,fold_3,test,B:T,vis2img,69,213,147,627,V2I_ROY_RANDOM_WITHIN_IDENTITY_V1,908ce1f927ae651f,f1b9c448816f178b,PAIRING_V1
subj05,fold_3,test,B:T,vis2img,80,224,166,646,V2I_ROY_RANDOM_WITHIN_IDENTITY_V1,908ce1f927ae651f,f1b9c448816f178b,PAIRING_V1
subj05,fold_3,test,B:W,vis2img,48,192,183,663,V2I_ROY_RANDOM_WITHIN_IDENTITY_V1,908ce1f927ae651f,0d67386822deb589,PAIRING_V1
subj05,fold_3,test,B:W,vis2img,63,207,145,625,V2I_ROY_RANDOM_WITHIN_IDENTITY_V1,908ce1f927ae651f,0d67386822deb589,PAIRING_V1
subj06,fold_0,train,A:E,vis2img,26,26,116,596,V2I_ROY_RANDOM_WITHIN_IDENTITY_V1,908ce1f927ae651f,4635874ee24ffe2d,PAIRING_V1
subj06,fold_0,train,A:E,vis2img,32,32,111,591,V2I_ROY_RANDOM_WITHIN_IDENTITY_V1,908ce1f927ae651f,4635874ee24ffe2d,PAIRING_V1
subj06,fold_0,train,A:E,vis2img,43,43,118,598,V2I_ROY_RANDOM_WITHIN_IDENTITY_V1,908ce1f927ae651f,4635874ee24ffe2d,PAIRING_V1
subj06,fold_0,train,A:E,vis2img,47,47,120,600,V2I_ROY_RANDOM_WITHIN_IDENTITY_V1,908ce1f927ae651f,4635874ee24ffe2d,PAIRING_V1
subj06,fold_0,train,A:H,vis2img,2,2,140,620,V2I_ROY_RANDOM_WITHIN_IDENTITY_V1,908ce1f927ae651f,96ce0a6c045be962,PAIRING_V1
subj06,fold_0,train,A:H,vis2img,10,10,125,605,V2I_ROY_RANDOM_WITHIN_IDENTITY_V1,908ce1f927ae651f,96ce0a6c045be962,PAIRING_V1
subj06,fold_0,train,A:H,vis2img,14,14,129,609,V2I_ROY_RANDOM_WITHIN_IDENTITY_V1,908ce1f927ae651f,96ce0a6c045be962,PAIRING_V1
subj06,fold_0,train,A:H,vis2img,28,28,134,614,V2I_ROY_RANDOM_WITHIN_IDENTITY_V1,908ce1f927ae651f,96ce0a6c045be962,PAIRING_V1
subj06,fold_0,train,A:L,vis2img,12,12,135,615,V2I_ROY_RANDOM_WITHIN_IDENTITY_V1,908ce1f927ae651f,2941c3bd843ae35d,PAIRING_V1
subj06,fold_0,train,A:L,vis2img,27,27,126,606,V2I_ROY_RANDOM_WITHIN_IDENTITY_V1,908ce1f927ae651f,2941c3bd843ae35d,PAIRING_V1
subj06,fold_0,train,A:L,vis2img,36,36,96,576,V2I_ROY_RANDOM_WITHIN_IDENTITY_V1,908ce1f927ae651f,2941c3bd843ae35d,PAIRING_V1
subj06,fold_0,train,A:L,vis2img,42,42,117,597,V2I_ROY_RANDOM_WITHIN_IDENTITY_V1,908ce1f927ae651f,2941c3bd843ae35d,PAIRING_V1
subj06,fold_0,train,A:P,vis2img,8,8,112,592,V2I_ROY_RANDOM_WITHIN_IDENTITY_V1,908ce1f927ae651f,7bde7ce0fb989b1f,PAIRING_V1
subj06,fold_0,train,A:P,vis2img,13,13,127,607,V2I_ROY_RANDOM_WITHIN_IDENTITY_V1,908ce1f927ae651f,7bde7ce0fb989b1f,PAIRING_V1
subj06,fold_0,train,A:P,vis2img,20,20,143,623,V2I_ROY_RANDOM_WITHIN_IDENTITY_V1,908ce1f927ae651f,7bde7ce0fb989b1f,PAIRING_V1
subj06,fold_0,train,A:P,vis2img,41,41,130,610,V2I_ROY_RANDOM_WITHIN_IDENTITY_V1,908ce1f927ae651f,7bde7ce0fb989b1f,PAIRING_V1
subj06,fold_0,train,A:R,vis2img,22,22,98,578,V2I_ROY_RANDOM_WITHIN_IDENTITY_V1,908ce1f927ae651f,ea8c9b903ab0cdec,PAIRING_V1
subj06,fold_0,train,A:R,vis2img,25,25,133,613,V2I_ROY_RANDOM_WITHIN_IDENTITY_V1,908ce1f927ae651f,ea8c9b903ab0cdec,PAIRING_V1
subj06,fold_0,train,A:R,vis2img,30,30,105,585,V2I_ROY_RANDOM_WITHIN_IDENTITY_V1,908ce1f927ae651f,ea8c9b903ab0cdec,PAIRING_V1
subj06,fold_0,train,A:R,vis2img,39,39,142,622,V2I_ROY_RANDOM_WITHIN_IDENTITY_V1,908ce1f927ae651f,ea8c9b903ab0cdec,PAIRING_V1
subj06,fold_0,train,A:V,vis2img,1,1,97,577,V2I_ROY_RANDOM_WITHIN_IDENTITY_V1,908ce1f927ae651f,577105689a67bb83,PAIRING_V1
subj06,fold_0,train,A:V,vis2img,3,3,100,580,V2I_ROY_RANDOM_WITHIN_IDENTITY_V1,908ce1f927ae651f,577105689a67bb83,PAIRING_V1
subj06,fold_0,train,A:V,vis2img,15,15,109,589,V2I_ROY_RANDOM_WITHIN_IDENTITY_V1,908ce1f927ae651f,577105689a67bb83,PAIRING_V1
subj06,fold_0,train,A:V,vis2img,19,19,106,586,V2I_ROY_RANDOM_WITHIN_IDENTITY_V1,908ce1f927ae651f,577105689a67bb83,PAIRING_V1
subj06,fold_0,train,B:B,vis2img,53,197,185,665,V2I_ROY_RANDOM_WITHIN_IDENTITY_V1,908ce1f927ae651f,8d9878464d5baf5d,PAIRING_V1
subj06,fold_0,train,B:B,vis2img,66,210,191,671,V2I_ROY_RANDOM_WITHIN_IDENTITY_V1,908ce1f927ae651f,8d9878464d5baf5d,PAIRING_V1
subj06,fold_0,train,B:B,vis2img,79,223,161,641,V2I_ROY_RANDOM_WITHIN_IDENTITY_V1,908ce1f927ae651f,8d9878464d5baf5d,PAIRING_V1
subj06,fold_0,train,B:B,vis2img,89,233,144,624,V2I_ROY_RANDOM_WITHIN_IDENTITY_V1,908ce1f927ae651f,8d9878464d5baf5d,PAIRING_V1
subj06,fold_0,train,B:C,vis2img,58,202,146,626,V2I_ROY_RANDOM_WITHIN_IDENTITY_V1,908ce1f927ae651f,44d611ee51eb69ac,PAIRING_V1
subj06,fold_0,train,B:C,vis2img,62,206,151,631,V2I_ROY_RANDOM_WITHIN_IDENTITY_V1,908ce1f927ae651f,44d611ee51eb69ac,PAIRING_V1
subj06,fold_0,train,B:C,vis2img,71,215,156,636,V2I_ROY_RANDOM_WITHIN_IDENTITY_V1,908ce1f927ae651f,44d611ee51eb69ac,PAIRING_V1
subj06,fold_0,train,B:C,vis2img,90,234,148,628,V2I_ROY_RANDOM_WITHIN_IDENTITY_V1,908ce1f927ae651f,44d611ee51eb69ac,PAIRING_V1
subj06,fold_0,train,B:D,vis2img,68,212,150,630,V2I_ROY_RANDOM_WITHIN_IDENTITY_V1,908ce1f927ae651f,5b4feb212d0d91c5,PAIRING_V1
subj06,fold_0,train,B:D,vis2img,70,214,169,649,V2I_ROY_RANDOM_WITHIN_IDENTITY_V1,908ce1f927ae651f,5b4feb212d0d91c5,PAIRING_V1
subj06,fold_0,train,B:D,vis2img,81,225,184,664,V2I_ROY_RANDOM_WITHIN_IDENTITY_V1,908ce1f927ae651f,5b4feb212d0d91c5,PAIRING_V1
subj06,fold_0,train,B:D,vis2img,93,237,188,668,V2I_ROY_RANDOM_WITHIN_IDENTITY_V1,908ce1f927ae651f,5b4feb212d0d91c5,PAIRING_V1
subj06,fold_0,train,B:K,vis2img,59,203,187,667,V2I_ROY_RANDOM_WITHIN_IDENTITY_V1,908ce1f927ae651f,5f0fb23a341581a1,PAIRING_V1
subj06,fold_0,train,B:K,vis2img,67,211,149,629,V2I_ROY_RANDOM_WITHIN_IDENTITY_V1,908ce1f927ae651f,5f0fb23a341581a1,PAIRING_V1
subj06,fold_0,train,B:K,vis2img,82,226,189,669,V2I_ROY_RANDOM_WITHIN_IDENTITY_V1,908ce1f927ae651f,5f0fb23a341581a1,PAIRING_V1
subj06,fold_0,train,B:K,vis2img,91,235,178,658,V2I_ROY_RANDOM_WITHIN_IDENTITY_V1,908ce1f927ae651f,5f0fb23a341581a1,PAIRING_V1
subj06,fold_0,train,B:T,vis2img,52,196,162,642,V2I_ROY_RANDOM_WITHIN_IDENTITY_V1,908ce1f927ae651f,897e931be09581b2,PAIRING_V1
subj06,fold_0,train,B:T,vis2img,60,204,170,650,V2I_ROY_RANDOM_WITHIN_IDENTITY_V1,908ce1f927ae651f,897e931be09581b2,PAIRING_V1
subj06,fold_0,train,B:T,vis2img,92,236,190,670,V2I_ROY_RANDOM_WITHIN_IDENTITY_V1,908ce1f927ae651f,897e931be09581b2,PAIRING_V1
subj06,fold_0,train,B:T,vis2img,95,239,159,639,V2I_ROY_RANDOM_WITHIN_IDENTITY_V1,908ce1f927ae651f,897e931be09581b2,PAIRING_V1
subj06,fold_0,train,B:W,vis2img,56,200,181,661,V2I_ROY_RANDOM_WITHIN_IDENTITY_V1,908ce1f927ae651f,064cb4646a373b49,PAIRING_V1
subj06,fold_0,train,B:W,vis2img,72,216,175,655,V2I_ROY_RANDOM_WITHIN_IDENTITY_V1,908ce1f927ae651f,064cb4646a373b49,PAIRING_V1
subj06,fold_0,train,B:W,vis2img,75,219,177,657,V2I_ROY_RANDOM_WITHIN_IDENTITY_V1,908ce1f927ae651f,064cb4646a373b49,PAIRING_V1
subj06,fold_0,train,B:W,vis2img,77,221,164,644,V2I_ROY_RANDOM_WITHIN_IDENTITY_V1,908ce1f927ae651f,064cb4646a373b49,PAIRING_V1
subj06,fold_0,val,A:E,vis2img,9,9,107,587,V2I_ROY_RANDOM_WITHIN_IDENTITY_V1,908ce1f927ae651f,2e2b004c6c191840,PAIRING_V1
subj06,fold_0,val,A:E,vis2img,38,38,123,603,V2I_ROY_RANDOM_WITHIN_IDENTITY_V1,908ce1f927ae651f,2e2b004c6c191840,PAIRING_V1
subj06,fold_0,val,A:H,vis2img,18,18,121,601,V2I_ROY_RANDOM_WITHIN_IDENTITY_V1,908ce1f927ae651f,fa2a200d6e898ce1,PAIRING_V1
subj06,fold_0,val,A:H,vis2img,21,21,104,584,V2I_ROY_RANDOM_WITHIN_IDENTITY_V1,908ce1f927ae651f,fa2a200d6e898ce1,PAIRING_V1
subj06,fold_0,val,A:L,vis2img,7,7,115,595,V2I_ROY_RANDOM_WITHIN_IDENTITY_V1,908ce1f927ae651f,566c5f159c791195,PAIRING_V1
subj06,fold_0,val,A:L,vis2img,29,29,99,579,V2I_ROY_RANDOM_WITHIN_IDENTITY_V1,908ce1f927ae651f,566c5f159c791195,PAIRING_V1
subj06,fold_0,val,A:P,vis2img,11,11,141,621,V2I_ROY_RANDOM_WITHIN_IDENTITY_V1,908ce1f927ae651f,c16118b973eff600,PAIRING_V1
subj06,fold_0,val,A:P,vis2img,37,37,122,602,V2I_ROY_RANDOM_WITHIN_IDENTITY_V1,908ce1f927ae651f,c16118b973eff600,PAIRING_V1
subj06,fold_0,val,A:R,vis2img,5,5,136,616,V2I_ROY_RANDOM_WITHIN_IDENTITY_V1,908ce1f927ae651f,9fb5a5ff90bcecea,PAIRING_V1
subj06,fold_0,val,A:R,vis2img,44,44,103,583,V2I_ROY_RANDOM_WITHIN_IDENTITY_V1,908ce1f927ae651f,9fb5a5ff90bcecea,PAIRING_V1
subj06,fold_0,val,A:V,vis2img,31,31,132,612,V2I_ROY_RANDOM_WITHIN_IDENTITY_V1,908ce1f927ae651f,b2b8c7e3cbe1ef6c,PAIRING_V1
subj06,fold_0,val,A:V,vis2img,33,33,128,608,V2I_ROY_RANDOM_WITHIN_IDENTITY_V1,908ce1f927ae651f,b2b8c7e3cbe1ef6c,PAIRING_V1
subj06,fold_0,val,B:B,vis2img,83,227,179,659,V2I_ROY_RANDOM_WITHIN_IDENTITY_V1,908ce1f927ae651f,938ef8c2f76451a3,PAIRING_V1
subj06,fold_0,val,B:B,vis2img,85,229,173,653,V2I_ROY_RANDOM_WITHIN_IDENTITY_V1,908ce1f927ae651f,938ef8c2f76451a3,PAIRING_V1
subj06,fold_0,val,B:C,vis2img,49,193,158,638,V2I_ROY_RANDOM_WITHIN_IDENTITY_V1,908ce1f927ae651f,fdc7d4b91e463398,PAIRING_V1
subj06,fold_0,val,B:C,vis2img,73,217,186,666,V2I_ROY_RANDOM_WITHIN_IDENTITY_V1,908ce1f927ae651f,fdc7d4b91e463398,PAIRING_V1
subj06,fold_0,val,B:D,vis2img,61,205,174,654,V2I_ROY_RANDOM_WITHIN_IDENTITY_V1,908ce1f927ae651f,ee3a584fb5f76809,PAIRING_V1
subj06,fold_0,val,B:D,vis2img,65,209,155,635,V2I_ROY_RANDOM_WITHIN_IDENTITY_V1,908ce1f927ae651f,ee3a584fb5f76809,PAIRING_V1
subj06,fold_0,val,B:K,vis2img,57,201,154,634,V2I_ROY_RANDOM_WITHIN_IDENTITY_V1,908ce1f927ae651f,a71310663b033f45,PAIRING_V1
subj06,fold_0,val,B:K,vis2img,84,228,152,632,V2I_ROY_RANDOM_WITHIN_IDENTITY_V1,908ce1f927ae651f,a71310663b033f45,PAIRING_V1
subj06,fold_0,val,B:T,vis2img,69,213,166,646,V2I_ROY_RANDOM_WITHIN_IDENTITY_V1,908ce1f927ae651f,1e67e1703388f4a7,PAIRING_V1
subj06,fold_0,val,B:T,vis2img,80,224,147,627,V2I_ROY_RANDOM_WITHIN_IDENTITY_V1,908ce1f927ae651f,1e67e1703388f4a7,PAIRING_V1
subj06,fold_0,val,B:W,vis2img,48,192,145,625,V2I_ROY_RANDOM_WITHIN_IDENTITY_V1,908ce1f927ae651f,5d5e6ae35299b65b,PAIRING_V1
subj06,fold_0,val,B:W,vis2img,63,207,183,663,V2I_ROY_RANDOM_WITHIN_IDENTITY_V1,908ce1f927ae651f,5d5e6ae35299b65b,PAIRING_V1
subj06,fold_0,test,A:E,vis2img,6,6,114,594,V2I_ROY_RANDOM_WITHIN_IDENTITY_V1,908ce1f927ae651f,b8ee2f79fb06b6f3,PAIRING_V1
subj06,fold_0,test,A:E,vis2img,23,23,138,618,V2I_ROY_RANDOM_WITHIN_IDENTITY_V1,908ce1f927ae651f,b8ee2f79fb06b6f3,PAIRING_V1
subj06,fold_0,test,A:H,vis2img,24,24,119,599,V2I_ROY_RANDOM_WITHIN_IDENTITY_V1,908ce1f927ae651f,5282893386babcea,PAIRING_V1
subj06,fold_0,test,A:H,vis2img,35,35,113,593,V2I_ROY_RANDOM_WITHIN_IDENTITY_V1,908ce1f927ae651f,5282893386babcea,PAIRING_V1
subj06,fold_0,test,A:L,vis2img,0,0,110,590,V2I_ROY_RANDOM_WITHIN_IDENTITY_V1,908ce1f927ae651f,c6ee53600ca12e94,PAIRING_V1
subj06,fold_0,test,A:L,vis2img,4,4,131,611,V2I_ROY_RANDOM_WITHIN_IDENTITY_V1,908ce1f927ae651f,c6ee53600ca12e94,PAIRING_V1
subj06,fold_0,test,A:P,vis2img,16,16,139,619,V2I_ROY_RANDOM_WITHIN_IDENTITY_V1,908ce1f927ae651f,718fc23fc5c9af1d,PAIRING_V1
subj06,fold_0,test,A:P,vis2img,34,34,101,581,V2I_ROY_RANDOM_WITHIN_IDENTITY_V1,908ce1f927ae651f,718fc23fc5c9af1d,PAIRING_V1
subj06,fold_0,test,A:R,vis2img,17,17,108,588,V2I_ROY_RANDOM_WITHIN_IDENTITY_V1,908ce1f927ae651f,f06f2e491d67da70,PAIRING_V1
subj06,fold_0,test,A:R,vis2img,46,46,124,604,V2I_ROY_RANDOM_WITHIN_IDENTITY_V1,908ce1f927ae651f,f06f2e491d67da70,PAIRING_V1
subj06,fold_0,test,A:V,vis2img,40,40,102,582,V2I_ROY_RANDOM_WITHIN_IDENTITY_V1,908ce1f927ae651f,097b4d3c2bc25bca,PAIRING_V1
subj06,fold_0,test,A:V,vis2img,45,45,137,617,V2I_ROY_RANDOM_WITHIN_IDENTITY_V1,908ce1f927ae651f,097b4d3c2bc25bca,PAIRING_V1
subj06,fold_0,test,B:B,vis2img,76,220,167,647,V2I_ROY_RANDOM_WITHIN_IDENTITY_V1,908ce1f927ae651f,d78d0e3bdcf70a7d,PAIRING_V1
subj06,fold_0,test,B:B,vis2img,94,238,165,645,V2I_ROY_RANDOM_WITHIN_IDENTITY_V1,908ce1f927ae651f,d78d0e3bdcf70a7d,PAIRING_V1
subj06,fold_0,test,B:C,vis2img,64,208,172,652,V2I_ROY_RANDOM_WITHIN_IDENTITY_V1,908ce1f927ae651f,0b7562392703978d,PAIRING_V1
subj06,fold_0,test,B:C,vis2img,86,230,163,643,V2I_ROY_RANDOM_WITHIN_IDENTITY_V1,908ce1f927ae651f,0b7562392703978d,PAIRING_V1
subj06,fold_0,test,B:D,vis2img,51,195,160,640,V2I_ROY_RANDOM_WITHIN_IDENTITY_V1,908ce1f927ae651f,d313d5896bac34f2,PAIRING_V1
subj06,fold_0,test,B:D,vis2img,54,198,157,637,V2I_ROY_RANDOM_WITHIN_IDENTITY_V1,908ce1f927ae651f,d313d5896bac34f2,PAIRING_V1
subj06,fold_0,test,B:K,vis2img,55,199,176,656,V2I_ROY_RANDOM_WITHIN_IDENTITY_V1,908ce1f927ae651f,333d2ec49ebabf32,PAIRING_V1
subj06,fold_0,test,B:K,vis2img,78,222,168,648,V2I_ROY_RANDOM_WITHIN_IDENTITY_V1,908ce1f927ae651f,333d2ec49ebabf32,PAIRING_V1
subj06,fold_0,test,B:T,vis2img,74,218,182,662,V2I_ROY_RANDOM_WITHIN_IDENTITY_V1,908ce1f927ae651f,f43ce29350479409,PAIRING_V1
subj06,fold_0,test,B:T,vis2img,88,232,180,660,V2I_ROY_RANDOM_WITHIN_IDENTITY_V1,908ce1f927ae651f,f43ce29350479409,PAIRING_V1
subj06,fold_0,test,B:W,vis2img,50,194,171,651,V2I_ROY_RANDOM_WITHIN_IDENTITY_V1,908ce1f927ae651f,c466cd3f1955135d,PAIRING_V1
subj06,fold_0,test,B:W,vis2img,87,231,153,633,V2I_ROY_RANDOM_WITHIN_IDENTITY_V1,908ce1f927ae651f,c466cd3f1955135d,PAIRING_V1
subj06,fold_1,train,A:E,vis2img,6,6,118,598,V2I_ROY_RANDOM_WITHIN_IDENTITY_V1,908ce1f927ae651f,e7f7a079ec5c56ab,PAIRING_V1
subj06,fold_1,train,A:E,vis2img,23,23,138,618,V2I_ROY_RANDOM_WITHIN_IDENTITY_V1,908ce1f927ae651f,e7f7a079ec5c56ab,PAIRING_V1
subj06,fold_1,train,A:E,vis2img,43,43,114,594,V2I_ROY_RANDOM_WITHIN_IDENTITY_V1,908ce1f927ae651f,e7f7a079ec5c56ab,PAIRING_V1
subj06,fold_1,train,A:E,vis2img,47,47,120,600,V2I_ROY_RANDOM_WITHIN_IDENTITY_V1,908ce1f927ae651f,e7f7a079ec5c56ab,PAIRING_V1
subj06,fold_1,train,A:H,vis2img,2,2,113,593,V2I_ROY_RANDOM_WITHIN_IDENTITY_V1,908ce1f927ae651f,98bec59ab417dc3a,PAIRING_V1
subj06,fold_1,train,A:H,vis2img,24,24,119,599,V2I_ROY_RANDOM_WITHIN_IDENTITY_V1,908ce1f927ae651f,98bec59ab417dc3a,PAIRING_V1
subj06,fold_1,train,A:H,vis2img,28,28,140,620,V2I_ROY_RANDOM_WITHIN_IDENTITY_V1,908ce1f927ae651f,98bec59ab417dc3a,PAIRING_V1
subj06,fold_1,train,A:H,vis2img,35,35,129,609,V2I_ROY_RANDOM_WITHIN_IDENTITY_V1,908ce1f927ae651f,98bec59ab417dc3a,PAIRING_V1
subj06,fold_1,train,A:L,vis2img,0,0,110,590,V2I_ROY_RANDOM_WITHIN_IDENTITY_V1,908ce1f927ae651f,c2f81a0335f37d63,PAIRING_V1
subj06,fold_1,train,A:L,vis2img,4,4,117,597,V2I_ROY_RANDOM_WITHIN_IDENTITY_V1,908ce1f927ae651f,c2f81a0335f37d63,PAIRING_V1
subj06,fold_1,train,A:L,vis2img,36,36,131,611,V2I_ROY_RANDOM_WITHIN_IDENTITY_V1,908ce1f927ae651f,c2f81a0335f37d63,PAIRING_V1
subj06,fold_1,train,A:L,vis2img,42,42,135,615,V2I_ROY_RANDOM_WITHIN_IDENTITY_V1,908ce1f927ae651f,c2f81a0335f37d63,PAIRING_V1
subj06,fold_1,train,A:P,vis2img,16,16,101,581,V2I_ROY_RANDOM_WITHIN_IDENTITY_V1,908ce1f927ae651f,3063e3bf01b0557c,PAIRING_V1
subj06,fold_1,train,A:P,vis2img,20,20,112,592,V2I_ROY_RANDOM_WITHIN_IDENTITY_V1,908ce1f927ae651f,3063e3bf01b0557c,PAIRING_V1
subj06,fold_1,train,A:P,vis2img,34,34,143,623,V2I_ROY_RANDOM_WITHIN_IDENTITY_V1,908ce1f927ae651f,3063e3bf01b0557c,PAIRING_V1
subj06,fold_1,train,A:P,vis2img,41,41,139,619,V2I_ROY_RANDOM_WITHIN_IDENTITY_V1,908ce1f927ae651f,3063e3bf01b0557c,PAIRING_V1
subj06,fold_1,train,A:R,vis2img,17,17,108,588,V2I_ROY_RANDOM_WITHIN_IDENTITY_V1,908ce1f927ae651f,6aae9c5c214bb6e5,PAIRING_V1
subj06,fold_1,train,A:R,vis2img,25,25,133,613,V2I_ROY_RANDOM_WITHIN_IDENTITY_V1,908ce1f927ae651f,6aae9c5c214bb6e5,PAIRING_V1
subj06,fold_1,train,A:R,vis2img,39,39,124,604,V2I_ROY_RANDOM_WITHIN_IDENTITY_V1,908ce1f927ae651f,6aae9c5c214bb6e5,PAIRING_V1
subj06,fold_1,train,A:R,vis2img,46,46,142,622,V2I_ROY_RANDOM_WITHIN_IDENTITY_V1,908ce1f927ae651f,6aae9c5c214bb6e5,PAIRING_V1
subj06,fold_1,train,A:V,vis2img,15,15,137,617,V2I_ROY_RANDOM_WITHIN_IDENTITY_V1,908ce1f927ae651f,c51b7c1a85a3d771,PAIRING_V1
subj06,fold_1,train,A:V,vis2img,19,19,100,580,V2I_ROY_RANDOM_WITHIN_IDENTITY_V1,908ce1f927ae651f,c51b7c1a85a3d771,PAIRING_V1
subj06,fold_1,train,A:V,vis2img,40,40,102,582,V2I_ROY_RANDOM_WITHIN_IDENTITY_V1,908ce1f927ae651f,c51b7c1a85a3d771,PAIRING_V1
subj06,fold_1,train,A:V,vis2img,45,45,106,586,V2I_ROY_RANDOM_WITHIN_IDENTITY_V1,908ce1f927ae651f,c51b7c1a85a3d771,PAIRING_V1
subj06,fold_1,train,B:B,vis2img,53,197,165,645,V2I_ROY_RANDOM_WITHIN_IDENTITY_V1,908ce1f927ae651f,9b6060bf35f0d534,PAIRING_V1
subj06,fold_1,train,B:B,vis2img,76,220,167,647,V2I_ROY_RANDOM_WITHIN_IDENTITY_V1,908ce1f927ae651f,9b6060bf35f0d534,PAIRING_V1
subj06,fold_1,train,B:B,vis2img,89,233,185,665,V2I_ROY_RANDOM_WITHIN_IDENTITY_V1,908ce1f927ae651f,9b6060bf35f0d534,PAIRING_V1
subj06,fold_1,train,B:B,vis2img,94,238,161,641,V2I_ROY_RANDOM_WITHIN_IDENTITY_V1,908ce1f927ae651f,9b6060bf35f0d534,PAIRING_V1
subj06,fold_1,train,B:C,vis2img,62,206,172,652,V2I_ROY_RANDOM_WITHIN_IDENTITY_V1,908ce1f927ae651f,4d658cbe18250ffc,PAIRING_V1
subj06,fold_1,train,B:C,vis2img,64,208,146,626,V2I_ROY_RANDOM_WITHIN_IDENTITY_V1,908ce1f927ae651f,4d658cbe18250ffc,PAIRING_V1
subj06,fold_1,train,B:C,vis2img,86,230,163,643,V2I_ROY_RANDOM_WITHIN_IDENTITY_V1,908ce1f927ae651f,4d658cbe18250ffc,PAIRING_V1
subj06,fold_1,train,B:C,vis2img,90,234,148,628,V2I_ROY_RANDOM_WITHIN_IDENTITY_V1,908ce1f927ae651f,4d658cbe18250ffc,PAIRING_V1
subj06,fold_1,train,B:D,vis2img,51,195,188,668,V2I_ROY_RANDOM_WITHIN_IDENTITY_V1,908ce1f927ae651f,62f3de689baf87a9,PAIRING_V1
subj06,fold_1,train,B:D,vis2img,54,198,160,640,V2I_ROY_RANDOM_WITHIN_IDENTITY_V1,908ce1f927ae651f,62f3de689baf87a9,PAIRING_V1
subj06,fold_1,train,B:D,vis2img,68,212,169,649,V2I_ROY_RANDOM_WITHIN_IDENTITY_V1,908ce1f927ae651f,62f3de689baf87a9,PAIRING_V1
subj06,fold_1,train,B:D,vis2img,81,225,157,637,V2I_ROY_RANDOM_WITHIN_IDENTITY_V1,908ce1f927ae651f,62f3de689baf87a9,PAIRING_V1
subj06,fold_1,train,B:K,vis2img,55,199,189,669,V2I_ROY_RANDOM_WITHIN_IDENTITY_V1,908ce1f927ae651f,1839627df4cfa023,PAIRING_V1
subj06,fold_1,train,B:K,vis2img,59,203,168,648,V2I_ROY_RANDOM_WITHIN_IDENTITY_V1,908ce1f927ae651f,1839627df4cfa023,PAIRING_V1
subj06,fold_1,train,B:K,vis2img,78,222,149,629,V2I_ROY_RANDOM_WITHIN_IDENTITY_V1,908ce1f927ae651f,1839627df4cfa023,PAIRING_V1
subj06,fold_1,train,B:K,vis2img,82,226,176,656,V2I_ROY_RANDOM_WITHIN_IDENTITY_V1,908ce1f927ae651f,1839627df4cfa023,PAIRING_V1
subj06,fold_1,train,B:T,vis2img,60,204,170,650,V2I_ROY_RANDOM_WITHIN_IDENTITY_V1,908ce1f927ae651f,efde7b0862fc6e74,PAIRING_V1
subj06,fold_1,train,B:T,vis2img,74,218,180,660,V2I_ROY_RANDOM_WITHIN_IDENTITY_V1,908ce1f927ae651f,efde7b0862fc6e74,PAIRING_V1
subj06,fold_1,train,B:T,vis2img,88,232,159,639,V2I_ROY_RANDOM_WITHIN_IDENTITY_V1,908ce1f927ae651f,efde7b0862fc6e74,PAIRING_V1
subj06,fold_1,train,B:T,vis2img,95,239,182,662,V2I_ROY_RANDOM_WITHIN_IDENTITY_V1,908ce1f927ae651f,efde7b0862fc6e74,PAIRING_V1
subj06,fold_1,train,B:W,vis2img,50,194,171,651,V2I_ROY_RANDOM_WITHIN_IDENTITY_V1,908ce1f927ae651f,e7253ce8ae8f9507,PAIRING_V1
subj06,fold_1,train,B:W,vis2img,72,216,164,644,V2I_ROY_RANDOM_WITHIN_IDENTITY_V1,908ce1f927ae651f,e7253ce8ae8f9507,PAIRING_V1
subj06,fold_1,train,B:W,vis2img,77,221,175,655,V2I_ROY_RANDOM_WITHIN_IDENTITY_V1,908ce1f927ae651f,e7253ce8ae8f9507,PAIRING_V1
subj06,fold_1,train,B:W,vis2img,87,231,153,633,V2I_ROY_RANDOM_WITHIN_IDENTITY_V1,908ce1f927ae651f,e7253ce8ae8f9507,PAIRING_V1
subj06,fold_1,val,A:E,vis2img,9,9,107,587,V2I_ROY_RANDOM_WITHIN_IDENTITY_V1,908ce1f927ae651f,cc0f03b68df9b920,PAIRING_V1
subj06,fold_1,val,A:E,vis2img,38,38,123,603,V2I_ROY_RANDOM_WITHIN_IDENTITY_V1,908ce1f927ae651f,cc0f03b68df9b920,PAIRING_V1
subj06,fold_1,val,A:H,vis2img,18,18,121,601,V2I_ROY_RANDOM_WITHIN_IDENTITY_V1,908ce1f927ae651f,fe083cdba4ec86ab,PAIRING_V1
subj06,fold_1,val,A:H,vis2img,21,21,104,584,V2I_ROY_RANDOM_WITHIN_IDENTITY_V1,908ce1f927ae651f,fe083cdba4ec86ab,PAIRING_V1
subj06,fold_1,val,A:L,vis2img,7,7,99,579,V2I_ROY_RANDOM_WITHIN_IDENTITY_V1,908ce1f927ae651f,89a474edc7b81763,PAIRING_V1
subj06,fold_1,val,A:L,vis2img,29,29,115,595,V2I_ROY_RANDOM_WITHIN_IDENTITY_V1,908ce1f927ae651f,89a474edc7b81763,PAIRING_V1
subj06,fold_1,val,A:P,vis2img,11,11,141,621,V2I_ROY_RANDOM_WITHIN_IDENTITY_V1,908ce1f927ae651f,0b42f3dbf7ed76f3,PAIRING_V1
subj06,fold_1,val,A:P,vis2img,37,37,122,602,V2I_ROY_RANDOM_WITHIN_IDENTITY_V1,908ce1f927ae651f,0b42f3dbf7ed76f3,PAIRING_V1
subj06,fold_1,val,A:R,vis2img,5,5,136,616,V2I_ROY_RANDOM_WITHIN_IDENTITY_V1,908ce1f927ae651f,1b823ac6787eb300,PAIRING_V1
subj06,fold_1,val,A:R,vis2img,44,44,103,583,V2I_ROY_RANDOM_WITHIN_IDENTITY_V1,908ce1f927ae651f,1b823ac6787eb300,PAIRING_V1
subj06,fold_1,val,A:V,vis2img,31,31,128,608,V2I_ROY_RANDOM_WITHIN_IDENTITY_V1,908ce1f927ae651f,8fed3a591f288a69,PAIRING_V1
subj06,fold_1,val,A:V,vis2img,33,33,132,612,V2I_ROY_RANDOM_WITHIN_IDENTITY_V1,908ce1f927ae651f,8fed3a591f288a69,PAIRING_V1
subj06,fold_1,val,B:B,vis2img,83,227,179,659,V2I_ROY_RANDOM_WITHIN_IDENTITY_V1,908ce1f927ae651f,e98766ec96e8f5f5,PAIRING_V1
subj06,fold_1,val,B:B,vis2img,85,229,173,653,V2I_ROY_RANDOM_WITHIN_IDENTITY_V1,908ce1f927ae651f,e98766ec96e8f5f5,PAIRING_V1
subj06,fold_1,val,B:C,vis2img,49,193,186,666,V2I_ROY_RANDOM_WITHIN_IDENTITY_V1,908ce1f927ae651f,6d63ffdf0c80a415,PAIRING_V1
subj06,fold_1,val,B:C,vis2img,73,217,158,638,V2I_ROY_RANDOM_WITHIN_IDENTITY_V1,908ce1f927ae651f,6d63ffdf0c80a415,PAIRING_V1
subj06,fold_1,val,B:D,vis2img,61,205,155,635,V2I_ROY_RANDOM_WITHIN_IDENTITY_V1,908ce1f927ae651f,3fb83d51c6a59fb5,PAIRING_V1
subj06,fold_1,val,B:D,vis2img,65,209,174,654,V2I_ROY_RANDOM_WITHIN_IDENTITY_V1,908ce1f927ae651f,3fb83d51c6a59fb5,PAIRING_V1
subj06,fold_1,val,B:K,vis2img,57,201,154,634,V2I_ROY_RANDOM_WITHIN_IDENTITY_V1,908ce1f927ae651f,5d3f298f93c4c262,PAIRING_V1
subj06,fold_1,val,B:K,vis2img,84,228,152,632,V2I_ROY_RANDOM_WITHIN_IDENTITY_V1,908ce1f927ae651f,5d3f298f93c4c262,PAIRING_V1
subj06,fold_1,val,B:T,vis2img,69,213,147,627,V2I_ROY_RANDOM_WITHIN_IDENTITY_V1,908ce1f927ae651f,5e42fcb547c43f64,PAIRING_V1
subj06,fold_1,val,B:T,vis2img,80,224,166,646,V2I_ROY_RANDOM_WITHIN_IDENTITY_V1,908ce1f927ae651f,5e42fcb547c43f64,PAIRING_V1
subj06,fold_1,val,B:W,vis2img,48,192,183,663,V2I_ROY_RANDOM_WITHIN_IDENTITY_V1,908ce1f927ae651f,8341d5a143f9fe43,PAIRING_V1
subj06,fold_1,val,B:W,vis2img,63,207,145,625,V2I_ROY_RANDOM_WITHIN_IDENTITY_V1,908ce1f927ae651f,8341d5a143f9fe43,PAIRING_V1
subj06,fold_1,test,A:E,vis2img,26,26,111,591,V2I_ROY_RANDOM_WITHIN_IDENTITY_V1,908ce1f927ae651f,e8a6757e650a82db,PAIRING_V1
subj06,fold_1,test,A:E,vis2img,32,32,116,596,V2I_ROY_RANDOM_WITHIN_IDENTITY_V1,908ce1f927ae651f,e8a6757e650a82db,PAIRING_V1
subj06,fold_1,test,A:H,vis2img,10,10,134,614,V2I_ROY_RANDOM_WITHIN_IDENTITY_V1,908ce1f927ae651f,733b001e6140b27e,PAIRING_V1
subj06,fold_1,test,A:H,vis2img,14,14,125,605,V2I_ROY_RANDOM_WITHIN_IDENTITY_V1,908ce1f927ae651f,733b001e6140b27e,PAIRING_V1
subj06,fold_1,test,A:L,vis2img,12,12,96,576,V2I_ROY_RANDOM_WITHIN_IDENTITY_V1,908ce1f927ae651f,711dd06f32061023,PAIRING_V1
subj06,fold_1,test,A:L,vis2img,27,27,126,606,V2I_ROY_RANDOM_WITHIN_IDENTITY_V1,908ce1f927ae651f,711dd06f32061023,PAIRING_V1
subj06,fold_1,test,A:P,vis2img,8,8,127,607,V2I_ROY_RANDOM_WITHIN_IDENTITY_V1,908ce1f927ae651f,b2272a8eb938a77c,PAIRING_V1
subj06,fold_1,test,A:P,vis2img,13,13,130,610,V2I_ROY_RANDOM_WITHIN_IDENTITY_V1,908ce1f927ae651f,b2272a8eb938a77c,PAIRING_V1
subj06,fold_1,test,A:R,vis2img,22,22,105,585,V2I_ROY_RANDOM_WITHIN_IDENTITY_V1,908ce1f927ae651f,37e4c23e2649d88d,PAIRING_V1
subj06,fold_1,test,A:R,vis2img,30,30,98,578,V2I_ROY_RANDOM_WITHIN_IDENTITY_V1,908ce1f927ae651f,37e4c23e2649d88d,PAIRING_V1
subj06,fold_1,test,A:V,vis2img,1,1,109,589,V2I_ROY_RANDOM_WITHIN_IDENTITY_V1,908ce1f927ae651f,94808dac88d688d9,PAIRING_V1
subj06,fold_1,test,A:V,vis2img,3,3,97,577,V2I_ROY_RANDOM_WITHIN_IDENTITY_V1,908ce1f927ae651f,94808dac88d688d9,PAIRING_V1
subj06,fold_1,test,B:B,vis2img,66,210,144,624,V2I_ROY_RANDOM_WITHIN_IDENTITY_V1,908ce1f927ae651f,de271550d6709c32,PAIRING_V1
subj06,fold_1,test,B:B,vis2img,79,223,191,671,V2I_ROY_RANDOM_WITHIN_IDENTITY_V1,908ce1f927ae651f,de271550d6709c32,PAIRING_V1
subj06,fold_1,test,B:C,vis2img,58,202,151,631,V2I_ROY_RANDOM_WITHIN_IDENTITY_V1,908ce1f927ae651f,730206ce791c2c05,PAIRING_V1
subj06,fold_1,test,B:C,vis2img,71,215,156,636,V2I_ROY_RANDOM_WITHIN_IDENTITY_V1,908ce1f927ae651f,730206ce791c2c05,PAIRING_V1
subj06,fold_1,test,B:D,vis2img,70,214,184,664,V2I_ROY_RANDOM_WITHIN_IDENTITY_V1,908ce1f927ae651f,8e498e7f58cc2164,PAIRING_V1
subj06,fold_1,test,B:D,vis2img,93,237,150,630,V2I_ROY_RANDOM_WITHIN_IDENTITY_V1,908ce1f927ae651f,8e498e7f58cc2164,PAIRING_V1
subj06,fold_1,test,B:K,vis2img,67,211,178,658,V2I_ROY_RANDOM_WITHIN_IDENTITY_V1,908ce1f927ae651f,65cc2cf8f268884d,PAIRING_V1
subj06,fold_1,test,B:K,vis2img,91,235,187,667,V2I_ROY_RANDOM_WITHIN_IDENTITY_V1,908ce1f927ae651f,65cc2cf8f268884d,PAIRING_V1
subj06,fold_1,test,B:T,vis2img,52,196,190,670,V2I_ROY_RANDOM_WITHIN_IDENTITY_V1,908ce1f927ae651f,856db31747b15315,PAIRING_V1
subj06,fold_1,test,B:T,vis2img,92,236,162,642,V2I_ROY_RANDOM_WITHIN_IDENTITY_V1,908ce1f927ae651f,856db31747b15315,PAIRING_V1
subj06,fold_1,test,B:W,vis2img,56,200,177,657,V2I_ROY_RANDOM_WITHIN_IDENTITY_V1,908ce1f927ae651f,5a05274e25998bb8,PAIRING_V1
subj06,fold_1,test,B:W,vis2img,75,219,181,661,V2I_ROY_RANDOM_WITHIN_IDENTITY_V1,908ce1f927ae651f,5a05274e25998bb8,PAIRING_V1
subj06,fold_2,train,A:E,vis2img,6,6,111,591,V2I_ROY_RANDOM_WITHIN_IDENTITY_V1,908ce1f927ae651f,98d77808408be6a1,PAIRING_V1
subj06,fold_2,train,A:E,vis2img,23,23,114,594,V2I_ROY_RANDOM_WITHIN_IDENTITY_V1,908ce1f927ae651f,98d77808408be6a1,PAIRING_V1
subj06,fold_2,train,A:E,vis2img,26,26,116,596,V2I_ROY_RANDOM_WITHIN_IDENTITY_V1,908ce1f927ae651f,98d77808408be6a1,PAIRING_V1
subj06,fold_2,train,A:E,vis2img,32,32,138,618,V2I_ROY_RANDOM_WITHIN_IDENTITY_V1,908ce1f927ae651f,98d77808408be6a1,PAIRING_V1
subj06,fold_2,train,A:H,vis2img,10,10,113,593,V2I_ROY_RANDOM_WITHIN_IDENTITY_V1,908ce1f927ae651f,ca66098538b1a1e6,PAIRING_V1
subj06,fold_2,train,A:H,vis2img,14,14,119,599,V2I_ROY_RANDOM_WITHIN_IDENTITY_V1,908ce1f927ae651f,ca66098538b1a1e6,PAIRING_V1
subj06,fold_2,train,A:H,vis2img,24,24,134,614,V2I_ROY_RANDOM_WITHIN_IDENTITY_V1,908ce1f927ae651f,ca66098538b1a1e6,PAIRING_V1
subj06,fold_2,train,A:H,vis2img,35,35,125,605,V2I_ROY_RANDOM_WITHIN_IDENTITY_V1,908ce1f927ae651f,ca66098538b1a1e6,PAIRING_V1
subj06,fold_2,train,A:L,vis2img,0,0,131,611,V2I_ROY_RANDOM_WITHIN_IDENTITY_V1,908ce1f927ae651f,b10da681b2e3ae9a,PAIRING_V1
subj06,fold_2,train,A:L,vis2img,4,4,126,606,V2I_ROY_RANDOM_WITHIN_IDENTITY_V1,908ce1f927ae651f,b10da681b2e3ae9a,PAIRING_V1
subj06,fold_2,train,A:L,vis2img,12,12,110,590,V2I_ROY_RANDOM_WITHIN_IDENTITY_V1,908ce1f927ae651f,b10da681b2e3ae9a,PAIRING_V1
subj06,fold_2,train,A:L,vis2img,27,27,96,576,V2I_ROY_RANDOM_WITHIN_IDENTITY_V1,908ce1f927ae651f,b10da681b2e3ae9a,PAIRING_V1
subj06,fold_2,train,A:P,vis2img,8,8,127,607,V2I_ROY_RANDOM_WITHIN_IDENTITY_V1,908ce1f927ae651f,f65f4644121623d0,PAIRING_V1
subj06,fold_2,train,A:P,vis2img,13,13,139,619,V2I_ROY_RANDOM_WITHIN_IDENTITY_V1,908ce1f927ae651f,f65f4644121623d0,PAIRING_V1
subj06,fold_2,train,A:P,vis2img,16,16,130,610,V2I_ROY_RANDOM_WITHIN_IDENTITY_V1,908ce1f927ae651f,f65f4644121623d0,PAIRING_V1
subj06,fold_2,train,A:P,vis2img,34,34,101,581,V2I_ROY_RANDOM_WITHIN_IDENTITY_V1,908ce1f927ae651f,f65f4644121623d0,PAIRING_V1
subj06,fold_2,train,A:R,vis2img,17,17,98,578,V2I_ROY_RANDOM_WITHIN_IDENTITY_V1,908ce1f927ae651f,42463e89671d85b0,PAIRING_V1
subj06,fold_2,train,A:R,vis2img,22,22,124,604,V2I_ROY_RANDOM_WITHIN_IDENTITY_V1,908ce1f927ae651f,42463e89671d85b0,PAIRING_V1
subj06,fold_2,train,A:R,vis2img,30,30,108,588,V2I_ROY_RANDOM_WITHIN_IDENTITY_V1,908ce1f927ae651f,42463e89671d85b0,PAIRING_V1
subj06,fold_2,train,A:R,vis2img,46,46,105,585,V2I_ROY_RANDOM_WITHIN_IDENTITY_V1,908ce1f927ae651f,42463e89671d85b0,PAIRING_V1
subj06,fold_2,train,A:V,vis2img,1,1,102,582,V2I_ROY_RANDOM_WITHIN_IDENTITY_V1,908ce1f927ae651f,9f74cffb126f4b70,PAIRING_V1
subj06,fold_2,train,A:V,vis2img,3,3,97,577,V2I_ROY_RANDOM_WITHIN_IDENTITY_V1,908ce1f927ae651f,9f74cffb126f4b70,PAIRING_V1
subj06,fold_2,train,A:V,vis2img,40,40,137,617,V2I_ROY_RANDOM_WITHIN_IDENTITY_V1,908ce1f927ae651f,9f74cffb126f4b70,PAIRING_V1
subj06,fold_2,train,A:V,vis2img,45,45,109,589,V2I_ROY_RANDOM_WITHIN_IDENTITY_V1,908ce1f927ae651f,9f74cffb126f4b70,PAIRING_V1
subj06,fold_2,train,B:B,vis2img,66,210,191,671,V2I_ROY_RANDOM_WITHIN_IDENTITY_V1,908ce1f927ae651f,ce928c8a9dff3d13,PAIRING_V1
subj06,fold_2,train,B:B,vis2img,76,220,167,647,V2I_ROY_RANDOM_WITHIN_IDENTITY_V1,908ce1f927ae651f,ce928c8a9dff3d13,PAIRING_V1
subj06,fold_2,train,B:B,vis2img,79,223,165,645,V2I_ROY_RANDOM_WITHIN_IDENTITY_V1,908ce1f927ae651f,ce928c8a9dff3d13,PAIRING_V1
subj06,fold_2,train,B:B,vis2img,94,238,144,624,V2I_ROY_RANDOM_WITHIN_IDENTITY_V1,908ce1f927ae651f,ce928c8a9dff3d13,PAIRING_V1
subj06,fold_2,train,B:C,vis2img,58,202,151,631,V2I_ROY_RANDOM_WITHIN_IDENTITY_V1,908ce1f927ae651f,7d6bbafbc694fac2,PAIRING_V1
subj06,fold_2,train,B:C,vis2img,64,208,156,636,V2I_ROY_RANDOM_WITHIN_IDENTITY_V1,908ce1f927ae651f,7d6bbafbc694fac2,PAIRING_V1
subj06,fold_2,train,B:C,vis2img,71,215,163,643,V2I_ROY_RANDOM_WITHIN_IDENTITY_V1,908ce1f927ae651f,7d6bbafbc694fac2,PAIRING_V1
subj06,fold_2,train,B:C,vis2img,86,230,172,652,V2I_ROY_RANDOM_WITHIN_IDENTITY_V1,908ce1f927ae651f,7d6bbafbc694fac2,PAIRING_V1
subj06,fold_2,train,B:D,vis2img,51,195,184,664,V2I_ROY_RANDOM_WITHIN_IDENTITY_V1,908ce1f927ae651f,98d441f2a75bfb98,PAIRING_V1
subj06,fold_2,train,B:D,vis2img,54,198,150,630,V2I_ROY_RANDOM_WITHIN_IDENTITY_V1,908ce1f927ae651f,98d441f2a75bfb98,PAIRING_V1
subj06,fold_2,train,B:D,vis2img,70,214,157,637,V2I_ROY_RANDOM_WITHIN_IDENTITY_V1,908ce1f927ae651f,98d441f2a75bfb98,PAIRING_V1
subj06,fold_2,train,B:D,vis2img,93,237,160,640,V2I_ROY_RANDOM_WITHIN_IDENTITY_V1,908ce1f927ae651f,98d441f2a75bfb98,PAIRING_V1
subj06,fold_2,train,B:K,vis2img,55,199,168,648,V2I_ROY_RANDOM_WITHIN_IDENTITY_V1,908ce1f927ae651f,16fd3684c4badf03,PAIRING_V1
subj06,fold_2,train,B:K,vis2img,67,211,176,656,V2I_ROY_RANDOM_WITHIN_IDENTITY_V1,908ce1f927ae651f,16fd3684c4badf03,PAIRING_V1
subj06,fold_2,train,B:K,vis2img,78,222,178,658,V2I_ROY_RANDOM_WITHIN_IDENTITY_V1,908ce1f927ae651f,16fd3684c4badf03,PAIRING_V1
subj06,fold_2,train,B:K,vis2img,91,235,187,667,V2I_ROY_RANDOM_WITHIN_IDENTITY_V1,908ce1f927ae651f,16fd3684c4badf03,PAIRING_V1
subj06,fold_2,train,B:T,vis2img,52,196,162,642,V2I_ROY_RANDOM_WITHIN_IDENTITY_V1,908ce1f927ae651f,27d9825f31eef1a7,PAIRING_V1
subj06,fold_2,train,B:T,vis2img,74,218,182,662,V2I_ROY_RANDOM_WITHIN_IDENTITY_V1,908ce1f927ae651f,27d9825f31eef1a7,PAIRING_V1
subj06,fold_2,train,B:T,vis2img,88,232,180,660,V2I_ROY_RANDOM_WITHIN_IDENTITY_V1,908ce1f927ae651f,27d9825f31eef1a7,PAIRING_V1
subj06,fold_2,train,B:T,vis2img,92,236,190,670,V2I_ROY_RANDOM_WITHIN_IDENTITY_V1,908ce1f927ae651f,27d9825f31eef1a7,PAIRING_V1
subj06,fold_2,train,B:W,vis2img,50,194,153,633,V2I_ROY_RANDOM_WITHIN_IDENTITY_V1,908ce1f927ae651f,ae045c5beafa8c93,PAIRING_V1
subj06,fold_2,train,B:W,vis2img,56,200,177,657,V2I_ROY_RANDOM_WITHIN_IDENTITY_V1,908ce1f927ae651f,ae045c5beafa8c93,PAIRING_V1
subj06,fold_2,train,B:W,vis2img,75,219,171,651,V2I_ROY_RANDOM_WITHIN_IDENTITY_V1,908ce1f927ae651f,ae045c5beafa8c93,PAIRING_V1
subj06,fold_2,train,B:W,vis2img,87,231,181,661,V2I_ROY_RANDOM_WITHIN_IDENTITY_V1,908ce1f927ae651f,ae045c5beafa8c93,PAIRING_V1
subj06,fold_2,val,A:E,vis2img,9,9,123,603,V2I_ROY_RANDOM_WITHIN_IDENTITY_V1,908ce1f927ae651f,951c6ac91927f587,PAIRING_V1
subj06,fold_2,val,A:E,vis2img,38,38,107,587,V2I_ROY_RANDOM_WITHIN_IDENTITY_V1,908ce1f927ae651f,951c6ac91927f587,PAIRING_V1
subj06,fold_2,val,A:H,vis2img,18,18,121,601,V2I_ROY_RANDOM_WITHIN_IDENTITY_V1,908ce1f927ae651f,d83f8afedf18d2c1,PAIRING_V1
subj06,fold_2,val,A:H,vis2img,21,21,104,584,V2I_ROY_RANDOM_WITHIN_IDENTITY_V1,908ce1f927ae651f,d83f8afedf18d2c1,PAIRING_V1
subj06,fold_2,val,A:L,vis2img,7,7,115,595,V2I_ROY_RANDOM_WITHIN_IDENTITY_V1,908ce1f927ae651f,635fd7228728d059,PAIRING_V1
subj06,fold_2,val,A:L,vis2img,29,29,99,579,V2I_ROY_RANDOM_WITHIN_IDENTITY_V1,908ce1f927ae651f,635fd7228728d059,PAIRING_V1
subj06,fold_2,val,A:P,vis2img,11,11,141,621,V2I_ROY_RANDOM_WITHIN_IDENTITY_V1,908ce1f927ae651f,8b46e3d3ee0c1f54,PAIRING_V1
subj06,fold_2,val,A:P,vis2img,37,37,122,602,V2I_ROY_RANDOM_WITHIN_IDENTITY_V1,908ce1f927ae651f,8b46e3d3ee0c1f54,PAIRING_V1
subj06,fold_2,val,A:R,vis2img,5,5,103,583,V2I_ROY_RANDOM_WITHIN_IDENTITY_V1,908ce1f927ae651f,203eeee4a050d098,PAIRING_V1
subj06,fold_2,val,A:R,vis2img,44,44,136,616,V2I_ROY_RANDOM_WITHIN_IDENTITY_V1,908ce1f927ae651f,203eeee4a050d098,PAIRING_V1
subj06,fold_2,val,A:V,vis2img,31,31,128,608,V2I_ROY_RANDOM_WITHIN_IDENTITY_V1,908ce1f927ae651f,172d491c26634dcb,PAIRING_V1
subj06,fold_2,val,A:V,vis2img,33,33,132,612,V2I_ROY_RANDOM_WITHIN_IDENTITY_V1,908ce1f927ae651f,172d491c26634dcb,PAIRING_V1
subj06,fold_2,val,B:B,vis2img,83,227,179,659,V2I_ROY_RANDOM_WITHIN_IDENTITY_V1,908ce1f927ae651f,9344c4d8d20d4a41,PAIRING_V1
subj06,fold_2,val,B:B,vis2img,85,229,173,653,V2I_ROY_RANDOM_WITHIN_IDENTITY_V1,908ce1f927ae651f,9344c4d8d20d4a41,PAIRING_V1
subj06,fold_2,val,B:C,vis2img,49,193,186,666,V2I_ROY_RANDOM_WITHIN_IDENTITY_V1,908ce1f927ae651f,b95e1f109cdddf4e,PAIRING_V1
subj06,fold_2,val,B:C,vis2img,73,217,158,638,V2I_ROY_RANDOM_WITHIN_IDENTITY_V1,908ce1f927ae651f,b95e1f109cdddf4e,PAIRING_V1
subj06,fold_2,val,B:D,vis2img,61,205,174,654,V2I_ROY_RANDOM_WITHIN_IDENTITY_V1,908ce1f927ae651f,666817cc42df3f8c,PAIRING_V1
subj06,fold_2,val,B:D,vis2img,65,209,155,635,V2I_ROY_RANDOM_WITHIN_IDENTITY_V1,908ce1f927ae651f,666817cc42df3f8c,PAIRING_V1
subj06,fold_2,val,B:K,vis2img,57,201,154,634,V2I_ROY_RANDOM_WITHIN_IDENTITY_V1,908ce1f927ae651f,74a577f44ecbdeb8,PAIRING_V1
subj06,fold_2,val,B:K,vis2img,84,228,152,632,V2I_ROY_RANDOM_WITHIN_IDENTITY_V1,908ce1f927ae651f,74a577f44ecbdeb8,PAIRING_V1
subj06,fold_2,val,B:T,vis2img,69,213,147,627,V2I_ROY_RANDOM_WITHIN_IDENTITY_V1,908ce1f927ae651f,2a6b954bf57b32df,PAIRING_V1
subj06,fold_2,val,B:T,vis2img,80,224,166,646,V2I_ROY_RANDOM_WITHIN_IDENTITY_V1,908ce1f927ae651f,2a6b954bf57b32df,PAIRING_V1
subj06,fold_2,val,B:W,vis2img,48,192,145,625,V2I_ROY_RANDOM_WITHIN_IDENTITY_V1,908ce1f927ae651f,0c328472b63f168b,PAIRING_V1
subj06,fold_2,val,B:W,vis2img,63,207,183,663,V2I_ROY_RANDOM_WITHIN_IDENTITY_V1,908ce1f927ae651f,0c328472b63f168b,PAIRING_V1
subj06,fold_2,test,A:E,vis2img,43,43,118,598,V2I_ROY_RANDOM_WITHIN_IDENTITY_V1,908ce1f927ae651f,b06f19752565febd,PAIRING_V1
subj06,fold_2,test,A:E,vis2img,47,47,120,600,V2I_ROY_RANDOM_WITHIN_IDENTITY_V1,908ce1f927ae651f,b06f19752565febd,PAIRING_V1
subj06,fold_2,test,A:H,vis2img,2,2,129,609,V2I_ROY_RANDOM_WITHIN_IDENTITY_V1,908ce1f927ae651f,234a52a53d379752,PAIRING_V1
subj06,fold_2,test,A:H,vis2img,28,28,140,620,V2I_ROY_RANDOM_WITHIN_IDENTITY_V1,908ce1f927ae651f,234a52a53d379752,PAIRING_V1
subj06,fold_2,test,A:L,vis2img,36,36,135,615,V2I_ROY_RANDOM_WITHIN_IDENTITY_V1,908ce1f927ae651f,22480166d7696aa2,PAIRING_V1
subj06,fold_2,test,A:L,vis2img,42,42,117,597,V2I_ROY_RANDOM_WITHIN_IDENTITY_V1,908ce1f927ae651f,22480166d7696aa2,PAIRING_V1
subj06,fold_2,test,A:P,vis2img,20,20,112,592,V2I_ROY_RANDOM_WITHIN_IDENTITY_V1,908ce1f927ae651f,015a95ff6c1333c3,PAIRING_V1
subj06,fold_2,test,A:P,vis2img,41,41,143,623,V2I_ROY_RANDOM_WITHIN_IDENTITY_V1,908ce1f927ae651f,015a95ff6c1333c3,PAIRING_V1
subj06,fold_2,test,A:R,vis2img,25,25,142,622,V2I_ROY_RANDOM_WITHIN_IDENTITY_V1,908ce1f927ae651f,98f8652d0765609a,PAIRING_V1
subj06,fold_2,test,A:R,vis2img,39,39,133,613,V2I_ROY_RANDOM_WITHIN_IDENTITY_V1,908ce1f927ae651f,98f8652d0765609a,PAIRING_V1
subj06,fold_2,test,A:V,vis2img,15,15,106,586,V2I_ROY_RANDOM_WITHIN_IDENTITY_V1,908ce1f927ae651f,910aea032fcc1150,PAIRING_V1
subj06,fold_2,test,A:V,vis2img,19,19,100,580,V2I_ROY_RANDOM_WITHIN_IDENTITY_V1,908ce1f927ae651f,910aea032fcc1150,PAIRING_V1
subj06,fold_2,test,B:B,vis2img,53,197,161,641,V2I_ROY_RANDOM_WITHIN_IDENTITY_V1,908ce1f927ae651f,fa33e4f141f4fb4e,PAIRING_V1
subj06,fold_2,test,B:B,vis2img,89,233,185,665,V2I_ROY_RANDOM_WITHIN_IDENTITY_V1,908ce1f927ae651f,fa33e4f141f4fb4e,PAIRING_V1
subj06,fold_2,test,B:C,vis2img,62,206,148,628,V2I_ROY_RANDOM_WITHIN_IDENTITY_V1,908ce1f927ae651f,d3bff645733714a9,PAIRING_V1
subj06,fold_2,test,B:C,vis2img,90,234,146,626,V2I_ROY_RANDOM_WITHIN_IDENTITY_V1,908ce1f927ae651f,d3bff645733714a9,PAIRING_V1
subj06,fold_2,test,B:D,vis2img,68,212,188,668,V2I_ROY_RANDOM_WITHIN_IDENTITY_V1,908ce1f927ae651f,300538c822c27594,PAIRING_V1
subj06,fold_2,test,B:D,vis2img,81,225,169,649,V2I_ROY_RANDOM_WITHIN_IDENTITY_V1,908ce1f927ae651f,300538c822c27594,PAIRING_V1
subj06,fold_2,test,B:K,vis2img,59,203,149,629,V2I_ROY_RANDOM_WITHIN_IDENTITY_V1,908ce1f927ae651f,0b479fb10c531e84,PAIRING_V1
subj06,fold_2,test,B:K,vis2img,82,226,189,669,V2I_ROY_RANDOM_WITHIN_IDENTITY_V1,908ce1f927ae651f,0b479fb10c531e84,PAIRING_V1
subj06,fold_2,test,B:T,vis2img,60,204,159,639,V2I_ROY_RANDOM_WITHIN_IDENTITY_V1,908ce1f927ae651f,02bafc0c7af8cc32,PAIRING_V1
subj06,fold_2,test,B:T,vis2img,95,239,170,650,V2I_ROY_RANDOM_WITHIN_IDENTITY_V1,908ce1f927ae651f,02bafc0c7af8cc32,PAIRING_V1
subj06,fold_2,test,B:W,vis2img,72,216,175,655,V2I_ROY_RANDOM_WITHIN_IDENTITY_V1,908ce1f927ae651f,247e1d437793bbfe,PAIRING_V1
subj06,fold_2,test,B:W,vis2img,77,221,164,644,V2I_ROY_RANDOM_WITHIN_IDENTITY_V1,908ce1f927ae651f,247e1d437793bbfe,PAIRING_V1
subj06,fold_3,train,A:E,vis2img,6,6,111,591,V2I_ROY_RANDOM_WITHIN_IDENTITY_V1,908ce1f927ae651f,7ec90014d7210975,PAIRING_V1
subj06,fold_3,train,A:E,vis2img,23,23,116,596,V2I_ROY_RANDOM_WITHIN_IDENTITY_V1,908ce1f927ae651f,7ec90014d7210975,PAIRING_V1
subj06,fold_3,train,A:E,vis2img,26,26,138,618,V2I_ROY_RANDOM_WITHIN_IDENTITY_V1,908ce1f927ae651f,7ec90014d7210975,PAIRING_V1
subj06,fold_3,train,A:E,vis2img,32,32,114,594,V2I_ROY_RANDOM_WITHIN_IDENTITY_V1,908ce1f927ae651f,7ec90014d7210975,PAIRING_V1
subj06,fold_3,train,A:H,vis2img,10,10,119,599,V2I_ROY_RANDOM_WITHIN_IDENTITY_V1,908ce1f927ae651f,e9a7c8d04821b7de,PAIRING_V1
subj06,fold_3,train,A:H,vis2img,14,14,125,605,V2I_ROY_RANDOM_WITHIN_IDENTITY_V1,908ce1f927ae651f,e9a7c8d04821b7de,PAIRING_V1
subj06,fold_3,train,A:H,vis2img,24,24,113,593,V2I_ROY_RANDOM_WITHIN_IDENTITY_V1,908ce1f927ae651f,e9a7c8d04821b7de,PAIRING_V1
subj06,fold_3,train,A:H,vis2img,35,35,134,614,V2I_ROY_RANDOM_WITHIN_IDENTITY_V1,908ce1f927ae651f,e9a7c8d04821b7de,PAIRING_V1
subj06,fold_3,train,A:L,vis2img,0,0,126,606,V2I_ROY_RANDOM_WITHIN_IDENTITY_V1,908ce1f927ae651f,60c48f9fdb4b10e5,PAIRING_V1
subj06,fold_3,train,A:L,vis2img,4,4,110,590,V2I_ROY_RANDOM_WITHIN_IDENTITY_V1,908ce1f927ae651f,60c48f9fdb4b10e5,PAIRING_V1
subj06,fold_3,train,A:L,vis2img,12,12,131,611,V2I_ROY_RANDOM_WITHIN_IDENTITY_V1,908ce1f927ae651f,60c48f9fdb4b10e5,PAIRING_V1
subj06,fold_3,train,A:L,vis2img,27,27,96,576,V2I_ROY_RANDOM_WITHIN_IDENTITY_V1,908ce1f927ae651f,60c48f9fdb4b10e5,PAIRING_V1
subj06,fold_3,train,A:P,vis2img,8,8,130,610,V2I_ROY_RANDOM_WITHIN_IDENTITY_V1,908ce1f927ae651f,e91c2b9828250e48,PAIRING_V1
subj06,fold_3,train,A:P,vis2img,13,13,127,607,V2I_ROY_RANDOM_WITHIN_IDENTITY_V1,908ce1f927ae651f,e91c2b9828250e48,PAIRING_V1
subj06,fold_3,train,A:P,vis2img,16,16,139,619,V2I_ROY_RANDOM_WITHIN_IDENTITY_V1,908ce1f927ae651f,e91c2b9828250e48,PAIRING_V1
subj06,fold_3,train,A:P,vis2img,34,34,101,581,V2I_ROY_RANDOM_WITHIN_IDENTITY_V1,908ce1f927ae651f,e91c2b9828250e48,PAIRING_V1
subj06,fold_3,train,A:R,vis2img,17,17,98,578,V2I_ROY_RANDOM_WITHIN_IDENTITY_V1,908ce1f927ae651f,db61f9b96c3cba37,PAIRING_V1
subj06,fold_3,train,A:R,vis2img,22,22,108,588,V2I_ROY_RANDOM_WITHIN_IDENTITY_V1,908ce1f927ae651f,db61f9b96c3cba37,PAIRING_V1
subj06,fold_3,train,A:R,vis2img,30,30,105,585,V2I_ROY_RANDOM_WITHIN_IDENTITY_V1,908ce1f927ae651f,db61f9b96c3cba37,PAIRING_V1
subj06,fold_3,train,A:R,vis2img,46,46,124,604,V2I_ROY_RANDOM_WITHIN_IDENTITY_V1,908ce1f927ae651f,db61f9b96c3cba37,PAIRING_V1
subj06,fold_3,train,A:V,vis2img,1,1,109,589,V2I_ROY_RANDOM_WITHIN_IDENTITY_V1,908ce1f927ae651f,03ced7a698964063,PAIRING_V1
subj06,fold_3,train,A:V,vis2img,3,3,97,577,V2I_ROY_RANDOM_WITHIN_IDENTITY_V1,908ce1f927ae651f,03ced7a698964063,PAIRING_V1
subj06,fold_3,train,A:V,vis2img,40,40,137,617,V2I_ROY_RANDOM_WITHIN_IDENTITY_V1,908ce1f927ae651f,03ced7a698964063,PAIRING_V1
subj06,fold_3,train,A:V,vis2img,45,45,102,582,V2I_ROY_RANDOM_WITHIN_IDENTITY_V1,908ce1f927ae651f,03ced7a698964063,PAIRING_V1
subj06,fold_3,train,B:B,vis2img,66,210,191,671,V2I_ROY_RANDOM_WITHIN_IDENTITY_V1,908ce1f927ae651f,aefba952ee0e24d2,PAIRING_V1
subj06,fold_3,train,B:B,vis2img,76,220,144,624,V2I_ROY_RANDOM_WITHIN_IDENTITY_V1,908ce1f927ae651f,aefba952ee0e24d2,PAIRING_V1
subj06,fold_3,train,B:B,vis2img,79,223,165,645,V2I_ROY_RANDOM_WITHIN_IDENTITY_V1,908ce1f927ae651f,aefba952ee0e24d2,PAIRING_V1
subj06,fold_3,train,B:B,vis2img,94,238,167,647,V2I_ROY_RANDOM_WITHIN_IDENTITY_V1,908ce1f927ae651f,aefba952ee0e24d2,PAIRING_V1
subj06,fold_3,train,B:C,vis2img,58,202,163,643,V2I_ROY_RANDOM_WITHIN_IDENTITY_V1,908ce1f927ae651f,1540638b8d200606,PAIRING_V1
subj06,fold_3,train,B:C,vis2img,64,208,151,631,V2I_ROY_RANDOM_WITHIN_IDENTITY_V1,908ce1f927ae651f,1540638b8d200606,PAIRING_V1
subj06,fold_3,train,B:C,vis2img,71,215,172,652,V2I_ROY_RANDOM_WITHIN_IDENTITY_V1,908ce1f927ae651f,1540638b8d200606,PAIRING_V1
subj06,fold_3,train,B:C,vis2img,86,230,156,636,V2I_ROY_RANDOM_WITHIN_IDENTITY_V1,908ce1f927ae651f,1540638b8d200606,PAIRING_V1
subj06,fold_3,train,B:D,vis2img,51,195,150,630,V2I_ROY_RANDOM_WITHIN_IDENTITY_V1,908ce1f927ae651f,29d12bf22d6b3dbb,PAIRING_V1
subj06,fold_3,train,B:D,vis2img,54,198,160,640,V2I_ROY_RANDOM_WITHIN_IDENTITY_V1,908ce1f927ae651f,29d12bf22d6b3dbb,PAIRING_V1
subj06,fold_3,train,B:D,vis2img,70,214,184,664,V2I_ROY_RANDOM_WITHIN_IDENTITY_V1,908ce1f927ae651f,29d12bf22d6b3dbb,PAIRING_V1
subj06,fold_3,train,B:D,vis2img,93,237,157,637,V2I_ROY_RANDOM_WITHIN_IDENTITY_V1,908ce1f927ae651f,29d12bf22d6b3dbb,PAIRING_V1
subj06,fold_3,train,B:K,vis2img,55,199,187,667,V2I_ROY_RANDOM_WITHIN_IDENTITY_V1,908ce1f927ae651f,e083d279891a0c84,PAIRING_V1
subj06,fold_3,train,B:K,vis2img,67,211,176,656,V2I_ROY_RANDOM_WITHIN_IDENTITY_V1,908ce1f927ae651f,e083d279891a0c84,PAIRING_V1
subj06,fold_3,train,B:K,vis2img,78,222,178,658,V2I_ROY_RANDOM_WITHIN_IDENTITY_V1,908ce1f927ae651f,e083d279891a0c84,PAIRING_V1
subj06,fold_3,train,B:K,vis2img,91,235,168,648,V2I_ROY_RANDOM_WITHIN_IDENTITY_V1,908ce1f927ae651f,e083d279891a0c84,PAIRING_V1
subj06,fold_3,train,B:T,vis2img,52,196,162,642,V2I_ROY_RANDOM_WITHIN_IDENTITY_V1,908ce1f927ae651f,21789d69be5c7fae,PAIRING_V1
subj06,fold_3,train,B:T,vis2img,74,218,190,670,V2I_ROY_RANDOM_WITHIN_IDENTITY_V1,908ce1f927ae651f,21789d69be5c7fae,PAIRING_V1
subj06,fold_3,train,B:T,vis2img,88,232,182,662,V2I_ROY_RANDOM_WITHIN_IDENTITY_V1,908ce1f927ae651f,21789d69be5c7fae,PAIRING_V1
subj06,fold_3,train,B:T,vis2img,92,236,180,660,V2I_ROY_RANDOM_WITHIN_IDENTITY_V1,908ce1f927ae651f,21789d69be5c7fae,PAIRING_V1
subj06,fold_3,train,B:W,vis2img,50,194,171,651,V2I_ROY_RANDOM_WITHIN_IDENTITY_V1,908ce1f927ae651f,bb2c5450b9d973bb,PAIRING_V1
subj06,fold_3,train,B:W,vis2img,56,200,153,633,V2I_ROY_RANDOM_WITHIN_IDENTITY_V1,908ce1f927ae651f,bb2c5450b9d973bb,PAIRING_V1
subj06,fold_3,train,B:W,vis2img,75,219,177,657,V2I_ROY_RANDOM_WITHIN_IDENTITY_V1,908ce1f927ae651f,bb2c5450b9d973bb,PAIRING_V1
subj06,fold_3,train,B:W,vis2img,87,231,181,661,V2I_ROY_RANDOM_WITHIN_IDENTITY_V1,908ce1f927ae651f,bb2c5450b9d973bb,PAIRING_V1
subj06,fold_3,val,A:E,vis2img,43,43,118,598,V2I_ROY_RANDOM_WITHIN_IDENTITY_V1,908ce1f927ae651f,c9d559e97466bc8c,PAIRING_V1
subj06,fold_3,val,A:E,vis2img,47,47,120,600,V2I_ROY_RANDOM_WITHIN_IDENTITY_V1,908ce1f927ae651f,c9d559e97466bc8c,PAIRING_V1
subj06,fold_3,val,A:H,vis2img,2,2,140,620,V2I_ROY_RANDOM_WITHIN_IDENTITY_V1,908ce1f927ae651f,e0b8fbf44108be90,PAIRING_V1
subj06,fold_3,val,A:H,vis2img,28,28,129,609,V2I_ROY_RANDOM_WITHIN_IDENTITY_V1,908ce1f927ae651f,e0b8fbf44108be90,PAIRING_V1
subj06,fold_3,val,A:L,vis2img,36,36,135,615,V2I_ROY_RANDOM_WITHIN_IDENTITY_V1,908ce1f927ae651f,9d7c37d2fe7fafb6,PAIRING_V1
subj06,fold_3,val,A:L,vis2img,42,42,117,597,V2I_ROY_RANDOM_WITHIN_IDENTITY_V1,908ce1f927ae651f,9d7c37d2fe7fafb6,PAIRING_V1
subj06,fold_3,val,A:P,vis2img,20,20,143,623,V2I_ROY_RANDOM_WITHIN_IDENTITY_V1,908ce1f927ae651f,adb06849df9e6b71,PAIRING_V1
subj06,fold_3,val,A:P,vis2img,41,41,112,592,V2I_ROY_RANDOM_WITHIN_IDENTITY_V1,908ce1f927ae651f,adb06849df9e6b71,PAIRING_V1
subj06,fold_3,val,A:R,vis2img,25,25,133,613,V2I_ROY_RANDOM_WITHIN_IDENTITY_V1,908ce1f927ae651f,a9ac75f707d306d7,PAIRING_V1
subj06,fold_3,val,A:R,vis2img,39,39,142,622,V2I_ROY_RANDOM_WITHIN_IDENTITY_V1,908ce1f927ae651f,a9ac75f707d306d7,PAIRING_V1
subj06,fold_3,val,A:V,vis2img,15,15,100,580,V2I_ROY_RANDOM_WITHIN_IDENTITY_V1,908ce1f927ae651f,933f4dd530eff5d8,PAIRING_V1
subj06,fold_3,val,A:V,vis2img,19,19,106,586,V2I_ROY_RANDOM_WITHIN_IDENTITY_V1,908ce1f927ae651f,933f4dd530eff5d8,PAIRING_V1
subj06,fold_3,val,B:B,vis2img,53,197,185,665,V2I_ROY_RANDOM_WITHIN_IDENTITY_V1,908ce1f927ae651f,584571e8dcab0f44,PAIRING_V1
subj06,fold_3,val,B:B,vis2img,89,233,161,641,V2I_ROY_RANDOM_WITHIN_IDENTITY_V1,908ce1f927ae651f,584571e8dcab0f44,PAIRING_V1
subj06,fold_3,val,B:C,vis2img,62,206,148,628,V2I_ROY_RANDOM_WITHIN_IDENTITY_V1,908ce1f927ae651f,129c59503f8d51d9,PAIRING_V1
subj06,fold_3,val,B:C,vis2img,90,234,146,626,V2I_ROY_RANDOM_WITHIN_IDENTITY_V1,908ce1f927ae651f,129c59503f8d51d9,PAIRING_V1
subj06,fold_3,val,B:D,vis2img,68,212,169,649,V2I_ROY_RANDOM_WITHIN_IDENTITY_V1,908ce1f927ae651f,f37da955aa588b9e,PAIRING_V1
subj06,fold_3,val,B:D,vis2img,81,225,188,668,V2I_ROY_RANDOM_WITHIN_IDENTITY_V1,908ce1f927ae651f,f37da955aa588b9e,PAIRING_V1
subj06,fold_3,val,B:K,vis2img,59,203,189,669,V2I_ROY_RANDOM_WITHIN_IDENTITY_V1,908ce1f927ae651f,efe41b6301c46e37,PAIRING_V1
subj06,fold_3,val,B:K,vis2img,82,226,149,629,V2I_ROY_RANDOM_WITHIN_IDENTITY_V1,908ce1f927ae651f,efe41b6301c46e37,PAIRING_V1
subj06,fold_3,val,B:T,vis2img,60,204,159,639,V2I_ROY_RANDOM_WITHIN_IDENTITY_V1,908ce1f927ae651f,046639b039c5ad20,PAIRING_V1
subj06,fold_3,val,B:T,vis2img,95,239,170,650,V2I_ROY_RANDOM_WITHIN_IDENTITY_V1,908ce1f927ae651f,046639b039c5ad20,PAIRING_V1
subj06,fold_3,val,B:W,vis2img,72,216,175,655,V2I_ROY_RANDOM_WITHIN_IDENTITY_V1,908ce1f927ae651f,e2217610784129b9,PAIRING_V1
subj06,fold_3,val,B:W,vis2img,77,221,164,644,V2I_ROY_RANDOM_WITHIN_IDENTITY_V1,908ce1f927ae651f,e2217610784129b9,PAIRING_V1
subj06,fold_3,test,A:E,vis2img,9,9,123,603,V2I_ROY_RANDOM_WITHIN_IDENTITY_V1,908ce1f927ae651f,463b3561b1f329dc,PAIRING_V1
subj06,fold_3,test,A:E,vis2img,38,38,107,587,V2I_ROY_RANDOM_WITHIN_IDENTITY_V1,908ce1f927ae651f,463b3561b1f329dc,PAIRING_V1
subj06,fold_3,test,A:H,vis2img,18,18,121,601,V2I_ROY_RANDOM_WITHIN_IDENTITY_V1,908ce1f927ae651f,4047afdeff8a1e3d,PAIRING_V1
subj06,fold_3,test,A:H,vis2img,21,21,104,584,V2I_ROY_RANDOM_WITHIN_IDENTITY_V1,908ce1f927ae651f,4047afdeff8a1e3d,PAIRING_V1
subj06,fold_3,test,A:L,vis2img,7,7,115,595,V2I_ROY_RANDOM_WITHIN_IDENTITY_V1,908ce1f927ae651f,a4d2b2da1b6c79f8,PAIRING_V1
subj06,fold_3,test,A:L,vis2img,29,29,99,579,V2I_ROY_RANDOM_WITHIN_IDENTITY_V1,908ce1f927ae651f,a4d2b2da1b6c79f8,PAIRING_V1
subj06,fold_3,test,A:P,vis2img,11,11,141,621,V2I_ROY_RANDOM_WITHIN_IDENTITY_V1,908ce1f927ae651f,613f60411f623ec3,PAIRING_V1
subj06,fold_3,test,A:P,vis2img,37,37,122,602,V2I_ROY_RANDOM_WITHIN_IDENTITY_V1,908ce1f927ae651f,613f60411f623ec3,PAIRING_V1
subj06,fold_3,test,A:R,vis2img,5,5,136,616,V2I_ROY_RANDOM_WITHIN_IDENTITY_V1,908ce1f927ae651f,61702ce7e8c7479f,PAIRING_V1
subj06,fold_3,test,A:R,vis2img,44,44,103,583,V2I_ROY_RANDOM_WITHIN_IDENTITY_V1,908ce1f927ae651f,61702ce7e8c7479f,PAIRING_V1
subj06,fold_3,test,A:V,vis2img,31,31,128,608,V2I_ROY_RANDOM_WITHIN_IDENTITY_V1,908ce1f927ae651f,e0bfc05a82eae352,PAIRING_V1
subj06,fold_3,test,A:V,vis2img,33,33,132,612,V2I_ROY_RANDOM_WITHIN_IDENTITY_V1,908ce1f927ae651f,e0bfc05a82eae352,PAIRING_V1
subj06,fold_3,test,B:B,vis2img,83,227,173,653,V2I_ROY_RANDOM_WITHIN_IDENTITY_V1,908ce1f927ae651f,b5428c409b4fdfec,PAIRING_V1
subj06,fold_3,test,B:B,vis2img,85,229,179,659,V2I_ROY_RANDOM_WITHIN_IDENTITY_V1,908ce1f927ae651f,b5428c409b4fdfec,PAIRING_V1
subj06,fold_3,test,B:C,vis2img,49,193,186,666,V2I_ROY_RANDOM_WITHIN_IDENTITY_V1,908ce1f927ae651f,dc9d2f8fe262fb9d,PAIRING_V1
subj06,fold_3,test,B:C,vis2img,73,217,158,638,V2I_ROY_RANDOM_WITHIN_IDENTITY_V1,908ce1f927ae651f,dc9d2f8fe262fb9d,PAIRING_V1
subj06,fold_3,test,B:D,vis2img,61,205,174,654,V2I_ROY_RANDOM_WITHIN_IDENTITY_V1,908ce1f927ae651f,c9ef99ed4e5317c0,PAIRING_V1
subj06,fold_3,test,B:D,vis2img,65,209,155,635,V2I_ROY_RANDOM_WITHIN_IDENTITY_V1,908ce1f927ae651f,c9ef99ed4e5317c0,PAIRING_V1
subj06,fold_3,test,B:K,vis2img,57,201,152,632,V2I_ROY_RANDOM_WITHIN_IDENTITY_V1,908ce1f927ae651f,a04297c6b7f3217f,PAIRING_V1
subj06,fold_3,test,B:K,vis2img,84,228,154,634,V2I_ROY_RANDOM_WITHIN_IDENTITY_V1,908ce1f927ae651f,a04297c6b7f3217f,PAIRING_V1
subj06,fold_3,test,B:T,vis2img,69,213,147,627,V2I_ROY_RANDOM_WITHIN_IDENTITY_V1,908ce1f927ae651f,0498d4a89cd17ae8,PAIRING_V1
subj06,fold_3,test,B:T,vis2img,80,224,166,646,V2I_ROY_RANDOM_WITHIN_IDENTITY_V1,908ce1f927ae651f,0498d4a89cd17ae8,PAIRING_V1
subj06,fold_3,test,B:W,vis2img,48,192,183,663,V2I_ROY_RANDOM_WITHIN_IDENTITY_V1,908ce1f927ae651f,c221be0524a5dfab,PAIRING_V1
subj06,fold_3,test,B:W,vis2img,63,207,145,625,V2I_ROY_RANDOM_WITHIN_IDENTITY_V1,908ce1f927ae651f,c221be0524a5dfab,PAIRING_V1
subj07,fold_0,train,A:E,vis2img,26,26,120,600,V2I_ROY_RANDOM_WITHIN_IDENTITY_V1,908ce1f927ae651f,babaec582dd0a777,PAIRING_V1
subj07,fold_0,train,A:E,vis2img,32,32,116,596,V2I_ROY_RANDOM_WITHIN_IDENTITY_V1,908ce1f927ae651f,babaec582dd0a777,PAIRING_V1
subj07,fold_0,train,A:E,vis2img,43,43,118,598,V2I_ROY_RANDOM_WITHIN_IDENTITY_V1,908ce1f927ae651f,babaec582dd0a777,PAIRING_V1
subj07,fold_0,train,A:E,vis2img,47,47,111,591,V2I_ROY_RANDOM_WITHIN_IDENTITY_V1,908ce1f927ae651f,babaec582dd0a777,PAIRING_V1
subj07,fold_0,train,A:H,vis2img,2,2,134,614,V2I_ROY_RANDOM_WITHIN_IDENTITY_V1,908ce1f927ae651f,a65683f91395aa7e,PAIRING_V1
subj07,fold_0,train,A:H,vis2img,10,10,129,609,V2I_ROY_RANDOM_WITHIN_IDENTITY_V1,908ce1f927ae651f,a65683f91395aa7e,PAIRING_V1
subj07,fold_0,train,A:H,vis2img,14,14,140,620,V2I_ROY_RANDOM_WITHIN_IDENTITY_V1,908ce1f927ae651f,a65683f91395aa7e,PAIRING_V1
subj07,fold_0,train,A:H,vis2img,28,28,125,605,V2I_ROY_RANDOM_WITHIN_IDENTITY_V1,908ce1f927ae651f,a65683f91395aa7e,PAIRING_V1
subj07,fold_0,train,A:L,vis2img,12,12,117,597,V2I_ROY_RANDOM_WITHIN_IDENTITY_V1,908ce1f927ae651f,6026c559272e1ed1,PAIRING_V1
subj07,fold_0,train,A:L,vis2img,27,27,126,606,V2I_ROY_RANDOM_WITHIN_IDENTITY_V1,908ce1f927ae651f,6026c559272e1ed1,PAIRING_V1
subj07,fold_0,train,A:L,vis2img,36,36,96,576,V2I_ROY_RANDOM_WITHIN_IDENTITY_V1,908ce1f927ae651f,6026c559272e1ed1,PAIRING_V1
subj07,fold_0,train,A:L,vis2img,42,42,135,615,V2I_ROY_RANDOM_WITHIN_IDENTITY_V1,908ce1f927ae651f,6026c559272e1ed1,PAIRING_V1
subj07,fold_0,train,A:P,vis2img,8,8,127,607,V2I_ROY_RANDOM_WITHIN_IDENTITY_V1,908ce1f927ae651f,f1f508c55ed00cfe,PAIRING_V1
subj07,fold_0,train,A:P,vis2img,13,13,112,592,V2I_ROY_RANDOM_WITHIN_IDENTITY_V1,908ce1f927ae651f,f1f508c55ed00cfe,PAIRING_V1
subj07,fold_0,train,A:P,vis2img,20,20,130,610,V2I_ROY_RANDOM_WITHIN_IDENTITY_V1,908ce1f927ae651f,f1f508c55ed00cfe,PAIRING_V1
subj07,fold_0,train,A:P,vis2img,41,41,143,623,V2I_ROY_RANDOM_WITHIN_IDENTITY_V1,908ce1f927ae651f,f1f508c55ed00cfe,PAIRING_V1
subj07,fold_0,train,A:R,vis2img,22,22,133,613,V2I_ROY_RANDOM_WITHIN_IDENTITY_V1,908ce1f927ae651f,09b677fb353dd44b,PAIRING_V1
subj07,fold_0,train,A:R,vis2img,25,25,98,578,V2I_ROY_RANDOM_WITHIN_IDENTITY_V1,908ce1f927ae651f,09b677fb353dd44b,PAIRING_V1
subj07,fold_0,train,A:R,vis2img,30,30,105,585,V2I_ROY_RANDOM_WITHIN_IDENTITY_V1,908ce1f927ae651f,09b677fb353dd44b,PAIRING_V1
subj07,fold_0,train,A:R,vis2img,39,39,142,622,V2I_ROY_RANDOM_WITHIN_IDENTITY_V1,908ce1f927ae651f,09b677fb353dd44b,PAIRING_V1
subj07,fold_0,train,A:V,vis2img,1,1,100,580,V2I_ROY_RANDOM_WITHIN_IDENTITY_V1,908ce1f927ae651f,ffbd2364c7ca6f8b,PAIRING_V1
subj07,fold_0,train,A:V,vis2img,3,3,97,577,V2I_ROY_RANDOM_WITHIN_IDENTITY_V1,908ce1f927ae651f,ffbd2364c7ca6f8b,PAIRING_V1
subj07,fold_0,train,A:V,vis2img,15,15,106,586,V2I_ROY_RANDOM_WITHIN_IDENTITY_V1,908ce1f927ae651f,ffbd2364c7ca6f8b,PAIRING_V1
subj07,fold_0,train,A:V,vis2img,19,19,109,589,V2I_ROY_RANDOM_WITHIN_IDENTITY_V1,908ce1f927ae651f,ffbd2364c7ca6f8b,PAIRING_V1
subj07,fold_0,train,B:B,vis2img,53,197,144,624,V2I_ROY_RANDOM_WITHIN_IDENTITY_V1,908ce1f927ae651f,5a19869ecef0faa4,PAIRING_V1
subj07,fold_0,train,B:B,vis2img,66,210,161,641,V2I_ROY_RANDOM_WITHIN_IDENTITY_V1,908ce1f927ae651f,5a19869ecef0faa4,PAIRING_V1
subj07,fold_0,train,B:B,vis2img,79,223,185,665,V2I_ROY_RANDOM_WITHIN_IDENTITY_V1,908ce1f927ae651f,5a19869ecef0faa4,PAIRING_V1
subj07,fold_0,train,B:B,vis2img,89,233,191,671,V2I_ROY_RANDOM_WITHIN_IDENTITY_V1,908ce1f927ae651f,5a19869ecef0faa4,PAIRING_V1
subj07,fold_0,train,B:C,vis2img,58,202,148,628,V2I_ROY_RANDOM_WITHIN_IDENTITY_V1,908ce1f927ae651f,6092f3f848393797,PAIRING_V1
subj07,fold_0,train,B:C,vis2img,62,206,146,626,V2I_ROY_RANDOM_WITHIN_IDENTITY_V1,908ce1f927ae651f,6092f3f848393797,PAIRING_V1
subj07,fold_0,train,B:C,vis2img,71,215,151,631,V2I_ROY_RANDOM_WITHIN_IDENTITY_V1,908ce1f927ae651f,6092f3f848393797,PAIRING_V1
subj07,fold_0,train,B:C,vis2img,90,234,156,636,V2I_ROY_RANDOM_WITHIN_IDENTITY_V1,908ce1f927ae651f,6092f3f848393797,PAIRING_V1
subj07,fold_0,train,B:D,vis2img,68,212,169,649,V2I_ROY_RANDOM_WITHIN_IDENTITY_V1,908ce1f927ae651f,d210df6cbad6118d,PAIRING_V1
subj07,fold_0,train,B:D,vis2img,70,214,188,668,V2I_ROY_RANDOM_WITHIN_IDENTITY_V1,908ce1f927ae651f,d210df6cbad6118d,PAIRING_V1
subj07,fold_0,train,B:D,vis2img,81,225,184,664,V2I_ROY_RANDOM_WITHIN_IDENTITY_V1,908ce1f927ae651f,d210df6cbad6118d,PAIRING_V1
subj07,fold_0,train,B:D,vis2img,93,237,150,630,V2I_ROY_RANDOM_WITHIN_IDENTITY_V1,908ce1f927ae651f,d210df6cbad6118d,PAIRING_V1
subj07,fold_0,train,B:K,vis2img,59,203,189,669,V2I_ROY_RANDOM_WITHIN_IDENTITY_V1,908ce1f927ae651f,396333ff2a95348b,PAIRING_V1
subj07,fold_0,train,B:K,vis2img,67,211,178,658,V2I_ROY_RANDOM_WITHIN_IDENTITY_V1,908ce1f927ae651f,396333ff2a95348b,PAIRING_V1
subj07,fold_0,train,B:K,vis2img,82,226,149,629,V2I_ROY_RANDOM_WITHIN_IDENTITY_V1,908ce1f927ae651f,396333ff2a95348b,PAIRING_V1
subj07,fold_0,train,B:K,vis2img,91,235,187,667,V2I_ROY_RANDOM_WITHIN_IDENTITY_V1,908ce1f927ae651f,396333ff2a95348b,PAIRING_V1
subj07,fold_0,train,B:T,vis2img,52,196,170,650,V2I_ROY_RANDOM_WITHIN_IDENTITY_V1,908ce1f927ae651f,dcf3240b1cc50677,PAIRING_V1
subj07,fold_0,train,B:T,vis2img,60,204,159,639,V2I_ROY_RANDOM_WITHIN_IDENTITY_V1,908ce1f927ae651f,dcf3240b1cc50677,PAIRING_V1
subj07,fold_0,train,B:T,vis2img,92,236,190,670,V2I_ROY_RANDOM_WITHIN_IDENTITY_V1,908ce1f927ae651f,dcf3240b1cc50677,PAIRING_V1
subj07,fold_0,train,B:T,vis2img,95,239,162,642,V2I_ROY_RANDOM_WITHIN_IDENTITY_V1,908ce1f927ae651f,dcf3240b1cc50677,PAIRING_V1
subj07,fold_0,train,B:W,vis2img,56,200,164,644,V2I_ROY_RANDOM_WITHIN_IDENTITY_V1,908ce1f927ae651f,e94d307bc7725a1c,PAIRING_V1
subj07,fold_0,train,B:W,vis2img,72,216,175,655,V2I_ROY_RANDOM_WITHIN_IDENTITY_V1,908ce1f927ae651f,e94d307bc7725a1c,PAIRING_V1
subj07,fold_0,train,B:W,vis2img,75,219,177,657,V2I_ROY_RANDOM_WITHIN_IDENTITY_V1,908ce1f927ae651f,e94d307bc7725a1c,PAIRING_V1
subj07,fold_0,train,B:W,vis2img,77,221,181,661,V2I_ROY_RANDOM_WITHIN_IDENTITY_V1,908ce1f927ae651f,e94d307bc7725a1c,PAIRING_V1
subj07,fold_0,val,A:E,vis2img,9,9,107,587,V2I_ROY_RANDOM_WITHIN_IDENTITY_V1,908ce1f927ae651f,a64ea396b881d0f0,PAIRING_V1
subj07,fold_0,val,A:E,vis2img,38,38,123,603,V2I_ROY_RANDOM_WITHIN_IDENTITY_V1,908ce1f927ae651f,a64ea396b881d0f0,PAIRING_V1
subj07,fold_0,val,A:H,vis2img,18,18,121,601,V2I_ROY_RANDOM_WITHIN_IDENTITY_V1,908ce1f927ae651f,f991584ea67f3157,PAIRING_V1
subj07,fold_0,val,A:H,vis2img,21,21,104,584,V2I_ROY_RANDOM_WITHIN_IDENTITY_V1,908ce1f927ae651f,f991584ea67f3157,PAIRING_V1
subj07,fold_0,val,A:L,vis2img,7,7,99,579,V2I_ROY_RANDOM_WITHIN_IDENTITY_V1,908ce1f927ae651f,a02d9da7fe3d6cf2,PAIRING_V1
subj07,fold_0,val,A:L,vis2img,29,29,115,595,V2I_ROY_RANDOM_WITHIN_IDENTITY_V1,908ce1f927ae651f,a02d9da7fe3d6cf2,PAIRING_V1
subj07,fold_0,val,A:P,vis2img,11,11,141,621,V2I_ROY_RANDOM_WITHIN_IDENTITY_V1,908ce1f927ae651f,52f8c4c182eaf533,PAIRING_V1
subj07,fold_0,val,A:P,vis2img,37,37,122,602,V2I_ROY_RANDOM_WITHIN_IDENTITY_V1,908ce1f927ae651f,52f8c4c182eaf533,PAIRING_V1
subj07,fold_0,val,A:R,vis2img,5,5,103,583,V2I_ROY_RANDOM_WITHIN_IDENTITY_V1,908ce1f927ae651f,93bac5e43e64ecc7,PAIRING_V1
subj07,fold_0,val,A:R,vis2img,44,44,136,616,V2I_ROY_RANDOM_WITHIN_IDENTITY_V1,908ce1f927ae651f,93bac5e43e64ecc7,PAIRING_V1
subj07,fold_0,val,A:V,vis2img,31,31,128,608,V2I_ROY_RANDOM_WITHIN_IDENTITY_V1,908ce1f927ae651f,95bad0d3fe28a249,PAIRING_V1
subj07,fold_0,val,A:V,vis2img,33,33,132,612,V2I_ROY_RANDOM_WITHIN_IDENTITY_V1,908ce1f927ae651f,95bad0d3fe28a249,PAIRING_V1
subj07,fold_0,val,B:B,vis2img,83,227,173,653,V2I_ROY_RANDOM_WITHIN_IDENTITY_V1,908ce1f927ae651f,57c98a68cb868ab1,PAIRING_V1
subj07,fold_0,val,B:B,vis2img,85,229,179,659,V2I_ROY_RANDOM_WITHIN_IDENTITY_V1,908ce1f927ae651f,57c98a68cb868ab1,PAIRING_V1
subj07,fold_0,val,B:C,vis2img,49,193,186,666,V2I_ROY_RANDOM_WITHIN_IDENTITY_V1,908ce1f927ae651f,128ab8021e6b63fd,PAIRING_V1
subj07,fold_0,val,B:C,vis2img,73,217,158,638,V2I_ROY_RANDOM_WITHIN_IDENTITY_V1,908ce1f927ae651f,128ab8021e6b63fd,PAIRING_V1
subj07,fold_0,val,B:D,vis2img,61,205,174,654,V2I_ROY_RANDOM_WITHIN_IDENTITY_V1,908ce1f927ae651f,ecfaf8ab66d13a5d,PAIRING_V1
subj07,fold_0,val,B:D,vis2img,65,209,155,635,V2I_ROY_RANDOM_WITHIN_IDENTITY_V1,908ce1f927ae651f,ecfaf8ab66d13a5d,PAIRING_V1
subj07,fold_0,val,B:K,vis2img,57,201,154,634,V2I_ROY_RANDOM_WITHIN_IDENTITY_V1,908ce1f927ae651f,04ccbe25ec57b799,PAIRING_V1
subj07,fold_0,val,B:K,vis2img,84,228,152,632,V2I_ROY_RANDOM_WITHIN_IDENTITY_V1,908ce1f927ae651f,04ccbe25ec57b799,PAIRING_V1
subj07,fold_0,val,B:T,vis2img,69,213,166,646,V2I_ROY_RANDOM_WITHIN_IDENTITY_V1,908ce1f927ae651f,87477e80c1437e93,PAIRING_V1
subj07,fold_0,val,B:T,vis2img,80,224,147,627,V2I_ROY_RANDOM_WITHIN_IDENTITY_V1,908ce1f927ae651f,87477e80c1437e93,PAIRING_V1
subj07,fold_0,val,B:W,vis2img,48,192,145,625,V2I_ROY_RANDOM_WITHIN_IDENTITY_V1,908ce1f927ae651f,9484ce3829bae1d1,PAIRING_V1
subj07,fold_0,val,B:W,vis2img,63,207,183,663,V2I_ROY_RANDOM_WITHIN_IDENTITY_V1,908ce1f927ae651f,9484ce3829bae1d1,PAIRING_V1
subj07,fold_0,test,A:E,vis2img,6,6,138,618,V2I_ROY_RANDOM_WITHIN_IDENTITY_V1,908ce1f927ae651f,728000c1e3d2d644,PAIRING_V1
subj07,fold_0,test,A:E,vis2img,23,23,114,594,V2I_ROY_RANDOM_WITHIN_IDENTITY_V1,908ce1f927ae651f,728000c1e3d2d644,PAIRING_V1
subj07,fold_0,test,A:H,vis2img,24,24,113,593,V2I_ROY_RANDOM_WITHIN_IDENTITY_V1,908ce1f927ae651f,a0fca9a6ef7b8caf,PAIRING_V1
subj07,fold_0,test,A:H,vis2img,35,35,119,599,V2I_ROY_RANDOM_WITHIN_IDENTITY_V1,908ce1f927ae651f,a0fca9a6ef7b8caf,PAIRING_V1
subj07,fold_0,test,A:L,vis2img,0,0,131,611,V2I_ROY_RANDOM_WITHIN_IDENTITY_V1,908ce1f927ae651f,f77eee6d33b1d294,PAIRING_V1
subj07,fold_0,test,A:L,vis2img,4,4,110,590,V2I_ROY_RANDOM_WITHIN_IDENTITY_V1,908ce1f927ae651f,f77eee6d33b1d294,PAIRING_V1
subj07,fold_0,test,A:P,vis2img,16,16,101,581,V2I_ROY_RANDOM_WITHIN_IDENTITY_V1,908ce1f927ae651f,68c1a0fe3134f3be,PAIRING_V1
subj07,fold_0,test,A:P,vis2img,34,34,139,619,V2I_ROY_RANDOM_WITHIN_IDENTITY_V1,908ce1f927ae651f,68c1a0fe3134f3be,PAIRING_V1
subj07,fold_0,test,A:R,vis2img,17,17,124,604,V2I_ROY_RANDOM_WITHIN_IDENTITY_V1,908ce1f927ae651f,bd67eeb45f826cce,PAIRING_V1
subj07,fold_0,test,A:R,vis2img,46,46,108,588,V2I_ROY_RANDOM_WITHIN_IDENTITY_V1,908ce1f927ae651f,bd67eeb45f826cce,PAIRING_V1
subj07,fold_0,test,A:V,vis2img,40,40,137,617,V2I_ROY_RANDOM_WITHIN_IDENTITY_V1,908ce1f927ae651f,1250de6906596501,PAIRING_V1
subj07,fold_0,test,A:V,vis2img,45,45,102,582,V2I_ROY_RANDOM_WITHIN_IDENTITY_V1,908ce1f927ae651f,1250de6906596501,PAIRING_V1
subj07,fold_0,test,B:B,vis2img,76,220,165,645,V2I_ROY_RANDOM_WITHIN_IDENTITY_V1,908ce1f927ae651f,9578ffe2920280ce,PAIRING_V1
subj07,fold_0,test,B:B,vis2img,94,238,167,647,V2I_ROY_RANDOM_WITHIN_IDENTITY_V1,908ce1f927ae651f,9578ffe2920280ce,PAIRING_V1
subj07,fold_0,test,B:C,vis2img,64,208,163,643,V2I_ROY_RANDOM_WITHIN_IDENTITY_V1,908ce1f927ae651f,3820eb0183589400,PAIRING_V1
subj07,fold_0,test,B:C,vis2img,86,230,172,652,V2I_ROY_RANDOM_WITHIN_IDENTITY_V1,908ce1f927ae651f,3820eb0183589400,PAIRING_V1
subj07,fold_0,test,B:D,vis2img,51,195,157,637,V2I_ROY_RANDOM_WITHIN_IDENTITY_V1,908ce1f927ae651f,cc5c95de5a96f560,PAIRING_V1
subj07,fold_0,test,B:D,vis2img,54,198,160,640,V2I_ROY_RANDOM_WITHIN_IDENTITY_V1,908ce1f927ae651f,cc5c95de5a96f560,PAIRING_V1
subj07,fold_0,test,B:K,vis2img,55,199,168,648,V2I_ROY_RANDOM_WITHIN_IDENTITY_V1,908ce1f927ae651f,cc114b84b7bdce1a,PAIRING_V1
subj07,fold_0,test,B:K,vis2img,78,222,176,656,V2I_ROY_RANDOM_WITHIN_IDENTITY_V1,908ce1f927ae651f,cc114b84b7bdce1a,PAIRING_V1
subj07,fold_0,test,B:T,vis2img,74,218,180,660,V2I_ROY_RANDOM_WITHIN_IDENTITY_V1,908ce1f927ae651f,8b78dd786c2a048a,PAIRING_V1
subj07,fold_0,test,B:T,vis2img,88,232,182,662,V2I_ROY_RANDOM_WITHIN_IDENTITY_V1,908ce1f927ae651f,8b78dd786c2a048a,PAIRING_V1
subj07,fold_0,test,B:W,vis2img,50,194,171,651,V2I_ROY_RANDOM_WITHIN_IDENTITY_V1,908ce1f927ae651f,fb6deafdbb17613d,PAIRING_V1
subj07,fold_0,test,B:W,vis2img,87,231,153,633,V2I_ROY_RANDOM_WITHIN_IDENTITY_V1,908ce1f927ae651f,fb6deafdbb17613d,PAIRING_V1
subj07,fold_1,train,A:E,vis2img,6,6,120,600,V2I_ROY_RANDOM_WITHIN_IDENTITY_V1,908ce1f927ae651f,9d1ebd828a655ce2,PAIRING_V1
subj07,fold_1,train,A:E,vis2img,23,23,114,594,V2I_ROY_RANDOM_WITHIN_IDENTITY_V1,908ce1f927ae651f,9d1ebd828a655ce2,PAIRING_V1
subj07,fold_1,train,A:E,vis2img,43,43,138,618,V2I_ROY_RANDOM_WITHIN_IDENTITY_V1,908ce1f927ae651f,9d1ebd828a655ce2,PAIRING_V1
subj07,fold_1,train,A:E,vis2img,47,47,118,598,V2I_ROY_RANDOM_WITHIN_IDENTITY_V1,908ce1f927ae651f,9d1ebd828a655ce2,PAIRING_V1
subj07,fold_1,train,A:H,vis2img,2,2,119,599,V2I_ROY_RANDOM_WITHIN_IDENTITY_V1,908ce1f927ae651f,adaae2aa2019a896,PAIRING_V1
subj07,fold_1,train,A:H,vis2img,24,24,140,620,V2I_ROY_RANDOM_WITHIN_IDENTITY_V1,908ce1f927ae651f,adaae2aa2019a896,PAIRING_V1
subj07,fold_1,train,A:H,vis2img,28,28,129,609,V2I_ROY_RANDOM_WITHIN_IDENTITY_V1,908ce1f927ae651f,adaae2aa2019a896,PAIRING_V1
subj07,fold_1,train,A:H,vis2img,35,35,113,593,V2I_ROY_RANDOM_WITHIN_IDENTITY_V1,908ce1f927ae651f,adaae2aa2019a896,PAIRING_V1
subj07,fold_1,train,A:L,vis2img,0,0,110,590,V2I_ROY_RANDOM_WITHIN_IDENTITY_V1,908ce1f927ae651f,f4d9f9f6162cff9c,PAIRING_V1
subj07,fold_1,train,A:L,vis2img,4,4,131,611,V2I_ROY_RANDOM_WITHIN_IDENTITY_V1,908ce1f927ae651f,f4d9f9f6162cff9c,PAIRING_V1
subj07,fold_1,train,A:L,vis2img,36,36,117,597,V2I_ROY_RANDOM_WITHIN_IDENTITY_V1,908ce1f927ae651f,f4d9f9f6162cff9c,PAIRING_V1
subj07,fold_1,train,A:L,vis2img,42,42,135,615,V2I_ROY_RANDOM_WITHIN_IDENTITY_V1,908ce1f927ae651f,f4d9f9f6162cff9c,PAIRING_V1
subj07,fold_1,train,A:P,vis2img,16,16,143,623,V2I_ROY_RANDOM_WITHIN_IDENTITY_V1,908ce1f927ae651f,3e4a7a30d9cbd9b2,PAIRING_V1
subj07,fold_1,train,A:P,vis2img,20,20,112,592,V2I_ROY_RANDOM_WITHIN_IDENTITY_V1,908ce1f927ae651f,3e4a7a30d9cbd9b2,PAIRING_V1
subj07,fold_1,train,A:P,vis2img,34,34,101,581,V2I_ROY_RANDOM_WITHIN_IDENTITY_V1,908ce1f927ae651f,3e4a7a30d9cbd9b2,PAIRING_V1
subj07,fold_1,train,A:P,vis2img,41,41,139,619,V2I_ROY_RANDOM_WITHIN_IDENTITY_V1,908ce1f927ae651f,3e4a7a30d9cbd9b2,PAIRING_V1
subj07,fold_1,train,A:R,vis2img,17,17,108,588,V2I_ROY_RANDOM_WITHIN_IDENTITY_V1,908ce1f927ae651f,93094131c0d4c485,PAIRING_V1
subj07,fold_1,train,A:R,vis2img,25,25,142,622,V2I_ROY_RANDOM_WITHIN_IDENTITY_V1,908ce1f927ae651f,93094131c0d4c485,PAIRING_V1
subj07,fold_1,train,A:R,vis2img,39,39,124,604,V2I_ROY_RANDOM_WITHIN_IDENTITY_V1,908ce1f927ae651f,93094131c0d4c485,PAIRING_V1
subj07,fold_1,train,A:R,vis2img,46,46,133,613,V2I_ROY_RANDOM_WITHIN_IDENTITY_V1,908ce1f927ae651f,93094131c0d4c485,PAIRING_V1
subj07,fold_1,train,A:V,vis2img,15,15,100,580,V2I_ROY_RANDOM_WITHIN_IDENTITY_V1,908ce1f927ae651f,c6986aec3690f8dd,PAIRING_V1
subj07,fold_1,train,A:V,vis2img,19,19,102,582,V2I_ROY_RANDOM_WITHIN_IDENTITY_V1,908ce1f927ae651f,c6986aec3690f8dd,PAIRING_V1
subj07,fold_1,train,A:V,vis2img,40,40,106,586,V2I_ROY_RANDOM_WITHIN_IDENTITY_V1,908ce1f927ae651f,c6986aec3690f8dd,PAIRING_V1
subj07,fold_1,train,A:V,vis2img,45,45,137,617,V2I_ROY_RANDOM_WITHIN_IDENTITY_V1,908ce1f927ae651f,c6986aec3690f8dd,PAIRING_V1
subj07,fold_1,train,B:B,vis2img,53,197,185,665,V2I_ROY_RANDOM_WITHIN_IDENTITY_V1,908ce1f927ae651f,96f716c423b69e58,PAIRING_V1
subj07,fold_1,train,B:B,vis2img,76,220,165,645,V2I_ROY_RANDOM_WITHIN_IDENTITY_V1,908ce1f927ae651f,96f716c423b69e58,PAIRING_V1
subj07,fold_1,train,B:B,vis2img,89,233,161,641,V2I_ROY_RANDOM_WITHIN_IDENTITY_V1,908ce1f927ae651f,96f716c423b69e58,PAIRING_V1
subj07,fold_1,train,B:B,vis2img,94,238,167,647,V2I_ROY_RANDOM_WITHIN_IDENTITY_V1,908ce1f927ae651f,96f716c423b69e58,PAIRING_V1
subj07,fold_1,train,B:C,vis2img,62,206,146,626,V2I_ROY_RANDOM_WITHIN_IDENTITY_V1,908ce1f927ae651f,9d5fd5fa10066d16,PAIRING_V1
subj07,fold_1,train,B:C,vis2img,64,208,163,643,V2I_ROY_RANDOM_WITHIN_IDENTITY_V1,908ce1f927ae651f,9d5fd5fa10066d16,PAIRING_V1
subj07,fold_1,train,B:C,vis2img,86,230,148,628,V2I_ROY_RANDOM_WITHIN_IDENTITY_V1,908ce1f927ae651f,9d5fd5fa10066d16,PAIRING_V1
subj07,fold_1,train,B:C,vis2img,90,234,172,652,V2I_ROY_RANDOM_WITHIN_IDENTITY_V1,908ce1f927ae651f,9d5fd5fa10066d16,PAIRING_V1
subj07,fold_1,train,B:D,vis2img,51,195,157,637,V2I_ROY_RANDOM_WITHIN_IDENTITY_V1,908ce1f927ae651f,af5e3afcc84a78f4,PAIRING_V1
subj07,fold_1,train,B:D,vis2img,54,198,188,668,V2I_ROY_RANDOM_WITHIN_IDENTITY_V1,908ce1f927ae651f,af5e3afcc84a78f4,PAIRING_V1
subj07,fold_1,train,B:D,vis2img,68,212,160,640,V2I_ROY_RANDOM_WITHIN_IDENTITY_V1,908ce1f927ae651f,af5e3afcc84a78f4,PAIRING_V1
subj07,fold_1,train,B:D,vis2img,81,225,169,649,V2I_ROY_RANDOM_WITHIN_IDENTITY_V1,908ce1f927ae651f,af5e3afcc84a78f4,PAIRING_V1
subj07,fold_1,train,B:K,vis2img,55,199,149,629,V2I_ROY_RANDOM_WITHIN_IDENTITY_V1,908ce1f927ae651f,d6f12bc638e834b1,PAIRING_V1
subj07,fold_1,train,B:K,vis2img,59,203,176,656,V2I_ROY_RANDOM_WITHIN_IDENTITY_V1,908ce1f927ae651f,d6f12bc638e834b1,PAIRING_V1
subj07,fold_1,train,B:K,vis2img,78,222,168,648,V2I_ROY_RANDOM_WITHIN_IDENTITY_V1,908ce1f927ae651f,d6f12bc638e834b1,PAIRING_V1
subj07,fold_1,train,B:K,vis2img,82,226,189,669,V2I_ROY_RANDOM_WITHIN_IDENTITY_V1,908ce1f927ae651f,d6f12bc638e834b1,PAIRING_V1
subj07,fold_1,train,B:T,vis2img,60,204,159,639,V2I_ROY_RANDOM_WITHIN_IDENTITY_V1,908ce1f927ae651f,f73a21a80e295727,PAIRING_V1
subj07,fold_1,train,B:T,vis2img,74,218,180,660,V2I_ROY_RANDOM_WITHIN_IDENTITY_V1,908ce1f927ae651f,f73a21a80e295727,PAIRING_V1
subj07,fold_1,train,B:T,vis2img,88,232,182,662,V2I_ROY_RANDOM_WITHIN_IDENTITY_V1,908ce1f927ae651f,f73a21a80e295727,PAIRING_V1
subj07,fold_1,train,B:T,vis2img,95,239,170,650,V2I_ROY_RANDOM_WITHIN_IDENTITY_V1,908ce1f927ae651f,f73a21a80e295727,PAIRING_V1
subj07,fold_1,train,B:W,vis2img,50,194,175,655,V2I_ROY_RANDOM_WITHIN_IDENTITY_V1,908ce1f927ae651f,ac8e1ab9daf07178,PAIRING_V1
subj07,fold_1,train,B:W,vis2img,72,216,164,644,V2I_ROY_RANDOM_WITHIN_IDENTITY_V1,908ce1f927ae651f,ac8e1ab9daf07178,PAIRING_V1
subj07,fold_1,train,B:W,vis2img,77,221,171,651,V2I_ROY_RANDOM_WITHIN_IDENTITY_V1,908ce1f927ae651f,ac8e1ab9daf07178,PAIRING_V1
subj07,fold_1,train,B:W,vis2img,87,231,153,633,V2I_ROY_RANDOM_WITHIN_IDENTITY_V1,908ce1f927ae651f,ac8e1ab9daf07178,PAIRING_V1
subj07,fold_1,val,A:E,vis2img,9,9,123,603,V2I_ROY_RANDOM_WITHIN_IDENTITY_V1,908ce1f927ae651f,6153ed45e1303760,PAIRING_V1
subj07,fold_1,val,A:E,vis2img,38,38,107,587,V2I_ROY_RANDOM_WITHIN_IDENTITY_V1,908ce1f927ae651f,6153ed45e1303760,PAIRING_V1
subj07,fold_1,val,A:H,vis2img,18,18,121,601,V2I_ROY_RANDOM_WITHIN_IDENTITY_V1,908ce1f927ae651f,41da96e9d4e298f8,PAIRING_V1
subj07,fold_1,val,A:H,vis2img,21,21,104,584,V2I_ROY_RANDOM_WITHIN_IDENTITY_V1,908ce1f927ae651f,41da96e9d4e298f8,PAIRING_V1
subj07,fold_1,val,A:L,vis2img,7,7,99,579,V2I_ROY_RANDOM_WITHIN_IDENTITY_V1,908ce1f927ae651f,ef4651f1e518c94f,PAIRING_V1
subj07,fold_1,val,A:L,vis2img,29,29,115,595,V2I_ROY_RANDOM_WITHIN_IDENTITY_V1,908ce1f927ae651f,ef4651f1e518c94f,PAIRING_V1
subj07,fold_1,val,A:P,vis2img,11,11,141,621,V2I_ROY_RANDOM_WITHIN_IDENTITY_V1,908ce1f927ae651f,895a50f3f0d590eb,PAIRING_V1
subj07,fold_1,val,A:P,vis2img,37,37,122,602,V2I_ROY_RANDOM_WITHIN_IDENTITY_V1,908ce1f927ae651f,895a50f3f0d590eb,PAIRING_V1
subj07,fold_1,val,A:R,vis2img,5,5,136,616,V2I_ROY_RANDOM_WITHIN_IDENTITY_V1,908ce1f927ae651f,63e3142398a57a9a,PAIRING_V1
subj07,fold_1,val,A:R,vis2img,44,44,103,583,V2I_ROY_RANDOM_WITHIN_IDENTITY_V1,908ce1f927ae651f,63e3142398a57a9a,PAIRING_V1
subj07,fold_1,val,A:V,vis2img,31,31,132,612,V2I_ROY_RANDOM_WITHIN_IDENTITY_V1,908ce1f927ae651f,6d2ccaa5401a3e77,PAIRING_V1
subj07,fold_1,val,A:V,vis2img,33,33,128,608,V2I_ROY_RANDOM_WITHIN_IDENTITY_V1,908ce1f927ae651f,6d2ccaa5401a3e77,PAIRING_V1
subj07,fold_1,val,B:B,vis2img,83,227,179,659,V2I_ROY_RANDOM_WITHIN_IDENTITY_V1,908ce1f927ae651f,c49aad1be4cb0ab2,PAIRING_V1
subj07,fold_1,val,B:B,vis2img,85,229,173,653,V2I_ROY_RANDOM_WITHIN_IDENTITY_V1,908ce1f927ae651f,c49aad1be4cb0ab2,PAIRING_V1
subj07,fold_1,val,B:C,vis2img,49,193,158,638,V2I_ROY_RANDOM_WITHIN_IDENTITY_V1,908ce1f927ae651f,1e8b9deb4caa0d9f,PAIRING_V1
subj07,fold_1,val,B:C,vis2img,73,217,186,666,V2I_ROY_RANDOM_WITHIN_IDENTITY_V1,908ce1f927ae651f,1e8b9deb4caa0d9f,PAIRING_V1
subj07,fold_1,val,B:D,vis2img,61,205,174,654,V2I_ROY_RANDOM_WITHIN_IDENTITY_V1,908ce1f927ae651f,886e699343eeeb29,PAIRING_V1
subj07,fold_1,val,B:D,vis2img,65,209,155,635,V2I_ROY_RANDOM_WITHIN_IDENTITY_V1,908ce1f927ae651f,886e699343eeeb29,PAIRING_V1
subj07,fold_1,val,B:K,vis2img,57,201,152,632,V2I_ROY_RANDOM_WITHIN_IDENTITY_V1,908ce1f927ae651f,8e9da1c27c6c6198,PAIRING_V1
subj07,fold_1,val,B:K,vis2img,84,228,154,634,V2I_ROY_RANDOM_WITHIN_IDENTITY_V1,908ce1f927ae651f,8e9da1c27c6c6198,PAIRING_V1
subj07,fold_1,val,B:T,vis2img,69,213,147,627,V2I_ROY_RANDOM_WITHIN_IDENTITY_V1,908ce1f927ae651f,183e4d69afad5c5f,PAIRING_V1
subj07,fold_1,val,B:T,vis2img,80,224,166,646,V2I_ROY_RANDOM_WITHIN_IDENTITY_V1,908ce1f927ae651f,183e4d69afad5c5f,PAIRING_V1
subj07,fold_1,val,B:W,vis2img,48,192,145,625,V2I_ROY_RANDOM_WITHIN_IDENTITY_V1,908ce1f927ae651f,dabaaf86138969d0,PAIRING_V1
subj07,fold_1,val,B:W,vis2img,63,207,183,663,V2I_ROY_RANDOM_WITHIN_IDENTITY_V1,908ce1f927ae651f,dabaaf86138969d0,PAIRING_V1
subj07,fold_1,test,A:E,vis2img,26,26,116,596,V2I_ROY_RANDOM_WITHIN_IDENTITY_V1,908ce1f927ae651f,6d3429d13b5e9116,PAIRING_V1
subj07,fold_1,test,A:E,vis2img,32,32,111,591,V2I_ROY_RANDOM_WITHIN_IDENTITY_V1,908ce1f927ae651f,6d3429d13b5e9116,PAIRING_V1
subj07,fold_1,test,A:H,vis2img,10,10,134,614,V2I_ROY_RANDOM_WITHIN_IDENTITY_V1,908ce1f927ae651f,cbd75d1d20c677f0,PAIRING_V1
subj07,fold_1,test,A:H,vis2img,14,14,125,605,V2I_ROY_RANDOM_WITHIN_IDENTITY_V1,908ce1f927ae651f,cbd75d1d20c677f0,PAIRING_V1
subj07,fold_1,test,A:L,vis2img,12,12,96,576,V2I_ROY_RANDOM_WITHIN_IDENTITY_V1,908ce1f927ae651f,4997951780ce122b,PAIRING_V1
subj07,fold_1,test,A:L,vis2img,27,27,126,606,V2I_ROY_RANDOM_WITHIN_IDENTITY_V1,908ce1f927ae651f,4997951780ce122b,PAIRING_V1
subj07,fold_1,test,A:P,vis2img,8,8,127,607,V2I_ROY_RANDOM_WITHIN_IDENTITY_V1,908ce1f927ae651f,9bbeab764017d96c,PAIRING_V1
subj07,fold_1,test,A:P,vis2img,13,13,130,610,V2I_ROY_RANDOM_WITHIN_IDENTITY_V1,908ce1f927ae651f,9bbeab764017d96c,PAIRING_V1
subj07,fold_1,test,A:R,vis2img,22,22,105,585,V2I_ROY_RANDOM_WITHIN_IDENTITY_V1,908ce1f927ae651f,9fc37fafa0c07493,PAIRING_V1
subj07,fold_1,test,A:R,vis2img,30,30,98,578,V2I_ROY_RANDOM_WITHIN_IDENTITY_V1,908ce1f927ae651f,9fc37fafa0c07493,PAIRING_V1
subj07,fold_1,test,A:V,vis2img,1,1,109,589,V2I_ROY_RANDOM_WITHIN_IDENTITY_V1,908ce1f927ae651f,2e5033c8b4584eb3,PAIRING_V1
subj07,fold_1,test,A:V,vis2img,3,3,97,577,V2I_ROY_RANDOM_WITHIN_IDENTITY_V1,908ce1f927ae651f,2e5033c8b4584eb3,PAIRING_V1
subj07,fold_1,test,B:B,vis2img,66,210,144,624,V2I_ROY_RANDOM_WITHIN_IDENTITY_V1,908ce1f927ae651f,c7da10725ff5e931,PAIRING_V1
subj07,fold_1,test,B:B,vis2img,79,223,191,671,V2I_ROY_RANDOM_WITHIN_IDENTITY_V1,908ce1f927ae651f,c7da10725ff5e931,PAIRING_V1
subj07,fold_1,test,B:C,vis2img,58,202,156,636,V2I_ROY_RANDOM_WITHIN_IDENTITY_V1,908ce1f927ae651f,0343b429ecbfc9e7,PAIRING_V1
subj07,fold_1,test,B:C,vis2img,71,215,151,631,V2I_ROY_RANDOM_WITHIN_IDENTITY_V1,908ce1f927ae651f,0343b429ecbfc9e7,PAIRING_V1
subj07,fold_1,test,B:D,vis2img,70,214,184,664,V2I_ROY_RANDOM_WITHIN_IDENTITY_V1,908ce1f927ae651f,2e6219804592b09b,PAIRING_V1
subj07,fold_1,test,B:D,vis2img,93,237,150,630,V2I_ROY_RANDOM_WITHIN_IDENTITY_V1,908ce1f927ae651f,2e6219804592b09b,PAIRING_V1
subj07,fold_1,test,B:K,vis2img,67,211,187,667,V2I_ROY_RANDOM_WITHIN_IDENTITY_V1,908ce1f927ae651f,f90f094f2d5be332,PAIRING_V1
subj07,fold_1,test,B:K,vis2img,91,235,178,658,V2I_ROY_RANDOM_WITHIN_IDENTITY_V1,908ce1f927ae651f,f90f094f2d5be332,PAIRING_V1
subj07,fold_1,test,B:T,vis2img,52,196,162,642,V2I_ROY_RANDOM_WITHIN_IDENTITY_V1,908ce1f927ae651f,483837259c120819,PAIRING_V1
subj07,fold_1,test,B:T,vis2img,92,236,190,670,V2I_ROY_RANDOM_WITHIN_IDENTITY_V1,908ce1f927ae651f,483837259c120819,PAIRING_V1
subj07,fold_1,test,B:W,vis2img,56,200,177,657,V2I_ROY_RANDOM_WITHIN_IDENTITY_V1,908ce1f927ae651f,518fcfa2f6a30bf0,PAIRING_V1
subj07,fold_1,test,B:W,vis2img,75,219,181,661,V2I_ROY_RANDOM_WITHIN_IDENTITY_V1,908ce1f927ae651f,518fcfa2f6a30bf0,PAIRING_V1
subj07,fold_2,train,A:E,vis2img,6,6,116,596,V2I_ROY_RANDOM_WITHIN_IDENTITY_V1,908ce1f927ae651f,9c3489f6a2f676d7,PAIRING_V1
subj07,fold_2,train,A:E,vis2img,23,23,138,618,V2I_ROY_RANDOM_WITHIN_IDENTITY_V1,908ce1f927ae651f,9c3489f6a2f676d7,PAIRING_V1
subj07,fold_2,train,A:E,vis2img,26,26,114,594,V2I_ROY_RANDOM_WITHIN_IDENTITY_V1,908ce1f927ae651f,9c3489f6a2f676d7,PAIRING_V1
subj07,fold_2,train,A:E,vis2img,32,32,111,591,V2I_ROY_RANDOM_WITHIN_IDENTITY_V1,908ce1f927ae651f,9c3489f6a2f676d7,PAIRING_V1
subj07,fold_2,train,A:H,vis2img,10,10,125,605,V2I_ROY_RANDOM_WITHIN_IDENTITY_V1,908ce1f927ae651f,53681f61e6574052,PAIRING_V1
subj07,fold_2,train,A:H,vis2img,14,14,119,599,V2I_ROY_RANDOM_WITHIN_IDENTITY_V1,908ce1f927ae651f,53681f61e6574052,PAIRING_V1
subj07,fold_2,train,A:H,vis2img,24,24,134,614,V2I_ROY_RANDOM_WITHIN_IDENTITY_V1,908ce1f927ae651f,53681f61e6574052,PAIRING_V1
subj07,fold_2,train,A:H,vis2img,35,35,113,593,V2I_ROY_RANDOM_WITHIN_IDENTITY_V1,908ce1f927ae651f,53681f61e6574052,PAIRING_V1
subj07,fold_2,train,A:L,vis2img,0,0,96,576,V2I_ROY_RANDOM_WITHIN_IDENTITY_V1,908ce1f927ae651f,5bbc1fa0f754c53f,PAIRING_V1
subj07,fold_2,train,A:L,vis2img,4,4,126,606,V2I_ROY_RANDOM_WITHIN_IDENTITY_V1,908ce1f927ae651f,5bbc1fa0f754c53f,PAIRING_V1
subj07,fold_2,train,A:L,vis2img,12,12,131,611,V2I_ROY_RANDOM_WITHIN_IDENTITY_V1,908ce1f927ae651f,5bbc1fa0f754c53f,PAIRING_V1
subj07,fold_2,train,A:L,vis2img,27,27,110,590,V2I_ROY_RANDOM_WITHIN_IDENTITY_V1,908ce1f927ae651f,5bbc1fa0f754c53f,PAIRING_V1
subj07,fold_2,train,A:P,vis2img,8,8,130,610,V2I_ROY_RANDOM_WITHIN_IDENTITY_V1,908ce1f927ae651f,bde7fbc54ddfa055,PAIRING_V1
subj07,fold_2,train,A:P,vis2img,13,13,127,607,V2I_ROY_RANDOM_WITHIN_IDENTITY_V1,908ce1f927ae651f,bde7fbc54ddfa055,PAIRING_V1
subj07,fold_2,train,A:P,vis2img,16,16,139,619,V2I_ROY_RANDOM_WITHIN_IDENTITY_V1,908ce1f927ae651f,bde7fbc54ddfa055,PAIRING_V1
subj07,fold_2,train,A:P,vis2img,34,34,101,581,V2I_ROY_RANDOM_WITHIN_IDENTITY_V1,908ce1f927ae651f,bde7fbc54ddfa055,PAIRING_V1
subj07,fold_2,train,A:R,vis2img,17,17,124,604,V2I_ROY_RANDOM_WITHIN_IDENTITY_V1,908ce1f927ae651f,87f2b27781ce5f97,PAIRING_V1
subj07,fold_2,train,A:R,vis2img,22,22,105,585,V2I_ROY_RANDOM_WITHIN_IDENTITY_V1,908ce1f927ae651f,87f2b27781ce5f97,PAIRING_V1
subj07,fold_2,train,A:R,vis2img,30,30,98,578,V2I_ROY_RANDOM_WITHIN_IDENTITY_V1,908ce1f927ae651f,87f2b27781ce5f97,PAIRING_V1
subj07,fold_2,train,A:R,vis2img,46,46,108,588,V2I_ROY_RANDOM_WITHIN_IDENTITY_V1,908ce1f927ae651f,87f2b27781ce5f97,PAIRING_V1
subj07,fold_2,train,A:V,vis2img,1,1,137,617,V2I_ROY_RANDOM_WITHIN_IDENTITY_V1,908ce1f927ae651f,f613c06bf71284a0,PAIRING_V1
subj07,fold_2,train,A:V,vis2img,3,3,109,589,V2I_ROY_RANDOM_WITHIN_IDENTITY_V1,908ce1f927ae651f,f613c06bf71284a0,PAIRING_V1
subj07,fold_2,train,A:V,vis2img,40,40,102,582,V2I_ROY_RANDOM_WITHIN_IDENTITY_V1,908ce1f927ae651f,f613c06bf71284a0,PAIRING_V1
subj07,fold_2,train,A:V,vis2img,45,45,97,577,V2I_ROY_RANDOM_WITHIN_IDENTITY_V1,908ce1f927ae651f,f613c06bf71284a0,PAIRING_V1
subj07,fold_2,train,B:B,vis2img,66,210,144,624,V2I_ROY_RANDOM_WITHIN_IDENTITY_V1,908ce1f927ae651f,44d1553a5e94266f,PAIRING_V1
subj07,fold_2,train,B:B,vis2img,76,220,167,647,V2I_ROY_RANDOM_WITHIN_IDENTITY_V1,908ce1f927ae651f,44d1553a5e94266f,PAIRING_V1
subj07,fold_2,train,B:B,vis2img,79,223,191,671,V2I_ROY_RANDOM_WITHIN_IDENTITY_V1,908ce1f927ae651f,44d1553a5e94266f,PAIRING_V1
subj07,fold_2,train,B:B,vis2img,94,238,165,645,V2I_ROY_RANDOM_WITHIN_IDENTITY_V1,908ce1f927ae651f,44d1553a5e94266f,PAIRING_V1
subj07,fold_2,train,B:C,vis2img,58,202,172,652,V2I_ROY_RANDOM_WITHIN_IDENTITY_V1,908ce1f927ae651f,b9badf035401aee5,PAIRING_V1
subj07,fold_2,train,B:C,vis2img,64,208,151,631,V2I_ROY_RANDOM_WITHIN_IDENTITY_V1,908ce1f927ae651f,b9badf035401aee5,PAIRING_V1
subj07,fold_2,train,B:C,vis2img,71,215,156,636,V2I_ROY_RANDOM_WITHIN_IDENTITY_V1,908ce1f927ae651f,b9badf035401aee5,PAIRING_V1
subj07,fold_2,train,B:C,vis2img,86,230,163,643,V2I_ROY_RANDOM_WITHIN_IDENTITY_V1,908ce1f927ae651f,b9badf035401aee5,PAIRING_V1
subj07,fold_2,train,B:D,vis2img,51,195,150,630,V2I_ROY_RANDOM_WITHIN_IDENTITY_V1,908ce1f927ae651f,cd47e43989b25e68,PAIRING_V1
subj07,fold_2,train,B:D,vis2img,54,198,184,664,V2I_ROY_RANDOM_WITHIN_IDENTITY_V1,908ce1f927ae651f,cd47e43989b25e68,PAIRING_V1
subj07,fold_2,train,B:D,vis2img,70,214,160,640,V2I_ROY_RANDOM_WITHIN_IDENTITY_V1,908ce1f927ae651f,cd47e43989b25e68,PAIRING_V1
subj07,fold_2,train,B:D,vis2img,93,237,157,637,V2I_ROY_RANDOM_WITHIN_IDENTITY_V1,908ce1f927ae651f,cd47e43989b25e68,PAIRING_V1
subj07,fold_2,train,B:K,vis2img,55,199,168,648,V2I_ROY_RANDOM_WITHIN_IDENTITY_V1,908ce1f927ae651f,fdaf3ebf184f8989,PAIRING_V1
subj07,fold_2,train,B:K,vis2img,67,211,187,667,V2I_ROY_RANDOM_WITHIN_IDENTITY_V1,908ce1f927ae651f,fdaf3ebf184f8989,PAIRING_V1
subj07,fold_2,train,B:K,vis2img,78,222,178,658,V2I_ROY_RANDOM_WITHIN_IDENTITY_V1,908ce1f927ae651f,fdaf3ebf184f8989,PAIRING_V1
subj07,fold_2,train,B:K,vis2img,91,235,176,656,V2I_ROY_RANDOM_WITHIN_IDENTITY_V1,908ce1f927ae651f,fdaf3ebf184f8989,PAIRING_V1
subj07,fold_2,train,B:T,vis2img,52,196,190,670,V2I_ROY_RANDOM_WITHIN_IDENTITY_V1,908ce1f927ae651f,e5ba62ba9b5fe382,PAIRING_V1
subj07,fold_2,train,B:T,vis2img,74,218,162,642,V2I_ROY_RANDOM_WITHIN_IDENTITY_V1,908ce1f927ae651f,e5ba62ba9b5fe382,PAIRING_V1
subj07,fold_2,train,B:T,vis2img,88,232,180,660,V2I_ROY_RANDOM_WITHIN_IDENTITY_V1,908ce1f927ae651f,e5ba62ba9b5fe382,PAIRING_V1
subj07,fold_2,train,B:T,vis2img,92,236,182,662,V2I_ROY_RANDOM_WITHIN_IDENTITY_V1,908ce1f927ae651f,e5ba62ba9b5fe382,PAIRING_V1
subj07,fold_2,train,B:W,vis2img,50,194,153,633,V2I_ROY_RANDOM_WITHIN_IDENTITY_V1,908ce1f927ae651f,9a1f243d8d658f44,PAIRING_V1
subj07,fold_2,train,B:W,vis2img,56,200,171,651,V2I_ROY_RANDOM_WITHIN_IDENTITY_V1,908ce1f927ae651f,9a1f243d8d658f44,PAIRING_V1
subj07,fold_2,train,B:W,vis2img,75,219,177,657,V2I_ROY_RANDOM_WITHIN_IDENTITY_V1,908ce1f927ae651f,9a1f243d8d658f44,PAIRING_V1
subj07,fold_2,train,B:W,vis2img,87,231,181,661,V2I_ROY_RANDOM_WITHIN_IDENTITY_V1,908ce1f927ae651f,9a1f243d8d658f44,PAIRING_V1
subj07,fold_2,val,A:E,vis2img,9,9,107,587,V2I_ROY_RANDOM_WITHIN_IDENTITY_V1,908ce1f927ae651f,74ce9f8a0d10cdaa,PAIRING_V1
subj07,fold_2,val,A:E,vis2img,38,38,123,603,V2I_ROY_RANDOM_WITHIN_IDENTITY_V1,908ce1f927ae651f,74ce9f8a0d10cdaa,PAIRING_V1
subj07,fold_2,val,A:H,vis2img,18,18,104,584,V2I_ROY_RANDOM_WITHIN_IDENTITY_V1,908ce1f927ae651f,9f1ceab91fa45be6,PAIRING_V1
subj07,fold_2,val,A:H,vis2img,21,21,121,601,V2I_ROY_RANDOM_WITHIN_IDENTITY_V1,908ce1f927ae651f,9f1ceab91fa45be6,PAIRING_V1
subj07,fold_2,val,A:L,vis2img,7,7,99,579,V2I_ROY_RANDOM_WITHIN_IDENTITY_V1,908ce1f927ae651f,7121761274f7f6aa,PAIRING_V1
subj07,fold_2,val,A:L,vis2img,29,29,115,595,V2I_ROY_RANDOM_WITHIN_IDENTITY_V1,908ce1f927ae651f,7121761274f7f6aa,PAIRING_V1
subj07,fold_2,val,A:P,vis2img,11,11,141,621,V2I_ROY_RANDOM_WITHIN_IDENTITY_V1,908ce1f927ae651f,a275e56bc9ca639c,PAIRING_V1
subj07,fold_2,val,A:P,vis2img,37,37,122,602,V2I_ROY_RANDOM_WITHIN_IDENTITY_V1,908ce1f927ae651f,a275e56bc9ca639c,PAIRING_V1
subj07,fold_2,val,A:R,vis2img,5,5,103,583,V2I_ROY_RANDOM_WITHIN_IDENTITY_V1,908ce1f927ae651f,4cb6b6b46e1cd5fd,PAIRING_V1
subj07,fold_2,val,A:R,vis2img,44,44,136,616,V2I_ROY_RANDOM_WITHIN_IDENTITY_V1,908ce1f927ae651f,4cb6b6b46e1cd5fd,PAIRING_V1
subj07,fold_2,val,A:V,vis2img,31,31,128,608,V2I_ROY_RANDOM_WITHIN_IDENTITY_V1,908ce1f927ae651f,db858347ce817285,PAIRING_V1
subj07,fold_2,val,A:V,vis2img,33,33,132,612,V2I_ROY_RANDOM_WITHIN_IDENTITY_V1,908ce1f927ae651f,db858347ce817285,PAIRING_V1
subj07,fold_2,val,B:B,vis2img,83,227,173,653,V2I_ROY_RANDOM_WITHIN_IDENTITY_V1,908ce1f927ae651f,13c10d1a5d64ae10,PAIRING_V1
subj07,fold_2,val,B:B,vis2img,85,229,179,659,V2I_ROY_RANDOM_WITHIN_IDENTITY_V1,908ce1f927ae651f,13c10d1a5d64ae10,PAIRING_V1
subj07,fold_2,val,B:C,vis2img,49,193,186,666,V2I_ROY_RANDOM_WITHIN_IDENTITY_V1,908ce1f927ae651f,d2790bb3bf9b4bb4,PAIRING_V1
subj07,fold_2,val,B:C,vis2img,73,217,158,638,V2I_ROY_RANDOM_WITHIN_IDENTITY_V1,908ce1f927ae651f,d2790bb3bf9b4bb4,PAIRING_V1
subj07,fold_2,val,B:D,vis2img,61,205,155,635,V2I_ROY_RANDOM_WITHIN_IDENTITY_V1,908ce1f927ae651f,b68ce30194929dc3,PAIRING_V1
subj07,fold_2,val,B:D,vis2img,65,209,174,654,V2I_ROY_RANDOM_WITHIN_IDENTITY_V1,908ce1f927ae651f,b68ce30194929dc3,PAIRING_V1
subj07,fold_2,val,B:K,vis2img,57,201,152,632,V2I_ROY_RANDOM_WITHIN_IDENTITY_V1,908ce1f927ae651f,98f12621d7cb33c7,PAIRING_V1
subj07,fold_2,val,B:K,vis2img,84,228,154,634,V2I_ROY_RANDOM_WITHIN_IDENTITY_V1,908ce1f927ae651f,98f12621d7cb33c7,PAIRING_V1
subj07,fold_2,val,B:T,vis2img,69,213,166,646,V2I_ROY_RANDOM_WITHIN_IDENTITY_V1,908ce1f927ae651f,6c595e436c99554e,PAIRING_V1
subj07,fold_2,val,B:T,vis2img,80,224,147,627,V2I_ROY_RANDOM_WITHIN_IDENTITY_V1,908ce1f927ae651f,6c595e436c99554e,PAIRING_V1
subj07,fold_2,val,B:W,vis2img,48,192,145,625,V2I_ROY_RANDOM_WITHIN_IDENTITY_V1,908ce1f927ae651f,36975e213b55a41b,PAIRING_V1
subj07,fold_2,val,B:W,vis2img,63,207,183,663,V2I_ROY_RANDOM_WITHIN_IDENTITY_V1,908ce1f927ae651f,36975e213b55a41b,PAIRING_V1
subj07,fold_2,test,A:E,vis2img,43,43,118,598,V2I_ROY_RANDOM_WITHIN_IDENTITY_V1,908ce1f927ae651f,d3a5699280e657c6,PAIRING_V1
subj07,fold_2,test,A:E,vis2img,47,47,120,600,V2I_ROY_RANDOM_WITHIN_IDENTITY_V1,908ce1f927ae651f,d3a5699280e657c6,PAIRING_V1
subj07,fold_2,test,A:H,vis2img,2,2,140,620,V2I_ROY_RANDOM_WITHIN_IDENTITY_V1,908ce1f927ae651f,e19ed10e56c01b46,PAIRING_V1
subj07,fold_2,test,A:H,vis2img,28,28,129,609,V2I_ROY_RANDOM_WITHIN_IDENTITY_V1,908ce1f927ae651f,e19ed10e56c01b46,PAIRING_V1
subj07,fold_2,test,A:L,vis2img,36,36,117,597,V2I_ROY_RANDOM_WITHIN_IDENTITY_V1,908ce1f927ae651f,bfc7cedace593b6c,PAIRING_V1
subj07,fold_2,test,A:L,vis2img,42,42,135,615,V2I_ROY_RANDOM_WITHIN_IDENTITY_V1,908ce1f927ae651f,bfc7cedace593b6c,PAIRING_V1
subj07,fold_2,test,A:P,vis2img,20,20,112,592,V2I_ROY_RANDOM_WITHIN_IDENTITY_V1,908ce1f927ae651f,f22d702850b4413c,PAIRING_V1
subj07,fold_2,test,A:P,vis2img,41,41,143,623,V2I_ROY_RANDOM_WITHIN_IDENTITY_V1,908ce1f927ae651f,f22d702850b4413c,PAIRING_V1
subj07,fold_2,test,A:R,vis2img,25,25,133,613,V2I_ROY_RANDOM_WITHIN_IDENTITY_V1,908ce1f927ae651f,3655b1e19a8905b9,PAIRING_V1
subj07,fold_2,test,A:R,vis2img,39,39,142,622,V2I_ROY_RANDOM_WITHIN_IDENTITY_V1,908ce1f927ae651f,3655b1e19a8905b9,PAIRING_V1
subj07,fold_2,test,A:V,vis2img,15,15,106,586,V2I_ROY_RANDOM_WITHIN_IDENTITY_V1,908ce1f927ae651f,18ddbd526ce19446,PAIRING_V1
subj07,fold_2,test,A:V,vis2img,19,19,100,580,V2I_ROY_RANDOM_WITHIN_IDENTITY_V1,908ce1f927ae651f,18ddbd526ce19446,PAIRING_V1
subj07,fold_2,test,B:B,vis2img,53,197,185,665,V2I_ROY_RANDOM_WITHIN_IDENTITY_V1,908ce1f927ae651f,0c2d18ad52813efd,PAIRING_V1
subj07,fold_2,test,B:B,vis2img,89,233,161,641,V2I_ROY_RANDOM_WITHIN_IDENTITY_V1,908ce1f927ae651f,0c2d18ad52813efd,PAIRING_V1
subj07,fold_2,test,B:C,vis2img,62,206,146,626,V2I_ROY_RANDOM_WITHIN_IDENTITY_V1,908ce1f927ae651f,1a7bae4383b8c397,PAIRING_V1
subj07,fold_2,test,B:C,vis2img,90,234,148,628,V2I_ROY_RANDOM_WITHIN_IDENTITY_V1,908ce1f927ae651f,1a7bae4383b8c397,PAIRING_V1
subj07,fold_2,test,B:D,vis2img,68,212,188,668,V2I_ROY_RANDOM_WITHIN_IDENTITY_V1,908ce1f927ae651f,e790cf8c583e1df3,PAIRING_V1
subj07,fold_2,test,B:D,vis2img,81,225,169,649,V2I_ROY_RANDOM_WITHIN_IDENTITY_V1,908ce1f927ae651f,e790cf8c583e1df3,PAIRING_V1
subj07,fold_2,test,B:K,vis2img,59,203,149,629,V2I_ROY_RANDOM_WITHIN_IDENTITY_V1,908ce1f927ae651f,d039451bfa62acd7,PAIRING_V1
subj07,fold_2,test,B:K,vis2img,82,226,189,669,V2I_ROY_RANDOM_WITHIN_IDENTITY_V1,908ce1f927ae651f,d039451bfa62acd7,PAIRING_V1
subj07,fold_2,test,B:T,vis2img,60,204,170,650,V2I_ROY_RANDOM_WITHIN_IDENTITY_V1,908ce1f927ae651f,fe98ee51a4ab0a63,PAIRING_V1
subj07,fold_2,test,B:T,vis2img,95,239,159,639,V2I_ROY_RANDOM_WITHIN_IDENTITY_V1,908ce1f927ae651f,fe98ee51a4ab0a63,PAIRING_V1
subj07,fold_2,test,B:W,vis2img,72,216,175,655,V2I_ROY_RANDOM_WITHIN_IDENTITY_V1,908ce1f927ae651f,d6d054d88f11840e,PAIRING_V1
subj07,fold_2,test,B:W,vis2img,77,221,164,644,V2I_ROY_RANDOM_WITHIN_IDENTITY_V1,908ce1f927ae651f,d6d054d88f11840e,PAIRING_V1
subj07,fold_3,train,A:E,vis2img,6,6,114,594,V2I_ROY_RANDOM_WITHIN_IDENTITY_V1,908ce1f927ae651f,52df83c832bf387c,PAIRING_V1
subj07,fold_3,train,A:E,vis2img,23,23,111,591,V2I_ROY_RANDOM_WITHIN_IDENTITY_V1,908ce1f927ae651f,52df83c832bf387c,PAIRING_V1
subj07,fold_3,train,A:E,vis2img,26,26,138,618,V2I_ROY_RANDOM_WITHIN_IDENTITY_V1,908ce1f927ae651f,52df83c832bf387c,PAIRING_V1
subj07,fold_3,train,A:E,vis2img,32,32,116,596,V2I_ROY_RANDOM_WITHIN_IDENTITY_V1,908ce1f927ae651f,52df83c832bf387c,PAIRING_V1
subj07,fold_3,train,A:H,vis2img,10,10,125,605,V2I_ROY_RANDOM_WITHIN_IDENTITY_V1,908ce1f927ae651f,760005110716e290,PAIRING_V1
subj07,fold_3,train,A:H,vis2img,14,14,113,593,V2I_ROY_RANDOM_WITHIN_IDENTITY_V1,908ce1f927ae651f,760005110716e290,PAIRING_V1
subj07,fold_3,train,A:H,vis2img,24,24,134,614,V2I_ROY_RANDOM_WITHIN_IDENTITY_V1,908ce1f927ae651f,760005110716e290,PAIRING_V1
subj07,fold_3,train,A:H,vis2img,35,35,119,599,V2I_ROY_RANDOM_WITHIN_IDENTITY_V1,908ce1f927ae651f,760005110716e290,PAIRING_V1
subj07,fold_3,train,A:L,vis2img,0,0,110,590,V2I_ROY_RANDOM_WITHIN_IDENTITY_V1,908ce1f927ae651f,789722170336588d,PAIRING_V1
subj07,fold_3,train,A:L,vis2img,4,4,126,606,V2I_ROY_RANDOM_WITHIN_IDENTITY_V1,908ce1f927ae651f,789722170336588d,PAIRING_V1
subj07,fold_3,train,A:L,vis2img,12,12,96,576,V2I_ROY_RANDOM_WITHIN_IDENTITY_V1,908ce1f927ae651f,789722170336588d,PAIRING_V1
subj07,fold_3,train,A:L,vis2img,27,27,131,611,V2I_ROY_RANDOM_WITHIN_IDENTITY_V1,908ce1f927ae651f,789722170336588d,PAIRING_V1
subj07,fold_3,train,A:P,vis2img,8,8,101,581,V2I_ROY_RANDOM_WITHIN_IDENTITY_V1,908ce1f927ae651f,a7c3c27fbd28c1b9,PAIRING_V1
subj07,fold_3,train,A:P,vis2img,13,13,130,610,V2I_ROY_RANDOM_WITHIN_IDENTITY_V1,908ce1f927ae651f,a7c3c27fbd28c1b9,PAIRING_V1
subj07,fold_3,train,A:P,vis2img,16,16,139,619,V2I_ROY_RANDOM_WITHIN_IDENTITY_V1,908ce1f927ae651f,a7c3c27fbd28c1b9,PAIRING_V1
subj07,fold_3,train,A:P,vis2img,34,34,127,607,V2I_ROY_RANDOM_WITHIN_IDENTITY_V1,908ce1f927ae651f,a7c3c27fbd28c1b9,PAIRING_V1
subj07,fold_3,train,A:R,vis2img,17,17,105,585,V2I_ROY_RANDOM_WITHIN_IDENTITY_V1,908ce1f927ae651f,e8e5af7972359c35,PAIRING_V1
subj07,fold_3,train,A:R,vis2img,22,22,124,604,V2I_ROY_RANDOM_WITHIN_IDENTITY_V1,908ce1f927ae651f,e8e5af7972359c35,PAIRING_V1
subj07,fold_3,train,A:R,vis2img,30,30,98,578,V2I_ROY_RANDOM_WITHIN_IDENTITY_V1,908ce1f927ae651f,e8e5af7972359c35,PAIRING_V1
subj07,fold_3,train,A:R,vis2img,46,46,108,588,V2I_ROY_RANDOM_WITHIN_IDENTITY_V1,908ce1f927ae651f,e8e5af7972359c35,PAIRING_V1
subj07,fold_3,train,A:V,vis2img,1,1,102,582,V2I_ROY_RANDOM_WITHIN_IDENTITY_V1,908ce1f927ae651f,461ca55da131ff97,PAIRING_V1
subj07,fold_3,train,A:V,vis2img,3,3,137,617,V2I_ROY_RANDOM_WITHIN_IDENTITY_V1,908ce1f927ae651f,461ca55da131ff97,PAIRING_V1
subj07,fold_3,train,A:V,vis2img,40,40,109,589,V2I_ROY_RANDOM_WITHIN_IDENTITY_V1,908ce1f927ae651f,461ca55da131ff97,PAIRING_V1
subj07,fold_3,train,A:V,vis2img,45,45,97,577,V2I_ROY_RANDOM_WITHIN_IDENTITY_V1,908ce1f927ae651f,461ca55da131ff97,PAIRING_V1
subj07,fold_3,train,B:B,vis2img,66,210,191,671,V2I_ROY_RANDOM_WITHIN_IDENTITY_V1,908ce1f927ae651f,b38e2d40760ac6c7,PAIRING_V1
subj07,fold_3,train,B:B,vis2img,76,220,167,647,V2I_ROY_RANDOM_WITHIN_IDENTITY_V1,908ce1f927ae651f,b38e2d40760ac6c7,PAIRING_V1
subj07,fold_3,train,B:B,vis2img,79,223,165,645,V2I_ROY_RANDOM_WITHIN_IDENTITY_V1,908ce1f927ae651f,b38e2d40760ac6c7,PAIRING_V1
subj07,fold_3,train,B:B,vis2img,94,238,144,624,V2I_ROY_RANDOM_WITHIN_IDENTITY_V1,908ce1f927ae651f,b38e2d40760ac6c7,PAIRING_V1
subj07,fold_3,train,B:C,vis2img,58,202,156,636,V2I_ROY_RANDOM_WITHIN_IDENTITY_V1,908ce1f927ae651f,52ae60977ab009bd,PAIRING_V1
subj07,fold_3,train,B:C,vis2img,64,208,172,652,V2I_ROY_RANDOM_WITHIN_IDENTITY_V1,908ce1f927ae651f,52ae60977ab009bd,PAIRING_V1
subj07,fold_3,train,B:C,vis2img,71,215,151,631,V2I_ROY_RANDOM_WITHIN_IDENTITY_V1,908ce1f927ae651f,52ae60977ab009bd,PAIRING_V1
subj07,fold_3,train,B:C,vis2img,86,230,163,643,V2I_ROY_RANDOM_WITHIN_IDENTITY_V1,908ce1f927ae651f,52ae60977ab009bd,PAIRING_V1
subj07,fold_3,train,B:D,vis2img,51,195,157,637,V2I_ROY_RANDOM_WITHIN_IDENTITY_V1,908ce1f927ae651f,81aa8abcd527466a,PAIRING_V1
subj07,fold_3,train,B:D,vis2img,54,198,160,640,V2I_ROY_RANDOM_WITHIN_IDENTITY_V1,908ce1f927ae651f,81aa8abcd527466a,PAIRING_V1
subj07,fold_3,train,B:D,vis2img,70,214,150,630,V2I_ROY_RANDOM_WITHIN_IDENTITY_V1,908ce1f927ae651f,81aa8abcd527466a,PAIRING_V1
subj07,fold_3,train,B:D,vis2img,93,237,184,664,V2I_ROY_RANDOM_WITHIN_IDENTITY_V1,908ce1f927ae651f,81aa8abcd527466a,PAIRING_V1
subj07,fold_3,train,B:K,vis2img,55,199,168,648,V2I_ROY_RANDOM_WITHIN_IDENTITY_V1,908ce1f927ae651f,f2928bb11949688c,PAIRING_V1
subj07,fold_3,train,B:K,vis2img,67,211,187,667,V2I_ROY_RANDOM_WITHIN_IDENTITY_V1,908ce1f927ae651f,f2928bb11949688c,PAIRING_V1
subj07,fold_3,train,B:K,vis2img,78,222,176,656,V2I_ROY_RANDOM_WITHIN_IDENTITY_V1,908ce1f927ae651f,f2928bb11949688c,PAIRING_V1
subj07,fold_3,train,B:K,vis2img,91,235,178,658,V2I_ROY_RANDOM_WITHIN_IDENTITY_V1,908ce1f927ae651f,f2928bb11949688c,PAIRING_V1
subj07,fold_3,train,B:T,vis2img,52,196,180,660,V2I_ROY_RANDOM_WITHIN_IDENTITY_V1,908ce1f927ae651f,728139d805325c85,PAIRING_V1
subj07,fold_3,train,B:T,vis2img,74,218,190,670,V2I_ROY_RANDOM_WITHIN_IDENTITY_V1,908ce1f927ae651f,728139d805325c85,PAIRING_V1
subj07,fold_3,train,B:T,vis2img,88,232,162,642,V2I_ROY_RANDOM_WITHIN_IDENTITY_V1,908ce1f927ae651f,728139d805325c85,PAIRING_V1
subj07,fold_3,train,B:T,vis2img,92,236,182,662,V2I_ROY_RANDOM_WITHIN_IDENTITY_V1,908ce1f927ae651f,728139d805325c85,PAIRING_V1
subj07,fold_3,train,B:W,vis2img,50,194,181,661,V2I_ROY_RANDOM_WITHIN_IDENTITY_V1,908ce1f927ae651f,cac94b05bb779281,PAIRING_V1
subj07,fold_3,train,B:W,vis2img,56,200,177,657,V2I_ROY_RANDOM_WITHIN_IDENTITY_V1,908ce1f927ae651f,cac94b05bb779281,PAIRING_V1
subj07,fold_3,train,B:W,vis2img,75,219,153,633,V2I_ROY_RANDOM_WITHIN_IDENTITY_V1,908ce1f927ae651f,cac94b05bb779281,PAIRING_V1
subj07,fold_3,train,B:W,vis2img,87,231,171,651,V2I_ROY_RANDOM_WITHIN_IDENTITY_V1,908ce1f927ae651f,cac94b05bb779281,PAIRING_V1
subj07,fold_3,val,A:E,vis2img,43,43,120,600,V2I_ROY_RANDOM_WITHIN_IDENTITY_V1,908ce1f927ae651f,9ea7077cc8a0c76b,PAIRING_V1
subj07,fold_3,val,A:E,vis2img,47,47,118,598,V2I_ROY_RANDOM_WITHIN_IDENTITY_V1,908ce1f927ae651f,9ea7077cc8a0c76b,PAIRING_V1
subj07,fold_3,val,A:H,vis2img,2,2,129,609,V2I_ROY_RANDOM_WITHIN_IDENTITY_V1,908ce1f927ae651f,da5cfaee2fe89386,PAIRING_V1
subj07,fold_3,val,A:H,vis2img,28,28,140,620,V2I_ROY_RANDOM_WITHIN_IDENTITY_V1,908ce1f927ae651f,da5cfaee2fe89386,PAIRING_V1
subj07,fold_3,val,A:L,vis2img,36,36,135,615,V2I_ROY_RANDOM_WITHIN_IDENTITY_V1,908ce1f927ae651f,c7cc675f62f6be1d,PAIRING_V1
subj07,fold_3,val,A:L,vis2img,42,42,117,597,V2I_ROY_RANDOM_WITHIN_IDENTITY_V1,908ce1f927ae651f,c7cc675f62f6be1d,PAIRING_V1
subj07,fold_3,val,A:P,vis2img,20,20,143,623,V2I_ROY_RANDOM_WITHIN_IDENTITY_V1,908ce1f927ae651f,337a702b5ed3ae2b,PAIRING_V1
subj07,fold_3,val,A:P,vis2img,41,41,112,592,V2I_ROY_RANDOM_WITHIN_IDENTITY_V1,908ce1f927ae651f,337a702b5ed3ae2b,PAIRING_V1
subj07,fold_3,val,A:R,vis2img,25,25,142,622,V2I_ROY_RANDOM_WITHIN_IDENTITY_V1,908ce1f927ae651f,0c92aa78a4deb88a,PAIRING_V1
subj07,fold_3,val,A:R,vis2img,39,39,133,613,V2I_ROY_RANDOM_WITHIN_IDENTITY_V1,908ce1f927ae651f,0c92aa78a4deb88a,PAIRING_V1
subj07,fold_3,val,A:V,vis2img,15,15,106,586,V2I_ROY_RANDOM_WITHIN_IDENTITY_V1,908ce1f927ae651f,c973264a9ed714f5,PAIRING_V1
subj07,fold_3,val,A:V,vis2img,19,19,100,580,V2I_ROY_RANDOM_WITHIN_IDENTITY_V1,908ce1f927ae651f,c973264a9ed714f5,PAIRING_V1
subj07,fold_3,val,B:B,vis2img,53,197,161,641,V2I_ROY_RANDOM_WITHIN_IDENTITY_V1,908ce1f927ae651f,3808248fa60cd843,PAIRING_V1
subj07,fold_3,val,B:B,vis2img,89,233,185,665,V2I_ROY_RANDOM_WITHIN_IDENTITY_V1,908ce1f927ae651f,3808248fa60cd843,PAIRING_V1
subj07,fold_3,val,B:C,vis2img,62,206,146,626,V2I_ROY_RANDOM_WITHIN_IDENTITY_V1,908ce1f927ae651f,da277ccac6f92b4e,PAIRING_V1
subj07,fold_3,val,B:C,vis2img,90,234,148,628,V2I_ROY_RANDOM_WITHIN_IDENTITY_V1,908ce1f927ae651f,da277ccac6f92b4e,PAIRING_V1
subj07,fold_3,val,B:D,vis2img,68,212,188,668,V2I_ROY_RANDOM_WITHIN_IDENTITY_V1,908ce1f927ae651f,ffca9e624f8ea944,PAIRING_V1
subj07,fold_3,val,B:D,vis2img,81,225,169,649,V2I_ROY_RANDOM_WITHIN_IDENTITY_V1,908ce1f927ae651f,ffca9e624f8ea944,PAIRING_V1
subj07,fold_3,val,B:K,vis2img,59,203,189,669,V2I_ROY_RANDOM_WITHIN_IDENTITY_V1,908ce1f927ae651f,4fbfdc99ce72e776,PAIRING_V1
subj07,fold_3,val,B:K,vis2img,82,226,149,629,V2I_ROY_RANDOM_WITHIN_IDENTITY_V1,908ce1f927ae651f,4fbfdc99ce72e776,PAIRING_V1
subj07,fold_3,val,B:T,vis2img,60,204,159,639,V2I_ROY_RANDOM_WITHIN_IDENTITY_V1,908ce1f927ae651f,98ce8996266cc911,PAIRING_V1
subj07,fold_3,val,B:T,vis2img,95,239,170,650,V2I_ROY_RANDOM_WITHIN_IDENTITY_V1,908ce1f927ae651f,98ce8996266cc911,PAIRING_V1
subj07,fold_3,val,B:W,vis2img,72,216,175,655,V2I_ROY_RANDOM_WITHIN_IDENTITY_V1,908ce1f927ae651f,8aeed10fd9b489a1,PAIRING_V1
subj07,fold_3,val,B:W,vis2img,77,221,164,644,V2I_ROY_RANDOM_WITHIN_IDENTITY_V1,908ce1f927ae651f,8aeed10fd9b489a1,PAIRING_V1
subj07,fold_3,test,A:E,vis2img,9,9,123,603,V2I_ROY_RANDOM_WITHIN_IDENTITY_V1,908ce1f927ae651f,a3e4d8871acbf364,PAIRING_V1
subj07,fold_3,test,A:E,vis2img,38,38,107,587,V2I_ROY_RANDOM_WITHIN_IDENTITY_V1,908ce1f927ae651f,a3e4d8871acbf364,PAIRING_V1
subj07,fold_3,test,A:H,vis2img,18,18,104,584,V2I_ROY_RANDOM_WITHIN_IDENTITY_V1,908ce1f927ae651f,92f45fdc7da10a2b,PAIRING_V1
subj07,fold_3,test,A:H,vis2img,21,21,121,601,V2I_ROY_RANDOM_WITHIN_IDENTITY_V1,908ce1f927ae651f,92f45fdc7da10a2b,PAIRING_V1
subj07,fold_3,test,A:L,vis2img,7,7,115,595,V2I_ROY_RANDOM_WITHIN_IDENTITY_V1,908ce1f927ae651f,901044ea1640a00a,PAIRING_V1
subj07,fold_3,test,A:L,vis2img,29,29,99,579,V2I_ROY_RANDOM_WITHIN_IDENTITY_V1,908ce1f927ae651f,901044ea1640a00a,PAIRING_V1
subj07,fold_3,test,A:P,vis2img,11,11,122,602,V2I_ROY_RANDOM_WITHIN_IDENTITY_V1,908ce1f927ae651f,2adc95ba796a263b,PAIRING_V1
subj07,fold_3,test,A:P,vis2img,37,37,141,621,V2I_ROY_RANDOM_WITHIN_IDENTITY_V1,908ce1f927ae651f,2adc95ba796a263b,PAIRING_V1
subj07,fold_3,test,A:R,vis2img,5,5,103,583,V2I_ROY_RANDOM_WITHIN_IDENTITY_V1,908ce1f927ae651f,0483c54a0a2d9cd8,PAIRING_V1
subj07,fold_3,test,A:R,vis2img,44,44,136,616,V2I_ROY_RANDOM_WITHIN_IDENTITY_V1,908ce1f927ae651f,0483c54a0a2d9cd8,PAIRING_V1
subj07,fold_3,test,A:V,vis2img,31,31,132,612,V2I_ROY_RANDOM_WITHIN_IDENTITY_V1,908ce1f927ae651f,22019f9aff50def4,PAIRING_V1
subj07,fold_3,test,A:V,vis2img,33,33,128,608,V2I_ROY_RANDOM_WITHIN_IDENTITY_V1,908ce1f927ae651f,22019f9aff50def4,PAIRING_V1
subj07,fold_3,test,B:B,vis2img,83,227,179,659,V2I_ROY_RANDOM_WITHIN_IDENTITY_V1,908ce1f927ae651f,223d5255b284bdb4,PAIRING_V1
subj07,fold_3,test,B:B,vis2img,85,229,173,653,V2I_ROY_RANDOM_WITHIN_IDENTITY_V1,908ce1f927ae651f,223d5255b284bdb4,PAIRING_V1
subj07,fold_3,test,B:C,vis2img,49,193,158,638,V2I_ROY_RANDOM_WITHIN_IDENTITY_V1,908ce1f927ae651f,c9c0409dc811c775,PAIRING_V1
subj07,fold_3,test,B:C,vis2img,73,217,186,666,V2I_ROY_RANDOM_WITHIN_IDENTITY_V1,908ce1f927ae651f,c9c0409dc811c775,PAIRING_V1
subj07,fold_3,test,B:D,vis2img,61,205,174,654,V2I_ROY_RANDOM_WITHIN_IDENTITY_V1,908ce1f927ae651f,20241ebe72e90bcc,PAIRING_V1
subj07,fold_3,test,B:D,vis2img,65,209,155,635,V2I_ROY_RANDOM_WITHIN_IDENTITY_V1,908ce1f927ae651f,20241ebe72e90bcc,PAIRING_V1
subj07,fold_3,test,B:K,vis2img,57,201,154,634,V2I_ROY_RANDOM_WITHIN_IDENTITY_V1,908ce1f927ae651f,7ba857d4287c712f,PAIRING_V1
subj07,fold_3,test,B:K,vis2img,84,228,152,632,V2I_ROY_RANDOM_WITHIN_IDENTITY_V1,908ce1f927ae651f,7ba857d4287c712f,PAIRING_V1
subj07,fold_3,test,B:T,vis2img,69,213,166,646,V2I_ROY_RANDOM_WITHIN_IDENTITY_V1,908ce1f927ae651f,d9b35a676e056170,PAIRING_V1
subj07,fold_3,test,B:T,vis2img,80,224,147,627,V2I_ROY_RANDOM_WITHIN_IDENTITY_V1,908ce1f927ae651f,d9b35a676e056170,PAIRING_V1
subj07,fold_3,test,B:W,vis2img,48,192,145,625,V2I_ROY_RANDOM_WITHIN_IDENTITY_V1,908ce1f927ae651f,649402458f837fe1,PAIRING_V1
subj07,fold_3,test,B:W,vis2img,63,207,183,663,V2I_ROY_RANDOM_WITHIN_IDENTITY_V1,908ce1f927ae651f,649402458f837fe1,PAIRING_V1
subj08,fold_0,train,A:E,vis2img,26,26,116,596,V2I_ROY_RANDOM_WITHIN_IDENTITY_V1,908ce1f927ae651f,582412dad79530d5,PAIRING_V1
subj08,fold_0,train,A:E,vis2img,32,32,118,598,V2I_ROY_RANDOM_WITHIN_IDENTITY_V1,908ce1f927ae651f,582412dad79530d5,PAIRING_V1
subj08,fold_0,train,A:E,vis2img,43,43,120,600,V2I_ROY_RANDOM_WITHIN_IDENTITY_V1,908ce1f927ae651f,582412dad79530d5,PAIRING_V1
subj08,fold_0,train,A:E,vis2img,47,47,111,591,V2I_ROY_RANDOM_WITHIN_IDENTITY_V1,908ce1f927ae651f,582412dad79530d5,PAIRING_V1
subj08,fold_0,train,A:H,vis2img,2,2,125,605,V2I_ROY_RANDOM_WITHIN_IDENTITY_V1,908ce1f927ae651f,77b339780ce63de5,PAIRING_V1
subj08,fold_0,train,A:H,vis2img,10,10,129,609,V2I_ROY_RANDOM_WITHIN_IDENTITY_V1,908ce1f927ae651f,77b339780ce63de5,PAIRING_V1
subj08,fold_0,train,A:H,vis2img,14,14,140,620,V2I_ROY_RANDOM_WITHIN_IDENTITY_V1,908ce1f927ae651f,77b339780ce63de5,PAIRING_V1
subj08,fold_0,train,A:H,vis2img,28,28,134,614,V2I_ROY_RANDOM_WITHIN_IDENTITY_V1,908ce1f927ae651f,77b339780ce63de5,PAIRING_V1
subj08,fold_0,train,A:L,vis2img,12,12,135,615,V2I_ROY_RANDOM_WITHIN_IDENTITY_V1,908ce1f927ae651f,2a6864e7c7d7e72c,PAIRING_V1
subj08,fold_0,train,A:L,vis2img,27,27,96,576,V2I_ROY_RANDOM_WITHIN_IDENTITY_V1,908ce1f927ae651f,2a6864e7c7d7e72c,PAIRING_V1
subj08,fold_0,train,A:L,vis2img,36,36,117,597,V2I_ROY_RANDOM_WITHIN_IDENTITY_V1,908ce1f927ae651f,2a6864e7c7d7e72c,PAIRING_V1
subj08,fold_0,train,A:L,vis2img,42,42,126,606,V2I_ROY_RANDOM_WITHIN_IDENTITY_V1,908ce1f927ae651f,2a6864e7c7d7e72c,PAIRING_V1
subj08,fold_0,train,A:P,vis2img,8,8,130,610,V2I_ROY_RANDOM_WITHIN_IDENTITY_V1,908ce1f927ae651f,522818743bd7766d,PAIRING_V1
subj08,fold_0,train,A:P,vis2img,13,13,112,592,V2I_ROY_RANDOM_WITHIN_IDENTITY_V1,908ce1f927ae651f,522818743bd7766d,PAIRING_V1
subj08,fold_0,train,A:P,vis2img,20,20,143,623,V2I_ROY_RANDOM_WITHIN_IDENTITY_V1,908ce1f927ae651f,522818743bd7766d,PAIRING_V1
subj08,fold_0,train,A:P,vis2img,41,41,127,607,V2I_ROY_RANDOM_WITHIN_IDENTITY_V1,908ce1f927ae651f,522818743bd7766d,PAIRING_V1
subj08,fold_0,train,A:R,vis2img,22,22,133,613,V2I_ROY_RANDOM_WITHIN_IDENTITY_V1,908ce1f927ae651f,ddd245c5445202d1,PAIRING_V1
subj08,fold_0,train,A:R,vis2img,25,25,105,585,V2I_ROY_RANDOM_WITHIN_IDENTITY_V1,908ce1f927ae651f,ddd245c5445202d1,PAIRING_V1
subj08,fold_0,train,A:R,vis2img,30,30,142,622,V2I_ROY_RANDOM_WITHIN_IDENTITY_V1,908ce1f927ae651f,ddd245c5445202d1,PAIRING_V1
subj08,fold_0,train,A:R,vis2img,39,39,98,578,V2I_ROY_RANDOM_WITHIN_IDENTITY_V1,908ce1f927ae651f,ddd245c5445202d1,PAIRING_V1
subj08,fold_0,train,A:V,vis2img,1,1,100,580,V2I_ROY_RANDOM_WITHIN_IDENTITY_V1,908ce1f927ae651f,758dc3669a898119,PAIRING_V1
subj08,fold_0,train,A:V,vis2img,3,3,106,586,V2I_ROY_RANDOM_WITHIN_IDENTITY_V1,908ce1f927ae651f,758dc3669a898119,PAIRING_V1
subj08,fold_0,train,A:V,vis2img,15,15,97,577,V2I_ROY_RANDOM_WITHIN_IDENTITY_V1,908ce1f927ae651f,758dc3669a898119,PAIRING_V1
subj08,fold_0,train,A:V,vis2img,19,19,109,589,V2I_ROY_RANDOM_WITHIN_IDENTITY_V1,908ce1f927ae651f,758dc3669a898119,PAIRING_V1
subj08,fold_0,train,B:B,vis2img,53,197,191,671,V2I_ROY_RANDOM_WITHIN_IDENTITY_V1,908ce1f927ae651f,d1be012092b224de,PAIRING_V1
subj08,fold_0,train,B:B,vis2img,66,210,161,641,V2I_ROY_RANDOM_WITHIN_IDENTITY_V1,908ce1f927ae651f,d1be012092b224de,PAIRING_V1
subj08,fold_0,train,B:B,vis2img,79,223,185,665,V2I_ROY_RANDOM_WITHIN_IDENTITY_V1,908ce1f927ae651f,d1be012092b224de,PAIRING_V1
subj08,fold_0,train,B:B,vis2img,89,233,144,624,V2I_ROY_RANDOM_WITHIN_IDENTITY_V1,908ce1f927ae651f,d1be012092b224de,PAIRING_V1
subj08,fold_0,train,B:C,vis2img,58,202,146,626,V2I_ROY_RANDOM_WITHIN_IDENTITY_V1,908ce1f927ae651f,5cbe175a8ccb7897,PAIRING_V1
subj08,fold_0,train,B:C,vis2img,62,206,151,631,V2I_ROY_RANDOM_WITHIN_IDENTITY_V1,908ce1f927ae651f,5cbe175a8ccb7897,PAIRING_V1
subj08,fold_0,train,B:C,vis2img,71,215,156,636,V2I_ROY_RANDOM_WITHIN_IDENTITY_V1,908ce1f927ae651f,5cbe175a8ccb7897,PAIRING_V1
subj08,fold_0,train,B:C,vis2img,90,234,148,628,V2I_ROY_RANDOM_WITHIN_IDENTITY_V1,908ce1f927ae651f,5cbe175a8ccb7897,PAIRING_V1
subj08,fold_0,train,B:D,vis2img,68,212,184,664,V2I_ROY_RANDOM_WITHIN_IDENTITY_V1,908ce1f927ae651f,bf644de15ccb24d5,PAIRING_V1
subj08,fold_0,train,B:D,vis2img,70,214,188,668,V2I_ROY_RANDOM_WITHIN_IDENTITY_V1,908ce1f927ae651f,bf644de15ccb24d5,PAIRING_V1
subj08,fold_0,train,B:D,vis2img,81,225,169,649,V2I_ROY_RANDOM_WITHIN_IDENTITY_V1,908ce1f927ae651f,bf644de15ccb24d5,PAIRING_V1
subj08,fold_0,train,B:D,vis2img,93,237,150,630,V2I_ROY_RANDOM_WITHIN_IDENTITY_V1,908ce1f927ae651f,bf644de15ccb24d5,PAIRING_V1
subj08,fold_0,train,B:K,vis2img,59,203,178,658,V2I_ROY_RANDOM_WITHIN_IDENTITY_V1,908ce1f927ae651f,ccf99f3526e9670b,PAIRING_V1
subj08,fold_0,train,B:K,vis2img,67,211,149,629,V2I_ROY_RANDOM_WITHIN_IDENTITY_V1,908ce1f927ae651f,ccf99f3526e9670b,PAIRING_V1
subj08,fold_0,train,B:K,vis2img,82,226,189,669,V2I_ROY_RANDOM_WITHIN_IDENTITY_V1,908ce1f927ae651f,ccf99f3526e9670b,PAIRING_V1
subj08,fold_0,train,B:K,vis2img,91,235,187,667,V2I_ROY_RANDOM_WITHIN_IDENTITY_V1,908ce1f927ae651f,ccf99f3526e9670b,PAIRING_V1
subj08,fold_0,train,B:T,vis2img,52,196,162,642,V2I_ROY_RANDOM_WITHIN_IDENTITY_V1,908ce1f927ae651f,231c68dfb42a8ef7,PAIRING_V1
subj08,fold_0,train,B:T,vis2img,60,204,159,639,V2I_ROY_RANDOM_WITHIN_IDENTITY_V1,908ce1f927ae651f,231c68dfb42a8ef7,PAIRING_V1
subj08,fold_0,train,B:T,vis2img,92,236,170,650,V2I_ROY_RANDOM_WITHIN_IDENTITY_V1,908ce1f927ae651f,231c68dfb42a8ef7,PAIRING_V1
subj08,fold_0,train,B:T,vis2img,95,239,190,670,V2I_ROY_RANDOM_WITHIN_IDENTITY_V1,908ce1f927ae651f,231c68dfb42a8ef7,PAIRING_V1
subj08,fold_0,train,B:W,vis2img,56,200,181,661,V2I_ROY_RANDOM_WITHIN_IDENTITY_V1,908ce1f927ae651f,71016e887c72298e,PAIRING_V1
subj08,fold_0,train,B:W,vis2img,72,216,177,657,V2I_ROY_RANDOM_WITHIN_IDENTITY_V1,908ce1f927ae651f,71016e887c72298e,PAIRING_V1
subj08,fold_0,train,B:W,vis2img,75,219,175,655,V2I_ROY_RANDOM_WITHIN_IDENTITY_V1,908ce1f927ae651f,71016e887c72298e,PAIRING_V1
subj08,fold_0,train,B:W,vis2img,77,221,164,644,V2I_ROY_RANDOM_WITHIN_IDENTITY_V1,908ce1f927ae651f,71016e887c72298e,PAIRING_V1
subj08,fold_0,val,A:E,vis2img,9,9,123,603,V2I_ROY_RANDOM_WITHIN_IDENTITY_V1,908ce1f927ae651f,c82411e2ff5bd0d6,PAIRING_V1
subj08,fold_0,val,A:E,vis2img,38,38,107,587,V2I_ROY_RANDOM_WITHIN_IDENTITY_V1,908ce1f927ae651f,c82411e2ff5bd0d6,PAIRING_V1
subj08,fold_0,val,A:H,vis2img,18,18,104,584,V2I_ROY_RANDOM_WITHIN_IDENTITY_V1,908ce1f927ae651f,a7e84942813ce7f7,PAIRING_V1
subj08,fold_0,val,A:H,vis2img,21,21,121,601,V2I_ROY_RANDOM_WITHIN_IDENTITY_V1,908ce1f927ae651f,a7e84942813ce7f7,PAIRING_V1
subj08,fold_0,val,A:L,vis2img,7,7,115,595,V2I_ROY_RANDOM_WITHIN_IDENTITY_V1,908ce1f927ae651f,10cee167ac5fe9e7,PAIRING_V1
subj08,fold_0,val,A:L,vis2img,29,29,99,579,V2I_ROY_RANDOM_WITHIN_IDENTITY_V1,908ce1f927ae651f,10cee167ac5fe9e7,PAIRING_V1
subj08,fold_0,val,A:P,vis2img,11,11,141,621,V2I_ROY_RANDOM_WITHIN_IDENTITY_V1,908ce1f927ae651f,a4c484a1021b8f67,PAIRING_V1
subj08,fold_0,val,A:P,vis2img,37,37,122,602,V2I_ROY_RANDOM_WITHIN_IDENTITY_V1,908ce1f927ae651f,a4c484a1021b8f67,PAIRING_V1
subj08,fold_0,val,A:R,vis2img,5,5,103,583,V2I_ROY_RANDOM_WITHIN_IDENTITY_V1,908ce1f927ae651f,87105f254c93f250,PAIRING_V1
subj08,fold_0,val,A:R,vis2img,44,44,136,616,V2I_ROY_RANDOM_WITHIN_IDENTITY_V1,908ce1f927ae651f,87105f254c93f250,PAIRING_V1
subj08,fold_0,val,A:V,vis2img,31,31,128,608,V2I_ROY_RANDOM_WITHIN_IDENTITY_V1,908ce1f927ae651f,2e4bcda38a0ab31c,PAIRING_V1
subj08,fold_0,val,A:V,vis2img,33,33,132,612,V2I_ROY_RANDOM_WITHIN_IDENTITY_V1,908ce1f927ae651f,2e4bcda38a0ab31c,PAIRING_V1
subj08,fold_0,val,B:B,vis2img,83,227,173,653,V2I_ROY_RANDOM_WITHIN_IDENTITY_V1,908ce1f927ae651f,97126a5e6e962370,PAIRING_V1
subj08,fold_0,val,B:B,vis2img,85,229,179,659,V2I_ROY_RANDOM_WITHIN_IDENTITY_V1,908ce1f927ae651f,97126a5e6e962370,PAIRING_V1
subj08,fold_0,val,B:C,vis2img,49,193,158,638,V2I_ROY_RANDOM_WITHIN_IDENTITY_V1,908ce1f927ae651f,ba7ef28f6718ad4b,PAIRING_V1
subj08,fold_0,val,B:C,vis2img,73,217,186,666,V2I_ROY_RANDOM_WITHIN_IDENTITY_V1,908ce1f927ae651f,ba7ef28f6718ad4b,PAIRING_V1
subj08,fold_0,val,B:D,vis2img,61,205,155,635,V2I_ROY_RANDOM_WITHIN_IDENTITY_V1,908ce1f927ae651f,117940ce974d7393,PAIRING_V1
subj08,fold_0,val,B:D,vis2img,65,209,174,654,V2I_ROY_RANDOM_WITHIN_IDENTITY_V1,908ce1f927ae651f,117940ce974d7393,PAIRING_V1
subj08,fold_0,val,B:K,vis2img,57,201,152,632,V2I_ROY_RANDOM_WITHIN_IDENTITY_V1,908ce1f927ae651f,dc062702616ba475,PAIRING_V1
subj08,fold_0,val,B:K,vis2img,84,228,154,634,V2I_ROY_RANDOM_WITHIN_IDENTITY_V1,908ce1f927ae651f,dc062702616ba475,PAIRING_V1
subj08,fold_0,val,B:T,vis2img,69,213,147,627,V2I_ROY_RANDOM_WITHIN_IDENTITY_V1,908ce1f927ae651f,e182a62e3f7000cc,PAIRING_V1
subj08,fold_0,val,B:T,vis2img,80,224,166,646,V2I_ROY_RANDOM_WITHIN_IDENTITY_V1,908ce1f927ae651f,e182a62e3f7000cc,PAIRING_V1
subj08,fold_0,val,B:W,vis2img,48,192,183,663,V2I_ROY_RANDOM_WITHIN_IDENTITY_V1,908ce1f927ae651f,478af9db9557317d,PAIRING_V1
subj08,fold_0,val,B:W,vis2img,63,207,145,625,V2I_ROY_RANDOM_WITHIN_IDENTITY_V1,908ce1f927ae651f,478af9db9557317d,PAIRING_V1
subj08,fold_0,test,A:E,vis2img,6,6,138,618,V2I_ROY_RANDOM_WITHIN_IDENTITY_V1,908ce1f927ae651f,35636e7fb4284e85,PAIRING_V1
subj08,fold_0,test,A:E,vis2img,23,23,114,594,V2I_ROY_RANDOM_WITHIN_IDENTITY_V1,908ce1f927ae651f,35636e7fb4284e85,PAIRING_V1
subj08,fold_0,test,A:H,vis2img,24,24,119,599,V2I_ROY_RANDOM_WITHIN_IDENTITY_V1,908ce1f927ae651f,be88a35f17bcd2b3,PAIRING_V1
subj08,fold_0,test,A:H,vis2img,35,35,113,593,V2I_ROY_RANDOM_WITHIN_IDENTITY_V1,908ce1f927ae651f,be88a35f17bcd2b3,PAIRING_V1
subj08,fold_0,test,A:L,vis2img,0,0,110,590,V2I_ROY_RANDOM_WITHIN_IDENTITY_V1,908ce1f927ae651f,eaddb8efa948cad5,PAIRING_V1
subj08,fold_0,test,A:L,vis2img,4,4,131,611,V2I_ROY_RANDOM_WITHIN_IDENTITY_V1,908ce1f927ae651f,eaddb8efa948cad5,PAIRING_V1
subj08,fold_0,test,A:P,vis2img,16,16,101,581,V2I_ROY_RANDOM_WITHIN_IDENTITY_V1,908ce1f927ae651f,0d341e97beee6f1c,PAIRING_V1
subj08,fold_0,test,A:P,vis2img,34,34,139,619,V2I_ROY_RANDOM_WITHIN_IDENTITY_V1,908ce1f927ae651f,0d341e97beee6f1c,PAIRING_V1
subj08,fold_0,test,A:R,vis2img,17,17,108,588,V2I_ROY_RANDOM_WITHIN_IDENTITY_V1,908ce1f927ae651f,c37e0cdee078c0c0,PAIRING_V1
subj08,fold_0,test,A:R,vis2img,46,46,124,604,V2I_ROY_RANDOM_WITHIN_IDENTITY_V1,908ce1f927ae651f,c37e0cdee078c0c0,PAIRING_V1
subj08,fold_0,test,A:V,vis2img,40,40,137,617,V2I_ROY_RANDOM_WITHIN_IDENTITY_V1,908ce1f927ae651f,c4909d74bfe5c3a0,PAIRING_V1
subj08,fold_0,test,A:V,vis2img,45,45,102,582,V2I_ROY_RANDOM_WITHIN_IDENTITY_V1,908ce1f927ae651f,c4909d74bfe5c3a0,PAIRING_V1
subj08,fold_0,test,B:B,vis2img,76,220,167,647,V2I_ROY_RANDOM_WITHIN_IDENTITY_V1,908ce1f927ae651f,fd865dd4dbb16737,PAIRING_V1
subj08,fold_0,test,B:B,vis2img,94,238,165,645,V2I_ROY_RANDOM_WITHIN_IDENTITY_V1,908ce1f927ae651f,fd865dd4dbb16737,PAIRING_V1
subj08,fold_0,test,B:C,vis2img,64,208,163,643,V2I_ROY_RANDOM_WITHIN_IDENTITY_V1,908ce1f927ae651f,96c05a6f039226da,PAIRING_V1
subj08,fold_0,test,B:C,vis2img,86,230,172,652,V2I_ROY_RANDOM_WITHIN_IDENTITY_V1,908ce1f927ae651f,96c05a6f039226da,PAIRING_V1
subj08,fold_0,test,B:D,vis2img,51,195,157,637,V2I_ROY_RANDOM_WITHIN_IDENTITY_V1,908ce1f927ae651f,f97f7ec92522810e,PAIRING_V1
subj08,fold_0,test,B:D,vis2img,54,198,160,640,V2I_ROY_RANDOM_WITHIN_IDENTITY_V1,908ce1f927ae651f,f97f7ec92522810e,PAIRING_V1
subj08,fold_0,test,B:K,vis2img,55,199,176,656,V2I_ROY_RANDOM_WITHIN_IDENTITY_V1,908ce1f927ae651f,25cce203d4596cfc,PAIRING_V1
subj08,fold_0,test,B:K,vis2img,78,222,168,648,V2I_ROY_RANDOM_WITHIN_IDENTITY_V1,908ce1f927ae651f,25cce203d4596cfc,PAIRING_V1
subj08,fold_0,test,B:T,vis2img,74,218,180,660,V2I_ROY_RANDOM_WITHIN_IDENTITY_V1,908ce1f927ae651f,fce604fe45a78f5b,PAIRING_V1
subj08,fold_0,test,B:T,vis2img,88,232,182,662,V2I_ROY_RANDOM_WITHIN_IDENTITY_V1,908ce1f927ae651f,fce604fe45a78f5b,PAIRING_V1
subj08,fold_0,test,B:W,vis2img,50,194,171,651,V2I_ROY_RANDOM_WITHIN_IDENTITY_V1,908ce1f927ae651f,d52f5f1be5f0b7f5,PAIRING_V1
subj08,fold_0,test,B:W,vis2img,87,231,153,633,V2I_ROY_RANDOM_WITHIN_IDENTITY_V1,908ce1f927ae651f,d52f5f1be5f0b7f5,PAIRING_V1
subj08,fold_1,train,A:E,vis2img,6,6,138,618,V2I_ROY_RANDOM_WITHIN_IDENTITY_V1,908ce1f927ae651f,ae6ddc7b5ce60506,PAIRING_V1
subj08,fold_1,train,A:E,vis2img,23,23,118,598,V2I_ROY_RANDOM_WITHIN_IDENTITY_V1,908ce1f927ae651f,ae6ddc7b5ce60506,PAIRING_V1
subj08,fold_1,train,A:E,vis2img,43,43,114,594,V2I_ROY_RANDOM_WITHIN_IDENTITY_V1,908ce1f927ae651f,ae6ddc7b5ce60506,PAIRING_V1
subj08,fold_1,train,A:E,vis2img,47,47,120,600,V2I_ROY_RANDOM_WITHIN_IDENTITY_V1,908ce1f927ae651f,ae6ddc7b5ce60506,PAIRING_V1
subj08,fold_1,train,A:H,vis2img,2,2,129,609,V2I_ROY_RANDOM_WITHIN_IDENTITY_V1,908ce1f927ae651f,f93485e990ba2924,PAIRING_V1
subj08,fold_1,train,A:H,vis2img,24,24,140,620,V2I_ROY_RANDOM_WITHIN_IDENTITY_V1,908ce1f927ae651f,f93485e990ba2924,PAIRING_V1
subj08,fold_1,train,A:H,vis2img,28,28,119,599,V2I_ROY_RANDOM_WITHIN_IDENTITY_V1,908ce1f927ae651f,f93485e990ba2924,PAIRING_V1
subj08,fold_1,train,A:H,vis2img,35,35,113,593,V2I_ROY_RANDOM_WITHIN_IDENTITY_V1,908ce1f927ae651f,f93485e990ba2924,PAIRING_V1
subj08,fold_1,train,A:L,vis2img,0,0,117,597,V2I_ROY_RANDOM_WITHIN_IDENTITY_V1,908ce1f927ae651f,e2dcb655220923ce,PAIRING_V1
subj08,fold_1,train,A:L,vis2img,4,4,135,615,V2I_ROY_RANDOM_WITHIN_IDENTITY_V1,908ce1f927ae651f,e2dcb655220923ce,PAIRING_V1
subj08,fold_1,train,A:L,vis2img,36,36,110,590,V2I_ROY_RANDOM_WITHIN_IDENTITY_V1,908ce1f927ae651f,e2dcb655220923ce,PAIRING_V1
subj08,fold_1,train,A:L,vis2img,42,42,131,611,V2I_ROY_RANDOM_WITHIN_IDENTITY_V1,908ce1f927ae651f,e2dcb655220923ce,PAIRING_V1
subj08,fold_1,train,A:P,vis2img,16,16,139,619,V2I_ROY_RANDOM_WITHIN_IDENTITY_V1,908ce1f927ae651f,6f651cbe35d8df50,PAIRING_V1
subj08,fold_1,train,A:P,vis2img,20,20,143,623,V2I_ROY_RANDOM_WITHIN_IDENTITY_V1,908ce1f927ae651f,6f651cbe35d8df50,PAIRING_V1
subj08,fold_1,train,A:P,vis2img,34,34,112,592,V2I_ROY_RANDOM_WITHIN_IDENTITY_V1,908ce1f927ae651f,6f651cbe35d8df50,PAIRING_V1
subj08,fold_1,train,A:P,vis2img,41,41,101,581,V2I_ROY_RANDOM_WITHIN_IDENTITY_V1,908ce1f927ae651f,6f651cbe35d8df50,PAIRING_V1
subj08,fold_1,train,A:R,vis2img,17,17,142,622,V2I_ROY_RANDOM_WITHIN_IDENTITY_V1,908ce1f927ae651f,0a1b51d4e5191962,PAIRING_V1
subj08,fold_1,train,A:R,vis2img,25,25,133,613,V2I_ROY_RANDOM_WITHIN_IDENTITY_V1,908ce1f927ae651f,0a1b51d4e5191962,PAIRING_V1
subj08,fold_1,train,A:R,vis2img,39,39,108,588,V2I_ROY_RANDOM_WITHIN_IDENTITY_V1,908ce1f927ae651f,0a1b51d4e5191962,PAIRING_V1
subj08,fold_1,train,A:R,vis2img,46,46,124,604,V2I_ROY_RANDOM_WITHIN_IDENTITY_V1,908ce1f927ae651f,0a1b51d4e5191962,PAIRING_V1
subj08,fold_1,train,A:V,vis2img,15,15,137,617,V2I_ROY_RANDOM_WITHIN_IDENTITY_V1,908ce1f927ae651f,ed986ff394655de4,PAIRING_V1
subj08,fold_1,train,A:V,vis2img,19,19,102,582,V2I_ROY_RANDOM_WITHIN_IDENTITY_V1,908ce1f927ae651f,ed986ff394655de4,PAIRING_V1
subj08,fold_1,train,A:V,vis2img,40,40,106,586,V2I_ROY_RANDOM_WITHIN_IDENTITY_V1,908ce1f927ae651f,ed986ff394655de4,PAIRING_V1
subj08,fold_1,train,A:V,vis2img,45,45,100,580,V2I_ROY_RANDOM_WITHIN_IDENTITY_V1,908ce1f927ae651f,ed986ff394655de4,PAIRING_V1
subj08,fold_1,train,B:B,vis2img,53,197,185,665,V2I_ROY_RANDOM_WITHIN_IDENTITY_V1,908ce1f927ae651f,94087b5405587afa,PAIRING_V1
subj08,fold_1,train,B:B,vis2img,76,220,165,645,V2I_ROY_RANDOM_WITHIN_IDENTITY_V1,908ce1f927ae651f,94087b5405587afa,PAIRING_V1
subj08,fold_1,train,B:B,vis2img,89,233,167,647,V2I_ROY_RANDOM_WITHIN_IDENTITY_V1,908ce1f927ae651f,94087b5405587afa,PAIRING_V1
subj08,fold_1,train,B:B,vis2img,94,238,161,641,V2I_ROY_RANDOM_WITHIN_IDENTITY_V1,908ce1f927ae651f,94087b5405587afa,PAIRING_V1
subj08,fold_1,train,B:C,vis2img,62,206,146,626,V2I_ROY_RANDOM_WITHIN_IDENTITY_V1,908ce1f927ae651f,f1a2ea847dad27f9,PAIRING_V1
subj08,fold_1,train,B:C,vis2img,64,208,163,643,V2I_ROY_RANDOM_WITHIN_IDENTITY_V1,908ce1f927ae651f,f1a2ea847dad27f9,PAIRING_V1
subj08,fold_1,train,B:C,vis2img,86,230,148,628,V2I_ROY_RANDOM_WITHIN_IDENTITY_V1,908ce1f927ae651f,f1a2ea847dad27f9,PAIRING_V1
subj08,fold_1,train,B:C,vis2img,90,234,172,652,V2I_ROY_RANDOM_WITHIN_IDENTITY_V1,908ce1f927ae651f,f1a2ea847dad27f9,PAIRING_V1
subj08,fold_1,train,B:D,vis2img,51,195,169,649,V2I_ROY_RANDOM_WITHIN_IDENTITY_V1,908ce1f927ae651f,a96f78b415214572,PAIRING_V1
subj08,fold_1,train,B:D,vis2img,54,198,160,640,V2I_ROY_RANDOM_WITHIN_IDENTITY_V1,908ce1f927ae651f,a96f78b415214572,PAIRING_V1
subj08,fold_1,train,B:D,vis2img,68,212,188,668,V2I_ROY_RANDOM_WITHIN_IDENTITY_V1,908ce1f927ae651f,a96f78b415214572,PAIRING_V1
subj08,fold_1,train,B:D,vis2img,81,225,157,637,V2I_ROY_RANDOM_WITHIN_IDENTITY_V1,908ce1f927ae651f,a96f78b415214572,PAIRING_V1
subj08,fold_1,train,B:K,vis2img,55,199,168,648,V2I_ROY_RANDOM_WITHIN_IDENTITY_V1,908ce1f927ae651f,73342c8352060dbe,PAIRING_V1
subj08,fold_1,train,B:K,vis2img,59,203,189,669,V2I_ROY_RANDOM_WITHIN_IDENTITY_V1,908ce1f927ae651f,73342c8352060dbe,PAIRING_V1
subj08,fold_1,train,B:K,vis2img,78,222,176,656,V2I_ROY_RANDOM_WITHIN_IDENTITY_V1,908ce1f927ae651f,73342c8352060dbe,PAIRING_V1
subj08,fold_1,train,B:K,vis2img,82,226,149,629,V2I_ROY_RANDOM_WITHIN_IDENTITY_V1,908ce1f927ae651f,73342c8352060dbe,PAIRING_V1
subj08,fold_1,train,B:T,vis2img,60,204,170,650,V2I_ROY_RANDOM_WITHIN_IDENTITY_V1,908ce1f927ae651f,8cf7925826d5329d,PAIRING_V1
subj08,fold_1,train,B:T,vis2img,74,218,180,660,V2I_ROY_RANDOM_WITHIN_IDENTITY_V1,908ce1f927ae651f,8cf7925826d5329d,PAIRING_V1
subj08,fold_1,train,B:T,vis2img,88,232,159,639,V2I_ROY_RANDOM_WITHIN_IDENTITY_V1,908ce1f927ae651f,8cf7925826d5329d,PAIRING_V1
subj08,fold_1,train,B:T,vis2img,95,239,182,662,V2I_ROY_RANDOM_WITHIN_IDENTITY_V1,908ce1f927ae651f,8cf7925826d5329d,PAIRING_V1
subj08,fold_1,train,B:W,vis2img,50,194,171,651,V2I_ROY_RANDOM_WITHIN_IDENTITY_V1,908ce1f927ae651f,32b824ec1129a5ff,PAIRING_V1
subj08,fold_1,train,B:W,vis2img,72,216,153,633,V2I_ROY_RANDOM_WITHIN_IDENTITY_V1,908ce1f927ae651f,32b824ec1129a5ff,PAIRING_V1
subj08,fold_1,train,B:W,vis2img,77,221,164,644,V2I_ROY_RANDOM_WITHIN_IDENTITY_V1,908ce1f927ae651f,32b824ec1129a5ff,PAIRING_V1
subj08,fold_1,train,B:W,vis2img,87,231,175,655,V2I_ROY_RANDOM_WITHIN_IDENTITY_V1,908ce1f927ae651f,32b824ec1129a5ff,PAIRING_V1
subj08,fold_1,val,A:E,vis2img,9,9,123,603,V2I_ROY_RANDOM_WITHIN_IDENTITY_V1,908ce1f927ae651f,602ee29144ce6cd1,PAIRING_V1
subj08,fold_1,val,A:E,vis2img,38,38,107,587,V2I_ROY_RANDOM_WITHIN_IDENTITY_V1,908ce1f927ae651f,602ee29144ce6cd1,PAIRING_V1
subj08,fold_1,val,A:H,vis2img,18,18,121,601,V2I_ROY_RANDOM_WITHIN_IDENTITY_V1,908ce1f927ae651f,0cb168ecdba8e207,PAIRING_V1
subj08,fold_1,val,A:H,vis2img,21,21,104,584,V2I_ROY_RANDOM_WITHIN_IDENTITY_V1,908ce1f927ae651f,0cb168ecdba8e207,PAIRING_V1
subj08,fold_1,val,A:L,vis2img,7,7,99,579,V2I_ROY_RANDOM_WITHIN_IDENTITY_V1,908ce1f927ae651f,b86a99597f9f054e,PAIRING_V1
subj08,fold_1,val,A:L,vis2img,29,29,115,595,V2I_ROY_RANDOM_WITHIN_IDENTITY_V1,908ce1f927ae651f,b86a99597f9f054e,PAIRING_V1
subj08,fold_1,val,A:P,vis2img,11,11,141,621,V2I_ROY_RANDOM_WITHIN_IDENTITY_V1,908ce1f927ae651f,355d273401c2a170,PAIRING_V1
subj08,fold_1,val,A:P,vis2img,37,37,122,602,V2I_ROY_RANDOM_WITHIN_IDENTITY_V1,908ce1f927ae651f,355d273401c2a170,PAIRING_V1
subj08,fold_1,val,A:R,vis2img,5,5,136,616,V2I_ROY_RANDOM_WITHIN_IDENTITY_V1,908ce1f927ae651f,a1e74ea7d090a79e,PAIRING_V1
subj08,fold_1,val,A:R,vis2img,44,44,103,583,V2I_ROY_RANDOM_WITHIN_IDENTITY_V1,908ce1f927ae651f,a1e74ea7d090a79e,PAIRING_V1
subj08,fold_1,val,A:V,vis2img,31,31,128,608,V2I_ROY_RANDOM_WITHIN_IDENTITY_V1,908ce1f927ae651f,388fb868a3220293,PAIRING_V1
subj08,fold_1,val,A:V,vis2img,33,33,132,612,V2I_ROY_RANDOM_WITHIN_IDENTITY_V1,908ce1f927ae651f,388fb868a3220293,PAIRING_V1
subj08,fold_1,val,B:B,vis2img,83,227,179,659,V2I_ROY_RANDOM_WITHIN_IDENTITY_V1,908ce1f927ae651f,6d1956cad3c3cbff,PAIRING_V1
subj08,fold_1,val,B:B,vis2img,85,229,173,653,V2I_ROY_RANDOM_WITHIN_IDENTITY_V1,908ce1f927ae651f,6d1956cad3c3cbff,PAIRING_V1
subj08,fold_1,val,B:C,vis2img,49,193,186,666,V2I_ROY_RANDOM_WITHIN_IDENTITY_V1,908ce1f927ae651f,de5a48707ecdf769,PAIRING_V1
subj08,fold_1,val,B:C,vis2img,73,217,158,638,V2I_ROY_RANDOM_WITHIN_IDENTITY_V1,908ce1f927ae651f,de5a48707ecdf769,PAIRING_V1
subj08,fold_1,val,B:D,vis2img,61,205,174,654,V2I_ROY_RANDOM_WITHIN_IDENTITY_V1,908ce1f927ae651f,06bbe97c8ae39b26,PAIRING_V1
subj08,fold_1,val,B:D,vis2img,65,209,155,635,V2I_ROY_RANDOM_WITHIN_IDENTITY_V1,908ce1f927ae651f,06bbe97c8ae39b26,PAIRING_V1
subj08,fold_1,val,B:K,vis2img,57,201,154,634,V2I_ROY_RANDOM_WITHIN_IDENTITY_V1,908ce1f927ae651f,857d5872efb3c7ba,PAIRING_V1
subj08,fold_1,val,B:K,vis2img,84,228,152,632,V2I_ROY_RANDOM_WITHIN_IDENTITY_V1,908ce1f927ae651f,857d5872efb3c7ba,PAIRING_V1
subj08,fold_1,val,B:T,vis2img,69,213,166,646,V2I_ROY_RANDOM_WITHIN_IDENTITY_V1,908ce1f927ae651f,2c6f3060ca0384fe,PAIRING_V1
subj08,fold_1,val,B:T,vis2img,80,224,147,627,V2I_ROY_RANDOM_WITHIN_IDENTITY_V1,908ce1f927ae651f,2c6f3060ca0384fe,PAIRING_V1
subj08,fold_1,val,B:W,vis2img,48,192,183,663,V2I_ROY_RANDOM_WITHIN_IDENTITY_V1,908ce1f927ae651f,699bbb36a00a4aca,PAIRING_V1
subj08,fold_1,val,B:W,vis2img,63,207,145,625,V2I_ROY_RANDOM_WITHIN_IDENTITY_V1,908ce1f927ae651f,699bbb36a00a4aca,PAIRING_V1
subj08,fold_1,test,A:E,vis2img,26,26,116,596,V2I_ROY_RANDOM_WITHIN_IDENTITY_V1,908ce1f927ae651f,96be7dcd436225b9,PAIRING_V1
subj08,fold_1,test,A:E,vis2img,32,32,111,591,V2I_ROY_RANDOM_WITHIN_IDENTITY_V1,908ce1f927ae651f,96be7dcd436225b9,PAIRING_V1
subj08,fold_1,test,A:H,vis2img,10,10,125,605,V2I_ROY_RANDOM_WITHIN_IDENTITY_V1,908ce1f927ae651f,87d9fe5f40de5ffa,PAIRING_V1
subj08,fold_1,test,A:H,vis2img,14,14,134,614,V2I_ROY_RANDOM_WITHIN_IDENTITY_V1,908ce1f927ae651f,87d9fe5f40de5ffa,PAIRING_V1
subj08,fold_1,test,A:L,vis2img,12,12,126,606,V2I_ROY_RANDOM_WITHIN_IDENTITY_V1,908ce1f927ae651f,df456c5a1b4d23a0,PAIRING_V1
subj08,fold_1,test,A:L,vis2img,27,27,96,576,V2I_ROY_RANDOM_WITHIN_IDENTITY_V1,908ce1f927ae651f,df456c5a1b4d23a0,PAIRING_V1
subj08,fold_1,test,A:P,vis2img,8,8,130,610,V2I_ROY_RANDOM_WITHIN_IDENTITY_V1,908ce1f927ae651f,6fb5d4055f035bae,PAIRING_V1
subj08,fold_1,test,A:P,vis2img,13,13,127,607,V2I_ROY_RANDOM_WITHIN_IDENTITY_V1,908ce1f927ae651f,6fb5d4055f035bae,PAIRING_V1
subj08,fold_1,test,A:R,vis2img,22,22,98,578,V2I_ROY_RANDOM_WITHIN_IDENTITY_V1,908ce1f927ae651f,a395ffda74e66ca8,PAIRING_V1
subj08,fold_1,test,A:R,vis2img,30,30,105,585,V2I_ROY_RANDOM_WITHIN_IDENTITY_V1,908ce1f927ae651f,a395ffda74e66ca8,PAIRING_V1
subj08,fold_1,test,A:V,vis2img,1,1,97,577,V2I_ROY_RANDOM_WITHIN_IDENTITY_V1,908ce1f927ae651f,12380fafe4d46604,PAIRING_V1
subj08,fold_1,test,A:V,vis2img,3,3,109,589,V2I_ROY_RANDOM_WITHIN_IDENTITY_V1,908ce1f927ae651f,12380fafe4d46604,PAIRING_V1
subj08,fold_1,test,B:B,vis2img,66,210,191,671,V2I_ROY_RANDOM_WITHIN_IDENTITY_V1,908ce1f927ae651f,a7890500e8645113,PAIRING_V1
subj08,fold_1,test,B:B,vis2img,79,223,144,624,V2I_ROY_RANDOM_WITHIN_IDENTITY_V1,908ce1f927ae651f,a7890500e8645113,PAIRING_V1
subj08,fold_1,test,B:C,vis2img,58,202,156,636,V2I_ROY_RANDOM_WITHIN_IDENTITY_V1,908ce1f927ae651f,72f86cec6cb7bfc9,PAIRING_V1
subj08,fold_1,test,B:C,vis2img,71,215,151,631,V2I_ROY_RANDOM_WITHIN_IDENTITY_V1,908ce1f927ae651f,72f86cec6cb7bfc9,PAIRING_V1
subj08,fold_1,test,B:D,vis2img,70,214,184,664,V2I_ROY_RANDOM_WITHIN_IDENTITY_V1,908ce1f927ae651f,feb0758df1bd706d,PAIRING_V1
subj08,fold_1,test,B:D,vis2img,93,237,150,630,V2I_ROY_RANDOM_WITHIN_IDENTITY_V1,908ce1f927ae651f,feb0758df1bd706d,PAIRING_V1
subj08,fold_1,test,B:K,vis2img,67,211,187,667,V2I_ROY_RANDOM_WITHIN_IDENTITY_V1,908ce1f927ae651f,60b280881e2eb88b,PAIRING_V1
subj08,fold_1,test,B:K,vis2img,91,235,178,658,V2I_ROY_RANDOM_WITHIN_IDENTITY_V1,908ce1f927ae651f,60b280881e2eb88b,PAIRING_V1
subj08,fold_1,test,B:T,vis2img,52,196,162,642,V2I_ROY_RANDOM_WITHIN_IDENTITY_V1,908ce1f927ae651f,daebeb7117a9edfa,PAIRING_V1
subj08,fold_1,test,B:T,vis2img,92,236,190,670,V2I_ROY_RANDOM_WITHIN_IDENTITY_V1,908ce1f927ae651f,daebeb7117a9edfa,PAIRING_V1
subj08,fold_1,test,B:W,vis2img,56,200,181,661,V2I_ROY_RANDOM_WITHIN_IDENTITY_V1,908ce1f927ae651f,ba8fcd332503e6ab,PAIRING_V1
subj08,fold_1,test,B:W,vis2img,75,219,177,657,V2I_ROY_RANDOM_WITHIN_IDENTITY_V1,908ce1f927ae651f,ba8fcd332503e6ab,PAIRING_V1
subj08,fold_2,train,A:E,vis2img,6,6,111,591,V2I_ROY_RANDOM_WITHIN_IDENTITY_V1,908ce1f927ae651f,29bbdb77a5cbd9c3,PAIRING_V1
subj08,fold_2,train,A:E,vis2img,23,23,116,596,V2I_ROY_RANDOM_WITHIN_IDENTITY_V1,908ce1f927ae651f,29bbdb77a5cbd9c3,PAIRING_V1
subj08,fold_2,train,A:E,vis2img,26,26,138,618,V2I_ROY_RANDOM_WITHIN_IDENTITY_V1,908ce1f927ae651f,29bbdb77a5cbd9c3,PAIRING_V1
subj08,fold_2,train,A:E,vis2img,32,32,114,594,V2I_ROY_RANDOM_WITHIN_IDENTITY_V1,908ce1f927ae651f,29bbdb77a5cbd9c3,PAIRING_V1
subj08,fold_2,train,A:H,vis2img,10,10,134,614,V2I_ROY_RANDOM_WITHIN_IDENTITY_V1,908ce1f927ae651f,532f8033e9642a86,PAIRING_V1
subj08,fold_2,train,A:H,vis2img,14,14,119,599,V2I_ROY_RANDOM_WITHIN_IDENTITY_V1,908ce1f927ae651f,532f8033e9642a86,PAIRING_V1
subj08,fold_2,train,A:H,vis2img,24,24,113,593,V2I_ROY_RANDOM_WITHIN_IDENTITY_V1,908ce1f927ae651f,532f8033e9642a86,PAIRING_V1
subj08,fold_2,train,A:H,vis2img,35,35,125,605,V2I_ROY_RANDOM_WITHIN_IDENTITY_V1,908ce1f927ae651f,532f8033e9642a86,PAIRING_V1
subj08,fold_2,train,A:L,vis2img,0,0,126,606,V2I_ROY_RANDOM_WITHIN_IDENTITY_V1,908ce1f927ae651f,0e44153828c4d661,PAIRING_V1
subj08,fold_2,train,A:L,vis2img,4,4,110,590,V2I_ROY_RANDOM_WITHIN_IDENTITY_V1,908ce1f927ae651f,0e44153828c4d661,PAIRING_V1
subj08,fold_2,train,A:L,vis2img,12,12,96,576,V2I_ROY_RANDOM_WITHIN_IDENTITY_V1,908ce1f927ae651f,0e44153828c4d661,PAIRING_V1
subj08,fold_2,train,A:L,vis2img,27,27,131,611,V2I_ROY_RANDOM_WITHIN_IDENTITY_V1,908ce1f927ae651f,0e44153828c4d661,PAIRING_V1
subj08,fold_2,train,A:P,vis2img,8,8,139,619,V2I_ROY_RANDOM_WITHIN_IDENTITY_V1,908ce1f927ae651f,2266d69146a84d8f,PAIRING_V1
subj08,fold_2,train,A:P,vis2img,13,13,130,610,V2I_ROY_RANDOM_WITHIN_IDENTITY_V1,908ce1f927ae651f,2266d69146a84d8f,PAIRING_V1
subj08,fold_2,train,A:P,vis2img,16,16,101,581,V2I_ROY_RANDOM_WITHIN_IDENTITY_V1,908ce1f927ae651f,2266d69146a84d8f,PAIRING_V1
subj08,fold_2,train,A:P,vis2img,34,34,127,607,V2I_ROY_RANDOM_WITHIN_IDENTITY_V1,908ce1f927ae651f,2266d69146a84d8f,PAIRING_V1
subj08,fold_2,train,A:R,vis2img,17,17,105,585,V2I_ROY_RANDOM_WITHIN_IDENTITY_V1,908ce1f927ae651f,c79a4fafecdc7f5d,PAIRING_V1
subj08,fold_2,train,A:R,vis2img,22,22,124,604,V2I_ROY_RANDOM_WITHIN_IDENTITY_V1,908ce1f927ae651f,c79a4fafecdc7f5d,PAIRING_V1
subj08,fold_2,train,A:R,vis2img,30,30,98,578,V2I_ROY_RANDOM_WITHIN_IDENTITY_V1,908ce1f927ae651f,c79a4fafecdc7f5d,PAIRING_V1
subj08,fold_2,train,A:R,vis2img,46,46,108,588,V2I_ROY_RANDOM_WITHIN_IDENTITY_V1,908ce1f927ae651f,c79a4fafecdc7f5d,PAIRING_V1
subj08,fold_2,train,A:V,vis2img,1,1,102,582,V2I_ROY_RANDOM_WITHIN_IDENTITY_V1,908ce1f927ae651f,2527d0b5dfe3f1c9,PAIRING_V1
subj08,fold_2,train,A:V,vis2img,3,3,97,577,V2I_ROY_RANDOM_WITHIN_IDENTITY_V1,908ce1f927ae651f,2527d0b5dfe3f1c9,PAIRING_V1
subj08,fold_2,train,A:V,vis2img,40,40,137,617,V2I_ROY_RANDOM_WITHIN_IDENTITY_V1,908ce1f927ae651f,2527d0b5dfe3f1c9,PAIRING_V1
subj08,fold_2,train,A:V,vis2img,45,45,109,589,V2I_ROY_RANDOM_WITHIN_IDENTITY_V1,908ce1f927ae651f,2527d0b5dfe3f1c9,PAIRING_V1
subj08,fold_2,train,B:B,vis2img,66,210,167,647,V2I_ROY_RANDOM_WITHIN_IDENTITY_V1,908ce1f927ae651f,c85bb1c1096de08a,PAIRING_V1
subj08,fold_2,train,B:B,vis2img,76,220,191,671,V2I_ROY_RANDOM_WITHIN_IDENTITY_V1,908ce1f927ae651f,c85bb1c1096de08a,PAIRING_V1
subj08,fold_2,train,B:B,vis2img,79,223,165,645,V2I_ROY_RANDOM_WITHIN_IDENTITY_V1,908ce1f927ae651f,c85bb1c1096de08a,PAIRING_V1
subj08,fold_2,train,B:B,vis2img,94,238,144,624,V2I_ROY_RANDOM_WITHIN_IDENTITY_V1,908ce1f927ae651f,c85bb1c1096de08a,PAIRING_V1
subj08,fold_2,train,B:C,vis2img,58,202,163,643,V2I_ROY_RANDOM_WITHIN_IDENTITY_V1,908ce1f927ae651f,3b24f8d5bd6d4737,PAIRING_V1
subj08,fold_2,train,B:C,vis2img,64,208,172,652,V2I_ROY_RANDOM_WITHIN_IDENTITY_V1,908ce1f927ae651f,3b24f8d5bd6d4737,PAIRING_V1
subj08,fold_2,train,B:C,vis2img,71,215,156,636,V2I_ROY_RANDOM_WITHIN_IDENTITY_V1,908ce1f927ae651f,3b24f8d5bd6d4737,PAIRING_V1
subj08,fold_2,train,B:C,vis2img,86,230,151,631,V2I_ROY_RANDOM_WITHIN_IDENTITY_V1,908ce1f927ae651f,3b24f8d5bd6d4737,PAIRING_V1
subj08,fold_2,train,B:D,vis2img,51,195,184,664,V2I_ROY_RANDOM_WITHIN_IDENTITY_V1,908ce1f927ae651f,93033e96dbb65303,PAIRING_V1
subj08,fold_2,train,B:D,vis2img,54,198,150,630,V2I_ROY_RANDOM_WITHIN_IDENTITY_V1,908ce1f927ae651f,93033e96dbb65303,PAIRING_V1
subj08,fold_2,train,B:D,vis2img,70,214,160,640,V2I_ROY_RANDOM_WITHIN_IDENTITY_V1,908ce1f927ae651f,93033e96dbb65303,PAIRING_V1
subj08,fold_2,train,B:D,vis2img,93,237,157,637,V2I_ROY_RANDOM_WITHIN_IDENTITY_V1,908ce1f927ae651f,93033e96dbb65303,PAIRING_V1
subj08,fold_2,train,B:K,vis2img,55,199,168,648,V2I_ROY_RANDOM_WITHIN_IDENTITY_V1,908ce1f927ae651f,a26a2bcdd13078ce,PAIRING_V1
subj08,fold_2,train,B:K,vis2img,67,211,187,667,V2I_ROY_RANDOM_WITHIN_IDENTITY_V1,908ce1f927ae651f,a26a2bcdd13078ce,PAIRING_V1
subj08,fold_2,train,B:K,vis2img,78,222,178,658,V2I_ROY_RANDOM_WITHIN_IDENTITY_V1,908ce1f927ae651f,a26a2bcdd13078ce,PAIRING_V1
subj08,fold_2,train,B:K,vis2img,91,235,176,656,V2I_ROY_RANDOM_WITHIN_IDENTITY_V1,908ce1f927ae651f,a26a2bcdd13078ce,PAIRING_V1
subj08,fold_2,train,B:T,vis2img,52,196,190,670,V2I_ROY_RANDOM_WITHIN_IDENTITY_V1,908ce1f927ae651f,909ce1eb33071137,PAIRING_V1
subj08,fold_2,train,B:T,vis2img,74,218,162,642,V2I_ROY_RANDOM_WITHIN_IDENTITY_V1,908ce1f927ae651f,909ce1eb33071137,PAIRING_V1
subj08,fold_2,train,B:T,vis2img,88,232,182,662,V2I_ROY_RANDOM_WITHIN_IDENTITY_V1,908ce1f927ae651f,909ce1eb33071137,PAIRING_V1
subj08,fold_2,train,B:T,vis2img,92,236,180,660,V2I_ROY_RANDOM_WITHIN_IDENTITY_V1,908ce1f927ae651f,909ce1eb33071137,PAIRING_V1
subj08,fold_2,train,B:W,vis2img,50,194,171,651,V2I_ROY_RANDOM_WITHIN_IDENTITY_V1,908ce1f927ae651f,b086849f69bd87fe,PAIRING_V1
subj08,fold_2,train,B:W,vis2img,56,200,153,633,V2I_ROY_RANDOM_WITHIN_IDENTITY_V1,908ce1f927ae651f,b086849f69bd87fe,PAIRING_V1
subj08,fold_2,train,B:W,vis2img,75,219,177,657,V2I_ROY_RANDOM_WITHIN_IDENTITY_V1,908ce1f927ae651f,b086849f69bd87fe,PAIRING_V1
subj08,fold_2,train,B:W,vis2img,87,231,181,661,V2I_ROY_RANDOM_WITHIN_IDENTITY_V1,908ce1f927ae651f,b086849f69bd87fe,PAIRING_V1
subj08,fold_2,val,A:E,vis2img,9,9,107,587,V2I_ROY_RANDOM_WITHIN_IDENTITY_V1,908ce1f927ae651f,34076ed20670f712,PAIRING_V1
subj08,fold_2,val,A:E,vis2img,38,38,123,603,V2I_ROY_RANDOM_WITHIN_IDENTITY_V1,908ce1f927ae651f,34076ed20670f712,PAIRING_V1
subj08,fold_2,val,A:H,vis2img,18,18,104,584,V2I_ROY_RANDOM_WITHIN_IDENTITY_V1,908ce1f927ae651f,8f4333a39f827cc2,PAIRING_V1
subj08,fold_2,val,A:H,vis2img,21,21,121,601,V2I_ROY_RANDOM_WITHIN_IDENTITY_V1,908ce1f927ae651f,8f4333a39f827cc2,PAIRING_V1
subj08,fold_2,val,A:L,vis2img,7,7,115,595,V2I_ROY_RANDOM_WITHIN_IDENTITY_V1,908ce1f927ae651f,0e78dccb0d3722a8,PAIRING_V1
subj08,fold_2,val,A:L,vis2img,29,29,99,579,V2I_ROY_RANDOM_WITHIN_IDENTITY_V1,908ce1f927ae651f,0e78dccb0d3722a8,PAIRING_V1
subj08,fold_2,val,A:P,vis2img,11,11,141,621,V2I_ROY_RANDOM_WITHIN_IDENTITY_V1,908ce1f927ae651f,4d455edc6046661b,PAIRING_V1
subj08,fold_2,val,A:P,vis2img,37,37,122,602,V2I_ROY_RANDOM_WITHIN_IDENTITY_V1,908ce1f927ae651f,4d455edc6046661b,PAIRING_V1
subj08,fold_2,val,A:R,vis2img,5,5,136,616,V2I_ROY_RANDOM_WITHIN_IDENTITY_V1,908ce1f927ae651f,9154aa209729f61f,PAIRING_V1
subj08,fold_2,val,A:R,vis2img,44,44,103,583,V2I_ROY_RANDOM_WITHIN_IDENTITY_V1,908ce1f927ae651f,9154aa209729f61f,PAIRING_V1
subj08,fold_2,val,A:V,vis2img,31,31,128,608,V2I_ROY_RANDOM_WITHIN_IDENTITY_V1,908ce1f927ae651f,438de55d6f922894,PAIRING_V1
subj08,fold_2,val,A:V,vis2img,33,33,132,612,V2I_ROY_RANDOM_WITHIN_IDENTITY_V1,908ce1f927ae651f,438de55d6f922894,PAIRING_V1
subj08,fold_2,val,B:B,vis2img,83,227,179,659,V2I_ROY_RANDOM_WITHIN_IDENTITY_V1,908ce1f927ae651f,9cf5fc2d6519d61f,PAIRING_V1
subj08,fold_2,val,B:B,vis2img,85,229,173,653,V2I_ROY_RANDOM_WITHIN_IDENTITY_V1,908ce1f927ae651f,9cf5fc2d6519d61f,PAIRING_V1
subj08,fold_2,val,B:C,vis2img,49,193,158,638,V2I_ROY_RANDOM_WITHIN_IDENTITY_V1,908ce1f927ae651f,f950a61c89141556,PAIRING_V1
subj08,fold_2,val,B:C,vis2img,73,217,186,666,V2I_ROY_RANDOM_WITHIN_IDENTITY_V1,908ce1f927ae651f,f950a61c89141556,PAIRING_V1
subj08,fold_2,val,B:D,vis2img,61,205,155,635,V2I_ROY_RANDOM_WITHIN_IDENTITY_V1,908ce1f927ae651f,230b0e05883f689c,PAIRING_V1
subj08,fold_2,val,B:D,vis2img,65,209,174,654,V2I_ROY_RANDOM_WITHIN_IDENTITY_V1,908ce1f927ae651f,230b0e05883f689c,PAIRING_V1
subj08,fold_2,val,B:K,vis2img,57,201,152,632,V2I_ROY_RANDOM_WITHIN_IDENTITY_V1,908ce1f927ae651f,2094e1bc89706218,PAIRING_V1
subj08,fold_2,val,B:K,vis2img,84,228,154,634,V2I_ROY_RANDOM_WITHIN_IDENTITY_V1,908ce1f927ae651f,2094e1bc89706218,PAIRING_V1
subj08,fold_2,val,B:T,vis2img,69,213,147,627,V2I_ROY_RANDOM_WITHIN_IDENTITY_V1,908ce1f927ae651f,c1ee52b8e6a6e71b,PAIRING_V1
subj08,fold_2,val,B:T,vis2img,80,224,166,646,V2I_ROY_RANDOM_WITHIN_IDENTITY_V1,908ce1f927ae651f,c1ee52b8e6a6e71b,PAIRING_V1
subj08,fold_2,val,B:W,vis2img,48,192,183,663,V2I_ROY_RANDOM_WITHIN_IDENTITY_V1,908ce1f927ae651f,184f1d68cc0d31e1,PAIRING_V1
subj08,fold_2,val,B:W,vis2img,63,207,145,625,V2I_ROY_RANDOM_WITHIN_IDENTITY_V1,908ce1f927ae651f,184f1d68cc0d31e1,PAIRING_V1
subj08,fold_2,test,A:E,vis2img,43,43,118,598,V2I_ROY_RANDOM_WITHIN_IDENTITY_V1,908ce1f927ae651f,16671f13d56dce4e,PAIRING_V1
subj08,fold_2,test,A:E,vis2img,47,47,120,600,V2I_ROY_RANDOM_WITHIN_IDENTITY_V1,908ce1f927ae651f,16671f13d56dce4e,PAIRING_V1
subj08,fold_2,test,A:H,vis2img,2,2,129,609,V2I_ROY_RANDOM_WITHIN_IDENTITY_V1,908ce1f927ae651f,9551e8a5c0430c97,PAIRING_V1
subj08,fold_2,test,A:H,vis2img,28,28,140,620,V2I_ROY_RANDOM_WITHIN_IDENTITY_V1,908ce1f927ae651f,9551e8a5c0430c97,PAIRING_V1
subj08,fold_2,test,A:L,vis2img,36,36,117,597,V2I_ROY_RANDOM_WITHIN_IDENTITY_V1,908ce1f927ae651f,3377553233b12078,PAIRING_V1
subj08,fold_2,test,A:L,vis2img,42,42,135,615,V2I_ROY_RANDOM_WITHIN_IDENTITY_V1,908ce1f927ae651f,3377553233b12078,PAIRING_V1
subj08,fold_2,test,A:P,vis2img,20,20,112,592,V2I_ROY_RANDOM_WITHIN_IDENTITY_V1,908ce1f927ae651f,91e3007b021bc038,PAIRING_V1
subj08,fold_2,test,A:P,vis2img,41,41,143,623,V2I_ROY_RANDOM_WITHIN_IDENTITY_V1,908ce1f927ae651f,91e3007b021bc038,PAIRING_V1
subj08,fold_2,test,A:R,vis2img,25,25,142,622,V2I_ROY_RANDOM_WITHIN_IDENTITY_V1,908ce1f927ae651f,c94a21adf2b5c754,PAIRING_V1
subj08,fold_2,test,A:R,vis2img,39,39,133,613,V2I_ROY_RANDOM_WITHIN_IDENTITY_V1,908ce1f927ae651f,c94a21adf2b5c754,PAIRING_V1
subj08,fold_2,test,A:V,vis2img,15,15,100,580,V2I_ROY_RANDOM_WITHIN_IDENTITY_V1,908ce1f927ae651f,f72c5314f06ff9df,PAIRING_V1
subj08,fold_2,test,A:V,vis2img,19,19,106,586,V2I_ROY_RANDOM_WITHIN_IDENTITY_V1,908ce1f927ae651f,f72c5314f06ff9df,PAIRING_V1
subj08,fold_2,test,B:B,vis2img,53,197,185,665,V2I_ROY_RANDOM_WITHIN_IDENTITY_V1,908ce1f927ae651f,9b4af0ae230ee87e,PAIRING_V1
subj08,fold_2,test,B:B,vis2img,89,233,161,641,V2I_ROY_RANDOM_WITHIN_IDENTITY_V1,908ce1f927ae651f,9b4af0ae230ee87e,PAIRING_V1
subj08,fold_2,test,B:C,vis2img,62,206,146,626,V2I_ROY_RANDOM_WITHIN_IDENTITY_V1,908ce1f927ae651f,d9a9a4d187f9eaec,PAIRING_V1
subj08,fold_2,test,B:C,vis2img,90,234,148,628,V2I_ROY_RANDOM_WITHIN_IDENTITY_V1,908ce1f927ae651f,d9a9a4d187f9eaec,PAIRING_V1
subj08,fold_2,test,B:D,vis2img,68,212,169,649,V2I_ROY_RANDOM_WITHIN_IDENTITY_V1,908ce1f927ae651f,c568579f472f15d4,PAIRING_V1
subj08,fold_2,test,B:D,vis2img,81,225,188,668,V2I_ROY_RANDOM_WITHIN_IDENTITY_V1,908ce1f927ae651f,c568579f472f15d4,PAIRING_V1
subj08,fold_2,test,B:K,vis2img,59,203,149,629,V2I_ROY_RANDOM_WITHIN_IDENTITY_V1,908ce1f927ae651f,92e2676e7f491645,PAIRING_V1
subj08,fold_2,test,B:K,vis2img,82,226,189,669,V2I_ROY_RANDOM_WITHIN_IDENTITY_V1,908ce1f927ae651f,92e2676e7f491645,PAIRING_V1
subj08,fold_2,test,B:T,vis2img,60,204,159,639,V2I_ROY_RANDOM_WITHIN_IDENTITY_V1,908ce1f927ae651f,addb417abaa5c510,PAIRING_V1
subj08,fold_2,test,B:T,vis2img,95,239,170,650,V2I_ROY_RANDOM_WITHIN_IDENTITY_V1,908ce1f927ae651f,addb417abaa5c510,PAIRING_V1
subj08,fold_2,test,B:W,vis2img,72,216,175,655,V2I_ROY_RANDOM_WITHIN_IDENTITY_V1,908ce1f927ae651f,63fc0c2dc56c6fb0,PAIRING_V1
subj08,fold_2,test,B:W,vis2img,77,221,164,644,V2I_ROY_RANDOM_WITHIN_IDENTITY_V1,908ce1f927ae651f,63fc0c2dc56c6fb0,PAIRING_V1
subj08,fold_3,train,A:E,vis2img,6,6,138,618,V2I_ROY_RANDOM_WITHIN_IDENTITY_V1,908ce1f927ae651f,dd0783a97c4737f5,PAIRING_V1
subj08,fold_3,train,A:E,vis2img,23,23,116,596,V2I_ROY_RANDOM_WITHIN_IDENTITY_V1,908ce1f927ae651f,dd0783a97c4737f5,PAIRING_V1
subj08,fold_3,train,A:E,vis2img,26,26,111,591,V2I_ROY_RANDOM_WITHIN_IDENTITY_V1,908ce1f927ae651f,dd0783a97c4737f5,PAIRING_V1
subj08,fold_3,train,A:E,vis2img,32,32,114,594,V2I_ROY_RANDOM_WITHIN_IDENTITY_V1,908ce1f927ae651f,dd0783a97c4737f5,PAIRING_V1
subj08,fold_3,train,A:H,vis2img,10,10,134,614,V2I_ROY_RANDOM_WITHIN_IDENTITY_V1,908ce1f927ae651f,567d187e2e9d9015,PAIRING_V1
subj08,fold_3,train,A:H,vis2img,14,14,119,599,V2I_ROY_RANDOM_WITHIN_IDENTITY_V1,908ce1f927ae651f,567d187e2e9d9015,PAIRING_V1
subj08,fold_3,train,A:H,vis2img,24,24,113,593,V2I_ROY_RANDOM_WITHIN_IDENTITY_V1,908ce1f927ae651f,567d187e2e9d9015,PAIRING_V1
subj08,fold_3,train,A:H,vis2img,35,35,125,605,V2I_ROY_RANDOM_WITHIN_IDENTITY_V1,908ce1f927ae651f,567d187e2e9d9015,PAIRING_V1
subj08,fold_3,train,A:L,vis2img,0,0,96,576,V2I_ROY_RANDOM_WITHIN_IDENTITY_V1,908ce1f927ae651f,1841df1ba0d1f8f1,PAIRING_V1
subj08,fold_3,train,A:L,vis2img,4,4,126,606,V2I_ROY_RANDOM_WITHIN_IDENTITY_V1,908ce1f927ae651f,1841df1ba0d1f8f1,PAIRING_V1
subj08,fold_3,train,A:L,vis2img,12,12,110,590,V2I_ROY_RANDOM_WITHIN_IDENTITY_V1,908ce1f927ae651f,1841df1ba0d1f8f1,PAIRING_V1
subj08,fold_3,train,A:L,vis2img,27,27,131,611,V2I_ROY_RANDOM_WITHIN_IDENTITY_V1,908ce1f927ae651f,1841df1ba0d1f8f1,PAIRING_V1
subj08,fold_3,train,A:P,vis2img,8,8,127,607,V2I_ROY_RANDOM_WITHIN_IDENTITY_V1,908ce1f927ae651f,5674c825700602d9,PAIRING_V1
subj08,fold_3,train,A:P,vis2img,13,13,139,619,V2I_ROY_RANDOM_WITHIN_IDENTITY_V1,908ce1f927ae651f,5674c825700602d9,PAIRING_V1
subj08,fold_3,train,A:P,vis2img,16,16,101,581,V2I_ROY_RANDOM_WITHIN_IDENTITY_V1,908ce1f927ae651f,5674c825700602d9,PAIRING_V1
subj08,fold_3,train,A:P,vis2img,34,34,130,610,V2I_ROY_RANDOM_WITHIN_IDENTITY_V1,908ce1f927ae651f,5674c825700602d9,PAIRING_V1
subj08,fold_3,train,A:R,vis2img,17,17,108,588,V2I_ROY_RANDOM_WITHIN_IDENTITY_V1,908ce1f927ae651f,d5f59ec1881f4ce8,PAIRING_V1
subj08,fold_3,train,A:R,vis2img,22,22,105,585,V2I_ROY_RANDOM_WITHIN_IDENTITY_V1,908ce1f927ae651f,d5f59ec1881f4ce8,PAIRING_V1
subj08,fold_3,train,A:R,vis2img,30,30,124,604,V2I_ROY_RANDOM_WITHIN_IDENTITY_V1,908ce1f927ae651f,d5f59ec1881f4ce8,PAIRING_V1
subj08,fold_3,train,A:R,vis2img,46,46,98,578,V2I_ROY_RANDOM_WITHIN_IDENTITY_V1,908ce1f927ae651f,d5f59ec1881f4ce8,PAIRING_V1
subj08,fold_3,train,A:V,vis2img,1,1,137,617,V2I_ROY_RANDOM_WITHIN_IDENTITY_V1,908ce1f927ae651f,861a6b4931630a76,PAIRING_V1
subj08,fold_3,train,A:V,vis2img,3,3,102,582,V2I_ROY_RANDOM_WITHIN_IDENTITY_V1,908ce1f927ae651f,861a6b4931630a76,PAIRING_V1
subj08,fold_3,train,A:V,vis2img,40,40,97,577,V2I_ROY_RANDOM_WITHIN_IDENTITY_V1,908ce1f927ae651f,861a6b4931630a76,PAIRING_V1
subj08,fold_3,train,A:V,vis2img,45,45,109,589,V2I_ROY_RANDOM_WITHIN_IDENTITY_V1,908ce1f927ae651f,861a6b4931630a76,PAIRING_V1
subj08,fold_3,train,B:B,vis2img,66,210,165,645,V2I_ROY_RANDOM_WITHIN_IDENTITY_V1,908ce1f927ae651f,200aa6a2b1cd11b0,PAIRING_V1
subj08,fold_3,train,B:B,vis2img,76,220,191,671,V2I_ROY_RANDOM_WITHIN_IDENTITY_V1,908ce1f927ae651f,200aa6a2b1cd11b0,PAIRING_V1
subj08,fold_3,train,B:B,vis2img,79,223,167,647,V2I_ROY_RANDOM_WITHIN_IDENTITY_V1,908ce1f927ae651f,200aa6a2b1cd11b0,PAIRING_V1
subj08,fold_3,train,B:B,vis2img,94,238,144,624,V2I_ROY_RANDOM_WITHIN_IDENTITY_V1,908ce1f927ae651f,200aa6a2b1cd11b0,PAIRING_V1
subj08,fold_3,train,B:C,vis2img,58,202,163,643,V2I_ROY_RANDOM_WITHIN_IDENTITY_V1,908ce1f927ae651f,5f1856835fb9eb26,PAIRING_V1
subj08,fold_3,train,B:C,vis2img,64,208,156,636,V2I_ROY_RANDOM_WITHIN_IDENTITY_V1,908ce1f927ae651f,5f1856835fb9eb26,PAIRING_V1
subj08,fold_3,train,B:C,vis2img,71,215,172,652,V2I_ROY_RANDOM_WITHIN_IDENTITY_V1,908ce1f927ae651f,5f1856835fb9eb26,PAIRING_V1
subj08,fold_3,train,B:C,vis2img,86,230,151,631,V2I_ROY_RANDOM_WITHIN_IDENTITY_V1,908ce1f927ae651f,5f1856835fb9eb26,PAIRING_V1
subj08,fold_3,train,B:D,vis2img,51,195,157,637,V2I_ROY_RANDOM_WITHIN_IDENTITY_V1,908ce1f927ae651f,9cf83dd0861648ca,PAIRING_V1
subj08,fold_3,train,B:D,vis2img,54,198,150,630,V2I_ROY_RANDOM_WITHIN_IDENTITY_V1,908ce1f927ae651f,9cf83dd0861648ca,PAIRING_V1
subj08,fold_3,train,B:D,vis2img,70,214,184,664,V2I_ROY_RANDOM_WITHIN_IDENTITY_V1,908ce1f927ae651f,9cf83dd0861648ca,PAIRING_V1
subj08,fold_3,train,B:D,vis2img,93,237,160,640,V2I_ROY_RANDOM_WITHIN_IDENTITY_V1,908ce1f927ae651f,9cf83dd0861648ca,PAIRING_V1
subj08,fold_3,train,B:K,vis2img,55,199,176,656,V2I_ROY_RANDOM_WITHIN_IDENTITY_V1,908ce1f927ae651f,a22fe132d849745f,PAIRING_V1
subj08,fold_3,train,B:K,vis2img,67,211,178,658,V2I_ROY_RANDOM_WITHIN_IDENTITY_V1,908ce1f927ae651f,a22fe132d849745f,PAIRING_V1
subj08,fold_3,train,B:K,vis2img,78,222,187,667,V2I_ROY_RANDOM_WITHIN_IDENTITY_V1,908ce1f927ae651f,a22fe132d849745f,PAIRING_V1
subj08,fold_3,train,B:K,vis2img,91,235,168,648,V2I_ROY_RANDOM_WITHIN_IDENTITY_V1,908ce1f927ae651f,a22fe132d849745f,PAIRING_V1
subj08,fold_3,train,B:T,vis2img,52,196,180,660,V2I_ROY_RANDOM_WITHIN_IDENTITY_V1,908ce1f927ae651f,db689a4c1d75c432,PAIRING_V1
subj08,fold_3,train,B:T,vis2img,74,218,162,642,V2I_ROY_RANDOM_WITHIN_IDENTITY_V1,908ce1f927ae651f,db689a4c1d75c432,PAIRING_V1
subj08,fold_3,train,B:T,vis2img,88,232,182,662,V2I_ROY_RANDOM_WITHIN_IDENTITY_V1,908ce1f927ae651f,db689a4c1d75c432,PAIRING_V1
subj08,fold_3,train,B:T,vis2img,92,236,190,670,V2I_ROY_RANDOM_WITHIN_IDENTITY_V1,908ce1f927ae651f,db689a4c1d75c432,PAIRING_V1
subj08,fold_3,train,B:W,vis2img,50,194,177,657,V2I_ROY_RANDOM_WITHIN_IDENTITY_V1,908ce1f927ae651f,c807304c80a9b4b0,PAIRING_V1
subj08,fold_3,train,B:W,vis2img,56,200,181,661,V2I_ROY_RANDOM_WITHIN_IDENTITY_V1,908ce1f927ae651f,c807304c80a9b4b0,PAIRING_V1
subj08,fold_3,train,B:W,vis2img,75,219,171,651,V2I_ROY_RANDOM_WITHIN_IDENTITY_V1,908ce1f927ae651f,c807304c80a9b4b0,PAIRING_V1
subj08,fold_3,train,B:W,vis2img,87,231,153,633,V2I_ROY_RANDOM_WITHIN_IDENTITY_V1,908ce1f927ae651f,c807304c80a9b4b0,PAIRING_V1
subj08,fold_3,val,A:E,vis2img,43,43,118,598,V2I_ROY_RANDOM_WITHIN_IDENTITY_V1,908ce1f927ae651f,0aa5ff7e8a524950,PAIRING_V1
subj08,fold_3,val,A:E,vis2img,47,47,120,600,V2I_ROY_RANDOM_WITHIN_IDENTITY_V1,908ce1f927ae651f,0aa5ff7e8a524950,PAIRING_V1
subj08,fold_3,val,A:H,vis2img,2,2,140,620,V2I_ROY_RANDOM_WITHIN_IDENTITY_V1,908ce1f927ae651f,2378b60f8b0604bf,PAIRING_V1
subj08,fold_3,val,A:H,vis2img,28,28,129,609,V2I_ROY_RANDOM_WITHIN_IDENTITY_V1,908ce1f927ae651f,2378b60f8b0604bf,PAIRING_V1
subj08,fold_3,val,A:L,vis2img,36,36,117,597,V2I_ROY_RANDOM_WITHIN_IDENTITY_V1,908ce1f927ae651f,c68d44d06fed24aa,PAIRING_V1
subj08,fold_3,val,A:L,vis2img,42,42,135,615,V2I_ROY_RANDOM_WITHIN_IDENTITY_V1,908ce1f927ae651f,c68d44d06fed24aa,PAIRING_V1
subj08,fold_3,val,A:P,vis2img,20,20,143,623,V2I_ROY_RANDOM_WITHIN_IDENTITY_V1,908ce1f927ae651f,66dc1bebb9ea0218,PAIRING_V1
subj08,fold_3,val,A:P,vis2img,41,41,112,592,V2I_ROY_RANDOM_WITHIN_IDENTITY_V1,908ce1f927ae651f,66dc1bebb9ea0218,PAIRING_V1
subj08,fold_3,val,A:R,vis2img,25,25,142,622,V2I_ROY_RANDOM_WITHIN_IDENTITY_V1,908ce1f927ae651f,5fc4ee30016eec5a,PAIRING_V1
subj08,fold_3,val,A:R,vis2img,39,39,133,613,V2I_ROY_RANDOM_WITHIN_IDENTITY_V1,908ce1f927ae651f,5fc4ee30016eec5a,PAIRING_V1
subj08,fold_3,val,A:V,vis2img,15,15,106,586,V2I_ROY_RANDOM_WITHIN_IDENTITY_V1,908ce1f927ae651f,9ebd2fda80299e21,PAIRING_V1
subj08,fold_3,val,A:V,vis2img,19,19,100,580,V2I_ROY_RANDOM_WITHIN_IDENTITY_V1,908ce1f927ae651f,9ebd2fda80299e21,PAIRING_V1
subj08,fold_3,val,B:B,vis2img,53,197,161,641,V2I_ROY_RANDOM_WITHIN_IDENTITY_V1,908ce1f927ae651f,051904d830673438,PAIRING_V1
subj08,fold_3,val,B:B,vis2img,89,233,185,665,V2I_ROY_RANDOM_WITHIN_IDENTITY_V1,908ce1f927ae651f,051904d830673438,PAIRING_V1
subj08,fold_3,val,B:C,vis2img,62,206,148,628,V2I_ROY_RANDOM_WITHIN_IDENTITY_V1,908ce1f927ae651f,11b60a9a21eb169a,PAIRING_V1
subj08,fold_3,val,B:C,vis2img,90,234,146,626,V2I_ROY_RANDOM_WITHIN_IDENTITY_V1,908ce1f927ae651f,11b60a9a21eb169a,PAIRING_V1
subj08,fold_3,val,B:D,vis2img,68,212,169,649,V2I_ROY_RANDOM_WITHIN_IDENTITY_V1,908ce1f927ae651f,8a27d8dea19f325c,PAIRING_V1
subj08,fold_3,val,B:D,vis2img,81,225,188,668,V2I_ROY_RANDOM_WITHIN_IDENTITY_V1,908ce1f927ae651f,8a27d8dea19f325c,PAIRING_V1
subj08,fold_3,val,B:K,vis2img,59,203,189,669,V2I_ROY_RANDOM_WITHIN_IDENTITY_V1,908ce1f927ae651f,a2236ca357f96729,PAIRING_V1
subj08,fold_3,val,B:K,vis2img,82,226,149,629,V2I_ROY_RANDOM_WITHIN_IDENTITY_V1,908ce1f927ae651f,a2236ca357f96729,PAIRING_V1
subj08,fold_3,val,B:T,vis2img,60,204,159,639,V2I_ROY_RANDOM_WITHIN_IDENTITY_V1,908ce1f927ae651f,d60fe83393abe9c5,PAIRING_V1
subj08,fold_3,val,B:T,vis2img,95,239,170,650,V2I_ROY_RANDOM_WITHIN_IDENTITY_V1,908ce1f927ae651f,d60fe83393abe9c5,PAIRING_V1
subj08,fold_3,val,B:W,vis2img,72,216,164,644,V2I_ROY_RANDOM_WITHIN_IDENTITY_V1,908ce1f927ae651f,70a16bf54ad18507,PAIRING_V1
subj08,fold_3,val,B:W,vis2img,77,221,175,655,V2I_ROY_RANDOM_WITHIN_IDENTITY_V1,908ce1f927ae651f,70a16bf54ad18507,PAIRING_V1
subj08,fold_3,test,A:E,vis2img,9,9,123,603,V2I_ROY_RANDOM_WITHIN_IDENTITY_V1,908ce1f927ae651f,1a2a27ff38076fe2,PAIRING_V1
subj08,fold_3,test,A:E,vis2img,38,38,107,587,V2I_ROY_RANDOM_WITHIN_IDENTITY_V1,908ce1f927ae651f,1a2a27ff38076fe2,PAIRING_V1
subj08,fold_3,test,A:H,vis2img,18,18,104,584,V2I_ROY_RANDOM_WITHIN_IDENTITY_V1,908ce1f927ae651f,124689885b00db54,PAIRING_V1
subj08,fold_3,test,A:H,vis2img,21,21,121,601,V2I_ROY_RANDOM_WITHIN_IDENTITY_V1,908ce1f927ae651f,124689885b00db54,PAIRING_V1
subj08,fold_3,test,A:L,vis2img,7,7,115,595,V2I_ROY_RANDOM_WITHIN_IDENTITY_V1,908ce1f927ae651f,0996e40285f8b441,PAIRING_V1
subj08,fold_3,test,A:L,vis2img,29,29,99,579,V2I_ROY_RANDOM_WITHIN_IDENTITY_V1,908ce1f927ae651f,0996e40285f8b441,PAIRING_V1
subj08,fold_3,test,A:P,vis2img,11,11,141,621,V2I_ROY_RANDOM_WITHIN_IDENTITY_V1,908ce1f927ae651f,b99474653f219a48,PAIRING_V1
subj08,fold_3,test,A:P,vis2img,37,37,122,602,V2I_ROY_RANDOM_WITHIN_IDENTITY_V1,908ce1f927ae651f,b99474653f219a48,PAIRING_V1
subj08,fold_3,test,A:R,vis2img,5,5,136,616,V2I_ROY_RANDOM_WITHIN_IDENTITY_V1,908ce1f927ae651f,a5bb6411384fd343,PAIRING_V1
subj08,fold_3,test,A:R,vis2img,44,44,103,583,V2I_ROY_RANDOM_WITHIN_IDENTITY_V1,908ce1f927ae651f,a5bb6411384fd343,PAIRING_V1
subj08,fold_3,test,A:V,vis2img,31,31,128,608,V2I_ROY_RANDOM_WITHIN_IDENTITY_V1,908ce1f927ae651f,fddc3734af05088f,PAIRING_V1
subj08,fold_3,test,A:V,vis2img,33,33,132,612,V2I_ROY_RANDOM_WITHIN_IDENTITY_V1,908ce1f927ae651f,fddc3734af05088f,PAIRING_V1
subj08,fold_3,test,B:B,vis2img,83,227,179,659,V2I_ROY_RANDOM_WITHIN_IDENTITY_V1,908ce1f927ae651f,22bdd7634bb2416a,PAIRING_V1
subj08,fold_3,test,B:B,vis2img,85,229,173,653,V2I_ROY_RANDOM_WITHIN_IDENTITY_V1,908ce1f927ae651f,22bdd7634bb2416a,PAIRING_V1
subj08,fold_3,test,B:C,vis2img,49,193,158,638,V2I_ROY_RANDOM_WITHIN_IDENTITY_V1,908ce1f927ae651f,5df7a492ff5ca02c,PAIRING_V1
subj08,fold_3,test,B:C,vis2img,73,217,186,666,V2I_ROY_RANDOM_WITHIN_IDENTITY_V1,908ce1f927ae651f,5df7a492ff5ca02c,PAIRING_V1
subj08,fold_3,test,B:D,vis2img,61,205,174,654,V2I_ROY_RANDOM_WITHIN_IDENTITY_V1,908ce1f927ae651f,10d983e87b8246d2,PAIRING_V1
subj08,fold_3,test,B:D,vis2img,65,209,155,635,V2I_ROY_RANDOM_WITHIN_IDENTITY_V1,908ce1f927ae651f,10d983e87b8246d2,PAIRING_V1
subj08,fold_3,test,B:K,vis2img,57,201,152,632,V2I_ROY_RANDOM_WITHIN_IDENTITY_V1,908ce1f927ae651f,8ba690ac214c9e3c,PAIRING_V1
subj08,fold_3,test,B:K,vis2img,84,228,154,634,V2I_ROY_RANDOM_WITHIN_IDENTITY_V1,908ce1f927ae651f,8ba690ac214c9e3c,PAIRING_V1
subj08,fold_3,test,B:T,vis2img,69,213,166,646,V2I_ROY_RANDOM_WITHIN_IDENTITY_V1,908ce1f927ae651f,05b08a62a8381e06,PAIRING_V1
subj08,fold_3,test,B:T,vis2img,80,224,147,627,V2I_ROY_RANDOM_WITHIN_IDENTITY_V1,908ce1f927ae651f,05b08a62a8381e06,PAIRING_V1
subj08,fold_3,test,B:W,vis2img,48,192,183,663,V2I_ROY_RANDOM_WITHIN_IDENTITY_V1,908ce1f927ae651f,8640947ee1024c73,PAIRING_V1
subj08,fold_3,test,B:W,vis2img,63,207,145,625,V2I_ROY_RANDOM_WITHIN_IDENTITY_V1,908ce1f927ae651f,8640947ee1024c73,PAIRING_V1
