participant,fold,split,identity,model,source_trial_row,source_beta_index,target_trial_row,target_beta_index,pairing_policy,root_seed_digest,child_seed_digest,derivation_version
subj01,fold_0,train,A:E,vis2vis,26,26,32,32,V2V_ROY_WITHIN_SPLIT_DERANGEMENT_V1,908ce1f927ae651f,b60a8d9643a7c9f2,PAIRING_V1
subj01,fold_0,train,A:E,vis2vis,32,32,47,47,V2V_ROY_WITHIN_SPLIT_DERANGEMENT_V1,908ce1f927ae651f,b60a8d9643a7c9f2,PAIRING_V1
subj01,fold_0,train,A:E,vis2vis,43,43,26,26,V2V_ROY_WITHIN_SPLIT_DERANGEMENT_V1,908ce1f927ae651f,b60a8d9643a7c9f2,PAIRING_V1
subj01,fold_0,train,A:E,vis2vis,47,47,43,43,V2V_ROY_WITHIN_SPLIT_DERANGEMENT_V1,908ce1f927ae651f,b60a8d9643a7c9f2,PAIRING_V1
subj01,fold_0,train,A:H,vis2vis,2,2,10,10,V2V_ROY_WITHIN_SPLIT_DERANGEMENT_V1,908ce1f927ae651f,3c99ab2bd1639756,PAIRING_V1
subj01,fold_0,train,A:H,vis2vis,10,10,28,28,V2V_ROY_WITHIN_SPLIT_DERANGEMENT_V1,908ce1f927ae651f,3c99ab2bd1639756,PAIRING_V1
subj01,fold_0,train,A:H,vis2vis,14,14,2,2,V2V_ROY_WITHIN_SPLIT_DERANGEMENT_V1,908ce1f927ae651f,3c99ab2bd1639756,PAIRING_V1
subj01,fold_0,train,A:H,vis2vis,28,28,14,14,V2V_ROY_WITHIN_SPLIT_DERANGEMENT_V1,908ce1f927ae651f,3c99ab2bd1639756,PAIRING_V1
subj01,fold_0,train,A:L,vis2vis,12,12,27,27,V2V_ROY_WITHIN_SPLIT_DERANGEMENT_V1,908ce1f927ae651f,564ef9f3f19ce0f2,PAIRING_V1
subj01,fold_0,train,A:L,vis2vis,27,27,42,42,V2V_ROY_WITHIN_SPLIT_DERANGEMENT_V1,908ce1f927ae651f,564ef9f3f19ce0f2,PAIRING_V1
subj01,fold_0,train,A:L,vis2vis,36,36,12,12,V2V_ROY_WITHIN_SPLIT_DERANGEMENT_V1,908ce1f927ae651f,564ef9f3f19ce0f2,PAIRING_V1
subj01,fold_0,train,A:L,vis2vis,42,42,36,36,V2V_ROY_WITHIN_SPLIT_DERANGEMENT_V1,908ce1f927ae651f,564ef9f3f19ce0f2,PAIRING_V1
subj01,fold_0,train,A:P,vis2vis,8,8,20,20,V2V_ROY_WITHIN_SPLIT_DERANGEMENT_V1,908ce1f927ae651f,bca2906f2efee30f,PAIRING_V1
subj01,fold_0,train,A:P,vis2vis,13,13,8,8,V2V_ROY_WITHIN_SPLIT_DERANGEMENT_V1,908ce1f927ae651f,bca2906f2efee30f,PAIRING_V1
subj01,fold_0,train,A:P,vis2vis,20,20,41,41,V2V_ROY_WITHIN_SPLIT_DERANGEMENT_V1,908ce1f927ae651f,bca2906f2efee30f,PAIRING_V1
subj01,fold_0,train,A:P,vis2vis,41,41,13,13,V2V_ROY_WITHIN_SPLIT_DERANGEMENT_V1,908ce1f927ae651f,bca2906f2efee30f,PAIRING_V1
subj01,fold_0,train,A:R,vis2vis,22,22,25,25,V2V_ROY_WITHIN_SPLIT_DERANGEMENT_V1,908ce1f927ae651f,90435a65985cc093,PAIRING_V1
subj01,fold_0,train,A:R,vis2vis,25,25,22,22,V2V_ROY_WITHIN_SPLIT_DERANGEMENT_V1,908ce1f927ae651f,90435a65985cc093,PAIRING_V1
subj01,fold_0,train,A:R,vis2vis,30,30,39,39,V2V_ROY_WITHIN_SPLIT_DERANGEMENT_V1,908ce1f927ae651f,90435a65985cc093,PAIRING_V1
subj01,fold_0,train,A:R,vis2vis,39,39,30,30,V2V_ROY_WITHIN_SPLIT_DERANGEMENT_V1,908ce1f927ae651f,90435a65985cc093,PAIRING_V1
subj01,fold_0,train,A:V,vis2vis,1,1,3,3,V2V_ROY_WITHIN_SPLIT_DERANGEMENT_V1,908ce1f927ae651f,d23bcf609322168f,PAIRING_V1
subj01,fold_0,train,A:V,vis2vis,3,3,15,15,V2V_ROY_WITHIN_SPLIT_DERANGEMENT_V1,908ce1f927ae651f,d23bcf609322168f,PAIRING_V1
subj01,fold_0,train,A:V,vis2vis,15,15,19,19,V2V_ROY_WITHIN_SPLIT_DERANGEMENT_V1,908ce1f927ae651f,d23bcf609322168f,PAIRING_V1
subj01,fold_0,train,A:V,vis2vis,19,19,1,1,V2V_ROY_WITHIN_SPLIT_DERANGEMENT_V1,908ce1f927ae651f,d23bcf609322168f,PAIRING_V1
subj01,fold_0,train,B:B,vis2vis,53,197,89,233,V2V_ROY_WITHIN_SPLIT_DERANGEMENT_V1,908ce1f927ae651f,766f0cae2f476a89,PAIRING_V1
subj01,fold_0,train,B:B,vis2vis,66,210,79,223,V2V_ROY_WITHIN_SPLIT_DERANGEMENT_V1,908ce1f927ae651f,766f0cae2f476a89,PAIRING_V1
subj01,fold_0,train,B:B,vis2vis,79,223,66,210,V2V_ROY_WITHIN_SPLIT_DERANGEMENT_V1,908ce1f927ae651f,766f0cae2f476a89,PAIRING_V1
subj01,fold_0,train,B:B,vis2vis,89,233,53,197,V2V_ROY_WITHIN_SPLIT_DERANGEMENT_V1,908ce1f927ae651f,766f0cae2f476a89,PAIRING_V1
subj01,fold_0,train,B:C,vis2vis,58,202,71,215,V2V_ROY_WITHIN_SPLIT_DERANGEMENT_V1,908ce1f927ae651f,98323d8bce537d7f,PAIRING_V1
subj01,fold_0,train,B:C,vis2vis,62,206,58,202,V2V_ROY_WITHIN_SPLIT_DERANGEMENT_V1,908ce1f927ae651f,98323d8bce537d7f,PAIRING_V1
subj01,fold_0,train,B:C,vis2vis,71,215,90,234,V2V_ROY_WITHIN_SPLIT_DERANGEMENT_V1,908ce1f927ae651f,98323d8bce537d7f,PAIRING_V1
subj01,fold_0,train,B:C,vis2vis,90,234,62,206,V2V_ROY_WITHIN_SPLIT_DERANGEMENT_V1,908ce1f927ae651f,98323d8bce537d7f,PAIRING_V1
subj01,fold_0,train,B:D,vis2vis,68,212,70,214,V2V_ROY_WITHIN_SPLIT_DERANGEMENT_V1,908ce1f927ae651f,bc093ff1585faf2f,PAIRING_V1
subj01,fold_0,train,B:D,vis2vis,70,214,81,225,V2V_ROY_WITHIN_SPLIT_DERANGEMENT_V1,908ce1f927ae651f,bc093ff1585faf2f,PAIRING_V1
subj01,fold_0,train,B:D,vis2vis,81,225,93,237,V2V_ROY_WITHIN_SPLIT_DERANGEMENT_V1,908ce1f927ae651f,bc093ff1585faf2f,PAIRING_V1
subj01,fold_0,train,B:D,vis2vis,93,237,68,212,V2V_ROY_WITHIN_SPLIT_DERANGEMENT_V1,908ce1f927ae651f,bc093ff1585faf2f,PAIRING_V1
subj01,fold_0,train,B:K,vis2vis,59,203,82,226,V2V_ROY_WITHIN_SPLIT_DERANGEMENT_V1,908ce1f927ae651f,28007faad0497aee,PAIRING_V1
subj01,fold_0,train,B:K,vis2vis,67,211,59,203,V2V_ROY_WITHIN_SPLIT_DERANGEMENT_V1,908ce1f927ae651f,28007faad0497aee,PAIRING_V1
subj01,fold_0,train,B:K,vis2vis,82,226,91,235,V2V_ROY_WITHIN_SPLIT_DERANGEMENT_V1,908ce1f927ae651f,28007faad0497aee,PAIRING_V1
subj01,fold_0,train,B:K,vis2vis,91,235,67,211,V2V_ROY_WITHIN_SPLIT_DERANGEMENT_V1,908ce1f927ae651f,28007faad0497aee,PAIRING_V1
subj01,fold_0,train,B:T,vis2vis,52,196,92,236,V2V_ROY_WITHIN_SPLIT_DERANGEMENT_V1,908ce1f927ae651f,d20960f8e6b1cd3e,PAIRING_V1
subj01,fold_0,train,B:T,vis2vis,60,204,95,239,V2V_ROY_WITHIN_SPLIT_DERANGEMENT_V1,908ce1f927ae651f,d20960f8e6b1cd3e,PAIRING_V1
subj01,fold_0,train,B:T,vis2vis,92,236,60,204,V2V_ROY_WITHIN_SPLIT_DERANGEMENT_V1,908ce1f927ae651f,d20960f8e6b1cd3e,PAIRING_V1
subj01,fold_0,train,B:T,vis2vis,95,239,52,196,V2V_ROY_WITHIN_SPLIT_DERANGEMENT_V1,908ce1f927ae651f,d20960f8e6b1cd3e,PAIRING_V1
subj01,fold_0,train,B:W,vis2vis,56,200,77,221,V2V_ROY_WITHIN_SPLIT_DERANGEMENT_V1,908ce1f927ae651f,85b91e1158172594,PAIRING_V1
subj01,fold_0,train,B:W,vis2vis,72,216,56,200,V2V_ROY_WITHIN_SPLIT_DERANGEMENT_V1,908ce1f927ae651f,85b91e1158172594,PAIRING_V1
subj01,fold_0,train,B:W,vis2vis,75,219,72,216,V2V_ROY_WITHIN_SPLIT_DERANGEMENT_V1,908ce1f927ae651f,85b91e1158172594,PAIRING_V1
subj01,fold_0,train,B:W,vis2vis,77,221,75,219,V2V_ROY_WITHIN_SPLIT_DERANGEMENT_V1,908ce1f927ae651f,85b91e1158172594,PAIRING_V1
subj01,fold_0,val,A:E,vis2vis,9,9,38,38,V2V_ROY_WITHIN_SPLIT_DERANGEMENT_V1,908ce1f927ae651f,609cb620e99690ba,PAIRING_V1
subj01,fold_0,val,A:E,vis2vis,38,38,9,9,V2V_ROY_WITHIN_SPLIT_DERANGEMENT_V1,908ce1f927ae651f,609cb620e99690ba,PAIRING_V1
subj01,fold_0,val,A:H,vis2vis,18,18,21,21,V2V_ROY_WITHIN_SPLIT_DERANGEMENT_V1,908ce1f927ae651f,09d4fe705e3a3ba2,PAIRING_V1
subj01,fold_0,val,A:H,vis2vis,21,21,18,18,V2V_ROY_WITHIN_SPLIT_DERANGEMENT_V1,908ce1f927ae651f,09d4fe705e3a3ba2,PAIRING_V1
subj01,fold_0,val,A:L,vis2vis,7,7,29,29,V2V_ROY_WITHIN_SPLIT_DERANGEMENT_V1,908ce1f927ae651f,9b6812963548a0e3,PAIRING_V1
subj01,fold_0,val,A:L,vis2vis,29,29,7,7,V2V_ROY_WITHIN_SPLIT_DERANGEMENT_V1,908ce1f927ae651f,9b6812963548a0e3,PAIRING_V1
subj01,fold_0,val,A:P,vis2vis,11,11,37,37,V2V_ROY_WITHIN_SPLIT_DERANGEMENT_V1,908ce1f927ae651f,49e434627d2e931d,PAIRING_V1
subj01,fold_0,val,A:P,vis2vis,37,37,11,11,V2V_ROY_WITHIN_SPLIT_DERANGEMENT_V1,908ce1f927ae651f,49e434627d2e931d,PAIRING_V1
subj01,fold_0,val,A:R,vis2vis,5,5,44,44,V2V_ROY_WITHIN_SPLIT_DERANGEMENT_V1,908ce1f927ae651f,263f114c7b505ad9,PAIRING_V1
subj01,fold_0,val,A:R,vis2vis,44,44,5,5,V2V_ROY_WITHIN_SPLIT_DERANGEMENT_V1,908ce1f927ae651f,263f114c7b505ad9,PAIRING_V1
subj01,fold_0,val,A:V,vis2vis,31,31,33,33,V2V_ROY_WITHIN_SPLIT_DERANGEMENT_V1,908ce1f927ae651f,21b124d3c77e8451,PAIRING_V1
subj01,fold_0,val,A:V,vis2vis,33,33,31,31,V2V_ROY_WITHIN_SPLIT_DERANGEMENT_V1,908ce1f927ae651f,21b124d3c77e8451,PAIRING_V1
subj01,fold_0,val,B:B,vis2vis,83,227,85,229,V2V_ROY_WITHIN_SPLIT_DERANGEMENT_V1,908ce1f927ae651f,7d08ca4ba8723421,PAIRING_V1
subj01,fold_0,val,B:B,vis2vis,85,229,83,227,V2V_ROY_WITHIN_SPLIT_DERANGEMENT_V1,908ce1f927ae651f,7d08ca4ba8723421,PAIRING_V1
subj01,fold_0,val,B:C,vis2vis,49,193,73,217,V2V_ROY_WITHIN_SPLIT_DERANGEMENT_V1,908ce1f927ae651f,7dd8e8a38e629cf9,PAIRING_V1
subj01,fold_0,val,B:C,vis2vis,73,217,49,193,V2V_ROY_WITHIN_SPLIT_DERANGEMENT_V1,908ce1f927ae651f,7dd8e8a38e629cf9,PAIRING_V1
subj01,fold_0,val,B:D,vis2vis,61,205,65,209,V2V_ROY_WITHIN_SPLIT_DERANGEMENT_V1,908ce1f927ae651f,8ecab4a7021a7072,PAIRING_V1
subj01,fold_0,val,B:D,vis2vis,65,209,61,205,V2V_ROY_WITHIN_SPLIT_DERANGEMENT_V1,908ce1f927ae651f,8ecab4a7021a7072,PAIRING_V1
subj01,fold_0,val,B:K,vis2vis,57,201,84,228,V2V_ROY_WITHIN_SPLIT_DERANGEMENT_V1,908ce1f927ae651f,5114dc84166e6dc0,PAIRING_V1
subj01,fold_0,val,B:K,vis2vis,84,228,57,201,V2V_ROY_WITHIN_SPLIT_DERANGEMENT_V1,908ce1f927ae651f,5114dc84166e6dc0,PAIRING_V1
subj01,fold_0,val,B:T,vis2vis,69,213,80,224,V2V_ROY_WITHIN_SPLIT_DERANGEMENT_V1,908ce1f927ae651f,db81bf23d3751cdc,PAIRING_V1
subj01,fold_0,val,B:T,vis2vis,80,224,69,213,V2V_ROY_WITHIN_SPLIT_DERANGEMENT_V1,908ce1f927ae651f,db81bf23d3751cdc,PAIRING_V1
subj01,fold_0,val,B:W,vis2vis,48,192,63,207,V2V_ROY_WITHIN_SPLIT_DERANGEMENT_V1,908ce1f927ae651f,b85a4ea21387edd8,PAIRING_V1
subj01,fold_0,val,B:W,vis2vis,63,207,48,192,V2V_ROY_WITHIN_SPLIT_DERANGEMENT_V1,908ce1f927ae651f,b85a4ea21387edd8,PAIRING_V1
subj01,fold_0,test,A:E,vis2vis,6,6,23,23,V2V_ROY_WITHIN_SPLIT_DERANGEMENT_V1,908ce1f927ae651f,f2f802bc9a821116,PAIRING_V1
subj01,fold_0,test,A:E,vis2vis,23,23,6,6,V2V_ROY_WITHIN_SPLIT_DERANGEMENT_V1,908ce1f927ae651f,f2f802bc9a821116,PAIRING_V1
subj01,fold_0,test,A:H,vis2vis,24,24,35,35,V2V_ROY_WITHIN_SPLIT_DERANGEMENT_V1,908ce1f927ae651f,8f7495a9aadc21ec,PAIRING_V1
subj01,fold_0,test,A:H,vis2vis,35,35,24,24,V2V_ROY_WITHIN_SPLIT_DERANGEMENT_V1,908ce1f927ae651f,8f7495a9aadc21ec,PAIRING_V1
subj01,fold_0,test,A:L,vis2vis,0,0,4,4,V2V_ROY_WITHIN_SPLIT_DERANGEMENT_V1,908ce1f927ae651f,b1b8490261bb2303,PAIRING_V1
subj01,fold_0,test,A:L,vis2vis,4,4,0,0,V2V_ROY_WITHIN_SPLIT_DERANGEMENT_V1,908ce1f927ae651f,b1b8490261bb2303,PAIRING_V1
subj01,fold_0,test,A:P,vis2vis,16,16,34,34,V2V_ROY_WITHIN_SPLIT_DERANGEMENT_V1,908ce1f927ae651f,004b7dc3feef9468,PAIRING_V1
subj01,fold_0,test,A:P,vis2vis,34,34,16,16,V2V_ROY_WITHIN_SPLIT_DERANGEMENT_V1,908ce1f927ae651f,004b7dc3feef9468,PAIRING_V1
subj01,fold_0,test,A:R,vis2vis,17,17,46,46,V2V_ROY_WITHIN_SPLIT_DERANGEMENT_V1,908ce1f927ae651f,96af3a662bc67f86,PAIRING_V1
subj01,fold_0,test,A:R,vis2vis,46,46,17,17,V2V_ROY_WITHIN_SPLIT_DERANGEMENT_V1,908ce1f927ae651f,96af3a662bc67f86,PAIRING_V1
subj01,fold_0,test,A:V,vis2vis,40,40,45,45,V2V_ROY_WITHIN_SPLIT_DERANGEMENT_V1,908ce1f927ae651f,876646e73adb2603,PAIRING_V1
subj01,fold_0,test,A:V,vis2vis,45,45,40,40,V2V_ROY_WITHIN_SPLIT_DERANGEMENT_V1,908ce1f927ae651f,876646e73adb2603,PAIRING_V1
subj01,fold_0,test,B:B,vis2vis,76,220,94,238,V2V_ROY_WITHIN_SPLIT_DERANGEMENT_V1,908ce1f927ae651f,f6f09a9086192364,PAIRING_V1
subj01,fold_0,test,B:B,vis2vis,94,238,76,220,V2V_ROY_WITHIN_SPLIT_DERANGEMENT_V1,908ce1f927ae651f,f6f09a9086192364,PAIRING_V1
subj01,fold_0,test,B:C,vis2vis,64,208,86,230,V2V_ROY_WITHIN_SPLIT_DERANGEMENT_V1,908ce1f927ae651f,1b7c9a70cbb9cd3b,PAIRING_V1
subj01,fold_0,test,B:C,vis2vis,86,230,64,208,V2V_ROY_WITHIN_SPLIT_DERANGEMENT_V1,908ce1f927ae651f,1b7c9a70cbb9cd3b,PAIRING_V1
subj01,fold_0,test,B:D,vis2vis,51,195,54,198,V2V_ROY_WITHIN_SPLIT_DERANGEMENT_V1,908ce1f927ae651f,7745c5873c7dd118,PAIRING_V1
subj01,fold_0,test,B:D,vis2vis,54,198,51,195,V2V_ROY_WITHIN_SPLIT_DERANGEMENT_V1,908ce1f927ae651f,7745c5873c7dd118,PAIRING_V1
subj01,fold_0,test,B:K,vis2vis,55,199,78,222,V2V_ROY_WITHIN_SPLIT_DERANGEMENT_V1,908ce1f927ae651f,eb9c65b65fceea0e,PAIRING_V1
subj01,fold_0,test,B:K,vis2vis,78,222,55,199,V2V_ROY_WITHIN_SPLIT_DERANGEMENT_V1,908ce1f927ae651f,eb9c65b65fceea0e,PAIRING_V1
subj01,fold_0,test,B:T,vis2vis,74,218,88,232,V2V_ROY_WITHIN_SPLIT_DERANGEMENT_V1,908ce1f927ae651f,81bccbd0bb7fc554,PAIRING_V1
subj01,fold_0,test,B:T,vis2vis,88,232,74,218,V2V_ROY_WITHIN_SPLIT_DERANGEMENT_V1,908ce1f927ae651f,81bccbd0bb7fc554,PAIRING_V1
subj01,fold_0,test,B:W,vis2vis,50,194,87,231,V2V_ROY_WITHIN_SPLIT_DERANGEMENT_V1,908ce1f927ae651f,7b661a5691f1724c,PAIRING_V1
subj01,fold_0,test,B:W,vis2vis,87,231,50,194,V2V_ROY_WITHIN_SPLIT_DERANGEMENT_V1,908ce1f927ae651f,7b661a5691f1724c,PAIRING_V1
subj01,fold_1,train,A:E,vis2vis,6,6,47,47,V2V_ROY_WITHIN_SPLIT_DERANGEMENT_V1,908ce1f927ae651f,57db5c35654e823c,PAIRING_V1
subj01,fold_1,train,A:E,vis2vis,23,23,43,43,V2V_ROY_WITHIN_SPLIT_DERANGEMENT_V1,908ce1f927ae651f,57db5c35654e823c,PAIRING_V1
subj01,fold_1,train,A:E,vis2vis,43,43,6,6,V2V_ROY_WITHIN_SPLIT_DERANGEMENT_V1,908ce1f927ae651f,57db5c35654e823c,PAIRING_V1
subj01,fold_1,train,A:E,vis2vis,47,47,23,23,V2V_ROY_WITHIN_SPLIT_DERANGEMENT_V1,908ce1f927ae651f,57db5c35654e823c,PAIRING_V1
subj01,fold_1,train,A:H,vis2vis,2,2,24,24,V2V_ROY_WITHIN_SPLIT_DERANGEMENT_V1,908ce1f927ae651f,d080f35bbbdcb379,PAIRING_V1
subj01,fold_1,train,A:H,vis2vis,24,24,2,2,V2V_ROY_WITHIN_SPLIT_DERANGEMENT_V1,908ce1f927ae651f,d080f35bbbdcb379,PAIRING_V1
subj01,fold_1,train,A:H,vis2vis,28,28,35,35,V2V_ROY_WITHIN_SPLIT_DERANGEMENT_V1,908ce1f927ae651f,d080f35bbbdcb379,PAIRING_V1
subj01,fold_1,train,A:H,vis2vis,35,35,28,28,V2V_ROY_WITHIN_SPLIT_DERANGEMENT_V1,908ce1f927ae651f,d080f35bbbdcb379,PAIRING_V1
subj01,fold_1,train,A:L,vis2vis,0,0,42,42,V2V_ROY_WITHIN_SPLIT_DERANGEMENT_V1,908ce1f927ae651f,13d6d83623ab523d,PAIRING_V1
subj01,fold_1,train,A:L,vis2vis,4,4,36,36,V2V_ROY_WITHIN_SPLIT_DERANGEMENT_V1,908ce1f927ae651f,13d6d83623ab523d,PAIRING_V1
subj01,fold_1,train,A:L,vis2vis,36,36,4,4,V2V_ROY_WITHIN_SPLIT_DERANGEMENT_V1,908ce1f927ae651f,13d6d83623ab523d,PAIRING_V1
subj01,fold_1,train,A:L,vis2vis,42,42,0,0,V2V_ROY_WITHIN_SPLIT_DERANGEMENT_V1,908ce1f927ae651f,13d6d83623ab523d,PAIRING_V1
subj01,fold_1,train,A:P,vis2vis,16,16,34,34,V2V_ROY_WITHIN_SPLIT_DERANGEMENT_V1,908ce1f927ae651f,9b10ec089e169d9b,PAIRING_V1
subj01,fold_1,train,A:P,vis2vis,20,20,41,41,V2V_ROY_WITHIN_SPLIT_DERANGEMENT_V1,908ce1f927ae651f,9b10ec089e169d9b,PAIRING_V1
subj01,fold_1,train,A:P,vis2vis,34,34,20,20,V2V_ROY_WITHIN_SPLIT_DERANGEMENT_V1,908ce1f927ae651f,9b10ec089e169d9b,PAIRING_V1
subj01,fold_1,train,A:P,vis2vis,41,41,16,16,V2V_ROY_WITHIN_SPLIT_DERANGEMENT_V1,908ce1f927ae651f,9b10ec089e169d9b,PAIRING_V1
subj01,fold_1,train,A:R,vis2vis,17,17,46,46,V2V_ROY_WITHIN_SPLIT_DERANGEMENT_V1,908ce1f927ae651f,ec4b1794fabb5206,PAIRING_V1
subj01,fold_1,train,A:R,vis2vis,25,25,39,39,V2V_ROY_WITHIN_SPLIT_DERANGEMENT_V1,908ce1f927ae651f,ec4b1794fabb5206,PAIRING_V1
subj01,fold_1,train,A:R,vis2vis,39,39,25,25,V2V_ROY_WITHIN_SPLIT_DERANGEMENT_V1,908ce1f927ae651f,ec4b1794fabb5206,PAIRING_V1
subj01,fold_1,train,A:R,vis2vis,46,46,17,17,V2V_ROY_WITHIN_SPLIT_DERANGEMENT_V1,908ce1f927ae651f,ec4b1794fabb5206,PAIRING_V1
subj01,fold_1,train,A:V,vis2vis,15,15,19,19,V2V_ROY_WITHIN_SPLIT_DERANGEMENT_V1,908ce1f927ae651f,39d1987e5bb7dd07,PAIRING_V1
subj01,fold_1,train,A:V,vis2vis,19,19,45,45,V2V_ROY_WITHIN_SPLIT_DERANGEMENT_V1,908ce1f927ae651f,39d1987e5bb7dd07,PAIRING_V1
subj01,fold_1,train,A:V,vis2vis,40,40,15,15,V2V_ROY_WITHIN_SPLIT_DERANGEMENT_V1,908ce1f927ae651f,39d1987e5bb7dd07,PAIRING_V1
subj01,fold_1,train,A:V,vis2vis,45,45,40,40,V2V_ROY_WITHIN_SPLIT_DERANGEMENT_V1,908ce1f927ae651f,39d1987e5bb7dd07,PAIRING_V1
subj01,fold_1,train,B:B,vis2vis,53,197,89,233,V2V_ROY_WITHIN_SPLIT_DERANGEMENT_V1,908ce1f927ae651f,8d6d9c535f025c5e,PAIRING_V1
subj01,fold_1,train,B:B,vis2vis,76,220,94,238,V2V_ROY_WITHIN_SPLIT_DERANGEMENT_V1,908ce1f927ae651f,8d6d9c535f025c5e,PAIRING_V1
subj01,fold_1,train,B:B,vis2vis,89,233,53,197,V2V_ROY_WITHIN_SPLIT_DERANGEMENT_V1,908ce1f927ae651f,8d6d9c535f025c5e,PAIRING_V1
subj01,fold_1,train,B:B,vis2vis,94,238,76,220,V2V_ROY_WITHIN_SPLIT_DERANGEMENT_V1,908ce1f927ae651f,8d6d9c535f025c5e,PAIRING_V1
subj01,fold_1,train,B:C,vis2vis,62,206,64,208,V2V_ROY_WITHIN_SPLIT_DERANGEMENT_V1,908ce1f927ae651f,2db22f3d70ed30ee,PAIRING_V1
subj01,fold_1,train,B:C,vis2vis,64,208,90,234,V2V_ROY_WITHIN_SPLIT_DERANGEMENT_V1,908ce1f927ae651f,2db22f3d70ed30ee,PAIRING_V1
subj01,fold_1,train,B:C,vis2vis,86,230,62,206,V2V_ROY_WITHIN_SPLIT_DERANGEMENT_V1,908ce1f927ae651f,2db22f3d70ed30ee,PAIRING_V1
subj01,fold_1,train,B:C,vis2vis,90,234,86,230,V2V_ROY_WITHIN_SPLIT_DERANGEMENT_V1,908ce1f927ae651f,2db22f3d70ed30ee,PAIRING_V1
subj01,fold_1,train,B:D,vis2vis,51,195,68,212,V2V_ROY_WITHIN_SPLIT_DERANGEMENT_V1,908ce1f927ae651f,32d2543e6800068a,PAIRING_V1
subj01,fold_1,train,B:D,vis2vis,54,198,81,225,V2V_ROY_WITHIN_SPLIT_DERANGEMENT_V1,908ce1f927ae651f,32d2543e6800068a,PAIRING_V1
subj01,fold_1,train,B:D,vis2vis,68,212,51,195,V2V_ROY_WITHIN_SPLIT_DERANGEMENT_V1,908ce1f927ae651f,32d2543e6800068a,PAIRING_V1
subj01,fold_1,train,B:D,vis2vis,81,225,54,198,V2V_ROY_WITHIN_SPLIT_DERANGEMENT_V1,908ce1f927ae651f,32d2543e6800068a,PAIRING_V1
subj01,fold_1,train,B:K,vis2vis,55,199,78,222,V2V_ROY_WITHIN_SPLIT_DERANGEMENT_V1,908ce1f927ae651f,030c259244ab6df2,PAIRING_V1
subj01,fold_1,train,B:K,vis2vis,59,203,82,226,V2V_ROY_WITHIN_SPLIT_DERANGEMENT_V1,908ce1f927ae651f,030c259244ab6df2,PAIRING_V1
subj01,fold_1,train,B:K,vis2vis,78,222,59,203,V2V_ROY_WITHIN_SPLIT_DERANGEMENT_V1,908ce1f927ae651f,030c259244ab6df2,PAIRING_V1
subj01,fold_1,train,B:K,vis2vis,82,226,55,199,V2V_ROY_WITHIN_SPLIT_DERANGEMENT_V1,908ce1f927ae651f,030c259244ab6df2,PAIRING_V1
subj01,fold_1,train,B:T,vis2vis,60,204,88,232,V2V_ROY_WITHIN_SPLIT_DERANGEMENT_V1,908ce1f927ae651f,0e94b04fba850a9a,PAIRING_V1
subj01,fold_1,train,B:T,vis2vis,74,218,60,204,V2V_ROY_WITHIN_SPLIT_DERANGEMENT_V1,908ce1f927ae651f,0e94b04fba850a9a,PAIRING_V1
subj01,fold_1,train,B:T,vis2vis,88,232,95,239,V2V_ROY_WITHIN_SPLIT_DERANGEMENT_V1,908ce1f927ae651f,0e94b04fba850a9a,PAIRING_V1
subj01,fold_1,train,B:T,vis2vis,95,239,74,218,V2V_ROY_WITHIN_SPLIT_DERANGEMENT_V1,908ce1f927ae651f,0e94b04fba850a9a,PAIRING_V1
subj01,fold_1,train,B:W,vis2vis,50,194,77,221,V2V_ROY_WITHIN_SPLIT_DERANGEMENT_V1,908ce1f927ae651f,374d32584f46221e,PAIRING_V1
subj01,fold_1,train,B:W,vis2vis,72,216,87,231,V2V_ROY_WITHIN_SPLIT_DERANGEMENT_V1,908ce1f927ae651f,374d32584f46221e,PAIRING_V1
subj01,fold_1,train,B:W,vis2vis,77,221,50,194,V2V_ROY_WITHIN_SPLIT_DERANGEMENT_V1,908ce1f927ae651f,374d32584f46221e,PAIRING_V1
subj01,fold_1,train,B:W,vis2vis,87,231,72,216,V2V_ROY_WITHIN_SPLIT_DERANGEMENT_V1,908ce1f927ae651f,374d32584f46221e,PAIRING_V1
subj01,fold_1,val,A:E,vis2vis,9,9,38,38,V2V_ROY_WITHIN_SPLIT_DERANGEMENT_V1,908ce1f927ae651f,0df1f30bf5ddea4e,PAIRING_V1
subj01,fold_1,val,A:E,vis2vis,38,38,9,9,V2V_ROY_WITHIN_SPLIT_DERANGEMENT_V1,908ce1f927ae651f,0df1f30bf5ddea4e,PAIRING_V1
subj01,fold_1,val,A:H,vis2vis,18,18,21,21,V2V_ROY_WITHIN_SPLIT_DERANGEMENT_V1,908ce1f927ae651f,592a59a52af520ce,PAIRING_V1
subj01,fold_1,val,A:H,vis2vis,21,21,18,18,V2V_ROY_WITHIN_SPLIT_DERANGEMENT_V1,908ce1f927ae651f,592a59a52af520ce,PAIRING_V1
subj01,fold_1,val,A:L,vis2vis,7,7,29,29,V2V_ROY_WITHIN_SPLIT_DERANGEMENT_V1,908ce1f927ae651f,bbfb34065b9939b2,PAIRING_V1
subj01,fold_1,val,A:L,vis2vis,29,29,7,7,V2V_ROY_WITHIN_SPLIT_DERANGEMENT_V1,908ce1f927ae651f,bbfb34065b9939b2,PAIRING_V1
subj01,fold_1,val,A:P,vis2vis,11,11,37,37,V2V_ROY_WITHIN_SPLIT_DERANGEMENT_V1,908ce1f927ae651f,62acb1f3f72a0824,PAIRING_V1
subj01,fold_1,val,A:P,vis2vis,37,37,11,11,V2V_ROY_WITHIN_SPLIT_DERANGEMENT_V1,908ce1f927ae651f,62acb1f3f72a0824,PAIRING_V1
subj01,fold_1,val,A:R,vis2vis,5,5,44,44,V2V_ROY_WITHIN_SPLIT_DERANGEMENT_V1,908ce1f927ae651f,494baea74e5aad77,PAIRING_V1
subj01,fold_1,val,A:R,vis2vis,44,44,5,5,V2V_ROY_WITHIN_SPLIT_DERANGEMENT_V1,908ce1f927ae651f,494baea74e5aad77,PAIRING_V1
subj01,fold_1,val,A:V,vis2vis,31,31,33,33,V2V_ROY_WITHIN_SPLIT_DERANGEMENT_V1,908ce1f927ae651f,9b989f005e77b71a,PAIRING_V1
subj01,fold_1,val,A:V,vis2vis,33,33,31,31,V2V_ROY_WITHIN_SPLIT_DERANGEMENT_V1,908ce1f927ae651f,9b989f005e77b71a,PAIRING_V1
subj01,fold_1,val,B:B,vis2vis,83,227,85,229,V2V_ROY_WITHIN_SPLIT_DERANGEMENT_V1,908ce1f927ae651f,411693d466aa70dd,PAIRING_V1
subj01,fold_1,val,B:B,vis2vis,85,229,83,227,V2V_ROY_WITHIN_SPLIT_DERANGEMENT_V1,908ce1f927ae651f,411693d466aa70dd,PAIRING_V1
subj01,fold_1,val,B:C,vis2vis,49,193,73,217,V2V_ROY_WITHIN_SPLIT_DERANGEMENT_V1,908ce1f927ae651f,b9bb185e0a95fa87,PAIRING_V1
subj01,fold_1,val,B:C,vis2vis,73,217,49,193,V2V_ROY_WITHIN_SPLIT_DERANGEMENT_V1,908ce1f927ae651f,b9bb185e0a95fa87,PAIRING_V1
subj01,fold_1,val,B:D,vis2vis,61,205,65,209,V2V_ROY_WITHIN_SPLIT_DERANGEMENT_V1,908ce1f927ae651f,51081438e1524c02,PAIRING_V1
subj01,fold_1,val,B:D,vis2vis,65,209,61,205,V2V_ROY_WITHIN_SPLIT_DERANGEMENT_V1,908ce1f927ae651f,51081438e1524c02,PAIRING_V1
subj01,fold_1,val,B:K,vis2vis,57,201,84,228,V2V_ROY_WITHIN_SPLIT_DERANGEMENT_V1,908ce1f927ae651f,e74d0b506136eee3,PAIRING_V1
subj01,fold_1,val,B:K,vis2vis,84,228,57,201,V2V_ROY_WITHIN_SPLIT_DERANGEMENT_V1,908ce1f927ae651f,e74d0b506136eee3,PAIRING_V1
subj01,fold_1,val,B:T,vis2vis,69,213,80,224,V2V_ROY_WITHIN_SPLIT_DERANGEMENT_V1,908ce1f927ae651f,aca87345f14e3d04,PAIRING_V1
subj01,fold_1,val,B:T,vis2vis,80,224,69,213,V2V_ROY_WITHIN_SPLIT_DERANGEMENT_V1,908ce1f927ae651f,aca87345f14e3d04,PAIRING_V1
subj01,fold_1,val,B:W,vis2vis,48,192,63,207,V2V_ROY_WITHIN_SPLIT_DERANGEMENT_V1,908ce1f927ae651f,e71e06c02cbce172,PAIRING_V1
subj01,fold_1,val,B:W,vis2vis,63,207,48,192,V2V_ROY_WITHIN_SPLIT_DERANGEMENT_V1,908ce1f927ae651f,e71e06c02cbce172,PAIRING_V1
subj01,fold_1,test,A:E,vis2vis,26,26,32,32,V2V_ROY_WITHIN_SPLIT_DERANGEMENT_V1,908ce1f927ae651f,61e3f84aa1b67100,PAIRING_V1
subj01,fold_1,test,A:E,vis2vis,32,32,26,26,V2V_ROY_WITHIN_SPLIT_DERANGEMENT_V1,908ce1f927ae651f,61e3f84aa1b67100,PAIRING_V1
subj01,fold_1,test,A:H,vis2vis,10,10,14,14,V2V_ROY_WITHIN_SPLIT_DERANGEMENT_V1,908ce1f927ae651f,cd2e56f6fcedd7a2,PAIRING_V1
subj01,fold_1,test,A:H,vis2vis,14,14,10,10,V2V_ROY_WITHIN_SPLIT_DERANGEMENT_V1,908ce1f927ae651f,cd2e56f6fcedd7a2,PAIRING_V1
subj01,fold_1,test,A:L,vis2vis,12,12,27,27,V2V_ROY_WITHIN_SPLIT_DERANGEMENT_V1,908ce1f927ae651f,24102e76120d49f3,PAIRING_V1
subj01,fold_1,test,A:L,vis2vis,27,27,12,12,V2V_ROY_WITHIN_SPLIT_DERANGEMENT_V1,908ce1f927ae651f,24102e76120d49f3,PAIRING_V1
subj01,fold_1,test,A:P,vis2vis,8,8,13,13,V2V_ROY_WITHIN_SPLIT_DERANGEMENT_V1,908ce1f927ae651f,45af2f91a0bb5726,PAIRING_V1
subj01,fold_1,test,A:P,vis2vis,13,13,8,8,V2V_ROY_WITHIN_SPLIT_DERANGEMENT_V1,908ce1f927ae651f,45af2f91a0bb5726,PAIRING_V1
subj01,fold_1,test,A:R,vis2vis,22,22,30,30,V2V_ROY_WITHIN_SPLIT_DERANGEMENT_V1,908ce1f927ae651f,6a5385d72955331d,PAIRING_V1
subj01,fold_1,test,A:R,vis2vis,30,30,22,22,V2V_ROY_WITHIN_SPLIT_DERANGEMENT_V1,908ce1f927ae651f,6a5385d72955331d,PAIRING_V1
subj01,fold_1,test,A:V,vis2vis,1,1,3,3,V2V_ROY_WITHIN_SPLIT_DERANGEMENT_V1,908ce1f927ae651f,cf570b4ada7acbad,PAIRING_V1
subj01,fold_1,test,A:V,vis2vis,3,3,1,1,V2V_ROY_WITHIN_SPLIT_DERANGEMENT_V1,908ce1f927ae651f,cf570b4ada7acbad,PAIRING_V1
subj01,fold_1,test,B:B,vis2vis,66,210,79,223,V2V_ROY_WITHIN_SPLIT_DERANGEMENT_V1,908ce1f927ae651f,fc621c870cdb4bf6,PAIRING_V1
subj01,fold_1,test,B:B,vis2vis,79,223,66,210,V2V_ROY_WITHIN_SPLIT_DERANGEMENT_V1,908ce1f927ae651f,fc621c870cdb4bf6,PAIRING_V1
subj01,fold_1,test,B:C,vis2vis,58,202,71,215,V2V_ROY_WITHIN_SPLIT_DERANGEMENT_V1,908ce1f927ae651f,e26e61094f59da36,PAIRING_V1
subj01,fold_1,test,B:C,vis2vis,71,215,58,202,V2V_ROY_WITHIN_SPLIT_DERANGEMENT_V1,908ce1f927ae651f,e26e61094f59da36,PAIRING_V1
subj01,fold_1,test,B:D,vis2vis,70,214,93,237,V2V_ROY_WITHIN_SPLIT_DERANGEMENT_V1,908ce1f927ae651f,057cd92530951c3f,PAIRING_V1
subj01,fold_1,test,B:D,vis2vis,93,237,70,214,V2V_ROY_WITHIN_SPLIT_DERANGEMENT_V1,908ce1f927ae651f,057cd92530951c3f,PAIRING_V1
subj01,fold_1,test,B:K,vis2vis,67,211,91,235,V2V_ROY_WITHIN_SPLIT_DERANGEMENT_V1,908ce1f927ae651f,ffa6f7b7e1b22ac3,PAIRING_V1
subj01,fold_1,test,B:K,vis2vis,91,235,67,211,V2V_ROY_WITHIN_SPLIT_DERANGEMENT_V1,908ce1f927ae651f,ffa6f7b7e1b22ac3,PAIRING_V1
subj01,fold_1,test,B:T,vis2vis,52,196,92,236,V2V_ROY_WITHIN_SPLIT_DERANGEMENT_V1,908ce1f927ae651f,d8cb4b3df8b46b7f,PAIRING_V1
subj01,fold_1,test,B:T,vis2vis,92,236,52,196,V2V_ROY_WITHIN_SPLIT_DERANGEMENT_V1,908ce1f927ae651f,d8cb4b3df8b46b7f,PAIRING_V1
subj01,fold_1,test,B:W,vis2vis,56,200,75,219,V2V_ROY_WITHIN_SPLIT_DERANGEMENT_V1,908ce1f927ae651f,47ed12c303b80c69,PAIRING_V1
subj01,fold_1,test,B:W,vis2vis,75,219,56,200,V2V_ROY_WITHIN_SPLIT_DERANGEMENT_V1,908ce1f927ae651f,47ed12c303b80c69,PAIRING_V1
subj01,fold_2,train,A:E,vis2vis,6,6,26,26,V2V_ROY_WITHIN_SPLIT_DERANGEMENT_V1,908ce1f927ae651f,86489502ed8973c1,PAIRING_V1
subj01,fold_2,train,A:E,vis2vis,23,23,32,32,V2V_ROY_WITHIN_SPLIT_DERANGEMENT_V1,908ce1f927ae651f,86489502ed8973c1,PAIRING_V1
subj01,fold_2,train,A:E,vis2vis,26,26,23,23,V2V_ROY_WITHIN_SPLIT_DERANGEMENT_V1,908ce1f927ae651f,86489502ed8973c1,PAIRING_V1
subj01,fold_2,train,A:E,vis2vis,32,32,6,6,V2V_ROY_WITHIN_SPLIT_DERANGEMENT_V1,908ce1f927ae651f,86489502ed8973c1,PAIRING_V1
subj01,fold_2,train,A:H,vis2vis,10,10,35,35,V2V_ROY_WITHIN_SPLIT_DERANGEMENT_V1,908ce1f927ae651f,94cae33a87b79343,PAIRING_V1
subj01,fold_2,train,A:H,vis2vis,14,14,24,24,V2V_ROY_WITHIN_SPLIT_DERANGEMENT_V1,908ce1f927ae651f,94cae33a87b79343,PAIRING_V1
subj01,fold_2,train,A:H,vis2vis,24,24,10,10,V2V_ROY_WITHIN_SPLIT_DERANGEMENT_V1,908ce1f927ae651f,94cae33a87b79343,PAIRING_V1
subj01,fold_2,train,A:H,vis2vis,35,35,14,14,V2V_ROY_WITHIN_SPLIT_DERANGEMENT_V1,908ce1f927ae651f,94cae33a87b79343,PAIRING_V1
subj01,fold_2,train,A:L,vis2vis,0,0,4,4,V2V_ROY_WITHIN_SPLIT_DERANGEMENT_V1,908ce1f927ae651f,c479f78738daeab9,PAIRING_V1
subj01,fold_2,train,A:L,vis2vis,4,4,12,12,V2V_ROY_WITHIN_SPLIT_DERANGEMENT_V1,908ce1f927ae651f,c479f78738daeab9,PAIRING_V1
subj01,fold_2,train,A:L,vis2vis,12,12,27,27,V2V_ROY_WITHIN_SPLIT_DERANGEMENT_V1,908ce1f927ae651f,c479f78738daeab9,PAIRING_V1
subj01,fold_2,train,A:L,vis2vis,27,27,0,0,V2V_ROY_WITHIN_SPLIT_DERANGEMENT_V1,908ce1f927ae651f,c479f78738daeab9,PAIRING_V1
subj01,fold_2,train,A:P,vis2vis,8,8,16,16,V2V_ROY_WITHIN_SPLIT_DERANGEMENT_V1,908ce1f927ae651f,a0cbf7773ff6c650,PAIRING_V1
subj01,fold_2,train,A:P,vis2vis,13,13,34,34,V2V_ROY_WITHIN_SPLIT_DERANGEMENT_V1,908ce1f927ae651f,a0cbf7773ff6c650,PAIRING_V1
subj01,fold_2,train,A:P,vis2vis,16,16,8,8,V2V_ROY_WITHIN_SPLIT_DERANGEMENT_V1,908ce1f927ae651f,a0cbf7773ff6c650,PAIRING_V1
subj01,fold_2,train,A:P,vis2vis,34,34,13,13,V2V_ROY_WITHIN_SPLIT_DERANGEMENT_V1,908ce1f927ae651f,a0cbf7773ff6c650,PAIRING_V1
subj01,fold_2,train,A:R,vis2vis,17,17,46,46,V2V_ROY_WITHIN_SPLIT_DERANGEMENT_V1,908ce1f927ae651f,c853401a61a82fa6,PAIRING_V1
subj01,fold_2,train,A:R,vis2vis,22,22,17,17,V2V_ROY_WITHIN_SPLIT_DERANGEMENT_V1,908ce1f927ae651f,c853401a61a82fa6,PAIRING_V1
subj01,fold_2,train,A:R,vis2vis,30,30,22,22,V2V_ROY_WITHIN_SPLIT_DERANGEMENT_V1,908ce1f927ae651f,c853401a61a82fa6,PAIRING_V1
subj01,fold_2,train,A:R,vis2vis,46,46,30,30,V2V_ROY_WITHIN_SPLIT_DERANGEMENT_V1,908ce1f927ae651f,c853401a61a82fa6,PAIRING_V1
subj01,fold_2,train,A:V,vis2vis,1,1,45,45,V2V_ROY_WITHIN_SPLIT_DERANGEMENT_V1,908ce1f927ae651f,91de144bdb49ebfb,PAIRING_V1
subj01,fold_2,train,A:V,vis2vis,3,3,40,40,V2V_ROY_WITHIN_SPLIT_DERANGEMENT_V1,908ce1f927ae651f,91de144bdb49ebfb,PAIRING_V1
subj01,fold_2,train,A:V,vis2vis,40,40,3,3,V2V_ROY_WITHIN_SPLIT_DERANGEMENT_V1,908ce1f927ae651f,91de144bdb49ebfb,PAIRING_V1
subj01,fold_2,train,A:V,vis2vis,45,45,1,1,V2V_ROY_WITHIN_SPLIT_DERANGEMENT_V1,908ce1f927ae651f,91de144bdb49ebfb,PAIRING_V1
subj01,fold_2,train,B:B,vis2vis,66,210,76,220,V2V_ROY_WITHIN_SPLIT_DERANGEMENT_V1,908ce1f927ae651f,ae1f06f59a48355d,PAIRING_V1
subj01,fold_2,train,B:B,vis2vis,76,220,79,223,V2V_ROY_WITHIN_SPLIT_DERANGEMENT_V1,908ce1f927ae651f,ae1f06f59a48355d,PAIRING_V1
subj01,fold_2,train,B:B,vis2vis,79,223,94,238,V2V_ROY_WITHIN_SPLIT_DERANGEMENT_V1,908ce1f927ae651f,ae1f06f59a48355d,PAIRING_V1
subj01,fold_2,train,B:B,vis2vis,94,238,66,210,V2V_ROY_WITHIN_SPLIT_DERANGEMENT_V1,908ce1f927ae651f,ae1f06f59a48355d,PAIRING_V1
subj01,fold_2,train,B:C,vis2vis,58,202,86,230,V2V_ROY_WITHIN_SPLIT_DERANGEMENT_V1,908ce1f927ae651f,767bfce4a1e6ab8e,PAIRING_V1
subj01,fold_2,train,B:C,vis2vis,64,208,71,215,V2V_ROY_WITHIN_SPLIT_DERANGEMENT_V1,908ce1f927ae651f,767bfce4a1e6ab8e,PAIRING_V1
subj01,fold_2,train,B:C,vis2vis,71,215,64,208,V2V_ROY_WITHIN_SPLIT_DERANGEMENT_V1,908ce1f927ae651f,767bfce4a1e6ab8e,PAIRING_V1
subj01,fold_2,train,B:C,vis2vis,86,230,58,202,V2V_ROY_WITHIN_SPLIT_DERANGEMENT_V1,908ce1f927ae651f,767bfce4a1e6ab8e,PAIRING_V1
subj01,fold_2,train,B:D,vis2vis,51,195,54,198,V2V_ROY_WITHIN_SPLIT_DERANGEMENT_V1,908ce1f927ae651f,de25d05a7ed09bbc,PAIRING_V1
subj01,fold_2,train,B:D,vis2vis,54,198,70,214,V2V_ROY_WITHIN_SPLIT_DERANGEMENT_V1,908ce1f927ae651f,de25d05a7ed09bbc,PAIRING_V1
subj01,fold_2,train,B:D,vis2vis,70,214,93,237,V2V_ROY_WITHIN_SPLIT_DERANGEMENT_V1,908ce1f927ae651f,de25d05a7ed09bbc,PAIRING_V1
subj01,fold_2,train,B:D,vis2vis,93,237,51,195,V2V_ROY_WITHIN_SPLIT_DERANGEMENT_V1,908ce1f927ae651f,de25d05a7ed09bbc,PAIRING_V1
subj01,fold_2,train,B:K,vis2vis,55,199,78,222,V2V_ROY_WITHIN_SPLIT_DERANGEMENT_V1,908ce1f927ae651f,72391e6d2189e800,PAIRING_V1
subj01,fold_2,train,B:K,vis2vis,67,211,91,235,V2V_ROY_WITHIN_SPLIT_DERANGEMENT_V1,908ce1f927ae651f,72391e6d2189e800,PAIRING_V1
subj01,fold_2,train,B:K,vis2vis,78,222,67,211,V2V_ROY_WITHIN_SPLIT_DERANGEMENT_V1,908ce1f927ae651f,72391e6d2189e800,PAIRING_V1
subj01,fold_2,train,B:K,vis2vis,91,235,55,199,V2V_ROY_WITHIN_SPLIT_DERANGEMENT_V1,908ce1f927ae651f,72391e6d2189e800,PAIRING_V1
subj01,fold_2,train,B:T,vis2vis,52,196,74,218,V2V_ROY_WITHIN_SPLIT_DERANGEMENT_V1,908ce1f927ae651f,ce444c89c8496567,PAIRING_V1
subj01,fold_2,train,B:T,vis2vis,74,218,88,232,V2V_ROY_WITHIN_SPLIT_DERANGEMENT_V1,908ce1f927ae651f,ce444c89c8496567,PAIRING_V1
subj01,fold_2,train,B:T,vis2vis,88,232,92,236,V2V_ROY_WITHIN_SPLIT_DERANGEMENT_V1,908ce1f927ae651f,ce444c89c8496567,PAIRING_V1
subj01,fold_2,train,B:T,vis2vis,92,236,52,196,V2V_ROY_WITHIN_SPLIT_DERANGEMENT_V1,908ce1f927ae651f,ce444c89c8496567,PAIRING_V1
subj01,fold_2,train,B:W,vis2vis,50,194,56,200,V2V_ROY_WITHIN_SPLIT_DERANGEMENT_V1,908ce1f927ae651f,eb51d3f86a8ca390,PAIRING_V1
subj01,fold_2,train,B:W,vis2vis,56,200,87,231,V2V_ROY_WITHIN_SPLIT_DERANGEMENT_V1,908ce1f927ae651f,eb51d3f86a8ca390,PAIRING_V1
subj01,fold_2,train,B:W,vis2vis,75,219,50,194,V2V_ROY_WITHIN_SPLIT_DERANGEMENT_V1,908ce1f927ae651f,eb51d3f86a8ca390,PAIRING_V1
subj01,fold_2,train,B:W,vis2vis,87,231,75,219,V2V_ROY_WITHIN_SPLIT_DERANGEMENT_V1,908ce1f927ae651f,eb51d3f86a8ca390,PAIRING_V1
subj01,fold_2,val,A:E,vis2vis,9,9,38,38,V2V_ROY_WITHIN_SPLIT_DERANGEMENT_V1,908ce1f927ae651f,f424e2d4700c8779,PAIRING_V1
subj01,fold_2,val,A:E,vis2vis,38,38,9,9,V2V_ROY_WITHIN_SPLIT_DERANGEMENT_V1,908ce1f927ae651f,f424e2d4700c8779,PAIRING_V1
subj01,fold_2,val,A:H,vis2vis,18,18,21,21,V2V_ROY_WITHIN_SPLIT_DERANGEMENT_V1,908ce1f927ae651f,0fe9bd9347eba655,PAIRING_V1
subj01,fold_2,val,A:H,vis2vis,21,21,18,18,V2V_ROY_WITHIN_SPLIT_DERANGEMENT_V1,908ce1f927ae651f,0fe9bd9347eba655,PAIRING_V1
subj01,fold_2,val,A:L,vis2vis,7,7,29,29,V2V_ROY_WITHIN_SPLIT_DERANGEMENT_V1,908ce1f927ae651f,80741f86dbac0742,PAIRING_V1
subj01,fold_2,val,A:L,vis2vis,29,29,7,7,V2V_ROY_WITHIN_SPLIT_DERANGEMENT_V1,908ce1f927ae651f,80741f86dbac0742,PAIRING_V1
subj01,fold_2,val,A:P,vis2vis,11,11,37,37,V2V_ROY_WITHIN_SPLIT_DERANGEMENT_V1,908ce1f927ae651f,a005ed91953ca5bc,PAIRING_V1
subj01,fold_2,val,A:P,vis2vis,37,37,11,11,V2V_ROY_WITHIN_SPLIT_DERANGEMENT_V1,908ce1f927ae651f,a005ed91953ca5bc,PAIRING_V1
subj01,fold_2,val,A:R,vis2vis,5,5,44,44,V2V_ROY_WITHIN_SPLIT_DERANGEMENT_V1,908ce1f927ae651f,2e380522a323a1ee,PAIRING_V1
subj01,fold_2,val,A:R,vis2vis,44,44,5,5,V2V_ROY_WITHIN_SPLIT_DERANGEMENT_V1,908ce1f927ae651f,2e380522a323a1ee,PAIRING_V1
subj01,fold_2,val,A:V,vis2vis,31,31,33,33,V2V_ROY_WITHIN_SPLIT_DERANGEMENT_V1,908ce1f927ae651f,2238653704daa9c7,PAIRING_V1
subj01,fold_2,val,A:V,vis2vis,33,33,31,31,V2V_ROY_WITHIN_SPLIT_DERANGEMENT_V1,908ce1f927ae651f,2238653704daa9c7,PAIRING_V1
subj01,fold_2,val,B:B,vis2vis,83,227,85,229,V2V_ROY_WITHIN_SPLIT_DERANGEMENT_V1,908ce1f927ae651f,fe21290f89685b3b,PAIRING_V1
subj01,fold_2,val,B:B,vis2vis,85,229,83,227,V2V_ROY_WITHIN_SPLIT_DERANGEMENT_V1,908ce1f927ae651f,fe21290f89685b3b,PAIRING_V1
subj01,fold_2,val,B:C,vis2vis,49,193,73,217,V2V_ROY_WITHIN_SPLIT_DERANGEMENT_V1,908ce1f927ae651f,42f3bd0a14e0cb50,PAIRING_V1
subj01,fold_2,val,B:C,vis2vis,73,217,49,193,V2V_ROY_WITHIN_SPLIT_DERANGEMENT_V1,908ce1f927ae651f,42f3bd0a14e0cb50,PAIRING_V1
subj01,fold_2,val,B:D,vis2vis,61,205,65,209,V2V_ROY_WITHIN_SPLIT_DERANGEMENT_V1,908ce1f927ae651f,74da4426e716b7ac,PAIRING_V1
subj01,fold_2,val,B:D,vis2vis,65,209,61,205,V2V_ROY_WITHIN_SPLIT_DERANGEMENT_V1,908ce1f927ae651f,74da4426e716b7ac,PAIRING_V1
subj01,fold_2,val,B:K,vis2vis,57,201,84,228,V2V_ROY_WITHIN_SPLIT_DERANGEMENT_V1,908ce1f927ae651f,1df6cff267a31ec5,PAIRING_V1
subj01,fold_2,val,B:K,vis2vis,84,228,57,201,V2V_ROY_WITHIN_SPLIT_DERANGEMENT_V1,908ce1f927ae651f,1df6cff267a31ec5,PAIRING_V1
subj01,fold_2,val,B:T,vis2vis,69,213,80,224,V2V_ROY_WITHIN_SPLIT_DERANGEMENT_V1,908ce1f927ae651f,c2eb32841aba8d23,PAIRING_V1
subj01,fold_2,val,B:T,vis2vis,80,224,69,213,V2V_ROY_WITHIN_SPLIT_DERANGEMENT_V1,908ce1f927ae651f,c2eb32841aba8d23,PAIRING_V1
subj01,fold_2,val,B:W,vis2vis,48,192,63,207,V2V_ROY_WITHIN_SPLIT_DERANGEMENT_V1,908ce1f927ae651f,fd25a13b176bf9f1,PAIRING_V1
subj01,fold_2,val,B:W,vis2vis,63,207,48,192,V2V_ROY_WITHIN_SPLIT_DERANGEMENT_V1,908ce1f927ae651f,fd25a13b176bf9f1,PAIRING_V1
subj01,fold_2,test,A:E,vis2vis,43,43,47,47,V2V_ROY_WITHIN_SPLIT_DERANGEMENT_V1,908ce1f927ae651f,fde942fca4d13bec,PAIRING_V1
subj01,fold_2,test,A:E,vis2vis,47,47,43,43,V2V_ROY_WITHIN_SPLIT_DERANGEMENT_V1,908ce1f927ae651f,fde942fca4d13bec,PAIRING_V1
subj01,fold_2,test,A:H,vis2vis,2,2,28,28,V2V_ROY_WITHIN_SPLIT_DERANGEMENT_V1,908ce1f927ae651f,50b86860750d0ba6,PAIRING_V1
subj01,fold_2,test,A:H,vis2vis,28,28,2,2,V2V_ROY_WITHIN_SPLIT_DERANGEMENT_V1,908ce1f927ae651f,50b86860750d0ba6,PAIRING_V1
subj01,fold_2,test,A:L,vis2vis,36,36,42,42,V2V_ROY_WITHIN_SPLIT_DERANGEMENT_V1,908ce1f927ae651f,a8736deee54efe02,PAIRING_V1
subj01,fold_2,test,A:L,vis2vis,42,42,36,36,V2V_ROY_WITHIN_SPLIT_DERANGEMENT_V1,908ce1f927ae651f,a8736deee54efe02,PAIRING_V1
subj01,fold_2,test,A:P,vis2vis,20,20,41,41,V2V_ROY_WITHIN_SPLIT_DERANGEMENT_V1,908ce1f927ae651f,72e7325a7dfa872d,PAIRING_V1
subj01,fold_2,test,A:P,vis2vis,41,41,20,20,V2V_ROY_WITHIN_SPLIT_DERANGEMENT_V1,908ce1f927ae651f,72e7325a7dfa872d,PAIRING_V1
subj01,fold_2,test,A:R,vis2vis,25,25,39,39,V2V_ROY_WITHIN_SPLIT_DERANGEMENT_V1,908ce1f927ae651f,aa04f738c4498359,PAIRING_V1
subj01,fold_2,test,A:R,vis2vis,39,39,25,25,V2V_ROY_WITHIN_SPLIT_DERANGEMENT_V1,908ce1f927ae651f,aa04f738c4498359,PAIRING_V1
subj01,fold_2,test,A:V,vis2vis,15,15,19,19,V2V_ROY_WITHIN_SPLIT_DERANGEMENT_V1,908ce1f927ae651f,36e735a66af38a92,PAIRING_V1
subj01,fold_2,test,A:V,vis2vis,19,19,15,15,V2V_ROY_WITHIN_SPLIT_DERANGEMENT_V1,908ce1f927ae651f,36e735a66af38a92,PAIRING_V1
subj01,fold_2,test,B:B,vis2vis,53,197,89,233,V2V_ROY_WITHIN_SPLIT_DERANGEMENT_V1,908ce1f927ae651f,57fd16ab06e8877f,PAIRING_V1
subj01,fold_2,test,B:B,vis2vis,89,233,53,197,V2V_ROY_WITHIN_SPLIT_DERANGEMENT_V1,908ce1f927ae651f,57fd16ab06e8877f,PAIRING_V1
subj01,fold_2,test,B:C,vis2vis,62,206,90,234,V2V_ROY_WITHIN_SPLIT_DERANGEMENT_V1,908ce1f927ae651f,c1a53ef70973fc93,PAIRING_V1
subj01,fold_2,test,B:C,vis2vis,90,234,62,206,V2V_ROY_WITHIN_SPLIT_DERANGEMENT_V1,908ce1f927ae651f,c1a53ef70973fc93,PAIRING_V1
subj01,fold_2,test,B:D,vis2vis,68,212,81,225,V2V_ROY_WITHIN_SPLIT_DERANGEMENT_V1,908ce1f927ae651f,965e191313f1988f,PAIRING_V1
subj01,fold_2,test,B:D,vis2vis,81,225,68,212,V2V_ROY_WITHIN_SPLIT_DERANGEMENT_V1,908ce1f927ae651f,965e191313f1988f,PAIRING_V1
subj01,fold_2,test,B:K,vis2vis,59,203,82,226,V2V_ROY_WITHIN_SPLIT_DERANGEMENT_V1,908ce1f927ae651f,cffed29e06e86f86,PAIRING_V1
subj01,fold_2,test,B:K,vis2vis,82,226,59,203,V2V_ROY_WITHIN_SPLIT_DERANGEMENT_V1,908ce1f927ae651f,cffed29e06e86f86,PAIRING_V1
subj01,fold_2,test,B:T,vis2vis,60,204,95,239,V2V_ROY_WITHIN_SPLIT_DERANGEMENT_V1,908ce1f927ae651f,0da8f8aecbd3c32e,PAIRING_V1
subj01,fold_2,test,B:T,vis2vis,95,239,60,204,V2V_ROY_WITHIN_SPLIT_DERANGEMENT_V1,908ce1f927ae651f,0da8f8aecbd3c32e,PAIRING_V1
subj01,fold_2,test,B:W,vis2vis,72,216,77,221,V2V_ROY_WITHIN_SPLIT_DERANGEMENT_V1,908ce1f927ae651f,83dc928312e47a6a,PAIRING_V1
subj01,fold_2,test,B:W,vis2vis,77,221,72,216,V2V_ROY_WITHIN_SPLIT_DERANGEMENT_V1,908ce1f927ae651f,83dc928312e47a6a,PAIRING_V1
subj01,fold_3,train,A:E,vis2vis,6,6,26,26,V2V_ROY_WITHIN_SPLIT_DERANGEMENT_V1,908ce1f927ae651f,80349cdd321e5216,PAIRING_V1
subj01,fold_3,train,A:E,vis2vis,23,23,32,32,V2V_ROY_WITHIN_SPLIT_DERANGEMENT_V1,908ce1f927ae651f,80349cdd321e5216,PAIRING_V1
subj01,fold_3,train,A:E,vis2vis,26,26,23,23,V2V_ROY_WITHIN_SPLIT_DERANGEMENT_V1,908ce1f927ae651f,80349cdd321e5216,PAIRING_V1
subj01,fold_3,train,A:E,vis2vis,32,32,6,6,V2V_ROY_WITHIN_SPLIT_DERANGEMENT_V1,908ce1f927ae651f,80349cdd321e5216,PAIRING_V1
subj01,fold_3,train,A:H,vis2vis,10,10,35,35,V2V_ROY_WITHIN_SPLIT_DERANGEMENT_V1,908ce1f927ae651f,353dd894b18dad00,PAIRING_V1
subj01,fold_3,train,A:H,vis2vis,14,14,24,24,V2V_ROY_WITHIN_SPLIT_DERANGEMENT_V1,908ce1f927ae651f,353dd894b18dad00,PAIRING_V1
subj01,fold_3,train,A:H,vis2vis,24,24,10,10,V2V_ROY_WITHIN_SPLIT_DERANGEMENT_V1,908ce1f927ae651f,353dd894b18dad00,PAIRING_V1
subj01,fold_3,train,A:H,vis2vis,35,35,14,14,V2V_ROY_WITHIN_SPLIT_DERANGEMENT_V1,908ce1f927ae651f,353dd894b18dad00,PAIRING_V1
subj01,fold_3,train,A:L,vis2vis,0,0,12,12,V2V_ROY_WITHIN_SPLIT_DERANGEMENT_V1,908ce1f927ae651f,d302c9bfc3c65cdf,PAIRING_V1
subj01,fold_3,train,A:L,vis2vis,4,4,27,27,V2V_ROY_WITHIN_SPLIT_DERANGEMENT_V1,908ce1f927ae651f,d302c9bfc3c65cdf,PAIRING_V1
subj01,fold_3,train,A:L,vis2vis,12,12,4,4,V2V_ROY_WITHIN_SPLIT_DERANGEMENT_V1,908ce1f927ae651f,d302c9bfc3c65cdf,PAIRING_V1
subj01,fold_3,train,A:L,vis2vis,27,27,0,0,V2V_ROY_WITHIN_SPLIT_DERANGEMENT_V1,908ce1f927ae651f,d302c9bfc3c65cdf,PAIRING_V1
subj01,fold_3,train,A:P,vis2vis,8,8,16,16,V2V_ROY_WITHIN_SPLIT_DERANGEMENT_V1,908ce1f927ae651f,2399512c4b6bdbb1,PAIRING_V1
subj01,fold_3,train,A:P,vis2vis,13,13,34,34,V2V_ROY_WITHIN_SPLIT_DERANGEMENT_V1,908ce1f927ae651f,2399512c4b6bdbb1,PAIRING_V1
subj01,fold_3,train,A:P,vis2vis,16,16,8,8,V2V_ROY_WITHIN_SPLIT_DERANGEMENT_V1,908ce1f927ae651f,2399512c4b6bdbb1,PAIRING_V1
subj01,fold_3,train,A:P,vis2vis,34,34,13,13,V2V_ROY_WITHIN_SPLIT_DERANGEMENT_V1,908ce1f927ae651f,2399512c4b6bdbb1,PAIRING_V1
subj01,fold_3,train,A:R,vis2vis,17,17,30,30,V2V_ROY_WITHIN_SPLIT_DERANGEMENT_V1,908ce1f927ae651f,84c6f94450549d08,PAIRING_V1
subj01,fold_3,train,A:R,vis2vis,22,22,46,46,V2V_ROY_WITHIN_SPLIT_DERANGEMENT_V1,908ce1f927ae651f,84c6f94450549d08,PAIRING_V1
subj01,fold_3,train,A:R,vis2vis,30,30,22,22,V2V_ROY_WITHIN_SPLIT_DERANGEMENT_V1,908ce1f927ae651f,84c6f94450549d08,PAIRING_V1
subj01,fold_3,train,A:R,vis2vis,46,46,17,17,V2V_ROY_WITHIN_SPLIT_DERANGEMENT_V1,908ce1f927ae651f,84c6f94450549d08,PAIRING_V1
subj01,fold_3,train,A:V,vis2vis,1,1,40,40,V2V_ROY_WITHIN_SPLIT_DERANGEMENT_V1,908ce1f927ae651f,b8842f8c695443b9,PAIRING_V1
subj01,fold_3,train,A:V,vis2vis,3,3,1,1,V2V_ROY_WITHIN_SPLIT_DERANGEMENT_V1,908ce1f927ae651f,b8842f8c695443b9,PAIRING_V1
subj01,fold_3,train,A:V,vis2vis,40,40,45,45,V2V_ROY_WITHIN_SPLIT_DERANGEMENT_V1,908ce1f927ae651f,b8842f8c695443b9,PAIRING_V1
subj01,fold_3,train,A:V,vis2vis,45,45,3,3,V2V_ROY_WITHIN_SPLIT_DERANGEMENT_V1,908ce1f927ae651f,b8842f8c695443b9,PAIRING_V1
subj01,fold_3,train,B:B,vis2vis,66,210,94,238,V2V_ROY_WITHIN_SPLIT_DERANGEMENT_V1,908ce1f927ae651f,45696891a8d0b18e,PAIRING_V1
subj01,fold_3,train,B:B,vis2vis,76,220,66,210,V2V_ROY_WITHIN_SPLIT_DERANGEMENT_V1,908ce1f927ae651f,45696891a8d0b18e,PAIRING_V1
subj01,fold_3,train,B:B,vis2vis,79,223,76,220,V2V_ROY_WITHIN_SPLIT_DERANGEMENT_V1,908ce1f927ae651f,45696891a8d0b18e,PAIRING_V1
subj01,fold_3,train,B:B,vis2vis,94,238,79,223,V2V_ROY_WITHIN_SPLIT_DERANGEMENT_V1,908ce1f927ae651f,45696891a8d0b18e,PAIRING_V1
subj01,fold_3,train,B:C,vis2vis,58,202,64,208,V2V_ROY_WITHIN_SPLIT_DERANGEMENT_V1,908ce1f927ae651f,e7e0ec54cf4aeb95,PAIRING_V1
subj01,fold_3,train,B:C,vis2vis,64,208,71,215,V2V_ROY_WITHIN_SPLIT_DERANGEMENT_V1,908ce1f927ae651f,e7e0ec54cf4aeb95,PAIRING_V1
subj01,fold_3,train,B:C,vis2vis,71,215,86,230,V2V_ROY_WITHIN_SPLIT_DERANGEMENT_V1,908ce1f927ae651f,e7e0ec54cf4aeb95,PAIRING_V1
subj01,fold_3,train,B:C,vis2vis,86,230,58,202,V2V_ROY_WITHIN_SPLIT_DERANGEMENT_V1,908ce1f927ae651f,e7e0ec54cf4aeb95,PAIRING_V1
subj01,fold_3,train,B:D,vis2vis,51,195,54,198,V2V_ROY_WITHIN_SPLIT_DERANGEMENT_V1,908ce1f927ae651f,7b91040f535833a4,PAIRING_V1
subj01,fold_3,train,B:D,vis2vis,54,198,51,195,V2V_ROY_WITHIN_SPLIT_DERANGEMENT_V1,908ce1f927ae651f,7b91040f535833a4,PAIRING_V1
subj01,fold_3,train,B:D,vis2vis,70,214,93,237,V2V_ROY_WITHIN_SPLIT_DERANGEMENT_V1,908ce1f927ae651f,7b91040f535833a4,PAIRING_V1
subj01,fold_3,train,B:D,vis2vis,93,237,70,214,V2V_ROY_WITHIN_SPLIT_DERANGEMENT_V1,908ce1f927ae651f,7b91040f535833a4,PAIRING_V1
subj01,fold_3,train,B:K,vis2vis,55,199,67,211,V2V_ROY_WITHIN_SPLIT_DERANGEMENT_V1,908ce1f927ae651f,3685f52f5d3df3c0,PAIRING_V1
subj01,fold_3,train,B:K,vis2vis,67,211,78,222,V2V_ROY_WITHIN_SPLIT_DERANGEMENT_V1,908ce1f927ae651f,3685f52f5d3df3c0,PAIRING_V1
subj01,fold_3,train,B:K,vis2vis,78,222,91,235,V2V_ROY_WITHIN_SPLIT_DERANGEMENT_V1,908ce1f927ae651f,3685f52f5d3df3c0,PAIRING_V1
subj01,fold_3,train,B:K,vis2vis,91,235,55,199,V2V_ROY_WITHIN_SPLIT_DERANGEMENT_V1,908ce1f927ae651f,3685f52f5d3df3c0,PAIRING_V1
subj01,fold_3,train,B:T,vis2vis,52,196,92,236,V2V_ROY_WITHIN_SPLIT_DERANGEMENT_V1,908ce1f927ae651f,8b3db65f2c94fdbd,PAIRING_V1
subj01,fold_3,train,B:T,vis2vis,74,218,88,232,V2V_ROY_WITHIN_SPLIT_DERANGEMENT_V1,908ce1f927ae651f,8b3db65f2c94fdbd,PAIRING_V1
subj01,fold_3,train,B:T,vis2vis,88,232,74,218,V2V_ROY_WITHIN_SPLIT_DERANGEMENT_V1,908ce1f927ae651f,8b3db65f2c94fdbd,PAIRING_V1
subj01,fold_3,train,B:T,vis2vis,92,236,52,196,V2V_ROY_WITHIN_SPLIT_DERANGEMENT_V1,908ce1f927ae651f,8b3db65f2c94fdbd,PAIRING_V1
subj01,fold_3,train,B:W,vis2vis,50,194,87,231,V2V_ROY_WITHIN_SPLIT_DERANGEMENT_V1,908ce1f927ae651f,123965b295fee542,PAIRING_V1
subj01,fold_3,train,B:W,vis2vis,56,200,75,219,V2V_ROY_WITHIN_SPLIT_DERANGEMENT_V1,908ce1f927ae651f,123965b295fee542,PAIRING_V1
subj01,fold_3,train,B:W,vis2vis,75,219,50,194,V2V_ROY_WITHIN_SPLIT_DERANGEMENT_V1,908ce1f927ae651f,123965b295fee542,PAIRING_V1
subj01,fold_3,train,B:W,vis2vis,87,231,56,200,V2V_ROY_WITHIN_SPLIT_DERANGEMENT_V1,908ce1f927ae651f,123965b295fee542,PAIRING_V1
subj01,fold_3,val,A:E,vis2vis,43,43,47,47,V2V_ROY_WITHIN_SPLIT_DERANGEMENT_V1,908ce1f927ae651f,a6c14e0946f912c0,PAIRING_V1
subj01,fold_3,val,A:E,vis2vis,47,47,43,43,V2V_ROY_WITHIN_SPLIT_DERANGEMENT_V1,908ce1f927ae651f,a6c14e0946f912c0,PAIRING_V1
subj01,fold_3,val,A:H,vis2vis,2,2,28,28,V2V_ROY_WITHIN_SPLIT_DERANGEMENT_V1,908ce1f927ae651f,232724201aa98786,PAIRING_V1
subj01,fold_3,val,A:H,vis2vis,28,28,2,2,V2V_ROY_WITHIN_SPLIT_DERANGEMENT_V1,908ce1f927ae651f,232724201aa98786,PAIRING_V1
subj01,fold_3,val,A:L,vis2vis,36,36,42,42,V2V_ROY_WITHIN_SPLIT_DERANGEMENT_V1,908ce1f927ae651f,d97ff685ca233c80,PAIRING_V1
subj01,fold_3,val,A:L,vis2vis,42,42,36,36,V2V_ROY_WITHIN_SPLIT_DERANGEMENT_V1,908ce1f927ae651f,d97ff685ca233c80,PAIRING_V1
subj01,fold_3,val,A:P,vis2vis,20,20,41,41,V2V_ROY_WITHIN_SPLIT_DERANGEMENT_V1,908ce1f927ae651f,7a03fa9820df16f2,PAIRING_V1
subj01,fold_3,val,A:P,vis2vis,41,41,20,20,V2V_ROY_WITHIN_SPLIT_DERANGEMENT_V1,908ce1f927ae651f,7a03fa9820df16f2,PAIRING_V1
subj01,fold_3,val,A:R,vis2vis,25,25,39,39,V2V_ROY_WITHIN_SPLIT_DERANGEMENT_V1,908ce1f927ae651f,205c53b4adcddfd7,PAIRING_V1
subj01,fold_3,val,A:R,vis2vis,39,39,25,25,V2V_ROY_WITHIN_SPLIT_DERANGEMENT_V1,908ce1f927ae651f,205c53b4adcddfd7,PAIRING_V1
subj01,fold_3,val,A:V,vis2vis,15,15,19,19,V2V_ROY_WITHIN_SPLIT_DERANGEMENT_V1,908ce1f927ae651f,036c1d31ef56cb08,PAIRING_V1
subj01,fold_3,val,A:V,vis2vis,19,19,15,15,V2V_ROY_WITHIN_SPLIT_DERANGEMENT_V1,908ce1f927ae651f,036c1d31ef56cb08,PAIRING_V1
subj01,fold_3,val,B:B,vis2vis,53,197,89,233,V2V_ROY_WITHIN_SPLIT_DERANGEMENT_V1,908ce1f927ae651f,0353bd836bf6aafe,PAIRING_V1
subj01,fold_3,val,B:B,vis2vis,89,233,53,197,V2V_ROY_WITHIN_SPLIT_DERANGEMENT_V1,908ce1f927ae651f,0353bd836bf6aafe,PAIRING_V1
subj01,fold_3,val,B:C,vis2vis,62,206,90,234,V2V_ROY_WITHIN_SPLIT_DERANGEMENT_V1,908ce1f927ae651f,4da2d06bd5018eee,PAIRING_V1
subj01,fold_3,val,B:C,vis2vis,90,234,62,206,V2V_ROY_WITHIN_SPLIT_DERANGEMENT_V1,908ce1f927ae651f,4da2d06bd5018eee,PAIRING_V1
subj01,fold_3,val,B:D,vis2vis,68,212,81,225,V2V_ROY_WITHIN_SPLIT_DERANGEMENT_V1,908ce1f927ae651f,0bb3ac20c0a5606b,PAIRING_V1
subj01,fold_3,val,B:D,vis2vis,81,225,68,212,V2V_ROY_WITHIN_SPLIT_DERANGEMENT_V1,908ce1f927ae651f,0bb3ac20c0a5606b,PAIRING_V1
subj01,fold_3,val,B:K,vis2vis,59,203,82,226,V2V_ROY_WITHIN_SPLIT_DERANGEMENT_V1,908ce1f927ae651f,f4a024772a56f4a8,PAIRING_V1
subj01,fold_3,val,B:K,vis2vis,82,226,59,203,V2V_ROY_WITHIN_SPLIT_DERANGEMENT_V1,908ce1f927ae651f,f4a024772a56f4a8,PAIRING_V1
subj01,fold_3,val,B:T,vis2vis,60,204,95,239,V2V_ROY_WITHIN_SPLIT_DERANGEMENT_V1,908ce1f927ae651f,b965e7ed4ec7774e,PAIRING_V1
subj01,fold_3,val,B:T,vis2vis,95,239,60,204,V2V_ROY_WITHIN_SPLIT_DERANGEMENT_V1,908ce1f927ae651f,b965e7ed4ec7774e,PAIRING_V1
subj01,fold_3,val,B:W,vis2vis,72,216,77,221,V2V_ROY_WITHIN_SPLIT_DERANGEMENT_V1,908ce1f927ae651f,ddbf670323ecb3e1,PAIRING_V1
subj01,fold_3,val,B:W,vis2vis,77,221,72,216,V2V_ROY_WITHIN_SPLIT_DERANGEMENT_V1,908ce1f927ae651f,ddbf670323ecb3e1,PAIRING_V1
subj01,fold_3,test,A:E,vis2vis,9,9,38,38,V2V_ROY_WITHIN_SPLIT_DERANGEMENT_V1,908ce1f927ae651f,13f433c9ef6a27e3,PAIRING_V1
subj01,fold_3,test,A:E,vis2vis,38,38,9,9,V2V_ROY_WITHIN_SPLIT_DERANGEMENT_V1,908ce1f927ae651f,13f433c9ef6a27e3,PAIRING_V1
subj01,fold_3,test,A:H,vis2vis,18,18,21,21,V2V_ROY_WITHIN_SPLIT_DERANGEMENT_V1,908ce1f927ae651f,fae520394194c6df,PAIRING_V1
subj01,fold_3,test,A:H,vis2vis,21,21,18,18,V2V_ROY_WITHIN_SPLIT_DERANGEMENT_V1,908ce1f927ae651f,fae520394194c6df,PAIRING_V1
subj01,fold_3,test,A:L,vis2vis,7,7,29,29,V2V_ROY_WITHIN_SPLIT_DERANGEMENT_V1,908ce1f927ae651f,d25d382e6a11c1a1,PAIRING_V1
subj01,fold_3,test,A:L,vis2vis,29,29,7,7,V2V_ROY_WITHIN_SPLIT_DERANGEMENT_V1,908ce1f927ae651f,d25d382e6a11c1a1,PAIRING_V1
subj01,fold_3,test,A:P,vis2vis,11,11,37,37,V2V_ROY_WITHIN_SPLIT_DERANGEMENT_V1,908ce1f927ae651f,995ef610244c741b,PAIRING_V1
subj01,fold_3,test,A:P,vis2vis,37,37,11,11,V2V_ROY_WITHIN_SPLIT_DERANGEMENT_V1,908ce1f927ae651f,995ef610244c741b,PAIRING_V1
subj01,fold_3,test,A:R,vis2vis,5,5,44,44,V2V_ROY_WITHIN_SPLIT_DERANGEMENT_V1,908ce1f927ae651f,8da183d2ceaa27c9,PAIRING_V1
subj01,fold_3,test,A:R,vis2vis,44,44,5,5,V2V_ROY_WITHIN_SPLIT_DERANGEMENT_V1,908ce1f927ae651f,8da183d2ceaa27c9,PAIRING_V1
subj01,fold_3,test,A:V,vis2vis,31,31,33,33,V2V_ROY_WITHIN_SPLIT_DERANGEMENT_V1,908ce1f927ae651f,fdc86b97a1b8bfb3,PAIRING_V1
subj01,fold_3,test,A:V,vis2vis,33,33,31,31,V2V_ROY_WITHIN_SPLIT_DERANGEMENT_V1,908ce1f927ae651f,fdc86b97a1b8bfb3,PAIRING_V1
subj01,fold_3,test,B:B,vis2vis,83,227,85,229,V2V_ROY_WITHIN_SPLIT_DERANGEMENT_V1,908ce1f927ae651f,524c347d8a619d13,PAIRING_V1
subj01,fold_3,test,B:B,vis2vis,85,229,83,227,V2V_ROY_WITHIN_SPLIT_DERANGEMENT_V1,908ce1f927ae651f,524c347d8a619d13,PAIRING_V1
subj01,fold_3,test,B:C,vis2vis,49,193,73,217,V2V_ROY_WITHIN_SPLIT_DERANGEMENT_V1,908ce1f927ae651f,a1f73cdd927c9a9d,PAIRING_V1
subj01,fold_3,test,B:C,vis2vis,73,217,49,193,V2V_ROY_WITHIN_SPLIT_DERANGEMENT_V1,908ce1f927ae651f,a1f73cdd927c9a9d,PAIRING_V1
subj01,fold_3,test,B:D,vis2vis,61,205,65,209,V2V_ROY_WITHIN_SPLIT_DERANGEMENT_V1,908ce1f927ae651f,2dfb2bc69179ad28,PAIRING_V1
subj01,fold_3,test,B:D,vis2vis,65,209,61,205,V2V_ROY_WITHIN_SPLIT_DERANGEMENT_V1,908ce1f927ae651f,2dfb2bc69179ad28,PAIRING_V1
subj01,fold_3,test,B:K,vis2vis,57,201,84,228,V2V_ROY_WITHIN_SPLIT_DERANGEMENT_V1,908ce1f927ae651f,51f285b98bacb66c,PAIRING_V1
subj01,fold_3,test,B:K,vis2vis,84,228,57,201,V2V_ROY_WITHIN_SPLIT_DERANGEMENT_V1,908ce1f927ae651f,51f285b98bacb66c,PAIRING_V1
subj01,fold_3,test,B:T,vis2vis,69,213,80,224,V2V_ROY_WITHIN_SPLIT_DERANGEMENT_V1,908ce1f927ae651f,6fedabe6a9782eaa,PAIRING_V1
subj01,fold_3,test,B:T,vis2vis,80,224,69,213,V2V_ROY_WITHIN_SPLIT_DERANGEMENT_V1,908ce1f927ae651f,6fedabe6a9782eaa,PAIRING_V1
subj01,fold_3,test,B:W,vis2vis,48,192,63,207,V2V_ROY_WITHIN_SPLIT_DERANGEMENT_V1,908ce1f927ae651f,8114d3e67f022c11,PAIRING_V1
subj01,fold_3,test,B:W,vis2vis,63,207,48,192,V2V_ROY_WITHIN_SPLIT_DERANGEMENT_V1,908ce1f927ae651f,8114d3e67f022c11,PAIRING_V1
subj02,fold_0,train,A:E,vis2vis,26,26,32,32,V2V_ROY_WITHIN_SPLIT_DERANGEMENT_V1,908ce1f927ae651f,1b443b6f413383c7,PAIRING_V1
subj02,fold_0,train,A:E,vis2vis,32,32,43,43,V2V_ROY_WITHIN_SPLIT_DERANGEMENT_V1,908ce1f927ae651f,1b443b6f413383c7,PAIRING_V1
subj02,fold_0,train,A:E,vis2vis,43,43,47,47,V2V_ROY_WITHIN_SPLIT_DERANGEMENT_V1,908ce1f927ae651f,1b443b6f413383c7,PAIRING_V1
subj02,fold_0,train,A:E,vis2vis,47,47,26,26,V2V_ROY_WITHIN_SPLIT_DERANGEMENT_V1,908ce1f927ae651f,1b443b6f413383c7,PAIRING_V1
subj02,fold_0,train,A:H,vis2vis,2,2,28,28,V2V_ROY_WITHIN_SPLIT_DERANGEMENT_V1,908ce1f927ae651f,dc4da89a6c74d34b,PAIRING_V1
subj02,fold_0,train,A:H,vis2vis,10,10,14,14,V2V_ROY_WITHIN_SPLIT_DERANGEMENT_V1,908ce1f927ae651f,dc4da89a6c74d34b,PAIRING_V1
subj02,fold_0,train,A:H,vis2vis,14,14,10,10,V2V_ROY_WITHIN_SPLIT_DERANGEMENT_V1,908ce1f927ae651f,dc4da89a6c74d34b,PAIRING_V1
subj02,fold_0,train,A:H,vis2vis,28,28,2,2,V2V_ROY_WITHIN_SPLIT_DERANGEMENT_V1,908ce1f927ae651f,dc4da89a6c74d34b,PAIRING_V1
subj02,fold_0,train,A:L,vis2vis,12,12,36,36,V2V_ROY_WITHIN_SPLIT_DERANGEMENT_V1,908ce1f927ae651f,9f605870a12e1775,PAIRING_V1
subj02,fold_0,train,A:L,vis2vis,27,27,12,12,V2V_ROY_WITHIN_SPLIT_DERANGEMENT_V1,908ce1f927ae651f,9f605870a12e1775,PAIRING_V1
subj02,fold_0,train,A:L,vis2vis,36,36,42,42,V2V_ROY_WITHIN_SPLIT_DERANGEMENT_V1,908ce1f927ae651f,9f605870a12e1775,PAIRING_V1
subj02,fold_0,train,A:L,vis2vis,42,42,27,27,V2V_ROY_WITHIN_SPLIT_DERANGEMENT_V1,908ce1f927ae651f,9f605870a12e1775,PAIRING_V1
subj02,fold_0,train,A:P,vis2vis,8,8,41,41,V2V_ROY_WITHIN_SPLIT_DERANGEMENT_V1,908ce1f927ae651f,11fbf6f14170623a,PAIRING_V1
subj02,fold_0,train,A:P,vis2vis,13,13,20,20,V2V_ROY_WITHIN_SPLIT_DERANGEMENT_V1,908ce1f927ae651f,11fbf6f14170623a,PAIRING_V1
subj02,fold_0,train,A:P,vis2vis,20,20,13,13,V2V_ROY_WITHIN_SPLIT_DERANGEMENT_V1,908ce1f927ae651f,11fbf6f14170623a,PAIRING_V1
subj02,fold_0,train,A:P,vis2vis,41,41,8,8,V2V_ROY_WITHIN_SPLIT_DERANGEMENT_V1,908ce1f927ae651f,11fbf6f14170623a,PAIRING_V1
subj02,fold_0,train,A:R,vis2vis,22,22,39,39,V2V_ROY_WITHIN_SPLIT_DERANGEMENT_V1,908ce1f927ae651f,96de3e2f65163a36,PAIRING_V1
subj02,fold_0,train,A:R,vis2vis,25,25,30,30,V2V_ROY_WITHIN_SPLIT_DERANGEMENT_V1,908ce1f927ae651f,96de3e2f65163a36,PAIRING_V1
subj02,fold_0,train,A:R,vis2vis,30,30,22,22,V2V_ROY_WITHIN_SPLIT_DERANGEMENT_V1,908ce1f927ae651f,96de3e2f65163a36,PAIRING_V1
subj02,fold_0,train,A:R,vis2vis,39,39,25,25,V2V_ROY_WITHIN_SPLIT_DERANGEMENT_V1,908ce1f927ae651f,96de3e2f65163a36,PAIRING_V1
subj02,fold_0,train,A:V,vis2vis,1,1,19,19,V2V_ROY_WITHIN_SPLIT_DERANGEMENT_V1,908ce1f927ae651f,e73e876dbd413071,PAIRING_V1
subj02,fold_0,train,A:V,vis2vis,3,3,1,1,V2V_ROY_WITHIN_SPLIT_DERANGEMENT_V1,908ce1f927ae651f,e73e876dbd413071,PAIRING_V1
subj02,fold_0,train,A:V,vis2vis,15,15,3,3,V2V_ROY_WITHIN_SPLIT_DERANGEMENT_V1,908ce1f927ae651f,e73e876dbd413071,PAIRING_V1
subj02,fold_0,train,A:V,vis2vis,19,19,15,15,V2V_ROY_WITHIN_SPLIT_DERANGEMENT_V1,908ce1f927ae651f,e73e876dbd413071,PAIRING_V1
subj02,fold_0,train,B:B,vis2vis,53,197,89,233,V2V_ROY_WITHIN_SPLIT_DERANGEMENT_V1,908ce1f927ae651f,1e5380147507c272,PAIRING_V1
subj02,fold_0,train,B:B,vis2vis,66,210,79,223,V2V_ROY_WITHIN_SPLIT_DERANGEMENT_V1,908ce1f927ae651f,1e5380147507c272,PAIRING_V1
subj02,fold_0,train,B:B,vis2vis,79,223,53,197,V2V_ROY_WITHIN_SPLIT_DERANGEMENT_V1,908ce1f927ae651f,1e5380147507c272,PAIRING_V1
subj02,fold_0,train,B:B,vis2vis,89,233,66,210,V2V_ROY_WITHIN_SPLIT_DERANGEMENT_V1,908ce1f927ae651f,1e5380147507c272,PAIRING_V1
subj02,fold_0,train,B:C,vis2vis,58,202,71,215,V2V_ROY_WITHIN_SPLIT_DERANGEMENT_V1,908ce1f927ae651f,d5a6a6967389ac48,PAIRING_V1
subj02,fold_0,train,B:C,vis2vis,62,206,58,202,V2V_ROY_WITHIN_SPLIT_DERANGEMENT_V1,908ce1f927ae651f,d5a6a6967389ac48,PAIRING_V1
subj02,fold_0,train,B:C,vis2vis,71,215,90,234,V2V_ROY_WITHIN_SPLIT_DERANGEMENT_V1,908ce1f927ae651f,d5a6a6967389ac48,PAIRING_V1
subj02,fold_0,train,B:C,vis2vis,90,234,62,206,V2V_ROY_WITHIN_SPLIT_DERANGEMENT_V1,908ce1f927ae651f,d5a6a6967389ac48,PAIRING_V1
subj02,fold_0,train,B:D,vis2vis,68,212,81,225,V2V_ROY_WITHIN_SPLIT_DERANGEMENT_V1,908ce1f927ae651f,546a8eed6dfc0def,PAIRING_V1
subj02,fold_0,train,B:D,vis2vis,70,214,68,212,V2V_ROY_WITHIN_SPLIT_DERANGEMENT_V1,908ce1f927ae651f,546a8eed6dfc0def,PAIRING_V1
subj02,fold_0,train,B:D,vis2vis,81,225,93,237,V2V_ROY_WITHIN_SPLIT_DERANGEMENT_V1,908ce1f927ae651f,546a8eed6dfc0def,PAIRING_V1
subj02,fold_0,train,B:D,vis2vis,93,237,70,214,V2V_ROY_WITHIN_SPLIT_DERANGEMENT_V1,908ce1f927ae651f,546a8eed6dfc0def,PAIRING_V1
subj02,fold_0,train,B:K,vis2vis,59,203,67,211,V2V_ROY_WITHIN_SPLIT_DERANGEMENT_V1,908ce1f927ae651f,a593cb6e94bb9fea,PAIRING_V1
subj02,fold_0,train,B:K,vis2vis,67,211,91,235,V2V_ROY_WITHIN_SPLIT_DERANGEMENT_V1,908ce1f927ae651f,a593cb6e94bb9fea,PAIRING_V1
subj02,fold_0,train,B:K,vis2vis,82,226,59,203,V2V_ROY_WITHIN_SPLIT_DERANGEMENT_V1,908ce1f927ae651f,a593cb6e94bb9fea,PAIRING_V1
subj02,fold_0,train,B:K,vis2vis,91,235,82,226,V2V_ROY_WITHIN_SPLIT_DERANGEMENT_V1,908ce1f927ae651f,a593cb6e94bb9fea,PAIRING_V1
subj02,fold_0,train,B:T,vis2vis,52,196,95,239,V2V_ROY_WITHIN_SPLIT_DERANGEMENT_V1,908ce1f927ae651f,d3834422f7c2fb13,PAIRING_V1
subj02,fold_0,train,B:T,vis2vis,60,204,52,196,V2V_ROY_WITHIN_SPLIT_DERANGEMENT_V1,908ce1f927ae651f,d3834422f7c2fb13,PAIRING_V1
subj02,fold_0,train,B:T,vis2vis,92,236,60,204,V2V_ROY_WITHIN_SPLIT_DERANGEMENT_V1,908ce1f927ae651f,d3834422f7c2fb13,PAIRING_V1
subj02,fold_0,train,B:T,vis2vis,95,239,92,236,V2V_ROY_WITHIN_SPLIT_DERANGEMENT_V1,908ce1f927ae651f,d3834422f7c2fb13,PAIRING_V1
subj02,fold_0,train,B:W,vis2vis,56,200,77,221,V2V_ROY_WITHIN_SPLIT_DERANGEMENT_V1,908ce1f927ae651f,6e68edd29f457b93,PAIRING_V1
subj02,fold_0,train,B:W,vis2vis,72,216,75,219,V2V_ROY_WITHIN_SPLIT_DERANGEMENT_V1,908ce1f927ae651f,6e68edd29f457b93,PAIRING_V1
subj02,fold_0,train,B:W,vis2vis,75,219,56,200,V2V_ROY_WITHIN_SPLIT_DERANGEMENT_V1,908ce1f927ae651f,6e68edd29f457b93,PAIRING_V1
subj02,fold_0,train,B:W,vis2vis,77,221,72,216,V2V_ROY_WITHIN_SPLIT_DERANGEMENT_V1,908ce1f927ae651f,6e68edd29f457b93,PAIRING_V1
subj02,fold_0,val,A:E,vis2vis,9,9,38,38,V2V_ROY_WITHIN_SPLIT_DERANGEMENT_V1,908ce1f927ae651f,3a5c6e47186f6a53,PAIRING_V1
subj02,fold_0,val,A:E,vis2vis,38,38,9,9,V2V_ROY_WITHIN_SPLIT_DERANGEMENT_V1,908ce1f927ae651f,3a5c6e47186f6a53,PAIRING_V1
subj02,fold_0,val,A:H,vis2vis,18,18,21,21,V2V_ROY_WITHIN_SPLIT_DERANGEMENT_V1,908ce1f927ae651f,5a975fb96729c4db,PAIRING_V1
subj02,fold_0,val,A:H,vis2vis,21,21,18,18,V2V_ROY_WITHIN_SPLIT_DERANGEMENT_V1,908ce1f927ae651f,5a975fb96729c4db,PAIRING_V1
subj02,fold_0,val,A:L,vis2vis,7,7,29,29,V2V_ROY_WITHIN_SPLIT_DERANGEMENT_V1,908ce1f927ae651f,736754f88cea60e6,PAIRING_V1
subj02,fold_0,val,A:L,vis2vis,29,29,7,7,V2V_ROY_WITHIN_SPLIT_DERANGEMENT_V1,908ce1f927ae651f,736754f88cea60e6,PAIRING_V1
subj02,fold_0,val,A:P,vis2vis,11,11,37,37,V2V_ROY_WITHIN_SPLIT_DERANGEMENT_V1,908ce1f927ae651f,474dab72b533ad41,PAIRING_V1
subj02,fold_0,val,A:P,vis2vis,37,37,11,11,V2V_ROY_WITHIN_SPLIT_DERANGEMENT_V1,908ce1f927ae651f,474dab72b533ad41,PAIRING_V1
subj02,fold_0,val,A:R,vis2vis,5,5,44,44,V2V_ROY_WITHIN_SPLIT_DERANGEMENT_V1,908ce1f927ae651f,90187de6fe366164,PAIRING_V1
subj02,fold_0,val,A:R,vis2vis,44,44,5,5,V2V_ROY_WITHIN_SPLIT_DERANGEMENT_V1,908ce1f927ae651f,90187de6fe366164,PAIRING_V1
subj02,fold_0,val,A:V,vis2vis,31,31,33,33,V2V_ROY_WITHIN_SPLIT_DERANGEMENT_V1,908ce1f927ae651f,003fe369544b78e0,PAIRING_V1
subj02,fold_0,val,A:V,vis2vis,33,33,31,31,V2V_ROY_WITHIN_SPLIT_DERANGEMENT_V1,908ce1f927ae651f,003fe369544b78e0,PAIRING_V1
subj02,fold_0,val,B:B,vis2vis,83,227,85,229,V2V_ROY_WITHIN_SPLIT_DERANGEMENT_V1,908ce1f927ae651f,bd97796a266be91c,PAIRING_V1
subj02,fold_0,val,B:B,vis2vis,85,229,83,227,V2V_ROY_WITHIN_SPLIT_DERANGEMENT_V1,908ce1f927ae651f,bd97796a266be91c,PAIRING_V1
subj02,fold_0,val,B:C,vis2vis,49,193,73,217,V2V_ROY_WITHIN_SPLIT_DERANGEMENT_V1,908ce1f927ae651f,cac64aaa4784a0c9,PAIRING_V1
subj02,fold_0,val,B:C,vis2vis,73,217,49,193,V2V_ROY_WITHIN_SPLIT_DERANGEMENT_V1,908ce1f927ae651f,cac64aaa4784a0c9,PAIRING_V1
subj02,fold_0,val,B:D,vis2vis,61,205,65,209,V2V_ROY_WITHIN_SPLIT_DERANGEMENT_V1,908ce1f927ae651f,ea5deec3c789fbc5,PAIRING_V1
subj02,fold_0,val,B:D,vis2vis,65,209,61,205,V2V_ROY_WITHIN_SPLIT_DERANGEMENT_V1,908ce1f927ae651f,ea5deec3c789fbc5,PAIRING_V1
subj02,fold_0,val,B:K,vis2vis,57,201,84,228,V2V_ROY_WITHIN_SPLIT_DERANGEMENT_V1,908ce1f927ae651f,5b265fc3e201b61b,PAIRING_V1
subj02,fold_0,val,B:K,vis2vis,84,228,57,201,V2V_ROY_WITHIN_SPLIT_DERANGEMENT_V1,908ce1f927ae651f,5b265fc3e201b61b,PAIRING_V1
subj02,fold_0,val,B:T,vis2vis,69,213,80,224,V2V_ROY_WITHIN_SPLIT_DERANGEMENT_V1,908ce1f927ae651f,5c23ff75605c24f8,PAIRING_V1
subj02,fold_0,val,B:T,vis2vis,80,224,69,213,V2V_ROY_WITHIN_SPLIT_DERANGEMENT_V1,908ce1f927ae651f,5c23ff75605c24f8,PAIRING_V1
subj02,fold_0,val,B:W,vis2vis,48,192,63,207,V2V_ROY_WITHIN_SPLIT_DERANGEMENT_V1,908ce1f927ae651f,34e2e19817ba334a,PAIRING_V1
subj02,fold_0,val,B:W,vis2vis,63,207,48,192,V2V_ROY_WITHIN_SPLIT_DERANGEMENT_V1,908ce1f927ae651f,34e2e19817ba334a,PAIRING_V1
subj02,fold_0,test,A:E,vis2vis,6,6,23,23,V2V_ROY_WITHIN_SPLIT_DERANGEMENT_V1,908ce1f927ae651f,04373e95b65e2abd,PAIRING_V1
subj02,fold_0,test,A:E,vis2vis,23,23,6,6,V2V_ROY_WITHIN_SPLIT_DERANGEMENT_V1,908ce1f927ae651f,04373e95b65e2abd,PAIRING_V1
subj02,fold_0,test,A:H,vis2vis,24,24,35,35,V2V_ROY_WITHIN_SPLIT_DERANGEMENT_V1,908ce1f927ae651f,f882ffac662320a9,PAIRING_V1
subj02,fold_0,test,A:H,vis2vis,35,35,24,24,V2V_ROY_WITHIN_SPLIT_DERANGEMENT_V1,908ce1f927ae651f,f882ffac662320a9,PAIRING_V1
subj02,fold_0,test,A:L,vis2vis,0,0,4,4,V2V_ROY_WITHIN_SPLIT_DERANGEMENT_V1,908ce1f927ae651f,507e70071196cf68,PAIRING_V1
subj02,fold_0,test,A:L,vis2vis,4,4,0,0,V2V_ROY_WITHIN_SPLIT_DERANGEMENT_V1,908ce1f927ae651f,507e70071196cf68,PAIRING_V1
subj02,fold_0,test,A:P,vis2vis,16,16,34,34,V2V_ROY_WITHIN_SPLIT_DERANGEMENT_V1,908ce1f927ae651f,3b4cfe4a4e1cb970,PAIRING_V1
subj02,fold_0,test,A:P,vis2vis,34,34,16,16,V2V_ROY_WITHIN_SPLIT_DERANGEMENT_V1,908ce1f927ae651f,3b4cfe4a4e1cb970,PAIRING_V1
subj02,fold_0,test,A:R,vis2vis,17,17,46,46,V2V_ROY_WITHIN_SPLIT_DERANGEMENT_V1,908ce1f927ae651f,f7dca1c32abb7438,PAIRING_V1
subj02,fold_0,test,A:R,vis2vis,46,46,17,17,V2V_ROY_WITHIN_SPLIT_DERANGEMENT_V1,908ce1f927ae651f,f7dca1c32abb7438,PAIRING_V1
subj02,fold_0,test,A:V,vis2vis,40,40,45,45,V2V_ROY_WITHIN_SPLIT_DERANGEMENT_V1,908ce1f927ae651f,9cc4a1ef7a4db5c3,PAIRING_V1
subj02,fold_0,test,A:V,vis2vis,45,45,40,40,V2V_ROY_WITHIN_SPLIT_DERANGEMENT_V1,908ce1f927ae651f,9cc4a1ef7a4db5c3,PAIRING_V1
subj02,fold_0,test,B:B,vis2vis,76,220,94,238,V2V_ROY_WITHIN_SPLIT_DERANGEMENT_V1,908ce1f927ae651f,431facb776498afd,PAIRING_V1
subj02,fold_0,test,B:B,vis2vis,94,238,76,220,V2V_ROY_WITHIN_SPLIT_DERANGEMENT_V1,908ce1f927ae651f,431facb776498afd,PAIRING_V1
subj02,fold_0,test,B:C,vis2vis,64,208,86,230,V2V_ROY_WITHIN_SPLIT_DERANGEMENT_V1,908ce1f927ae651f,bdf363c13fa821e9,PAIRING_V1
subj02,fold_0,test,B:C,vis2vis,86,230,64,208,V2V_ROY_WITHIN_SPLIT_DERANGEMENT_V1,908ce1f927ae651f,bdf363c13fa821e9,PAIRING_V1
subj02,fold_0,test,B:D,vis2vis,51,195,54,198,V2V_ROY_WITHIN_SPLIT_DERANGEMENT_V1,908ce1f927ae651f,66368a7a33fe0261,PAIRING_V1
subj02,fold_0,test,B:D,vis2vis,54,198,51,195,V2V_ROY_WITHIN_SPLIT_DERANGEMENT_V1,908ce1f927ae651f,66368a7a33fe0261,PAIRING_V1
subj02,fold_0,test,B:K,vis2vis,55,199,78,222,V2V_ROY_WITHIN_SPLIT_DERANGEMENT_V1,908ce1f927ae651f,a4c868f408be317e,PAIRING_V1
subj02,fold_0,test,B:K,vis2vis,78,222,55,199,V2V_ROY_WITHIN_SPLIT_DERANGEMENT_V1,908ce1f927ae651f,a4c868f408be317e,PAIRING_V1
subj02,fold_0,test,B:T,vis2vis,74,218,88,232,V2V_ROY_WITHIN_SPLIT_DERANGEMENT_V1,908ce1f927ae651f,cff9c2aa49ed7a9d,PAIRING_V1
subj02,fold_0,test,B:T,vis2vis,88,232,74,218,V2V_ROY_WITHIN_SPLIT_DERANGEMENT_V1,908ce1f927ae651f,cff9c2aa49ed7a9d,PAIRING_V1
subj02,fold_0,test,B:W,vis2vis,50,194,87,231,V2V_ROY_WITHIN_SPLIT_DERANGEMENT_V1,908ce1f927ae651f,dd23b5b9c0845058,PAIRING_V1
subj02,fold_0,test,B:W,vis2vis,87,231,50,194,V2V_ROY_WITHIN_SPLIT_DERANGEMENT_V1,908ce1f927ae651f,dd23b5b9c0845058,PAIRING_V1
subj02,fold_1,train,A:E,vis2vis,6,6,47,47,V2V_ROY_WITHIN_SPLIT_DERANGEMENT_V1,908ce1f927ae651f,b583ada873a7c93d,PAIRING_V1
subj02,fold_1,train,A:E,vis2vis,23,23,43,43,V2V_ROY_WITHIN_SPLIT_DERANGEMENT_V1,908ce1f927ae651f,b583ada873a7c93d,PAIRING_V1
subj02,fold_1,train,A:E,vis2vis,43,43,6,6,V2V_ROY_WITHIN_SPLIT_DERANGEMENT_V1,908ce1f927ae651f,b583ada873a7c93d,PAIRING_V1
subj02,fold_1,train,A:E,vis2vis,47,47,23,23,V2V_ROY_WITHIN_SPLIT_DERANGEMENT_V1,908ce1f927ae651f,b583ada873a7c93d,PAIRING_V1
subj02,fold_1,train,A:H,vis2vis,2,2,24,24,V2V_ROY_WITHIN_SPLIT_DERANGEMENT_V1,908ce1f927ae651f,e7149cf833124272,PAIRING_V1
subj02,fold_1,train,A:H,vis2vis,24,24,28,28,V2V_ROY_WITHIN_SPLIT_DERANGEMENT_V1,908ce1f927ae651f,e7149cf833124272,PAIRING_V1
subj02,fold_1,train,A:H,vis2vis,28,28,35,35,V2V_ROY_WITHIN_SPLIT_DERANGEMENT_V1,908ce1f927ae651f,e7149cf833124272,PAIRING_V1
subj02,fold_1,train,A:H,vis2vis,35,35,2,2,V2V_ROY_WITHIN_SPLIT_DERANGEMENT_V1,908ce1f927ae651f,e7149cf833124272,PAIRING_V1
subj02,fold_1,train,A:L,vis2vis,0,0,4,4,V2V_ROY_WITHIN_SPLIT_DERANGEMENT_V1,908ce1f927ae651f,478827e62ce43fad,PAIRING_V1
subj02,fold_1,train,A:L,vis2vis,4,4,0,0,V2V_ROY_WITHIN_SPLIT_DERANGEMENT_V1,908ce1f927ae651f,478827e62ce43fad,PAIRING_V1
subj02,fold_1,train,A:L,vis2vis,36,36,42,42,V2V_ROY_WITHIN_SPLIT_DERANGEMENT_V1,908ce1f927ae651f,478827e62ce43fad,PAIRING_V1
subj02,fold_1,train,A:L,vis2vis,42,42,36,36,V2V_ROY_WITHIN_SPLIT_DERANGEMENT_V1,908ce1f927ae651f,478827e62ce43fad,PAIRING_V1
subj02,fold_1,train,A:P,vis2vis,16,16,34,34,V2V_ROY_WITHIN_SPLIT_DERANGEMENT_V1,908ce1f927ae651f,01b1661f11493d96,PAIRING_V1
subj02,fold_1,train,A:P,vis2vis,20,20,41,41,V2V_ROY_WITHIN_SPLIT_DERANGEMENT_V1,908ce1f927ae651f,01b1661f11493d96,PAIRING_V1
subj02,fold_1,train,A:P,vis2vis,34,34,16,16,V2V_ROY_WITHIN_SPLIT_DERANGEMENT_V1,908ce1f927ae651f,01b1661f11493d96,PAIRING_V1
subj02,fold_1,train,A:P,vis2vis,41,41,20,20,V2V_ROY_WITHIN_SPLIT_DERANGEMENT_V1,908ce1f927ae651f,01b1661f11493d96,PAIRING_V1
subj02,fold_1,train,A:R,vis2vis,17,17,46,46,V2V_ROY_WITHIN_SPLIT_DERANGEMENT_V1,908ce1f927ae651f,baaa169930ef122e,PAIRING_V1
subj02,fold_1,train,A:R,vis2vis,25,25,39,39,V2V_ROY_WITHIN_SPLIT_DERANGEMENT_V1,908ce1f927ae651f,baaa169930ef122e,PAIRING_V1
subj02,fold_1,train,A:R,vis2vis,39,39,25,25,V2V_ROY_WITHIN_SPLIT_DERANGEMENT_V1,908ce1f927ae651f,baaa169930ef122e,PAIRING_V1
subj02,fold_1,train,A:R,vis2vis,46,46,17,17,V2V_ROY_WITHIN_SPLIT_DERANGEMENT_V1,908ce1f927ae651f,baaa169930ef122e,PAIRING_V1
subj02,fold_1,train,A:V,vis2vis,15,15,45,45,V2V_ROY_WITHIN_SPLIT_DERANGEMENT_V1,908ce1f927ae651f,a3ae3391fb6c853a,PAIRING_V1
subj02,fold_1,train,A:V,vis2vis,19,19,40,40,V2V_ROY_WITHIN_SPLIT_DERANGEMENT_V1,908ce1f927ae651f,a3ae3391fb6c853a,PAIRING_V1
subj02,fold_1,train,A:V,vis2vis,40,40,19,19,V2V_ROY_WITHIN_SPLIT_DERANGEMENT_V1,908ce1f927ae651f,a3ae3391fb6c853a,PAIRING_V1
subj02,fold_1,train,A:V,vis2vis,45,45,15,15,V2V_ROY_WITHIN_SPLIT_DERANGEMENT_V1,908ce1f927ae651f,a3ae3391fb6c853a,PAIRING_V1
subj02,fold_1,train,B:B,vis2vis,53,197,89,233,V2V_ROY_WITHIN_SPLIT_DERANGEMENT_V1,908ce1f927ae651f,4fcb40dc132a1624,PAIRING_V1
subj02,fold_1,train,B:B,vis2vis,76,220,94,238,V2V_ROY_WITHIN_SPLIT_DERANGEMENT_V1,908ce1f927ae651f,4fcb40dc132a1624,PAIRING_V1
subj02,fold_1,train,B:B,vis2vis,89,233,76,220,V2V_ROY_WITHIN_SPLIT_DERANGEMENT_V1,908ce1f927ae651f,4fcb40dc132a1624,PAIRING_V1
subj02,fold_1,train,B:B,vis2vis,94,238,53,197,V2V_ROY_WITHIN_SPLIT_DERANGEMENT_V1,908ce1f927ae651f,4fcb40dc132a1624,PAIRING_V1
subj02,fold_1,train,B:C,vis2vis,62,206,86,230,V2V_ROY_WITHIN_SPLIT_DERANGEMENT_V1,908ce1f927ae651f,a48a3f95a132a9c8,PAIRING_V1
subj02,fold_1,train,B:C,vis2vis,64,208,62,206,V2V_ROY_WITHIN_SPLIT_DERANGEMENT_V1,908ce1f927ae651f,a48a3f95a132a9c8,PAIRING_V1
subj02,fold_1,train,B:C,vis2vis,86,230,90,234,V2V_ROY_WITHIN_SPLIT_DERANGEMENT_V1,908ce1f927ae651f,a48a3f95a132a9c8,PAIRING_V1
subj02,fold_1,train,B:C,vis2vis,90,234,64,208,V2V_ROY_WITHIN_SPLIT_DERANGEMENT_V1,908ce1f927ae651f,a48a3f95a132a9c8,PAIRING_V1
subj02,fold_1,train,B:D,vis2vis,51,195,81,225,V2V_ROY_WITHIN_SPLIT_DERANGEMENT_V1,908ce1f927ae651f,3edd6c199918aa0e,PAIRING_V1
subj02,fold_1,train,B:D,vis2vis,54,198,51,195,V2V_ROY_WITHIN_SPLIT_DERANGEMENT_V1,908ce1f927ae651f,3edd6c199918aa0e,PAIRING_V1
subj02,fold_1,train,B:D,vis2vis,68,212,54,198,V2V_ROY_WITHIN_SPLIT_DERANGEMENT_V1,908ce1f927ae651f,3edd6c199918aa0e,PAIRING_V1
subj02,fold_1,train,B:D,vis2vis,81,225,68,212,V2V_ROY_WITHIN_SPLIT_DERANGEMENT_V1,908ce1f927ae651f,3edd6c199918aa0e,PAIRING_V1
subj02,fold_1,train,B:K,vis2vis,55,199,82,226,V2V_ROY_WITHIN_SPLIT_DERANGEMENT_V1,908ce1f927ae651f,991aa69976308b09,PAIRING_V1
subj02,fold_1,train,B:K,vis2vis,59,203,78,222,V2V_ROY_WITHIN_SPLIT_DERANGEMENT_V1,908ce1f927ae651f,991aa69976308b09,PAIRING_V1
subj02,fold_1,train,B:K,vis2vis,78,222,59,203,V2V_ROY_WITHIN_SPLIT_DERANGEMENT_V1,908ce1f927ae651f,991aa69976308b09,PAIRING_V1
subj02,fold_1,train,B:K,vis2vis,82,226,55,199,V2V_ROY_WITHIN_SPLIT_DERANGEMENT_V1,908ce1f927ae651f,991aa69976308b09,PAIRING_V1
subj02,fold_1,train,B:T,vis2vis,60,204,95,239,V2V_ROY_WITHIN_SPLIT_DERANGEMENT_V1,908ce1f927ae651f,56ae1050b8a59948,PAIRING_V1
subj02,fold_1,train,B:T,vis2vis,74,218,88,232,V2V_ROY_WITHIN_SPLIT_DERANGEMENT_V1,908ce1f927ae651f,56ae1050b8a59948,PAIRING_V1
subj02,fold_1,train,B:T,vis2vis,88,232,60,204,V2V_ROY_WITHIN_SPLIT_DERANGEMENT_V1,908ce1f927ae651f,56ae1050b8a59948,PAIRING_V1
subj02,fold_1,train,B:T,vis2vis,95,239,74,218,V2V_ROY_WITHIN_SPLIT_DERANGEMENT_V1,908ce1f927ae651f,56ae1050b8a59948,PAIRING_V1
subj02,fold_1,train,B:W,vis2vis,50,194,87,231,V2V_ROY_WITHIN_SPLIT_DERANGEMENT_V1,908ce1f927ae651f,d7a1f5de24e26a2b,PAIRING_V1
subj02,fold_1,train,B:W,vis2vis,72,216,77,221,V2V_ROY_WITHIN_SPLIT_DERANGEMENT_V1,908ce1f927ae651f,d7a1f5de24e26a2b,PAIRING_V1
subj02,fold_1,train,B:W,vis2vis,77,221,50,194,V2V_ROY_WITHIN_SPLIT_DERANGEMENT_V1,908ce1f927ae651f,d7a1f5de24e26a2b,PAIRING_V1
subj02,fold_1,train,B:W,vis2vis,87,231,72,216,V2V_ROY_WITHIN_SPLIT_DERANGEMENT_V1,908ce1f927ae651f,d7a1f5de24e26a2b,PAIRING_V1
subj02,fold_1,val,A:E,vis2vis,9,9,38,38,V2V_ROY_WITHIN_SPLIT_DERANGEMENT_V1,908ce1f927ae651f,0239e6f9f6f51a71,PAIRING_V1
subj02,fold_1,val,A:E,vis2vis,38,38,9,9,V2V_ROY_WITHIN_SPLIT_DERANGEMENT_V1,908ce1f927ae651f,0239e6f9f6f51a71,PAIRING_V1
subj02,fold_1,val,A:H,vis2vis,18,18,21,21,V2V_ROY_WITHIN_SPLIT_DERANGEMENT_V1,908ce1f927ae651f,c0ca577709a61eb4,PAIRING_V1
subj02,fold_1,val,A:H,vis2vis,21,21,18,18,V2V_ROY_WITHIN_SPLIT_DERANGEMENT_V1,908ce1f927ae651f,c0ca577709a61eb4,PAIRING_V1
subj02,fold_1,val,A:L,vis2vis,7,7,29,29,V2V_ROY_WITHIN_SPLIT_DERANGEMENT_V1,908ce1f927ae651f,e3b56822f33f2e66,PAIRING_V1
subj02,fold_1,val,A:L,vis2vis,29,29,7,7,V2V_ROY_WITHIN_SPLIT_DERANGEMENT_V1,908ce1f927ae651f,e3b56822f33f2e66,PAIRING_V1
subj02,fold_1,val,A:P,vis2vis,11,11,37,37,V2V_ROY_WITHIN_SPLIT_DERANGEMENT_V1,908ce1f927ae651f,22dbeb44329d2101,PAIRING_V1
subj02,fold_1,val,A:P,vis2vis,37,37,11,11,V2V_ROY_WITHIN_SPLIT_DERANGEMENT_V1,908ce1f927ae651f,22dbeb44329d2101,PAIRING_V1
subj02,fold_1,val,A:R,vis2vis,5,5,44,44,V2V_ROY_WITHIN_SPLIT_DERANGEMENT_V1,908ce1f927ae651f,4bf8a5b5fb38a958,PAIRING_V1
subj02,fold_1,val,A:R,vis2vis,44,44,5,5,V2V_ROY_WITHIN_SPLIT_DERANGEMENT_V1,908ce1f927ae651f,4bf8a5b5fb38a958,PAIRING_V1
subj02,fold_1,val,A:V,vis2vis,31,31,33,33,V2V_ROY_WITHIN_SPLIT_DERANGEMENT_V1,908ce1f927ae651f,0ea10673ce89daeb,PAIRING_V1
subj02,fold_1,val,A:V,vis2vis,33,33,31,31,V2V_ROY_WITHIN_SPLIT_DERANGEMENT_V1,908ce1f927ae651f,0ea10673ce89daeb,PAIRING_V1
subj02,fold_1,val,B:B,vis2vis,83,227,85,229,V2V_ROY_WITHIN_SPLIT_DERANGEMENT_V1,908ce1f927ae651f,5146c9cedcceea6a,PAIRING_V1
subj02,fold_1,val,B:B,vis2vis,85,229,83,227,V2V_ROY_WITHIN_SPLIT_DERANGEMENT_V1,908ce1f927ae651f,5146c9cedcceea6a,PAIRING_V1
subj02,fold_1,val,B:C,vis2vis,49,193,73,217,V2V_ROY_WITHIN_SPLIT_DERANGEMENT_V1,908ce1f927ae651f,c22b4861bce03b3e,PAIRING_V1
subj02,fold_1,val,B:C,vis2vis,73,217,49,193,V2V_ROY_WITHIN_SPLIT_DERANGEMENT_V1,908ce1f927ae651f,c22b4861bce03b3e,PAIRING_V1
subj02,fold_1,val,B:D,vis2vis,61,205,65,209,V2V_ROY_WITHIN_SPLIT_DERANGEMENT_V1,908ce1f927ae651f,38cf06ef32a66d26,PAIRING_V1
subj02,fold_1,val,B:D,vis2vis,65,209,61,205,V2V_ROY_WITHIN_SPLIT_DERANGEMENT_V1,908ce1f927ae651f,38cf06ef32a66d26,PAIRING_V1
subj02,fold_1,val,B:K,vis2vis,57,201,84,228,V2V_ROY_WITHIN_SPLIT_DERANGEMENT_V1,908ce1f927ae651f,5d8b835eba0c1ffb,PAIRING_V1
subj02,fold_1,val,B:K,vis2vis,84,228,57,201,V2V_ROY_WITHIN_SPLIT_DERANGEMENT_V1,908ce1f927ae651f,5d8b835eba0c1ffb,PAIRING_V1
subj02,fold_1,val,B:T,vis2vis,69,213,80,224,V2V_ROY_WITHIN_SPLIT_DERANGEMENT_V1,908ce1f927ae651f,732a652f6bc3cbc4,PAIRING_V1
subj02,fold_1,val,B:T,vis2vis,80,224,69,213,V2V_ROY_WITHIN_SPLIT_DERANGEMENT_V1,908ce1f927ae651f,732a652f6bc3cbc4,PAIRING_V1
subj02,fold_1,val,B:W,vis2vis,48,192,63,207,V2V_ROY_WITHIN_SPLIT_DERANGEMENT_V1,908ce1f927ae651f,70bc79882381d70f,PAIRING_V1
subj02,fold_1,val,B:W,vis2vis,63,207,48,192,V2V_ROY_WITHIN_SPLIT_DERANGEMENT_V1,908ce1f927ae651f,70bc79882381d70f,PAIRING_V1
subj02,fold_1,test,A:E,vis2vis,26,26,32,32,V2V_ROY_WITHIN_SPLIT_DERANGEMENT_V1,908ce1f927ae651f,055b38760809e07b,PAIRING_V1
subj02,fold_1,test,A:E,vis2vis,32,32,26,26,V2V_ROY_WITHIN_SPLIT_DERANGEMENT_V1,908ce1f927ae651f,055b38760809e07b,PAIRING_V1
subj02,fold_1,test,A:H,vis2vis,10,10,14,14,V2V_ROY_WITHIN_SPLIT_DERANGEMENT_V1,908ce1f927ae651f,9134d2913e7d86e1,PAIRING_V1
subj02,fold_1,test,A:H,vis2vis,14,14,10,10,V2V_ROY_WITHIN_SPLIT_DERANGEMENT_V1,908ce1f927ae651f,9134d2913e7d86e1,PAIRING_V1
subj02,fold_1,test,A:L,vis2vis,12,12,27,27,V2V_ROY_WITHIN_SPLIT_DERANGEMENT_V1,908ce1f927ae651f,a53f95db42d7cde0,PAIRING_V1
subj02,fold_1,test,A:L,vis2vis,27,27,12,12,V2V_ROY_WITHIN_SPLIT_DERANGEMENT_V1,908ce1f927ae651f,a53f95db42d7cde0,PAIRING_V1
subj02,fold_1,test,A:P,vis2vis,8,8,13,13,V2V_ROY_WITHIN_SPLIT_DERANGEMENT_V1,908ce1f927ae651f,d6a5ca7e808ed223,PAIRING_V1
subj02,fold_1,test,A:P,vis2vis,13,13,8,8,V2V_ROY_WITHIN_SPLIT_DERANGEMENT_V1,908ce1f927ae651f,d6a5ca7e808ed223,PAIRING_V1
subj02,fold_1,test,A:R,vis2vis,22,22,30,30,V2V_ROY_WITHIN_SPLIT_DERANGEMENT_V1,908ce1f927ae651f,3f3e457bdc073550,PAIRING_V1
subj02,fold_1,test,A:R,vis2vis,30,30,22,22,V2V_ROY_WITHIN_SPLIT_DERANGEMENT_V1,908ce1f927ae651f,3f3e457bdc073550,PAIRING_V1
subj02,fold_1,test,A:V,vis2vis,1,1,3,3,V2V_ROY_WITHIN_SPLIT_DERANGEMENT_V1,908ce1f927ae651f,1f87519bd389b735,PAIRING_V1
subj02,fold_1,test,A:V,vis2vis,3,3,1,1,V2V_ROY_WITHIN_SPLIT_DERANGEMENT_V1,908ce1f927ae651f,1f87519bd389b735,PAIRING_V1
subj02,fold_1,test,B:B,vis2vis,66,210,79,223,V2V_ROY_WITHIN_SPLIT_DERANGEMENT_V1,908ce1f927ae651f,b4cb513edc3e0de8,PAIRING_V1
subj02,fold_1,test,B:B,vis2vis,79,223,66,210,V2V_ROY_WITHIN_SPLIT_DERANGEMENT_V1,908ce1f927ae651f,b4cb513edc3e0de8,PAIRING_V1
subj02,fold_1,test,B:C,vis2vis,58,202,71,215,V2V_ROY_WITHIN_SPLIT_DERANGEMENT_V1,908ce1f927ae651f,41b39288606fb2c4,PAIRING_V1
subj02,fold_1,test,B:C,vis2vis,71,215,58,202,V2V_ROY_WITHIN_SPLIT_DERANGEMENT_V1,908ce1f927ae651f,41b39288606fb2c4,PAIRING_V1
subj02,fold_1,test,B:D,vis2vis,70,214,93,237,V2V_ROY_WITHIN_SPLIT_DERANGEMENT_V1,908ce1f927ae651f,a04fc434825a8fe1,PAIRING_V1
subj02,fold_1,test,B:D,vis2vis,93,237,70,214,V2V_ROY_WITHIN_SPLIT_DERANGEMENT_V1,908ce1f927ae651f,a04fc434825a8fe1,PAIRING_V1
subj02,fold_1,test,B:K,vis2vis,67,211,91,235,V2V_ROY_WITHIN_SPLIT_DERANGEMENT_V1,908ce1f927ae651f,d5ffeedb72add753,PAIRING_V1
subj02,fold_1,test,B:K,vis2vis,91,235,67,211,V2V_ROY_WITHIN_SPLIT_DERANGEMENT_V1,908ce1f927ae651f,d5ffeedb72add753,PAIRING_V1
subj02,fold_1,test,B:T,vis2vis,52,196,92,236,V2V_ROY_WITHIN_SPLIT_DERANGEMENT_V1,908ce1f927ae651f,8e8f7912c9583260,PAIRING_V1
subj02,fold_1,test,B:T,vis2vis,92,236,52,196,V2V_ROY_WITHIN_SPLIT_DERANGEMENT_V1,908ce1f927ae651f,8e8f7912c9583260,PAIRING_V1
subj02,fold_1,test,B:W,vis2vis,56,200,75,219,V2V_ROY_WITHIN_SPLIT_DERANGEMENT_V1,908ce1f927ae651f,65e1af9099c1dd57,PAIRING_V1
subj02,fold_1,test,B:W,vis2vis,75,219,56,200,V2V_ROY_WITHIN_SPLIT_DERANGEMENT_V1,908ce1f927ae651f,65e1af9099c1dd57,PAIRING_V1
subj02,fold_2,train,A:E,vis2vis,6,6,32,32,V2V_ROY_WITHIN_SPLIT_DERANGEMENT_V1,908ce1f927ae651f,d3b6747b972df31d,PAIRING_V1
subj02,fold_2,train,A:E,vis2vis,23,23,6,6,V2V_ROY_WITHIN_SPLIT_DERANGEMENT_V1,908ce1f927ae651f,d3b6747b972df31d,PAIRING_V1
subj02,fold_2,train,A:E,vis2vis,26,26,23,23,V2V_ROY_WITHIN_SPLIT_DERANGEMENT_V1,908ce1f927ae651f,d3b6747b972df31d,PAIRING_V1
subj02,fold_2,train,A:E,vis2vis,32,32,26,26,V2V_ROY_WITHIN_SPLIT_DERANGEMENT_V1,908ce1f927ae651f,d3b6747b972df31d,PAIRING_V1
subj02,fold_2,train,A:H,vis2vis,10,10,14,14,V2V_ROY_WITHIN_SPLIT_DERANGEMENT_V1,908ce1f927ae651f,82214f6b78eeddb3,PAIRING_V1
subj02,fold_2,train,A:H,vis2vis,14,14,24,24,V2V_ROY_WITHIN_SPLIT_DERANGEMENT_V1,908ce1f927ae651f,82214f6b78eeddb3,PAIRING_V1
subj02,fold_2,train,A:H,vis2vis,24,24,35,35,V2V_ROY_WITHIN_SPLIT_DERANGEMENT_V1,908ce1f927ae651f,82214f6b78eeddb3,PAIRING_V1
subj02,fold_2,train,A:H,vis2vis,35,35,10,10,V2V_ROY_WITHIN_SPLIT_DERANGEMENT_V1,908ce1f927ae651f,82214f6b78eeddb3,PAIRING_V1
subj02,fold_2,train,A:L,vis2vis,0,0,27,27,V2V_ROY_WITHIN_SPLIT_DERANGEMENT_V1,908ce1f927ae651f,cb920f8c3fb5a66e,PAIRING_V1
subj02,fold_2,train,A:L,vis2vis,4,4,12,12,V2V_ROY_WITHIN_SPLIT_DERANGEMENT_V1,908ce1f927ae651f,cb920f8c3fb5a66e,PAIRING_V1
subj02,fold_2,train,A:L,vis2vis,12,12,0,0,V2V_ROY_WITHIN_SPLIT_DERANGEMENT_V1,908ce1f927ae651f,cb920f8c3fb5a66e,PAIRING_V1
subj02,fold_2,train,A:L,vis2vis,27,27,4,4,V2V_ROY_WITHIN_SPLIT_DERANGEMENT_V1,908ce1f927ae651f,cb920f8c3fb5a66e,PAIRING_V1
subj02,fold_2,train,A:P,vis2vis,8,8,16,16,V2V_ROY_WITHIN_SPLIT_DERANGEMENT_V1,908ce1f927ae651f,d6adf7522b303c05,PAIRING_V1
subj02,fold_2,train,A:P,vis2vis,13,13,34,34,V2V_ROY_WITHIN_SPLIT_DERANGEMENT_V1,908ce1f927ae651f,d6adf7522b303c05,PAIRING_V1
subj02,fold_2,train,A:P,vis2vis,16,16,8,8,V2V_ROY_WITHIN_SPLIT_DERANGEMENT_V1,908ce1f927ae651f,d6adf7522b303c05,PAIRING_V1
subj02,fold_2,train,A:P,vis2vis,34,34,13,13,V2V_ROY_WITHIN_SPLIT_DERANGEMENT_V1,908ce1f927ae651f,d6adf7522b303c05,PAIRING_V1
subj02,fold_2,train,A:R,vis2vis,17,17,46,46,V2V_ROY_WITHIN_SPLIT_DERANGEMENT_V1,908ce1f927ae651f,6657ff7bd604c7f0,PAIRING_V1
subj02,fold_2,train,A:R,vis2vis,22,22,30,30,V2V_ROY_WITHIN_SPLIT_DERANGEMENT_V1,908ce1f927ae651f,6657ff7bd604c7f0,PAIRING_V1
subj02,fold_2,train,A:R,vis2vis,30,30,17,17,V2V_ROY_WITHIN_SPLIT_DERANGEMENT_V1,908ce1f927ae651f,6657ff7bd604c7f0,PAIRING_V1
subj02,fold_2,train,A:R,vis2vis,46,46,22,22,V2V_ROY_WITHIN_SPLIT_DERANGEMENT_V1,908ce1f927ae651f,6657ff7bd604c7f0,PAIRING_V1
subj02,fold_2,train,A:V,vis2vis,1,1,45,45,V2V_ROY_WITHIN_SPLIT_DERANGEMENT_V1,908ce1f927ae651f,021ca25c6ab79a09,PAIRING_V1
subj02,fold_2,train,A:V,vis2vis,3,3,40,40,V2V_ROY_WITHIN_SPLIT_DERANGEMENT_V1,908ce1f927ae651f,021ca25c6ab79a09,PAIRING_V1
subj02,fold_2,train,A:V,vis2vis,40,40,1,1,V2V_ROY_WITHIN_SPLIT_DERANGEMENT_V1,908ce1f927ae651f,021ca25c6ab79a09,PAIRING_V1
subj02,fold_2,train,A:V,vis2vis,45,45,3,3,V2V_ROY_WITHIN_SPLIT_DERANGEMENT_V1,908ce1f927ae651f,021ca25c6ab79a09,PAIRING_V1
subj02,fold_2,train,B:B,vis2vis,66,210,76,220,V2V_ROY_WITHIN_SPLIT_DERANGEMENT_V1,908ce1f927ae651f,f9c35fa3973b7a8b,PAIRING_V1
subj02,fold_2,train,B:B,vis2vis,76,220,66,210,V2V_ROY_WITHIN_SPLIT_DERANGEMENT_V1,908ce1f927ae651f,f9c35fa3973b7a8b,PAIRING_V1
subj02,fold_2,train,B:B,vis2vis,79,223,94,238,V2V_ROY_WITHIN_SPLIT_DERANGEMENT_V1,908ce1f927ae651f,f9c35fa3973b7a8b,PAIRING_V1
subj02,fold_2,train,B:B,vis2vis,94,238,79,223,V2V_ROY_WITHIN_SPLIT_DERANGEMENT_V1,908ce1f927ae651f,f9c35fa3973b7a8b,PAIRING_V1
subj02,fold_2,train,B:C,vis2vis,58,202,71,215,V2V_ROY_WITHIN_SPLIT_DERANGEMENT_V1,908ce1f927ae651f,fa14b2b4aa76db0f,PAIRING_V1
subj02,fold_2,train,B:C,vis2vis,64,208,86,230,V2V_ROY_WITHIN_SPLIT_DERANGEMENT_V1,908ce1f927ae651f,fa14b2b4aa76db0f,PAIRING_V1
subj02,fold_2,train,B:C,vis2vis,71,215,58,202,V2V_ROY_WITHIN_SPLIT_DERANGEMENT_V1,908ce1f927ae651f,fa14b2b4aa76db0f,PAIRING_V1
subj02,fold_2,train,B:C,vis2vis,86,230,64,208,V2V_ROY_WITHIN_SPLIT_DERANGEMENT_V1,908ce1f927ae651f,fa14b2b4aa76db0f,PAIRING_V1
subj02,fold_2,train,B:D,vis2vis,51,195,93,237,V2V_ROY_WITHIN_SPLIT_DERANGEMENT_V1,908ce1f927ae651f,311c90d93153b212,PAIRING_V1
subj02,fold_2,train,B:D,vis2vis,54,198,51,195,V2V_ROY_WITHIN_SPLIT_DERANGEMENT_V1,908ce1f927ae651f,311c90d93153b212,PAIRING_V1
subj02,fold_2,train,B:D,vis2vis,70,214,54,198,V2V_ROY_WITHIN_SPLIT_DERANGEMENT_V1,908ce1f927ae651f,311c90d93153b212,PAIRING_V1
subj02,fold_2,train,B:D,vis2vis,93,237,70,214,V2V_ROY_WITHIN_SPLIT_DERANGEMENT_V1,908ce1f927ae651f,311c90d93153b212,PAIRING_V1
subj02,fold_2,train,B:K,vis2vis,55,199,67,211,V2V_ROY_WITHIN_SPLIT_DERANGEMENT_V1,908ce1f927ae651f,cbb0aaa985b9199b,PAIRING_V1
subj02,fold_2,train,B:K,vis2vis,67,211,91,235,V2V_ROY_WITHIN_SPLIT_DERANGEMENT_V1,908ce1f927ae651f,cbb0aaa985b9199b,PAIRING_V1
subj02,fold_2,train,B:K,vis2vis,78,222,55,199,V2V_ROY_WITHIN_SPLIT_DERANGEMENT_V1,908ce1f927ae651f,cbb0aaa985b9199b,PAIRING_V1
subj02,fold_2,train,B:K,vis2vis,91,235,78,222,V2V_ROY_WITHIN_SPLIT_DERANGEMENT_V1,908ce1f927ae651f,cbb0aaa985b9199b,PAIRING_V1
subj02,fold_2,train,B:T,vis2vis,52,196,88,232,V2V_ROY_WITHIN_SPLIT_DERANGEMENT_V1,908ce1f927ae651f,ab1aa46c574e77c5,PAIRING_V1
subj02,fold_2,train,B:T,vis2vis,74,218,92,236,V2V_ROY_WITHIN_SPLIT_DERANGEMENT_V1,908ce1f927ae651f,ab1aa46c574e77c5,PAIRING_V1
subj02,fold_2,train,B:T,vis2vis,88,232,74,218,V2V_ROY_WITHIN_SPLIT_DERANGEMENT_V1,908ce1f927ae651f,ab1aa46c574e77c5,PAIRING_V1
subj02,fold_2,train,B:T,vis2vis,92,236,52,196,V2V_ROY_WITHIN_SPLIT_DERANGEMENT_V1,908ce1f927ae651f,ab1aa46c574e77c5,PAIRING_V1
subj02,fold_2,train,B:W,vis2vis,50,194,75,219,V2V_ROY_WITHIN_SPLIT_DERANGEMENT_V1,908ce1f927ae651f,b9a41c964dbe02ed,PAIRING_V1
subj02,fold_2,train,B:W,vis2vis,56,200,87,231,V2V_ROY_WITHIN_SPLIT_DERANGEMENT_V1,908ce1f927ae651f,b9a41c964dbe02ed,PAIRING_V1
subj02,fold_2,train,B:W,vis2vis,75,219,50,194,V2V_ROY_WITHIN_SPLIT_DERANGEMENT_V1,908ce1f927ae651f,b9a41c964dbe02ed,PAIRING_V1
subj02,fold_2,train,B:W,vis2vis,87,231,56,200,V2V_ROY_WITHIN_SPLIT_DERANGEMENT_V1,908ce1f927ae651f,b9a41c964dbe02ed,PAIRING_V1
subj02,fold_2,val,A:E,vis2vis,9,9,38,38,V2V_ROY_WITHIN_SPLIT_DERANGEMENT_V1,908ce1f927ae651f,472dd03d863fb440,PAIRING_V1
subj02,fold_2,val,A:E,vis2vis,38,38,9,9,V2V_ROY_WITHIN_SPLIT_DERANGEMENT_V1,908ce1f927ae651f,472dd03d863fb440,PAIRING_V1
subj02,fold_2,val,A:H,vis2vis,18,18,21,21,V2V_ROY_WITHIN_SPLIT_DERANGEMENT_V1,908ce1f927ae651f,5e78c6b23142d762,PAIRING_V1
subj02,fold_2,val,A:H,vis2vis,21,21,18,18,V2V_ROY_WITHIN_SPLIT_DERANGEMENT_V1,908ce1f927ae651f,5e78c6b23142d762,PAIRING_V1
subj02,fold_2,val,A:L,vis2vis,7,7,29,29,V2V_ROY_WITHIN_SPLIT_DERANGEMENT_V1,908ce1f927ae651f,60c9a298833dd42f,PAIRING_V1
subj02,fold_2,val,A:L,vis2vis,29,29,7,7,V2V_ROY_WITHIN_SPLIT_DERANGEMENT_V1,908ce1f927ae651f,60c9a298833dd42f,PAIRING_V1
subj02,fold_2,val,A:P,vis2vis,11,11,37,37,V2V_ROY_WITHIN_SPLIT_DERANGEMENT_V1,908ce1f927ae651f,1b4738574aa59cf3,PAIRING_V1
subj02,fold_2,val,A:P,vis2vis,37,37,11,11,V2V_ROY_WITHIN_SPLIT_DERANGEMENT_V1,908ce1f927ae651f,1b4738574aa59cf3,PAIRING_V1
subj02,fold_2,val,A:R,vis2vis,5,5,44,44,V2V_ROY_WITHIN_SPLIT_DERANGEMENT_V1,908ce1f927ae651f,78ce548b4a070862,PAIRING_V1
subj02,fold_2,val,A:R,vis2vis,44,44,5,5,V2V_ROY_WITHIN_SPLIT_DERANGEMENT_V1,908ce1f927ae651f,78ce548b4a070862,PAIRING_V1
subj02,fold_2,val,A:V,vis2vis,31,31,33,33,V2V_ROY_WITHIN_SPLIT_DERANGEMENT_V1,908ce1f927ae651f,e3dc8eb908708bcb,PAIRING_V1
subj02,fold_2,val,A:V,vis2vis,33,33,31,31,V2V_ROY_WITHIN_SPLIT_DERANGEMENT_V1,908ce1f927ae651f,e3dc8eb908708bcb,PAIRING_V1
subj02,fold_2,val,B:B,vis2vis,83,227,85,229,V2V_ROY_WITHIN_SPLIT_DERANGEMENT_V1,908ce1f927ae651f,f312a255ccf1cfa0,PAIRING_V1
subj02,fold_2,val,B:B,vis2vis,85,229,83,227,V2V_ROY_WITHIN_SPLIT_DERANGEMENT_V1,908ce1f927ae651f,f312a255ccf1cfa0,PAIRING_V1
subj02,fold_2,val,B:C,vis2vis,49,193,73,217,V2V_ROY_WITHIN_SPLIT_DERANGEMENT_V1,908ce1f927ae651f,7a2c362eea29df3f,PAIRING_V1
subj02,fold_2,val,B:C,vis2vis,73,217,49,193,V2V_ROY_WITHIN_SPLIT_DERANGEMENT_V1,908ce1f927ae651f,7a2c362eea29df3f,PAIRING_V1
subj02,fold_2,val,B:D,vis2vis,61,205,65,209,V2V_ROY_WITHIN_SPLIT_DERANGEMENT_V1,908ce1f927ae651f,d2daa7a274fc399c,PAIRING_V1
subj02,fold_2,val,B:D,vis2vis,65,209,61,205,V2V_ROY_WITHIN_SPLIT_DERANGEMENT_V1,908ce1f927ae651f,d2daa7a274fc399c,PAIRING_V1
subj02,fold_2,val,B:K,vis2vis,57,201,84,228,V2V_ROY_WITHIN_SPLIT_DERANGEMENT_V1,908ce1f927ae651f,57dde84b3503c5c6,PAIRING_V1
subj02,fold_2,val,B:K,vis2vis,84,228,57,201,V2V_ROY_WITHIN_SPLIT_DERANGEMENT_V1,908ce1f927ae651f,57dde84b3503c5c6,PAIRING_V1
subj02,fold_2,val,B:T,vis2vis,69,213,80,224,V2V_ROY_WITHIN_SPLIT_DERANGEMENT_V1,908ce1f927ae651f,bf35a001ad888818,PAIRING_V1
subj02,fold_2,val,B:T,vis2vis,80,224,69,213,V2V_ROY_WITHIN_SPLIT_DERANGEMENT_V1,908ce1f927ae651f,bf35a001ad888818,PAIRING_V1
subj02,fold_2,val,B:W,vis2vis,48,192,63,207,V2V_ROY_WITHIN_SPLIT_DERANGEMENT_V1,908ce1f927ae651f,25671bee8608ffc7,PAIRING_V1
subj02,fold_2,val,B:W,vis2vis,63,207,48,192,V2V_ROY_WITHIN_SPLIT_DERANGEMENT_V1,908ce1f927ae651f,25671bee8608ffc7,PAIRING_V1
subj02,fold_2,test,A:E,vis2vis,43,43,47,47,V2V_ROY_WITHIN_SPLIT_DERANGEMENT_V1,908ce1f927ae651f,a089dc0ce725ef54,PAIRING_V1
subj02,fold_2,test,A:E,vis2vis,47,47,43,43,V2V_ROY_WITHIN_SPLIT_DERANGEMENT_V1,908ce1f927ae651f,a089dc0ce725ef54,PAIRING_V1
subj02,fold_2,test,A:H,vis2vis,2,2,28,28,V2V_ROY_WITHIN_SPLIT_DERANGEMENT_V1,908ce1f927ae651f,f781e562fc6795c0,PAIRING_V1
subj02,fold_2,test,A:H,vis2vis,28,28,2,2,V2V_ROY_WITHIN_SPLIT_DERANGEMENT_V1,908ce1f927ae651f,f781e562fc6795c0,PAIRING_V1
subj02,fold_2,test,A:L,vis2vis,36,36,42,42,V2V_ROY_WITHIN_SPLIT_DERANGEMENT_V1,908ce1f927ae651f,4464828823b4c39a,PAIRING_V1
subj02,fold_2,test,A:L,vis2vis,42,42,36,36,V2V_ROY_WITHIN_SPLIT_DERANGEMENT_V1,908ce1f927ae651f,4464828823b4c39a,PAIRING_V1
subj02,fold_2,test,A:P,vis2vis,20,20,41,41,V2V_ROY_WITHIN_SPLIT_DERANGEMENT_V1,908ce1f927ae651f,d48274e3d69dc5aa,PAIRING_V1
subj02,fold_2,test,A:P,vis2vis,41,41,20,20,V2V_ROY_WITHIN_SPLIT_DERANGEMENT_V1,908ce1f927ae651f,d48274e3d69dc5aa,PAIRING_V1
subj02,fold_2,test,A:R,vis2vis,25,25,39,39,V2V_ROY_WITHIN_SPLIT_DERANGEMENT_V1,908ce1f927ae651f,9c93b0e026e31ef3,PAIRING_V1
subj02,fold_2,test,A:R,vis2vis,39,39,25,25,V2V_ROY_WITHIN_SPLIT_DERANGEMENT_V1,908ce1f927ae651f,9c93b0e026e31ef3,PAIRING_V1
subj02,fold_2,test,A:V,vis2vis,15,15,19,19,V2V_ROY_WITHIN_SPLIT_DERANGEMENT_V1,908ce1f927ae651f,959928cd99142769,PAIRING_V1
subj02,fold_2,test,A:V,vis2vis,19,19,15,15,V2V_ROY_WITHIN_SPLIT_DERANGEMENT_V1,908ce1f927ae651f,959928cd99142769,PAIRING_V1
subj02,fold_2,test,B:B,vis2vis,53,197,89,233,V2V_ROY_WITHIN_SPLIT_DERANGEMENT_V1,908ce1f927ae651f,a687c33ee65328a8,PAIRING_V1
subj02,fold_2,test,B:B,vis2vis,89,233,53,197,V2V_ROY_WITHIN_SPLIT_DERANGEMENT_V1,908ce1f927ae651f,a687c33ee65328a8,PAIRING_V1
subj02,fold_2,test,B:C,vis2vis,62,206,90,234,V2V_ROY_WITHIN_SPLIT_DERANGEMENT_V1,908ce1f927ae651f,78b6b98a3f5c2879,PAIRING_V1
subj02,fold_2,test,B:C,vis2vis,90,234,62,206,V2V_ROY_WITHIN_SPLIT_DERANGEMENT_V1,908ce1f927ae651f,78b6b98a3f5c2879,PAIRING_V1
subj02,fold_2,test,B:D,vis2vis,68,212,81,225,V2V_ROY_WITHIN_SPLIT_DERANGEMENT_V1,908ce1f927ae651f,e15e36695ff48fa1,PAIRING_V1
subj02,fold_2,test,B:D,vis2vis,81,225,68,212,V2V_ROY_WITHIN_SPLIT_DERANGEMENT_V1,908ce1f927ae651f,e15e36695ff48fa1,PAIRING_V1
subj02,fold_2,test,B:K,vis2vis,59,203,82,226,V2V_ROY_WITHIN_SPLIT_DERANGEMENT_V1,908ce1f927ae651f,38ec0215e8ba22a1,PAIRING_V1
subj02,fold_2,test,B:K,vis2vis,82,226,59,203,V2V_ROY_WITHIN_SPLIT_DERANGEMENT_V1,908ce1f927ae651f,38ec0215e8ba22a1,PAIRING_V1
subj02,fold_2,test,B:T,vis2vis,60,204,95,239,V2V_ROY_WITHIN_SPLIT_DERANGEMENT_V1,908ce1f927ae651f,bbc8728887cb278c,PAIRING_V1
subj02,fold_2,test,B:T,vis2vis,95,239,60,204,V2V_ROY_WITHIN_SPLIT_DERANGEMENT_V1,908ce1f927ae651f,bbc8728887cb278c,PAIRING_V1
subj02,fold_2,test,B:W,vis2vis,72,216,77,221,V2V_ROY_WITHIN_SPLIT_DERANGEMENT_V1,908ce1f927ae651f,d626c6464fdb4be4,PAIRING_V1
subj02,fold_2,test,B:W,vis2vis,77,221,72,216,V2V_ROY_WITHIN_SPLIT_DERANGEMENT_V1,908ce1f927ae651f,d626c6464fdb4be4,PAIRING_V1
subj02,fold_3,train,A:E,vis2vis,6,6,23,23,V2V_ROY_WITHIN_SPLIT_DERANGEMENT_V1,908ce1f927ae651f,7d58dfdce48cc3fa,PAIRING_V1
subj02,fold_3,train,A:E,vis2vis,23,23,26,26,V2V_ROY_WITHIN_SPLIT_DERANGEMENT_V1,908ce1f927ae651f,7d58dfdce48cc3fa,PAIRING_V1
subj02,fold_3,train,A:E,vis2vis,26,26,32,32,V2V_ROY_WITHIN_SPLIT_DERANGEMENT_V1,908ce1f927ae651f,7d58dfdce48cc3fa,PAIRING_V1
subj02,fold_3,train,A:E,vis2vis,32,32,6,6,V2V_ROY_WITHIN_SPLIT_DERANGEMENT_V1,908ce1f927ae651f,7d58dfdce48cc3fa,PAIRING_V1
subj02,fold_3,train,A:H,vis2vis,10,10,24,24,V2V_ROY_WITHIN_SPLIT_DERANGEMENT_V1,908ce1f927ae651f,922c5d8c5481c1ef,PAIRING_V1
subj02,fold_3,train,A:H,vis2vis,14,14,10,10,V2V_ROY_WITHIN_SPLIT_DERANGEMENT_V1,908ce1f927ae651f,922c5d8c5481c1ef,PAIRING_V1
subj02,fold_3,train,A:H,vis2vis,24,24,35,35,V2V_ROY_WITHIN_SPLIT_DERANGEMENT_V1,908ce1f927ae651f,922c5d8c5481c1ef,PAIRING_V1
subj02,fold_3,train,A:H,vis2vis,35,35,14,14,V2V_ROY_WITHIN_SPLIT_DERANGEMENT_V1,908ce1f927ae651f,922c5d8c5481c1ef,PAIRING_V1
subj02,fold_3,train,A:L,vis2vis,0,0,12,12,V2V_ROY_WITHIN_SPLIT_DERANGEMENT_V1,908ce1f927ae651f,0d9eaa03930183b6,PAIRING_V1
subj02,fold_3,train,A:L,vis2vis,4,4,27,27,V2V_ROY_WITHIN_SPLIT_DERANGEMENT_V1,908ce1f927ae651f,0d9eaa03930183b6,PAIRING_V1
subj02,fold_3,train,A:L,vis2vis,12,12,4,4,V2V_ROY_WITHIN_SPLIT_DERANGEMENT_V1,908ce1f927ae651f,0d9eaa03930183b6,PAIRING_V1
subj02,fold_3,train,A:L,vis2vis,27,27,0,0,V2V_ROY_WITHIN_SPLIT_DERANGEMENT_V1,908ce1f927ae651f,0d9eaa03930183b6,PAIRING_V1
subj02,fold_3,train,A:P,vis2vis,8,8,34,34,V2V_ROY_WITHIN_SPLIT_DERANGEMENT_V1,908ce1f927ae651f,71cebd32120df4ca,PAIRING_V1
subj02,fold_3,train,A:P,vis2vis,13,13,16,16,V2V_ROY_WITHIN_SPLIT_DERANGEMENT_V1,908ce1f927ae651f,71cebd32120df4ca,PAIRING_V1
subj02,fold_3,train,A:P,vis2vis,16,16,13,13,V2V_ROY_WITHIN_SPLIT_DERANGEMENT_V1,908ce1f927ae651f,71cebd32120df4ca,PAIRING_V1
subj02,fold_3,train,A:P,vis2vis,34,34,8,8,V2V_ROY_WITHIN_SPLIT_DERANGEMENT_V1,908ce1f927ae651f,71cebd32120df4ca,PAIRING_V1
subj02,fold_3,train,A:R,vis2vis,17,17,22,22,V2V_ROY_WITHIN_SPLIT_DERANGEMENT_V1,908ce1f927ae651f,de1e7feda745714a,PAIRING_V1
subj02,fold_3,train,A:R,vis2vis,22,22,46,46,V2V_ROY_WITHIN_SPLIT_DERANGEMENT_V1,908ce1f927ae651f,de1e7feda745714a,PAIRING_V1
subj02,fold_3,train,A:R,vis2vis,30,30,17,17,V2V_ROY_WITHIN_SPLIT_DERANGEMENT_V1,908ce1f927ae651f,de1e7feda745714a,PAIRING_V1
subj02,fold_3,train,A:R,vis2vis,46,46,30,30,V2V_ROY_WITHIN_SPLIT_DERANGEMENT_V1,908ce1f927ae651f,de1e7feda745714a,PAIRING_V1
subj02,fold_3,train,A:V,vis2vis,1,1,45,45,V2V_ROY_WITHIN_SPLIT_DERANGEMENT_V1,908ce1f927ae651f,99c343a7619db53d,PAIRING_V1
subj02,fold_3,train,A:V,vis2vis,3,3,40,40,V2V_ROY_WITHIN_SPLIT_DERANGEMENT_V1,908ce1f927ae651f,99c343a7619db53d,PAIRING_V1
subj02,fold_3,train,A:V,vis2vis,40,40,3,3,V2V_ROY_WITHIN_SPLIT_DERANGEMENT_V1,908ce1f927ae651f,99c343a7619db53d,PAIRING_V1
subj02,fold_3,train,A:V,vis2vis,45,45,1,1,V2V_ROY_WITHIN_SPLIT_DERANGEMENT_V1,908ce1f927ae651f,99c343a7619db53d,PAIRING_V1
subj02,fold_3,train,B:B,vis2vis,66,210,94,238,V2V_ROY_WITHIN_SPLIT_DERANGEMENT_V1,908ce1f927ae651f,03040c61a8dfcb91,PAIRING_V1
subj02,fold_3,train,B:B,vis2vis,76,220,66,210,V2V_ROY_WITHIN_SPLIT_DERANGEMENT_V1,908ce1f927ae651f,03040c61a8dfcb91,PAIRING_V1
subj02,fold_3,train,B:B,vis2vis,79,223,76,220,V2V_ROY_WITHIN_SPLIT_DERANGEMENT_V1,908ce1f927ae651f,03040c61a8dfcb91,PAIRING_V1
subj02,fold_3,train,B:B,vis2vis,94,238,79,223,V2V_ROY_WITHIN_SPLIT_DERANGEMENT_V1,908ce1f927ae651f,03040c61a8dfcb91,PAIRING_V1
subj02,fold_3,train,B:C,vis2vis,58,202,64,208,V2V_ROY_WITHIN_SPLIT_DERANGEMENT_V1,908ce1f927ae651f,fd349c77e31f324f,PAIRING_V1
subj02,fold_3,train,B:C,vis2vis,64,208,71,215,V2V_ROY_WITHIN_SPLIT_DERANGEMENT_V1,908ce1f927ae651f,fd349c77e31f324f,PAIRING_V1
subj02,fold_3,train,B:C,vis2vis,71,215,86,230,V2V_ROY_WITHIN_SPLIT_DERANGEMENT_V1,908ce1f927ae651f,fd349c77e31f324f,PAIRING_V1
subj02,fold_3,train,B:C,vis2vis,86,230,58,202,V2V_ROY_WITHIN_SPLIT_DERANGEMENT_V1,908ce1f927ae651f,fd349c77e31f324f,PAIRING_V1
subj02,fold_3,train,B:D,vis2vis,51,195,54,198,V2V_ROY_WITHIN_SPLIT_DERANGEMENT_V1,908ce1f927ae651f,d4a9cf010d438971,PAIRING_V1
subj02,fold_3,train,B:D,vis2vis,54,198,70,214,V2V_ROY_WITHIN_SPLIT_DERANGEMENT_V1,908ce1f927ae651f,d4a9cf010d438971,PAIRING_V1
subj02,fold_3,train,B:D,vis2vis,70,214,93,237,V2V_ROY_WITHIN_SPLIT_DERANGEMENT_V1,908ce1f927ae651f,d4a9cf010d438971,PAIRING_V1
subj02,fold_3,train,B:D,vis2vis,93,237,51,195,V2V_ROY_WITHIN_SPLIT_DERANGEMENT_V1,908ce1f927ae651f,d4a9cf010d438971,PAIRING_V1
subj02,fold_3,train,B:K,vis2vis,55,199,67,211,V2V_ROY_WITHIN_SPLIT_DERANGEMENT_V1,908ce1f927ae651f,240d3f7ca53f0824,PAIRING_V1
subj02,fold_3,train,B:K,vis2vis,67,211,91,235,V2V_ROY_WITHIN_SPLIT_DERANGEMENT_V1,908ce1f927ae651f,240d3f7ca53f0824,PAIRING_V1
subj02,fold_3,train,B:K,vis2vis,78,222,55,199,V2V_ROY_WITHIN_SPLIT_DERANGEMENT_V1,908ce1f927ae651f,240d3f7ca53f0824,PAIRING_V1
subj02,fold_3,train,B:K,vis2vis,91,235,78,222,V2V_ROY_WITHIN_SPLIT_DERANGEMENT_V1,908ce1f927ae651f,240d3f7ca53f0824,PAIRING_V1
subj02,fold_3,train,B:T,vis2vis,52,196,74,218,V2V_ROY_WITHIN_SPLIT_DERANGEMENT_V1,908ce1f927ae651f,d3388ae0663111de,PAIRING_V1
subj02,fold_3,train,B:T,vis2vis,74,218,92,236,V2V_ROY_WITHIN_SPLIT_DERANGEMENT_V1,908ce1f927ae651f,d3388ae0663111de,PAIRING_V1
subj02,fold_3,train,B:T,vis2vis,88,232,52,196,V2V_ROY_WITHIN_SPLIT_DERANGEMENT_V1,908ce1f927ae651f,d3388ae0663111de,PAIRING_V1
subj02,fold_3,train,B:T,vis2vis,92,236,88,232,V2V_ROY_WITHIN_SPLIT_DERANGEMENT_V1,908ce1f927ae651f,d3388ae0663111de,PAIRING_V1
subj02,fold_3,train,B:W,vis2vis,50,194,87,231,V2V_ROY_WITHIN_SPLIT_DERANGEMENT_V1,908ce1f927ae651f,b175eb2295d1f5bf,PAIRING_V1
subj02,fold_3,train,B:W,vis2vis,56,200,75,219,V2V_ROY_WITHIN_SPLIT_DERANGEMENT_V1,908ce1f927ae651f,b175eb2295d1f5bf,PAIRING_V1
subj02,fold_3,train,B:W,vis2vis,75,219,50,194,V2V_ROY_WITHIN_SPLIT_DERANGEMENT_V1,908ce1f927ae651f,b175eb2295d1f5bf,PAIRING_V1
subj02,fold_3,train,B:W,vis2vis,87,231,56,200,V2V_ROY_WITHIN_SPLIT_DERANGEMENT_V1,908ce1f927ae651f,b175eb2295d1f5bf,PAIRING_V1
subj02,fold_3,val,A:E,vis2vis,43,43,47,47,V2V_ROY_WITHIN_SPLIT_DERANGEMENT_V1,908ce1f927ae651f,776eeffa3cf4336e,PAIRING_V1
subj02,fold_3,val,A:E,vis2vis,47,47,43,43,V2V_ROY_WITHIN_SPLIT_DERANGEMENT_V1,908ce1f927ae651f,776eeffa3cf4336e,PAIRING_V1
subj02,fold_3,val,A:H,vis2vis,2,2,28,28,V2V_ROY_WITHIN_SPLIT_DERANGEMENT_V1,908ce1f927ae651f,4885fd1d29ddd909,PAIRING_V1
subj02,fold_3,val,A:H,vis2vis,28,28,2,2,V2V_ROY_WITHIN_SPLIT_DERANGEMENT_V1,908ce1f927ae651f,4885fd1d29ddd909,PAIRING_V1
subj02,fold_3,val,A:L,vis2vis,36,36,42,42,V2V_ROY_WITHIN_SPLIT_DERANGEMENT_V1,908ce1f927ae651f,7c3b692114cb79af,PAIRING_V1
subj02,fold_3,val,A:L,vis2vis,42,42,36,36,V2V_ROY_WITHIN_SPLIT_DERANGEMENT_V1,908ce1f927ae651f,7c3b692114cb79af,PAIRING_V1
subj02,fold_3,val,A:P,vis2vis,20,20,41,41,V2V_ROY_WITHIN_SPLIT_DERANGEMENT_V1,908ce1f927ae651f,3bd05de7c4d92dda,PAIRING_V1
subj02,fold_3,val,A:P,vis2vis,41,41,20,20,V2V_ROY_WITHIN_SPLIT_DERANGEMENT_V1,908ce1f927ae651f,3bd05de7c4d92dda,PAIRING_V1
subj02,fold_3,val,A:R,vis2vis,25,25,39,39,V2V_ROY_WITHIN_SPLIT_DERANGEMENT_V1,908ce1f927ae651f,3e0edd2712d4c9e5,PAIRING_V1
subj02,fold_3,val,A:R,vis2vis,39,39,25,25,V2V_ROY_WITHIN_SPLIT_DERANGEMENT_V1,908ce1f927ae651f,3e0edd2712d4c9e5,PAIRING_V1
subj02,fold_3,val,A:V,vis2vis,15,15,19,19,V2V_ROY_WITHIN_SPLIT_DERANGEMENT_V1,908ce1f927ae651f,4df61a72e12a933d,PAIRING_V1
subj02,fold_3,val,A:V,vis2vis,19,19,15,15,V2V_ROY_WITHIN_SPLIT_DERANGEMENT_V1,908ce1f927ae651f,4df61a72e12a933d,PAIRING_V1
subj02,fold_3,val,B:B,vis2vis,53,197,89,233,V2V_ROY_WITHIN_SPLIT_DERANGEMENT_V1,908ce1f927ae651f,a67e5b15d9fc2edd,PAIRING_V1
subj02,fold_3,val,B:B,vis2vis,89,233,53,197,V2V_ROY_WITHIN_SPLIT_DERANGEMENT_V1,908ce1f927ae651f,a67e5b15d9fc2edd,PAIRING_V1
subj02,fold_3,val,B:C,vis2vis,62,206,90,234,V2V_ROY_WITHIN_SPLIT_DERANGEMENT_V1,908ce1f927ae651f,ae33166aba09189b,PAIRING_V1
subj02,fold_3,val,B:C,vis2vis,90,234,62,206,V2V_ROY_WITHIN_SPLIT_DERANGEMENT_V1,908ce1f927ae651f,ae33166aba09189b,PAIRING_V1
subj02,fold_3,val,B:D,vis2vis,68,212,81,225,V2V_ROY_WITHIN_SPLIT_DERANGEMENT_V1,908ce1f927ae651f,93d3cb507c4dd242,PAIRING_V1
subj02,fold_3,val,B:D,vis2vis,81,225,68,212,V2V_ROY_WITHIN_SPLIT_DERANGEMENT_V1,908ce1f927ae651f,93d3cb507c4dd242,PAIRING_V1
subj02,fold_3,val,B:K,vis2vis,59,203,82,226,V2V_ROY_WITHIN_SPLIT_DERANGEMENT_V1,908ce1f927ae651f,1133c2401198924c,PAIRING_V1
subj02,fold_3,val,B:K,vis2vis,82,226,59,203,V2V_ROY_WITHIN_SPLIT_DERANGEMENT_V1,908ce1f927ae651f,1133c2401198924c,PAIRING_V1
subj02,fold_3,val,B:T,vis2vis,60,204,95,239,V2V_ROY_WITHIN_SPLIT_DERANGEMENT_V1,908ce1f927ae651f,953b04ce0bba0d8f,PAIRING_V1
subj02,fold_3,val,B:T,vis2vis,95,239,60,204,V2V_ROY_WITHIN_SPLIT_DERANGEMENT_V1,908ce1f927ae651f,953b04ce0bba0d8f,PAIRING_V1
subj02,fold_3,val,B:W,vis2vis,72,216,77,221,V2V_ROY_WITHIN_SPLIT_DERANGEMENT_V1,908ce1f927ae651f,e0edc7d0431bf48e,PAIRING_V1
subj02,fold_3,val,B:W,vis2vis,77,221,72,216,V2V_ROY_WITHIN_SPLIT_DERANGEMENT_V1,908ce1f927ae651f,e0edc7d0431bf48e,PAIRING_V1
subj02,fold_3,test,A:E,vis2vis,9,9,38,38,V2V_ROY_WITHIN_SPLIT_DERANGEMENT_V1,908ce1f927ae651f,14774f656ca9b0ca,PAIRING_V1
subj02,fold_3,test,A:E,vis2vis,38,38,9,9,V2V_ROY_WITHIN_SPLIT_DERANGEMENT_V1,908ce1f927ae651f,14774f656ca9b0ca,PAIRING_V1
subj02,fold_3,test,A:H,vis2vis,18,18,21,21,V2V_ROY_WITHIN_SPLIT_DERANGEMENT_V1,908ce1f927ae651f,07061ec63234962c,PAIRING_V1
subj02,fold_3,test,A:H,vis2vis,21,21,18,18,V2V_ROY_WITHIN_SPLIT_DERANGEMENT_V1,908ce1f927ae651f,07061ec63234962c,PAIRING_V1
subj02,fold_3,test,A:L,vis2vis,7,7,29,29,V2V_ROY_WITHIN_SPLIT_DERANGEMENT_V1,908ce1f927ae651f,cc53f534c36d9f84,PAIRING_V1
subj02,fold_3,test,A:L,vis2vis,29,29,7,7,V2V_ROY_WITHIN_SPLIT_DERANGEMENT_V1,908ce1f927ae651f,cc53f534c36d9f84,PAIRING_V1
subj02,fold_3,test,A:P,vis2vis,11,11,37,37,V2V_ROY_WITHIN_SPLIT_DERANGEMENT_V1,908ce1f927ae651f,4f5f0e1aeaa80e7a,PAIRING_V1
subj02,fold_3,test,A:P,vis2vis,37,37,11,11,V2V_ROY_WITHIN_SPLIT_DERANGEMENT_V1,908ce1f927ae651f,4f5f0e1aeaa80e7a,PAIRING_V1
subj02,fold_3,test,A:R,vis2vis,5,5,44,44,V2V_ROY_WITHIN_SPLIT_DERANGEMENT_V1,908ce1f927ae651f,a3aaf2a429aa4b7d,PAIRING_V1
subj02,fold_3,test,A:R,vis2vis,44,44,5,5,V2V_ROY_WITHIN_SPLIT_DERANGEMENT_V1,908ce1f927ae651f,a3aaf2a429aa4b7d,PAIRING_V1
subj02,fold_3,test,A:V,vis2vis,31,31,33,33,V2V_ROY_WITHIN_SPLIT_DERANGEMENT_V1,908ce1f927ae651f,a39ed84d8a8fa26b,PAIRING_V1
subj02,fold_3,test,A:V,vis2vis,33,33,31,31,V2V_ROY_WITHIN_SPLIT_DERANGEMENT_V1,908ce1f927ae651f,a39ed84d8a8fa26b,PAIRING_V1
subj02,fold_3,test,B:B,vis2vis,83,227,85,229,V2V_ROY_WITHIN_SPLIT_DERANGEMENT_V1,908ce1f927ae651f,83271c22676cede8,PAIRING_V1
subj02,fold_3,test,B:B,vis2vis,85,229,83,227,V2V_ROY_WITHIN_SPLIT_DERANGEMENT_V1,908ce1f927ae651f,83271c22676cede8,PAIRING_V1
subj02,fold_3,test,B:C,vis2vis,49,193,73,217,V2V_ROY_WITHIN_SPLIT_DERANGEMENT_V1,908ce1f927ae651f,5246c1bb27fe984e,PAIRING_V1
subj02,fold_3,test,B:C,vis2vis,73,217,49,193,V2V_ROY_WITHIN_SPLIT_DERANGEMENT_V1,908ce1f927ae651f,5246c1bb27fe984e,PAIRING_V1
subj02,fold_3,test,B:D,vis2vis,61,205,65,209,V2V_ROY_WITHIN_SPLIT_DERANGEMENT_V1,908ce1f927ae651f,c6cad1598e5c0b2d,PAIRING_V1
subj02,fold_3,test,B:D,vis2vis,65,209,61,205,V2V_ROY_WITHIN_SPLIT_DERANGEMENT_V1,908ce1f927ae651f,c6cad1598e5c0b2d,PAIRING_V1
subj02,fold_3,test,B:K,vis2vis,57,201,84,228,V2V_ROY_WITHIN_SPLIT_DERANGEMENT_V1,908ce1f927ae651f,dacc1f14b591e29a,PAIRING_V1
subj02,fold_3,test,B:K,vis2vis,84,228,57,201,V2V_ROY_WITHIN_SPLIT_DERANGEMENT_V1,908ce1f927ae651f,dacc1f14b591e29a,PAIRING_V1
subj02,fold_3,test,B:T,vis2vis,69,213,80,224,V2V_ROY_WITHIN_SPLIT_DERANGEMENT_V1,908ce1f927ae651f,299fe00bb4b6d3b9,PAIRING_V1
subj02,fold_3,test,B:T,vis2vis,80,224,69,213,V2V_ROY_WITHIN_SPLIT_DERANGEMENT_V1,908ce1f927ae651f,299fe00bb4b6d3b9,PAIRING_V1
subj02,fold_3,test,B:W,vis2vis,48,192,63,207,V2V_ROY_WITHIN_SPLIT_DERANGEMENT_V1,908ce1f927ae651f,2a6b1ed2fea5f745,PAIRING_V1
subj02,fold_3,test,B:W,vis2vis,63,207,48,192,V2V_ROY_WITHIN_SPLIT_DERANGEMENT_V1,908ce1f927ae651f,2a6b1ed2fea5f745,PAIRING_V1
subj03,fold_0,train,A:E,vis2vis,26,26,32,32,V2V_ROY_WITHIN_SPLIT_DERANGEMENT_V1,908ce1f927ae651f,33dc26c7519fd59b,PAIRING_V1
subj03,fold_0,train,A:E,vis2vis,32,32,47,47,V2V_ROY_WITHIN_SPLIT_DERANGEMENT_V1,908ce1f927ae651f,33dc26c7519fd59b,PAIRING_V1
subj03,fold_0,train,A:E,vis2vis,43,43,26,26,V2V_ROY_WITHIN_SPLIT_DERANGEMENT_V1,908ce1f927ae651f,33dc26c7519fd59b,PAIRING_V1
subj03,fold_0,train,A:E,vis2vis,47,47,43,43,V2V_ROY_WITHIN_SPLIT_DERANGEMENT_V1,908ce1f927ae651f,33dc26c7519fd59b,PAIRING_V1
subj03,fold_0,train,A:H,vis2vis,2,2,14,14,V2V_ROY_WITHIN_SPLIT_DERANGEMENT_V1,908ce1f927ae651f,615b83cad658618a,PAIRING_V1
subj03,fold_0,train,A:H,vis2vis,10,10,2,2,V2V_ROY_WITHIN_SPLIT_DERANGEMENT_V1,908ce1f927ae651f,615b83cad658618a,PAIRING_V1
subj03,fold_0,train,A:H,vis2vis,14,14,28,28,V2V_ROY_WITHIN_SPLIT_DERANGEMENT_V1,908ce1f927ae651f,615b83cad658618a,PAIRING_V1
subj03,fold_0,train,A:H,vis2vis,28,28,10,10,V2V_ROY_WITHIN_SPLIT_DERANGEMENT_V1,908ce1f927ae651f,615b83cad658618a,PAIRING_V1
subj03,fold_0,train,A:L,vis2vis,12,12,36,36,V2V_ROY_WITHIN_SPLIT_DERANGEMENT_V1,908ce1f927ae651f,3dd7afd6fd382886,PAIRING_V1
subj03,fold_0,train,A:L,vis2vis,27,27,12,12,V2V_ROY_WITHIN_SPLIT_DERANGEMENT_V1,908ce1f927ae651f,3dd7afd6fd382886,PAIRING_V1
subj03,fold_0,train,A:L,vis2vis,36,36,42,42,V2V_ROY_WITHIN_SPLIT_DERANGEMENT_V1,908ce1f927ae651f,3dd7afd6fd382886,PAIRING_V1
subj03,fold_0,train,A:L,vis2vis,42,42,27,27,V2V_ROY_WITHIN_SPLIT_DERANGEMENT_V1,908ce1f927ae651f,3dd7afd6fd382886,PAIRING_V1
subj03,fold_0,train,A:P,vis2vis,8,8,13,13,V2V_ROY_WITHIN_SPLIT_DERANGEMENT_V1,908ce1f927ae651f,af290b72b6147268,PAIRING_V1
subj03,fold_0,train,A:P,vis2vis,13,13,8,8,V2V_ROY_WITHIN_SPLIT_DERANGEMENT_V1,908ce1f927ae651f,af290b72b6147268,PAIRING_V1
subj03,fold_0,train,A:P,vis2vis,20,20,41,41,V2V_ROY_WITHIN_SPLIT_DERANGEMENT_V1,908ce1f927ae651f,af290b72b6147268,PAIRING_V1
subj03,fold_0,train,A:P,vis2vis,41,41,20,20,V2V_ROY_WITHIN_SPLIT_DERANGEMENT_V1,908ce1f927ae651f,af290b72b6147268,PAIRING_V1
subj03,fold_0,train,A:R,vis2vis,22,22,25,25,V2V_ROY_WITHIN_SPLIT_DERANGEMENT_V1,908ce1f927ae651f,78389684ff81f08b,PAIRING_V1
subj03,fold_0,train,A:R,vis2vis,25,25,39,39,V2V_ROY_WITHIN_SPLIT_DERANGEMENT_V1,908ce1f927ae651f,78389684ff81f08b,PAIRING_V1
subj03,fold_0,train,A:R,vis2vis,30,30,22,22,V2V_ROY_WITHIN_SPLIT_DERANGEMENT_V1,908ce1f927ae651f,78389684ff81f08b,PAIRING_V1
subj03,fold_0,train,A:R,vis2vis,39,39,30,30,V2V_ROY_WITHIN_SPLIT_DERANGEMENT_V1,908ce1f927ae651f,78389684ff81f08b,PAIRING_V1
subj03,fold_0,train,A:V,vis2vis,1,1,3,3,V2V_ROY_WITHIN_SPLIT_DERANGEMENT_V1,908ce1f927ae651f,1192f6e312b7c19b,PAIRING_V1
subj03,fold_0,train,A:V,vis2vis,3,3,1,1,V2V_ROY_WITHIN_SPLIT_DERANGEMENT_V1,908ce1f927ae651f,1192f6e312b7c19b,PAIRING_V1
subj03,fold_0,train,A:V,vis2vis,15,15,19,19,V2V_ROY_WITHIN_SPLIT_DERANGEMENT_V1,908ce1f927ae651f,1192f6e312b7c19b,PAIRING_V1
subj03,fold_0,train,A:V,vis2vis,19,19,15,15,V2V_ROY_WITHIN_SPLIT_DERANGEMENT_V1,908ce1f927ae651f,1192f6e312b7c19b,PAIRING_V1
subj03,fold_0,train,B:B,vis2vis,53,197,79,223,V2V_ROY_WITHIN_SPLIT_DERANGEMENT_V1,908ce1f927ae651f,f1877c8b98b7c8af,PAIRING_V1
subj03,fold_0,train,B:B,vis2vis,66,210,53,197,V2V_ROY_WITHIN_SPLIT_DERANGEMENT_V1,908ce1f927ae651f,f1877c8b98b7c8af,PAIRING_V1
subj03,fold_0,train,B:B,vis2vis,79,223,89,233,V2V_ROY_WITHIN_SPLIT_DERANGEMENT_V1,908ce1f927ae651f,f1877c8b98b7c8af,PAIRING_V1
subj03,fold_0,train,B:B,vis2vis,89,233,66,210,V2V_ROY_WITHIN_SPLIT_DERANGEMENT_V1,908ce1f927ae651f,f1877c8b98b7c8af,PAIRING_V1
subj03,fold_0,train,B:C,vis2vis,58,202,62,206,V2V_ROY_WITHIN_SPLIT_DERANGEMENT_V1,908ce1f927ae651f,d73c15e0f3695051,PAIRING_V1
subj03,fold_0,train,B:C,vis2vis,62,206,71,215,V2V_ROY_WITHIN_SPLIT_DERANGEMENT_V1,908ce1f927ae651f,d73c15e0f3695051,PAIRING_V1
subj03,fold_0,train,B:C,vis2vis,71,215,90,234,V2V_ROY_WITHIN_SPLIT_DERANGEMENT_V1,908ce1f927ae651f,d73c15e0f3695051,PAIRING_V1
subj03,fold_0,train,B:C,vis2vis,90,234,58,202,V2V_ROY_WITHIN_SPLIT_DERANGEMENT_V1,908ce1f927ae651f,d73c15e0f3695051,PAIRING_V1
subj03,fold_0,train,B:D,vis2vis,68,212,70,214,V2V_ROY_WITHIN_SPLIT_DERANGEMENT_V1,908ce1f927ae651f,a6380174db210bd9,PAIRING_V1
subj03,fold_0,train,B:D,vis2vis,70,214,68,212,V2V_ROY_WITHIN_SPLIT_DERANGEMENT_V1,908ce1f927ae651f,a6380174db210bd9,PAIRING_V1
subj03,fold_0,train,B:D,vis2vis,81,225,93,237,V2V_ROY_WITHIN_SPLIT_DERANGEMENT_V1,908ce1f927ae651f,a6380174db210bd9,PAIRING_V1
subj03,fold_0,train,B:D,vis2vis,93,237,81,225,V2V_ROY_WITHIN_SPLIT_DERANGEMENT_V1,908ce1f927ae651f,a6380174db210bd9,PAIRING_V1
subj03,fold_0,train,B:K,vis2vis,59,203,91,235,V2V_ROY_WITHIN_SPLIT_DERANGEMENT_V1,908ce1f927ae651f,67b2df474ccdd148,PAIRING_V1
subj03,fold_0,train,B:K,vis2vis,67,211,82,226,V2V_ROY_WITHIN_SPLIT_DERANGEMENT_V1,908ce1f927ae651f,67b2df474ccdd148,PAIRING_V1
subj03,fold_0,train,B:K,vis2vis,82,226,59,203,V2V_ROY_WITHIN_SPLIT_DERANGEMENT_V1,908ce1f927ae651f,67b2df474ccdd148,PAIRING_V1
subj03,fold_0,train,B:K,vis2vis,91,235,67,211,V2V_ROY_WITHIN_SPLIT_DERANGEMENT_V1,908ce1f927ae651f,67b2df474ccdd148,PAIRING_V1
subj03,fold_0,train,B:T,vis2vis,52,196,92,236,V2V_ROY_WITHIN_SPLIT_DERANGEMENT_V1,908ce1f927ae651f,a91667be1ea2e9cd,PAIRING_V1
subj03,fold_0,train,B:T,vis2vis,60,204,52,196,V2V_ROY_WITHIN_SPLIT_DERANGEMENT_V1,908ce1f927ae651f,a91667be1ea2e9cd,PAIRING_V1
subj03,fold_0,train,B:T,vis2vis,92,236,95,239,V2V_ROY_WITHIN_SPLIT_DERANGEMENT_V1,908ce1f927ae651f,a91667be1ea2e9cd,PAIRING_V1
subj03,fold_0,train,B:T,vis2vis,95,239,60,204,V2V_ROY_WITHIN_SPLIT_DERANGEMENT_V1,908ce1f927ae651f,a91667be1ea2e9cd,PAIRING_V1
subj03,fold_0,train,B:W,vis2vis,56,200,75,219,V2V_ROY_WITHIN_SPLIT_DERANGEMENT_V1,908ce1f927ae651f,ebd99b7567e63e26,PAIRING_V1
subj03,fold_0,train,B:W,vis2vis,72,216,77,221,V2V_ROY_WITHIN_SPLIT_DERANGEMENT_V1,908ce1f927ae651f,ebd99b7567e63e26,PAIRING_V1
subj03,fold_0,train,B:W,vis2vis,75,219,56,200,V2V_ROY_WITHIN_SPLIT_DERANGEMENT_V1,908ce1f927ae651f,ebd99b7567e63e26,PAIRING_V1
subj03,fold_0,train,B:W,vis2vis,77,221,72,216,V2V_ROY_WITHIN_SPLIT_DERANGEMENT_V1,908ce1f927ae651f,ebd99b7567e63e26,PAIRING_V1
subj03,fold_0,val,A:E,vis2vis,9,9,38,38,V2V_ROY_WITHIN_SPLIT_DERANGEMENT_V1,908ce1f927ae651f,d935404b18849455,PAIRING_V1
subj03,fold_0,val,A:E,vis2vis,38,38,9,9,V2V_ROY_WITHIN_SPLIT_DERANGEMENT_V1,908ce1f927ae651f,d935404b18849455,PAIRING_V1
subj03,fold_0,val,A:H,vis2vis,18,18,21,21,V2V_ROY_WITHIN_SPLIT_DERANGEMENT_V1,908ce1f927ae651f,875765f0ef4198bd,PAIRING_V1
subj03,fold_0,val,A:H,vis2vis,21,21,18,18,V2V_ROY_WITHIN_SPLIT_DERANGEMENT_V1,908ce1f927ae651f,875765f0ef4198bd,PAIRING_V1
subj03,fold_0,val,A:L,vis2vis,7,7,29,29,V2V_ROY_WITHIN_SPLIT_DERANGEMENT_V1,908ce1f927ae651f,09b687b24cad5b52,PAIRING_V1
subj03,fold_0,val,A:L,vis2vis,29,29,7,7,V2V_ROY_WITHIN_SPLIT_DERANGEMENT_V1,908ce1f927ae651f,09b687b24cad5b52,PAIRING_V1
subj03,fold_0,val,A:P,vis2vis,11,11,37,37,V2V_ROY_WITHIN_SPLIT_DERANGEMENT_V1,908ce1f927ae651f,9d5a76781f06923a,PAIRING_V1
subj03,fold_0,val,A:P,vis2vis,37,37,11,11,V2V_ROY_WITHIN_SPLIT_DERANGEMENT_V1,908ce1f927ae651f,9d5a76781f06923a,PAIRING_V1
subj03,fold_0,val,A:R,vis2vis,5,5,44,44,V2V_ROY_WITHIN_SPLIT_DERANGEMENT_V1,908ce1f927ae651f,5ad530b4a9b813f4,PAIRING_V1
subj03,fold_0,val,A:R,vis2vis,44,44,5,5,V2V_ROY_WITHIN_SPLIT_DERANGEMENT_V1,908ce1f927ae651f,5ad530b4a9b813f4,PAIRING_V1
subj03,fold_0,val,A:V,vis2vis,31,31,33,33,V2V_ROY_WITHIN_SPLIT_DERANGEMENT_V1,908ce1f927ae651f,9623b6cc47552a47,PAIRING_V1
subj03,fold_0,val,A:V,vis2vis,33,33,31,31,V2V_ROY_WITHIN_SPLIT_DERANGEMENT_V1,908ce1f927ae651f,9623b6cc47552a47,PAIRING_V1
subj03,fold_0,val,B:B,vis2vis,83,227,85,229,V2V_ROY_WITHIN_SPLIT_DERANGEMENT_V1,908ce1f927ae651f,2f1654550645d641,PAIRING_V1
subj03,fold_0,val,B:B,vis2vis,85,229,83,227,V2V_ROY_WITHIN_SPLIT_DERANGEMENT_V1,908ce1f927ae651f,2f1654550645d641,PAIRING_V1
subj03,fold_0,val,B:C,vis2vis,49,193,73,217,V2V_ROY_WITHIN_SPLIT_DERANGEMENT_V1,908ce1f927ae651f,4a7bb124ee8559e0,PAIRING_V1
subj03,fold_0,val,B:C,vis2vis,73,217,49,193,V2V_ROY_WITHIN_SPLIT_DERANGEMENT_V1,908ce1f927ae651f,4a7bb124ee8559e0,PAIRING_V1
subj03,fold_0,val,B:D,vis2vis,61,205,65,209,V2V_ROY_WITHIN_SPLIT_DERANGEMENT_V1,908ce1f927ae651f,75b4eab9e8c038bd,PAIRING_V1
subj03,fold_0,val,B:D,vis2vis,65,209,61,205,V2V_ROY_WITHIN_SPLIT_DERANGEMENT_V1,908ce1f927ae651f,75b4eab9e8c038bd,PAIRING_V1
subj03,fold_0,val,B:K,vis2vis,57,201,84,228,V2V_ROY_WITHIN_SPLIT_DERANGEMENT_V1,908ce1f927ae651f,04bd37e422e0409d,PAIRING_V1
subj03,fold_0,val,B:K,vis2vis,84,228,57,201,V2V_ROY_WITHIN_SPLIT_DERANGEMENT_V1,908ce1f927ae651f,04bd37e422e0409d,PAIRING_V1
subj03,fold_0,val,B:T,vis2vis,69,213,80,224,V2V_ROY_WITHIN_SPLIT_DERANGEMENT_V1,908ce1f927ae651f,a90d98e32571f2fd,PAIRING_V1
subj03,fold_0,val,B:T,vis2vis,80,224,69,213,V2V_ROY_WITHIN_SPLIT_DERANGEMENT_V1,908ce1f927ae651f,a90d98e32571f2fd,PAIRING_V1
subj03,fold_0,val,B:W,vis2vis,48,192,63,207,V2V_ROY_WITHIN_SPLIT_DERANGEMENT_V1,908ce1f927ae651f,84515542467c2761,PAIRING_V1
subj03,fold_0,val,B:W,vis2vis,63,207,48,192,V2V_ROY_WITHIN_SPLIT_DERANGEMENT_V1,908ce1f927ae651f,84515542467c2761,PAIRING_V1
subj03,fold_0,test,A:E,vis2vis,6,6,23,23,V2V_ROY_WITHIN_SPLIT_DERANGEMENT_V1,908ce1f927ae651f,03eda5ad5ab4a225,PAIRING_V1
subj03,fold_0,test,A:E,vis2vis,23,23,6,6,V2V_ROY_WITHIN_SPLIT_DERANGEMENT_V1,908ce1f927ae651f,03eda5ad5ab4a225,PAIRING_V1
subj03,fold_0,test,A:H,vis2vis,24,24,35,35,V2V_ROY_WITHIN_SPLIT_DERANGEMENT_V1,908ce1f927ae651f,72b14ca7ad30a643,PAIRING_V1
subj03,fold_0,test,A:H,vis2vis,35,35,24,24,V2V_ROY_WITHIN_SPLIT_DERANGEMENT_V1,908ce1f927ae651f,72b14ca7ad30a643,PAIRING_V1
subj03,fold_0,test,A:L,vis2vis,0,0,4,4,V2V_ROY_WITHIN_SPLIT_DERANGEMENT_V1,908ce1f927ae651f,b2f055338b95b9cc,PAIRING_V1
subj03,fold_0,test,A:L,vis2vis,4,4,0,0,V2V_ROY_WITHIN_SPLIT_DERANGEMENT_V1,908ce1f927ae651f,b2f055338b95b9cc,PAIRING_V1
subj03,fold_0,test,A:P,vis2vis,16,16,34,34,V2V_ROY_WITHIN_SPLIT_DERANGEMENT_V1,908ce1f927ae651f,efa84beef5ef07c5,PAIRING_V1
subj03,fold_0,test,A:P,vis2vis,34,34,16,16,V2V_ROY_WITHIN_SPLIT_DERANGEMENT_V1,908ce1f927ae651f,efa84beef5ef07c5,PAIRING_V1
subj03,fold_0,test,A:R,vis2vis,17,17,46,46,V2V_ROY_WITHIN_SPLIT_DERANGEMENT_V1,908ce1f927ae651f,e4d2bf03b8a59902,PAIRING_V1
subj03,fold_0,test,A:R,vis2vis,46,46,17,17,V2V_ROY_WITHIN_SPLIT_DERANGEMENT_V1,908ce1f927ae651f,e4d2bf03b8a59902,PAIRING_V1
subj03,fold_0,test,A:V,vis2vis,40,40,45,45,V2V_ROY_WITHIN_SPLIT_DERANGEMENT_V1,908ce1f927ae651f,f2f3cd7ea70be4cc,PAIRING_V1
subj03,fold_0,test,A:V,vis2vis,45,45,40,40,V2V_ROY_WITHIN_SPLIT_DERANGEMENT_V1,908ce1f927ae651f,f2f3cd7ea70be4cc,PAIRING_V1
subj03,fold_0,test,B:B,vis2vis,76,220,94,238,V2V_ROY_WITHIN_SPLIT_DERANGEMENT_V1,908ce1f927ae651f,74e42c4ff9e590bb,PAIRING_V1
subj03,fold_0,test,B:B,vis2vis,94,238,76,220,V2V_ROY_WITHIN_SPLIT_DERANGEMENT_V1,908ce1f927ae651f,74e42c4ff9e590bb,PAIRING_V1
subj03,fold_0,test,B:C,vis2vis,64,208,86,230,V2V_ROY_WITHIN_SPLIT_DERANGEMENT_V1,908ce1f927ae651f,576867a6191837d8,PAIRING_V1
subj03,fold_0,test,B:C,vis2vis,86,230,64,208,V2V_ROY_WITHIN_SPLIT_DERANGEMENT_V1,908ce1f927ae651f,576867a6191837d8,PAIRING_V1
subj03,fold_0,test,B:D,vis2vis,51,195,54,198,V2V_ROY_WITHIN_SPLIT_DERANGEMENT_V1,908ce1f927ae651f,d58c290d834580a8,PAIRING_V1
subj03,fold_0,test,B:D,vis2vis,54,198,51,195,V2V_ROY_WITHIN_SPLIT_DERANGEMENT_V1,908ce1f927ae651f,d58c290d834580a8,PAIRING_V1
subj03,fold_0,test,B:K,vis2vis,55,199,78,222,V2V_ROY_WITHIN_SPLIT_DERANGEMENT_V1,908ce1f927ae651f,21b4ae75f2ded631,PAIRING_V1
subj03,fold_0,test,B:K,vis2vis,78,222,55,199,V2V_ROY_WITHIN_SPLIT_DERANGEMENT_V1,908ce1f927ae651f,21b4ae75f2ded631,PAIRING_V1
subj03,fold_0,test,B:T,vis2vis,74,218,88,232,V2V_ROY_WITHIN_SPLIT_DERANGEMENT_V1,908ce1f927ae651f,8ed4fd2a7b5a2bb8,PAIRING_V1
subj03,fold_0,test,B:T,vis2vis,88,232,74,218,V2V_ROY_WITHIN_SPLIT_DERANGEMENT_V1,908ce1f927ae651f,8ed4fd2a7b5a2bb8,PAIRING_V1
subj03,fold_0,test,B:W,vis2vis,50,194,87,231,V2V_ROY_WITHIN_SPLIT_DERANGEMENT_V1,908ce1f927ae651f,39c3a25403dd782d,PAIRING_V1
subj03,fold_0,test,B:W,vis2vis,87,231,50,194,V2V_ROY_WITHIN_SPLIT_DERANGEMENT_V1,908ce1f927ae651f,39c3a25403dd782d,PAIRING_V1
subj03,fold_1,train,A:E,vis2vis,6,6,47,47,V2V_ROY_WITHIN_SPLIT_DERANGEMENT_V1,908ce1f927ae651f,a0fe6178ed2a5cc1,PAIRING_V1
subj03,fold_1,train,A:E,vis2vis,23,23,43,43,V2V_ROY_WITHIN_SPLIT_DERANGEMENT_V1,908ce1f927ae651f,a0fe6178ed2a5cc1,PAIRING_V1
subj03,fold_1,train,A:E,vis2vis,43,43,23,23,V2V_ROY_WITHIN_SPLIT_DERANGEMENT_V1,908ce1f927ae651f,a0fe6178ed2a5cc1,PAIRING_V1
subj03,fold_1,train,A:E,vis2vis,47,47,6,6,V2V_ROY_WITHIN_SPLIT_DERANGEMENT_V1,908ce1f927ae651f,a0fe6178ed2a5cc1,PAIRING_V1
subj03,fold_1,train,A:H,vis2vis,2,2,24,24,V2V_ROY_WITHIN_SPLIT_DERANGEMENT_V1,908ce1f927ae651f,8e2293f6dfb9bb72,PAIRING_V1
subj03,fold_1,train,A:H,vis2vis,24,24,2,2,V2V_ROY_WITHIN_SPLIT_DERANGEMENT_V1,908ce1f927ae651f,8e2293f6dfb9bb72,PAIRING_V1
subj03,fold_1,train,A:H,vis2vis,28,28,35,35,V2V_ROY_WITHIN_SPLIT_DERANGEMENT_V1,908ce1f927ae651f,8e2293f6dfb9bb72,PAIRING_V1
subj03,fold_1,train,A:H,vis2vis,35,35,28,28,V2V_ROY_WITHIN_SPLIT_DERANGEMENT_V1,908ce1f927ae651f,8e2293f6dfb9bb72,PAIRING_V1
subj03,fold_1,train,A:L,vis2vis,0,0,4,4,V2V_ROY_WITHIN_SPLIT_DERANGEMENT_V1,908ce1f927ae651f,99cb7173063309eb,PAIRING_V1
subj03,fold_1,train,A:L,vis2vis,4,4,42,42,V2V_ROY_WITHIN_SPLIT_DERANGEMENT_V1,908ce1f927ae651f,99cb7173063309eb,PAIRING_V1
subj03,fold_1,train,A:L,vis2vis,36,36,0,0,V2V_ROY_WITHIN_SPLIT_DERANGEMENT_V1,908ce1f927ae651f,99cb7173063309eb,PAIRING_V1
subj03,fold_1,train,A:L,vis2vis,42,42,36,36,V2V_ROY_WITHIN_SPLIT_DERANGEMENT_V1,908ce1f927ae651f,99cb7173063309eb,PAIRING_V1
subj03,fold_1,train,A:P,vis2vis,16,16,41,41,V2V_ROY_WITHIN_SPLIT_DERANGEMENT_V1,908ce1f927ae651f,492d56ad1d899921,PAIRING_V1
subj03,fold_1,train,A:P,vis2vis,20,20,16,16,V2V_ROY_WITHIN_SPLIT_DERANGEMENT_V1,908ce1f927ae651f,492d56ad1d899921,PAIRING_V1
subj03,fold_1,train,A:P,vis2vis,34,34,20,20,V2V_ROY_WITHIN_SPLIT_DERANGEMENT_V1,908ce1f927ae651f,492d56ad1d899921,PAIRING_V1
subj03,fold_1,train,A:P,vis2vis,41,41,34,34,V2V_ROY_WITHIN_SPLIT_DERANGEMENT_V1,908ce1f927ae651f,492d56ad1d899921,PAIRING_V1
subj03,fold_1,train,A:R,vis2vis,17,17,46,46,V2V_ROY_WITHIN_SPLIT_DERANGEMENT_V1,908ce1f927ae651f,a0911607c4d936bf,PAIRING_V1
subj03,fold_1,train,A:R,vis2vis,25,25,39,39,V2V_ROY_WITHIN_SPLIT_DERANGEMENT_V1,908ce1f927ae651f,a0911607c4d936bf,PAIRING_V1
subj03,fold_1,train,A:R,vis2vis,39,39,17,17,V2V_ROY_WITHIN_SPLIT_DERANGEMENT_V1,908ce1f927ae651f,a0911607c4d936bf,PAIRING_V1
subj03,fold_1,train,A:R,vis2vis,46,46,25,25,V2V_ROY_WITHIN_SPLIT_DERANGEMENT_V1,908ce1f927ae651f,a0911607c4d936bf,PAIRING_V1
subj03,fold_1,train,A:V,vis2vis,15,15,19,19,V2V_ROY_WITHIN_SPLIT_DERANGEMENT_V1,908ce1f927ae651f,2dcb25aff50b0fb6,PAIRING_V1
subj03,fold_1,train,A:V,vis2vis,19,19,45,45,V2V_ROY_WITHIN_SPLIT_DERANGEMENT_V1,908ce1f927ae651f,2dcb25aff50b0fb6,PAIRING_V1
subj03,fold_1,train,A:V,vis2vis,40,40,15,15,V2V_ROY_WITHIN_SPLIT_DERANGEMENT_V1,908ce1f927ae651f,2dcb25aff50b0fb6,PAIRING_V1
subj03,fold_1,train,A:V,vis2vis,45,45,40,40,V2V_ROY_WITHIN_SPLIT_DERANGEMENT_V1,908ce1f927ae651f,2dcb25aff50b0fb6,PAIRING_V1
subj03,fold_1,train,B:B,vis2vis,53,197,89,233,V2V_ROY_WITHIN_SPLIT_DERANGEMENT_V1,908ce1f927ae651f,c48194312850c9d9,PAIRING_V1
subj03,fold_1,train,B:B,vis2vis,76,220,94,238,V2V_ROY_WITHIN_SPLIT_DERANGEMENT_V1,908ce1f927ae651f,c48194312850c9d9,PAIRING_V1
subj03,fold_1,train,B:B,vis2vis,89,233,53,197,V2V_ROY_WITHIN_SPLIT_DERANGEMENT_V1,908ce1f927ae651f,c48194312850c9d9,PAIRING_V1
subj03,fold_1,train,B:B,vis2vis,94,238,76,220,V2V_ROY_WITHIN_SPLIT_DERANGEMENT_V1,908ce1f927ae651f,c48194312850c9d9,PAIRING_V1
subj03,fold_1,train,B:C,vis2vis,62,206,64,208,V2V_ROY_WITHIN_SPLIT_DERANGEMENT_V1,908ce1f927ae651f,c745735f0d2067ac,PAIRING_V1
subj03,fold_1,train,B:C,vis2vis,64,208,62,206,V2V_ROY_WITHIN_SPLIT_DERANGEMENT_V1,908ce1f927ae651f,c745735f0d2067ac,PAIRING_V1
subj03,fold_1,train,B:C,vis2vis,86,230,90,234,V2V_ROY_WITHIN_SPLIT_DERANGEMENT_V1,908ce1f927ae651f,c745735f0d2067ac,PAIRING_V1
subj03,fold_1,train,B:C,vis2vis,90,234,86,230,V2V_ROY_WITHIN_SPLIT_DERANGEMENT_V1,908ce1f927ae651f,c745735f0d2067ac,PAIRING_V1
subj03,fold_1,train,B:D,vis2vis,51,195,68,212,V2V_ROY_WITHIN_SPLIT_DERANGEMENT_V1,908ce1f927ae651f,b5ae1a47949c95c8,PAIRING_V1
subj03,fold_1,train,B:D,vis2vis,54,198,51,195,V2V_ROY_WITHIN_SPLIT_DERANGEMENT_V1,908ce1f927ae651f,b5ae1a47949c95c8,PAIRING_V1
subj03,fold_1,train,B:D,vis2vis,68,212,81,225,V2V_ROY_WITHIN_SPLIT_DERANGEMENT_V1,908ce1f927ae651f,b5ae1a47949c95c8,PAIRING_V1
subj03,fold_1,train,B:D,vis2vis,81,225,54,198,V2V_ROY_WITHIN_SPLIT_DERANGEMENT_V1,908ce1f927ae651f,b5ae1a47949c95c8,PAIRING_V1
subj03,fold_1,train,B:K,vis2vis,55,199,82,226,V2V_ROY_WITHIN_SPLIT_DERANGEMENT_V1,908ce1f927ae651f,7238ab076d0982ce,PAIRING_V1
subj03,fold_1,train,B:K,vis2vis,59,203,78,222,V2V_ROY_WITHIN_SPLIT_DERANGEMENT_V1,908ce1f927ae651f,7238ab076d0982ce,PAIRING_V1
subj03,fold_1,train,B:K,vis2vis,78,222,55,199,V2V_ROY_WITHIN_SPLIT_DERANGEMENT_V1,908ce1f927ae651f,7238ab076d0982ce,PAIRING_V1
subj03,fold_1,train,B:K,vis2vis,82,226,59,203,V2V_ROY_WITHIN_SPLIT_DERANGEMENT_V1,908ce1f927ae651f,7238ab076d0982ce,PAIRING_V1
subj03,fold_1,train,B:T,vis2vis,60,204,95,239,V2V_ROY_WITHIN_SPLIT_DERANGEMENT_V1,908ce1f927ae651f,c1fbe71bb50cce7c,PAIRING_V1
subj03,fold_1,train,B:T,vis2vis,74,218,88,232,V2V_ROY_WITHIN_SPLIT_DERANGEMENT_V1,908ce1f927ae651f,c1fbe71bb50cce7c,PAIRING_V1
subj03,fold_1,train,B:T,vis2vis,88,232,60,204,V2V_ROY_WITHIN_SPLIT_DERANGEMENT_V1,908ce1f927ae651f,c1fbe71bb50cce7c,PAIRING_V1
subj03,fold_1,train,B:T,vis2vis,95,239,74,218,V2V_ROY_WITHIN_SPLIT_DERANGEMENT_V1,908ce1f927ae651f,c1fbe71bb50cce7c,PAIRING_V1
subj03,fold_1,train,B:W,vis2vis,50,194,72,216,V2V_ROY_WITHIN_SPLIT_DERANGEMENT_V1,908ce1f927ae651f,9c46f5a3f7847493,PAIRING_V1
subj03,fold_1,train,B:W,vis2vis,72,216,50,194,V2V_ROY_WITHIN_SPLIT_DERANGEMENT_V1,908ce1f927ae651f,9c46f5a3f7847493,PAIRING_V1
subj03,fold_1,train,B:W,vis2vis,77,221,87,231,V2V_ROY_WITHIN_SPLIT_DERANGEMENT_V1,908ce1f927ae651f,9c46f5a3f7847493,PAIRING_V1
subj03,fold_1,train,B:W,vis2vis,87,231,77,221,V2V_ROY_WITHIN_SPLIT_DERANGEMENT_V1,908ce1f927ae651f,9c46f5a3f7847493,PAIRING_V1
subj03,fold_1,val,A:E,vis2vis,9,9,38,38,V2V_ROY_WITHIN_SPLIT_DERANGEMENT_V1,908ce1f927ae651f,29e813e7ef507b21,PAIRING_V1
subj03,fold_1,val,A:E,vis2vis,38,38,9,9,V2V_ROY_WITHIN_SPLIT_DERANGEMENT_V1,908ce1f927ae651f,29e813e7ef507b21,PAIRING_V1
subj03,fold_1,val,A:H,vis2vis,18,18,21,21,V2V_ROY_WITHIN_SPLIT_DERANGEMENT_V1,908ce1f927ae651f,c5eff820c2905423,PAIRING_V1
subj03,fold_1,val,A:H,vis2vis,21,21,18,18,V2V_ROY_WITHIN_SPLIT_DERANGEMENT_V1,908ce1f927ae651f,c5eff820c2905423,PAIRING_V1
subj03,fold_1,val,A:L,vis2vis,7,7,29,29,V2V_ROY_WITHIN_SPLIT_DERANGEMENT_V1,908ce1f927ae651f,ab430baab8055a61,PAIRING_V1
subj03,fold_1,val,A:L,vis2vis,29,29,7,7,V2V_ROY_WITHIN_SPLIT_DERANGEMENT_V1,908ce1f927ae651f,ab430baab8055a61,PAIRING_V1
subj03,fold_1,val,A:P,vis2vis,11,11,37,37,V2V_ROY_WITHIN_SPLIT_DERANGEMENT_V1,908ce1f927ae651f,177b9dd2d16cd7c7,PAIRING_V1
subj03,fold_1,val,A:P,vis2vis,37,37,11,11,V2V_ROY_WITHIN_SPLIT_DERANGEMENT_V1,908ce1f927ae651f,177b9dd2d16cd7c7,PAIRING_V1
subj03,fold_1,val,A:R,vis2vis,5,5,44,44,V2V_ROY_WITHIN_SPLIT_DERANGEMENT_V1,908ce1f927ae651f,41a6824318f03f3b,PAIRING_V1
subj03,fold_1,val,A:R,vis2vis,44,44,5,5,V2V_ROY_WITHIN_SPLIT_DERANGEMENT_V1,908ce1f927ae651f,41a6824318f03f3b,PAIRING_V1
subj03,fold_1,val,A:V,vis2vis,31,31,33,33,V2V_ROY_WITHIN_SPLIT_DERANGEMENT_V1,908ce1f927ae651f,a507b433205f99ec,PAIRING_V1
subj03,fold_1,val,A:V,vis2vis,33,33,31,31,V2V_ROY_WITHIN_SPLIT_DERANGEMENT_V1,908ce1f927ae651f,a507b433205f99ec,PAIRING_V1
subj03,fold_1,val,B:B,vis2vis,83,227,85,229,V2V_ROY_WITHIN_SPLIT_DERANGEMENT_V1,908ce1f927ae651f,360c3783cc40e784,PAIRING_V1
subj03,fold_1,val,B:B,vis2vis,85,229,83,227,V2V_ROY_WITHIN_SPLIT_DERANGEMENT_V1,908ce1f927ae651f,360c3783cc40e784,PAIRING_V1
subj03,fold_1,val,B:C,vis2vis,49,193,73,217,V2V_ROY_WITHIN_SPLIT_DERANGEMENT_V1,908ce1f927ae651f,549068ad103fa306,PAIRING_V1
subj03,fold_1,val,B:C,vis2vis,73,217,49,193,V2V_ROY_WITHIN_SPLIT_DERANGEMENT_V1,908ce1f927ae651f,549068ad103fa306,PAIRING_V1
subj03,fold_1,val,B:D,vis2vis,61,205,65,209,V2V_ROY_WITHIN_SPLIT_DERANGEMENT_V1,908ce1f927ae651f,1555b251e372fe3a,PAIRING_V1
subj03,fold_1,val,B:D,vis2vis,65,209,61,205,V2V_ROY_WITHIN_SPLIT_DERANGEMENT_V1,908ce1f927ae651f,1555b251e372fe3a,PAIRING_V1
subj03,fold_1,val,B:K,vis2vis,57,201,84,228,V2V_ROY_WITHIN_SPLIT_DERANGEMENT_V1,908ce1f927ae651f,1b992188eb69be5e,PAIRING_V1
subj03,fold_1,val,B:K,vis2vis,84,228,57,201,V2V_ROY_WITHIN_SPLIT_DERANGEMENT_V1,908ce1f927ae651f,1b992188eb69be5e,PAIRING_V1
subj03,fold_1,val,B:T,vis2vis,69,213,80,224,V2V_ROY_WITHIN_SPLIT_DERANGEMENT_V1,908ce1f927ae651f,893f128b253aa07a,PAIRING_V1
subj03,fold_1,val,B:T,vis2vis,80,224,69,213,V2V_ROY_WITHIN_SPLIT_DERANGEMENT_V1,908ce1f927ae651f,893f128b253aa07a,PAIRING_V1
subj03,fold_1,val,B:W,vis2vis,48,192,63,207,V2V_ROY_WITHIN_SPLIT_DERANGEMENT_V1,908ce1f927ae651f,c3f68c442b2189ee,PAIRING_V1
subj03,fold_1,val,B:W,vis2vis,63,207,48,192,V2V_ROY_WITHIN_SPLIT_DERANGEMENT_V1,908ce1f927ae651f,c3f68c442b2189ee,PAIRING_V1
subj03,fold_1,test,A:E,vis2vis,26,26,32,32,V2V_ROY_WITHIN_SPLIT_DERANGEMENT_V1,908ce1f927ae651f,c096c2eb7d13a744,PAIRING_V1
subj03,fold_1,test,A:E,vis2vis,32,32,26,26,V2V_ROY_WITHIN_SPLIT_DERANGEMENT_V1,908ce1f927ae651f,c096c2eb7d13a744,PAIRING_V1
subj03,fold_1,test,A:H,vis2vis,10,10,14,14,V2V_ROY_WITHIN_SPLIT_DERANGEMENT_V1,908ce1f927ae651f,ca78e1d221e6cac1,PAIRING_V1
subj03,fold_1,test,A:H,vis2vis,14,14,10,10,V2V_ROY_WITHIN_SPLIT_DERANGEMENT_V1,908ce1f927ae651f,ca78e1d221e6cac1,PAIRING_V1
subj03,fold_1,test,A:L,vis2vis,12,12,27,27,V2V_ROY_WITHIN_SPLIT_DERANGEMENT_V1,908ce1f927ae651f,189047d54a259057,PAIRING_V1
subj03,fold_1,test,A:L,vis2vis,27,27,12,12,V2V_ROY_WITHIN_SPLIT_DERANGEMENT_V1,908ce1f927ae651f,189047d54a259057,PAIRING_V1
subj03,fold_1,test,A:P,vis2vis,8,8,13,13,V2V_ROY_WITHIN_SPLIT_DERANGEMENT_V1,908ce1f927ae651f,029149a3ff58a88a,PAIRING_V1
subj03,fold_1,test,A:P,vis2vis,13,13,8,8,V2V_ROY_WITHIN_SPLIT_DERANGEMENT_V1,908ce1f927ae651f,029149a3ff58a88a,PAIRING_V1
subj03,fold_1,test,A:R,vis2vis,22,22,30,30,V2V_ROY_WITHIN_SPLIT_DERANGEMENT_V1,908ce1f927ae651f,a5d533ebcf346b32,PAIRING_V1
subj03,fold_1,test,A:R,vis2vis,30,30,22,22,V2V_ROY_WITHIN_SPLIT_DERANGEMENT_V1,908ce1f927ae651f,a5d533ebcf346b32,PAIRING_V1
subj03,fold_1,test,A:V,vis2vis,1,1,3,3,V2V_ROY_WITHIN_SPLIT_DERANGEMENT_V1,908ce1f927ae651f,cf87afed3c542c83,PAIRING_V1
subj03,fold_1,test,A:V,vis2vis,3,3,1,1,V2V_ROY_WITHIN_SPLIT_DERANGEMENT_V1,908ce1f927ae651f,cf87afed3c542c83,PAIRING_V1
subj03,fold_1,test,B:B,vis2vis,66,210,79,223,V2V_ROY_WITHIN_SPLIT_DERANGEMENT_V1,908ce1f927ae651f,5e1e9de2a91adb4e,PAIRING_V1
subj03,fold_1,test,B:B,vis2vis,79,223,66,210,V2V_ROY_WITHIN_SPLIT_DERANGEMENT_V1,908ce1f927ae651f,5e1e9de2a91adb4e,PAIRING_V1
subj03,fold_1,test,B:C,vis2vis,58,202,71,215,V2V_ROY_WITHIN_SPLIT_DERANGEMENT_V1,908ce1f927ae651f,9b5d206b155f72f8,PAIRING_V1
subj03,fold_1,test,B:C,vis2vis,71,215,58,202,V2V_ROY_WITHIN_SPLIT_DERANGEMENT_V1,908ce1f927ae651f,9b5d206b155f72f8,PAIRING_V1
subj03,fold_1,test,B:D,vis2vis,70,214,93,237,V2V_ROY_WITHIN_SPLIT_DERANGEMENT_V1,908ce1f927ae651f,cb2220849abd6b30,PAIRING_V1
subj03,fold_1,test,B:D,vis2vis,93,237,70,214,V2V_ROY_WITHIN_SPLIT_DERANGEMENT_V1,908ce1f927ae651f,cb2220849abd6b30,PAIRING_V1
subj03,fold_1,test,B:K,vis2vis,67,211,91,235,V2V_ROY_WITHIN_SPLIT_DERANGEMENT_V1,908ce1f927ae651f,4697195a2802f9d2,PAIRING_V1
subj03,fold_1,test,B:K,vis2vis,91,235,67,211,V2V_ROY_WITHIN_SPLIT_DERANGEMENT_V1,908ce1f927ae651f,4697195a2802f9d2,PAIRING_V1
subj03,fold_1,test,B:T,vis2vis,52,196,92,236,V2V_ROY_WITHIN_SPLIT_DERANGEMENT_V1,908ce1f927ae651f,d42de6524ea6c732,PAIRING_V1
subj03,fold_1,test,B:T,vis2vis,92,236,52,196,V2V_ROY_WITHIN_SPLIT_DERANGEMENT_V1,908ce1f927ae651f,d42de6524ea6c732,PAIRING_V1
subj03,fold_1,test,B:W,vis2vis,56,200,75,219,V2V_ROY_WITHIN_SPLIT_DERANGEMENT_V1,908ce1f927ae651f,c501046048df0e09,PAIRING_V1
subj03,fold_1,test,B:W,vis2vis,75,219,56,200,V2V_ROY_WITHIN_SPLIT_DERANGEMENT_V1,908ce1f927ae651f,c501046048df0e09,PAIRING_V1
subj03,fold_2,train,A:E,vis2vis,6,6,32,32,V2V_ROY_WITHIN_SPLIT_DERANGEMENT_V1,908ce1f927ae651f,cb7efa3cb9422ae1,PAIRING_V1
subj03,fold_2,train,A:E,vis2vis,23,23,26,26,V2V_ROY_WITHIN_SPLIT_DERANGEMENT_V1,908ce1f927ae651f,cb7efa3cb9422ae1,PAIRING_V1
subj03,fold_2,train,A:E,vis2vis,26,26,6,6,V2V_ROY_WITHIN_SPLIT_DERANGEMENT_V1,908ce1f927ae651f,cb7efa3cb9422ae1,PAIRING_V1
subj03,fold_2,train,A:E,vis2vis,32,32,23,23,V2V_ROY_WITHIN_SPLIT_DERANGEMENT_V1,908ce1f927ae651f,cb7efa3cb9422ae1,PAIRING_V1
subj03,fold_2,train,A:H,vis2vis,10,10,35,35,V2V_ROY_WITHIN_SPLIT_DERANGEMENT_V1,908ce1f927ae651f,08dc81eeb2717d41,PAIRING_V1
subj03,fold_2,train,A:H,vis2vis,14,14,24,24,V2V_ROY_WITHIN_SPLIT_DERANGEMENT_V1,908ce1f927ae651f,08dc81eeb2717d41,PAIRING_V1
subj03,fold_2,train,A:H,vis2vis,24,24,10,10,V2V_ROY_WITHIN_SPLIT_DERANGEMENT_V1,908ce1f927ae651f,08dc81eeb2717d41,PAIRING_V1
subj03,fold_2,train,A:H,vis2vis,35,35,14,14,V2V_ROY_WITHIN_SPLIT_DERANGEMENT_V1,908ce1f927ae651f,08dc81eeb2717d41,PAIRING_V1
subj03,fold_2,train,A:L,vis2vis,0,0,12,12,V2V_ROY_WITHIN_SPLIT_DERANGEMENT_V1,908ce1f927ae651f,ffe060cadc2bd25e,PAIRING_V1
subj03,fold_2,train,A:L,vis2vis,4,4,27,27,V2V_ROY_WITHIN_SPLIT_DERANGEMENT_V1,908ce1f927ae651f,ffe060cadc2bd25e,PAIRING_V1
subj03,fold_2,train,A:L,vis2vis,12,12,0,0,V2V_ROY_WITHIN_SPLIT_DERANGEMENT_V1,908ce1f927ae651f,ffe060cadc2bd25e,PAIRING_V1
subj03,fold_2,train,A:L,vis2vis,27,27,4,4,V2V_ROY_WITHIN_SPLIT_DERANGEMENT_V1,908ce1f927ae651f,ffe060cadc2bd25e,PAIRING_V1
subj03,fold_2,train,A:P,vis2vis,8,8,13,13,V2V_ROY_WITHIN_SPLIT_DERANGEMENT_V1,908ce1f927ae651f,e4ed6bc4f2fc08a4,PAIRING_V1
subj03,fold_2,train,A:P,vis2vis,13,13,8,8,V2V_ROY_WITHIN_SPLIT_DERANGEMENT_V1,908ce1f927ae651f,e4ed6bc4f2fc08a4,PAIRING_V1
subj03,fold_2,train,A:P,vis2vis,16,16,34,34,V2V_ROY_WITHIN_SPLIT_DERANGEMENT_V1,908ce1f927ae651f,e4ed6bc4f2fc08a4,PAIRING_V1
subj03,fold_2,train,A:P,vis2vis,34,34,16,16,V2V_ROY_WITHIN_SPLIT_DERANGEMENT_V1,908ce1f927ae651f,e4ed6bc4f2fc08a4,PAIRING_V1
subj03,fold_2,train,A:R,vis2vis,17,17,30,30,V2V_ROY_WITHIN_SPLIT_DERANGEMENT_V1,908ce1f927ae651f,243f92bae24bda6f,PAIRING_V1
subj03,fold_2,train,A:R,vis2vis,22,22,46,46,V2V_ROY_WITHIN_SPLIT_DERANGEMENT_V1,908ce1f927ae651f,243f92bae24bda6f,PAIRING_V1
subj03,fold_2,train,A:R,vis2vis,30,30,17,17,V2V_ROY_WITHIN_SPLIT_DERANGEMENT_V1,908ce1f927ae651f,243f92bae24bda6f,PAIRING_V1
subj03,fold_2,train,A:R,vis2vis,46,46,22,22,V2V_ROY_WITHIN_SPLIT_DERANGEMENT_V1,908ce1f927ae651f,243f92bae24bda6f,PAIRING_V1
subj03,fold_2,train,A:V,vis2vis,1,1,40,40,V2V_ROY_WITHIN_SPLIT_DERANGEMENT_V1,908ce1f927ae651f,ea09ad4f832e6751,PAIRING_V1
subj03,fold_2,train,A:V,vis2vis,3,3,45,45,V2V_ROY_WITHIN_SPLIT_DERANGEMENT_V1,908ce1f927ae651f,ea09ad4f832e6751,PAIRING_V1
subj03,fold_2,train,A:V,vis2vis,40,40,1,1,V2V_ROY_WITHIN_SPLIT_DERANGEMENT_V1,908ce1f927ae651f,ea09ad4f832e6751,PAIRING_V1
subj03,fold_2,train,A:V,vis2vis,45,45,3,3,V2V_ROY_WITHIN_SPLIT_DERANGEMENT_V1,908ce1f927ae651f,ea09ad4f832e6751,PAIRING_V1
subj03,fold_2,train,B:B,vis2vis,66,210,79,223,V2V_ROY_WITHIN_SPLIT_DERANGEMENT_V1,908ce1f927ae651f,947c0dd268a1b8b8,PAIRING_V1
subj03,fold_2,train,B:B,vis2vis,76,220,94,238,V2V_ROY_WITHIN_SPLIT_DERANGEMENT_V1,908ce1f927ae651f,947c0dd268a1b8b8,PAIRING_V1
subj03,fold_2,train,B:B,vis2vis,79,223,76,220,V2V_ROY_WITHIN_SPLIT_DERANGEMENT_V1,908ce1f927ae651f,947c0dd268a1b8b8,PAIRING_V1
subj03,fold_2,train,B:B,vis2vis,94,238,66,210,V2V_ROY_WITHIN_SPLIT_DERANGEMENT_V1,908ce1f927ae651f,947c0dd268a1b8b8,PAIRING_V1
subj03,fold_2,train,B:C,vis2vis,58,202,71,215,V2V_ROY_WITHIN_SPLIT_DERANGEMENT_V1,908ce1f927ae651f,354ee2fc1ae79469,PAIRING_V1
subj03,fold_2,train,B:C,vis2vis,64,208,86,230,V2V_ROY_WITHIN_SPLIT_DERANGEMENT_V1,908ce1f927ae651f,354ee2fc1ae79469,PAIRING_V1
subj03,fold_2,train,B:C,vis2vis,71,215,58,202,V2V_ROY_WITHIN_SPLIT_DERANGEMENT_V1,908ce1f927ae651f,354ee2fc1ae79469,PAIRING_V1
subj03,fold_2,train,B:C,vis2vis,86,230,64,208,V2V_ROY_WITHIN_SPLIT_DERANGEMENT_V1,908ce1f927ae651f,354ee2fc1ae79469,PAIRING_V1
subj03,fold_2,train,B:D,vis2vis,51,195,70,214,V2V_ROY_WITHIN_SPLIT_DERANGEMENT_V1,908ce1f927ae651f,b3b3d158931acf59,PAIRING_V1
subj03,fold_2,train,B:D,vis2vis,54,198,93,237,V2V_ROY_WITHIN_SPLIT_DERANGEMENT_V1,908ce1f927ae651f,b3b3d158931acf59,PAIRING_V1
subj03,fold_2,train,B:D,vis2vis,70,214,51,195,V2V_ROY_WITHIN_SPLIT_DERANGEMENT_V1,908ce1f927ae651f,b3b3d158931acf59,PAIRING_V1
subj03,fold_2,train,B:D,vis2vis,93,237,54,198,V2V_ROY_WITHIN_SPLIT_DERANGEMENT_V1,908ce1f927ae651f,b3b3d158931acf59,PAIRING_V1
subj03,fold_2,train,B:K,vis2vis,55,199,67,211,V2V_ROY_WITHIN_SPLIT_DERANGEMENT_V1,908ce1f927ae651f,aebcf6d9703ca048,PAIRING_V1
subj03,fold_2,train,B:K,vis2vis,67,211,78,222,V2V_ROY_WITHIN_SPLIT_DERANGEMENT_V1,908ce1f927ae651f,aebcf6d9703ca048,PAIRING_V1
subj03,fold_2,train,B:K,vis2vis,78,222,91,235,V2V_ROY_WITHIN_SPLIT_DERANGEMENT_V1,908ce1f927ae651f,aebcf6d9703ca048,PAIRING_V1
subj03,fold_2,train,B:K,vis2vis,91,235,55,199,V2V_ROY_WITHIN_SPLIT_DERANGEMENT_V1,908ce1f927ae651f,aebcf6d9703ca048,PAIRING_V1
subj03,fold_2,train,B:T,vis2vis,52,196,88,232,V2V_ROY_WITHIN_SPLIT_DERANGEMENT_V1,908ce1f927ae651f,f30936e921f71805,PAIRING_V1
subj03,fold_2,train,B:T,vis2vis,74,218,52,196,V2V_ROY_WITHIN_SPLIT_DERANGEMENT_V1,908ce1f927ae651f,f30936e921f71805,PAIRING_V1
subj03,fold_2,train,B:T,vis2vis,88,232,92,236,V2V_ROY_WITHIN_SPLIT_DERANGEMENT_V1,908ce1f927ae651f,f30936e921f71805,PAIRING_V1
subj03,fold_2,train,B:T,vis2vis,92,236,74,218,V2V_ROY_WITHIN_SPLIT_DERANGEMENT_V1,908ce1f927ae651f,f30936e921f71805,PAIRING_V1
subj03,fold_2,train,B:W,vis2vis,50,194,56,200,V2V_ROY_WITHIN_SPLIT_DERANGEMENT_V1,908ce1f927ae651f,b179ccb9a39f97a0,PAIRING_V1
subj03,fold_2,train,B:W,vis2vis,56,200,87,231,V2V_ROY_WITHIN_SPLIT_DERANGEMENT_V1,908ce1f927ae651f,b179ccb9a39f97a0,PAIRING_V1
subj03,fold_2,train,B:W,vis2vis,75,219,50,194,V2V_ROY_WITHIN_SPLIT_DERANGEMENT_V1,908ce1f927ae651f,b179ccb9a39f97a0,PAIRING_V1
subj03,fold_2,train,B:W,vis2vis,87,231,75,219,V2V_ROY_WITHIN_SPLIT_DERANGEMENT_V1,908ce1f927ae651f,b179ccb9a39f97a0,PAIRING_V1
subj03,fold_2,val,A:E,vis2vis,9,9,38,38,V2V_ROY_WITHIN_SPLIT_DERANGEMENT_V1,908ce1f927ae651f,1b3a2001a99e12ce,PAIRING_V1
subj03,fold_2,val,A:E,vis2vis,38,38,9,9,V2V_ROY_WITHIN_SPLIT_DERANGEMENT_V1,908ce1f927ae651f,1b3a2001a99e12ce,PAIRING_V1
subj03,fold_2,val,A:H,vis2vis,18,18,21,21,V2V_ROY_WITHIN_SPLIT_DERANGEMENT_V1,908ce1f927ae651f,3990db05e88f6d42,PAIRING_V1
subj03,fold_2,val,A:H,vis2vis,21,21,18,18,V2V_ROY_WITHIN_SPLIT_DERANGEMENT_V1,908ce1f927ae651f,3990db05e88f6d42,PAIRING_V1
subj03,fold_2,val,A:L,vis2vis,7,7,29,29,V2V_ROY_WITHIN_SPLIT_DERANGEMENT_V1,908ce1f927ae651f,f28cd35df966f991,PAIRING_V1
subj03,fold_2,val,A:L,vis2vis,29,29,7,7,V2V_ROY_WITHIN_SPLIT_DERANGEMENT_V1,908ce1f927ae651f,f28cd35df966f991,PAIRING_V1
subj03,fold_2,val,A:P,vis2vis,11,11,37,37,V2V_ROY_WITHIN_SPLIT_DERANGEMENT_V1,908ce1f927ae651f,0863e2529f45aa3a,PAIRING_V1
subj03,fold_2,val,A:P,vis2vis,37,37,11,11,V2V_ROY_WITHIN_SPLIT_DERANGEMENT_V1,908ce1f927ae651f,0863e2529f45aa3a,PAIRING_V1
subj03,fold_2,val,A:R,vis2vis,5,5,44,44,V2V_ROY_WITHIN_SPLIT_DERANGEMENT_V1,908ce1f927ae651f,5d8318c26e13b1e0,PAIRING_V1
subj03,fold_2,val,A:R,vis2vis,44,44,5,5,V2V_ROY_WITHIN_SPLIT_DERANGEMENT_V1,908ce1f927ae651f,5d8318c26e13b1e0,PAIRING_V1
subj03,fold_2,val,A:V,vis2vis,31,31,33,33,V2V_ROY_WITHIN_SPLIT_DERANGEMENT_V1,908ce1f927ae651f,036438e18d238368,PAIRING_V1
subj03,fold_2,val,A:V,vis2vis,33,33,31,31,V2V_ROY_WITHIN_SPLIT_DERANGEMENT_V1,908ce1f927ae651f,036438e18d238368,PAIRING_V1
subj03,fold_2,val,B:B,vis2vis,83,227,85,229,V2V_ROY_WITHIN_SPLIT_DERANGEMENT_V1,908ce1f927ae651f,e1c0bc928bb9f701,PAIRING_V1
subj03,fold_2,val,B:B,vis2vis,85,229,83,227,V2V_ROY_WITHIN_SPLIT_DERANGEMENT_V1,908ce1f927ae651f,e1c0bc928bb9f701,PAIRING_V1
subj03,fold_2,val,B:C,vis2vis,49,193,73,217,V2V_ROY_WITHIN_SPLIT_DERANGEMENT_V1,908ce1f927ae651f,13d25897a953edb3,PAIRING_V1
subj03,fold_2,val,B:C,vis2vis,73,217,49,193,V2V_ROY_WITHIN_SPLIT_DERANGEMENT_V1,908ce1f927ae651f,13d25897a953edb3,PAIRING_V1
subj03,fold_2,val,B:D,vis2vis,61,205,65,209,V2V_ROY_WITHIN_SPLIT_DERANGEMENT_V1,908ce1f927ae651f,1e299aff8f5f143b,PAIRING_V1
subj03,fold_2,val,B:D,vis2vis,65,209,61,205,V2V_ROY_WITHIN_SPLIT_DERANGEMENT_V1,908ce1f927ae651f,1e299aff8f5f143b,PAIRING_V1
subj03,fold_2,val,B:K,vis2vis,57,201,84,228,V2V_ROY_WITHIN_SPLIT_DERANGEMENT_V1,908ce1f927ae651f,756f68f613d3800a,PAIRING_V1
subj03,fold_2,val,B:K,vis2vis,84,228,57,201,V2V_ROY_WITHIN_SPLIT_DERANGEMENT_V1,908ce1f927ae651f,756f68f613d3800a,PAIRING_V1
subj03,fold_2,val,B:T,vis2vis,69,213,80,224,V2V_ROY_WITHIN_SPLIT_DERANGEMENT_V1,908ce1f927ae651f,4280fed5633fcd94,PAIRING_V1
subj03,fold_2,val,B:T,vis2vis,80,224,69,213,V2V_ROY_WITHIN_SPLIT_DERANGEMENT_V1,908ce1f927ae651f,4280fed5633fcd94,PAIRING_V1
subj03,fold_2,val,B:W,vis2vis,48,192,63,207,V2V_ROY_WITHIN_SPLIT_DERANGEMENT_V1,908ce1f927ae651f,d1e4b1b6b8e40442,PAIRING_V1
subj03,fold_2,val,B:W,vis2vis,63,207,48,192,V2V_ROY_WITHIN_SPLIT_DERANGEMENT_V1,908ce1f927ae651f,d1e4b1b6b8e40442,PAIRING_V1
subj03,fold_2,test,A:E,vis2vis,43,43,47,47,V2V_ROY_WITHIN_SPLIT_DERANGEMENT_V1,908ce1f927ae651f,c2c4c433f7ca8ec2,PAIRING_V1
subj03,fold_2,test,A:E,vis2vis,47,47,43,43,V2V_ROY_WITHIN_SPLIT_DERANGEMENT_V1,908ce1f927ae651f,c2c4c433f7ca8ec2,PAIRING_V1
subj03,fold_2,test,A:H,vis2vis,2,2,28,28,V2V_ROY_WITHIN_SPLIT_DERANGEMENT_V1,908ce1f927ae651f,aa0f6dbbfe2b3ac6,PAIRING_V1
subj03,fold_2,test,A:H,vis2vis,28,28,2,2,V2V_ROY_WITHIN_SPLIT_DERANGEMENT_V1,908ce1f927ae651f,aa0f6dbbfe2b3ac6,PAIRING_V1
subj03,fold_2,test,A:L,vis2vis,36,36,42,42,V2V_ROY_WITHIN_SPLIT_DERANGEMENT_V1,908ce1f927ae651f,dd51c278c669c27f,PAIRING_V1
subj03,fold_2,test,A:L,vis2vis,42,42,36,36,V2V_ROY_WITHIN_SPLIT_DERANGEMENT_V1,908ce1f927ae651f,dd51c278c669c27f,PAIRING_V1
subj03,fold_2,test,A:P,vis2vis,20,20,41,41,V2V_ROY_WITHIN_SPLIT_DERANGEMENT_V1,908ce1f927ae651f,ab2fb9d88ebc3dee,PAIRING_V1
subj03,fold_2,test,A:P,vis2vis,41,41,20,20,V2V_ROY_WITHIN_SPLIT_DERANGEMENT_V1,908ce1f927ae651f,ab2fb9d88ebc3dee,PAIRING_V1
subj03,fold_2,test,A:R,vis2vis,25,25,39,39,V2V_ROY_WITHIN_SPLIT_DERANGEMENT_V1,908ce1f927ae651f,3c00f754a509440a,PAIRING_V1
subj03,fold_2,test,A:R,vis2vis,39,39,25,25,V2V_ROY_WITHIN_SPLIT_DERANGEMENT_V1,908ce1f927ae651f,3c00f754a509440a,PAIRING_V1
subj03,fold_2,test,A:V,vis2vis,15,15,19,19,V2V_ROY_WITHIN_SPLIT_DERANGEMENT_V1,908ce1f927ae651f,68ef18fc27c69ea8,PAIRING_V1
subj03,fold_2,test,A:V,vis2vis,19,19,15,15,V2V_ROY_WITHIN_SPLIT_DERANGEMENT_V1,908ce1f927ae651f,68ef18fc27c69ea8,PAIRING_V1
subj03,fold_2,test,B:B,vis2vis,53,197,89,233,V2V_ROY_WITHIN_SPLIT_DERANGEMENT_V1,908ce1f927ae651f,ad99d3d347e30a8e,PAIRING_V1
subj03,fold_2,test,B:B,vis2vis,89,233,53,197,V2V_ROY_WITHIN_SPLIT_DERANGEMENT_V1,908ce1f927ae651f,ad99d3d347e30a8e,PAIRING_V1
subj03,fold_2,test,B:C,vis2vis,62,206,90,234,V2V_ROY_WITHIN_SPLIT_DERANGEMENT_V1,908ce1f927ae651f,944065e61fe75059,PAIRING_V1
subj03,fold_2,test,B:C,vis2vis,90,234,62,206,V2V_ROY_WITHIN_SPLIT_DERANGEMENT_V1,908ce1f927ae651f,944065e61fe75059,PAIRING_V1
subj03,fold_2,test,B:D,vis2vis,68,212,81,225,V2V_ROY_WITHIN_SPLIT_DERANGEMENT_V1,908ce1f927ae651f,82b29fd582042c43,PAIRING_V1
subj03,fold_2,test,B:D,vis2vis,81,225,68,212,V2V_ROY_WITHIN_SPLIT_DERANGEMENT_V1,908ce1f927ae651f,82b29fd582042c43,PAIRING_V1
subj03,fold_2,test,B:K,vis2vis,59,203,82,226,V2V_ROY_WITHIN_SPLIT_DERANGEMENT_V1,908ce1f927ae651f,4f05e975567c0640,PAIRING_V1
subj03,fold_2,test,B:K,vis2vis,82,226,59,203,V2V_ROY_WITHIN_SPLIT_DERANGEMENT_V1,908ce1f927ae651f,4f05e975567c0640,PAIRING_V1
subj03,fold_2,test,B:T,vis2vis,60,204,95,239,V2V_ROY_WITHIN_SPLIT_DERANGEMENT_V1,908ce1f927ae651f,c4e17c11095b281c,PAIRING_V1
subj03,fold_2,test,B:T,vis2vis,95,239,60,204,V2V_ROY_WITHIN_SPLIT_DERANGEMENT_V1,908ce1f927ae651f,c4e17c11095b281c,PAIRING_V1
subj03,fold_2,test,B:W,vis2vis,72,216,77,221,V2V_ROY_WITHIN_SPLIT_DERANGEMENT_V1,908ce1f927ae651f,0aa2dd51522d7a87,PAIRING_V1
subj03,fold_2,test,B:W,vis2vis,77,221,72,216,V2V_ROY_WITHIN_SPLIT_DERANGEMENT_V1,908ce1f927ae651f,0aa2dd51522d7a87,PAIRING_V1
subj03,fold_3,train,A:E,vis2vis,6,6,23,23,V2V_ROY_WITHIN_SPLIT_DERANGEMENT_V1,908ce1f927ae651f,7ff59aad169007ed,PAIRING_V1
subj03,fold_3,train,A:E,vis2vis,23,23,26,26,V2V_ROY_WITHIN_SPLIT_DERANGEMENT_V1,908ce1f927ae651f,7ff59aad169007ed,PAIRING_V1
subj03,fold_3,train,A:E,vis2vis,26,26,32,32,V2V_ROY_WITHIN_SPLIT_DERANGEMENT_V1,908ce1f927ae651f,7ff59aad169007ed,PAIRING_V1
subj03,fold_3,train,A:E,vis2vis,32,32,6,6,V2V_ROY_WITHIN_SPLIT_DERANGEMENT_V1,908ce1f927ae651f,7ff59aad169007ed,PAIRING_V1
subj03,fold_3,train,A:H,vis2vis,10,10,14,14,V2V_ROY_WITHIN_SPLIT_DERANGEMENT_V1,908ce1f927ae651f,70a4468ce2592453,PAIRING_V1
subj03,fold_3,train,A:H,vis2vis,14,14,10,10,V2V_ROY_WITHIN_SPLIT_DERANGEMENT_V1,908ce1f927ae651f,70a4468ce2592453,PAIRING_V1
subj03,fold_3,train,A:H,vis2vis,24,24,35,35,V2V_ROY_WITHIN_SPLIT_DERANGEMENT_V1,908ce1f927ae651f,70a4468ce2592453,PAIRING_V1
subj03,fold_3,train,A:H,vis2vis,35,35,24,24,V2V_ROY_WITHIN_SPLIT_DERANGEMENT_V1,908ce1f927ae651f,70a4468ce2592453,PAIRING_V1
subj03,fold_3,train,A:L,vis2vis,0,0,27,27,V2V_ROY_WITHIN_SPLIT_DERANGEMENT_V1,908ce1f927ae651f,a1b89cd1d2fa1f95,PAIRING_V1
subj03,fold_3,train,A:L,vis2vis,4,4,12,12,V2V_ROY_WITHIN_SPLIT_DERANGEMENT_V1,908ce1f927ae651f,a1b89cd1d2fa1f95,PAIRING_V1
subj03,fold_3,train,A:L,vis2vis,12,12,0,0,V2V_ROY_WITHIN_SPLIT_DERANGEMENT_V1,908ce1f927ae651f,a1b89cd1d2fa1f95,PAIRING_V1
subj03,fold_3,train,A:L,vis2vis,27,27,4,4,V2V_ROY_WITHIN_SPLIT_DERANGEMENT_V1,908ce1f927ae651f,a1b89cd1d2fa1f95,PAIRING_V1
subj03,fold_3,train,A:P,vis2vis,8,8,13,13,V2V_ROY_WITHIN_SPLIT_DERANGEMENT_V1,908ce1f927ae651f,6e949ddaaf58dd2d,PAIRING_V1
subj03,fold_3,train,A:P,vis2vis,13,13,16,16,V2V_ROY_WITHIN_SPLIT_DERANGEMENT_V1,908ce1f927ae651f,6e949ddaaf58dd2d,PAIRING_V1
subj03,fold_3,train,A:P,vis2vis,16,16,34,34,V2V_ROY_WITHIN_SPLIT_DERANGEMENT_V1,908ce1f927ae651f,6e949ddaaf58dd2d,PAIRING_V1
subj03,fold_3,train,A:P,vis2vis,34,34,8,8,V2V_ROY_WITHIN_SPLIT_DERANGEMENT_V1,908ce1f927ae651f,6e949ddaaf58dd2d,PAIRING_V1
subj03,fold_3,train,A:R,vis2vis,17,17,46,46,V2V_ROY_WITHIN_SPLIT_DERANGEMENT_V1,908ce1f927ae651f,3da4ff1d7c43fa9e,PAIRING_V1
subj03,fold_3,train,A:R,vis2vis,22,22,17,17,V2V_ROY_WITHIN_SPLIT_DERANGEMENT_V1,908ce1f927ae651f,3da4ff1d7c43fa9e,PAIRING_V1
subj03,fold_3,train,A:R,vis2vis,30,30,22,22,V2V_ROY_WITHIN_SPLIT_DERANGEMENT_V1,908ce1f927ae651f,3da4ff1d7c43fa9e,PAIRING_V1
subj03,fold_3,train,A:R,vis2vis,46,46,30,30,V2V_ROY_WITHIN_SPLIT_DERANGEMENT_V1,908ce1f927ae651f,3da4ff1d7c43fa9e,PAIRING_V1
subj03,fold_3,train,A:V,vis2vis,1,1,3,3,V2V_ROY_WITHIN_SPLIT_DERANGEMENT_V1,908ce1f927ae651f,e798db70b6fb2fc6,PAIRING_V1
subj03,fold_3,train,A:V,vis2vis,3,3,40,40,V2V_ROY_WITHIN_SPLIT_DERANGEMENT_V1,908ce1f927ae651f,e798db70b6fb2fc6,PAIRING_V1
subj03,fold_3,train,A:V,vis2vis,40,40,45,45,V2V_ROY_WITHIN_SPLIT_DERANGEMENT_V1,908ce1f927ae651f,e798db70b6fb2fc6,PAIRING_V1
subj03,fold_3,train,A:V,vis2vis,45,45,1,1,V2V_ROY_WITHIN_SPLIT_DERANGEMENT_V1,908ce1f927ae651f,e798db70b6fb2fc6,PAIRING_V1
subj03,fold_3,train,B:B,vis2vis,66,210,94,238,V2V_ROY_WITHIN_SPLIT_DERANGEMENT_V1,908ce1f927ae651f,efb2d25c695be231,PAIRING_V1
subj03,fold_3,train,B:B,vis2vis,76,220,66,210,V2V_ROY_WITHIN_SPLIT_DERANGEMENT_V1,908ce1f927ae651f,efb2d25c695be231,PAIRING_V1
subj03,fold_3,train,B:B,vis2vis,79,223,76,220,V2V_ROY_WITHIN_SPLIT_DERANGEMENT_V1,908ce1f927ae651f,efb2d25c695be231,PAIRING_V1
subj03,fold_3,train,B:B,vis2vis,94,238,79,223,V2V_ROY_WITHIN_SPLIT_DERANGEMENT_V1,908ce1f927ae651f,efb2d25c695be231,PAIRING_V1
subj03,fold_3,train,B:C,vis2vis,58,202,86,230,V2V_ROY_WITHIN_SPLIT_DERANGEMENT_V1,908ce1f927ae651f,b4c91c55535c1fb4,PAIRING_V1
subj03,fold_3,train,B:C,vis2vis,64,208,71,215,V2V_ROY_WITHIN_SPLIT_DERANGEMENT_V1,908ce1f927ae651f,b4c91c55535c1fb4,PAIRING_V1
subj03,fold_3,train,B:C,vis2vis,71,215,64,208,V2V_ROY_WITHIN_SPLIT_DERANGEMENT_V1,908ce1f927ae651f,b4c91c55535c1fb4,PAIRING_V1
subj03,fold_3,train,B:C,vis2vis,86,230,58,202,V2V_ROY_WITHIN_SPLIT_DERANGEMENT_V1,908ce1f927ae651f,b4c91c55535c1fb4,PAIRING_V1
subj03,fold_3,train,B:D,vis2vis,51,195,70,214,V2V_ROY_WITHIN_SPLIT_DERANGEMENT_V1,908ce1f927ae651f,c31fd39f81e40f5e,PAIRING_V1
subj03,fold_3,train,B:D,vis2vis,54,198,51,195,V2V_ROY_WITHIN_SPLIT_DERANGEMENT_V1,908ce1f927ae651f,c31fd39f81e40f5e,PAIRING_V1
subj03,fold_3,train,B:D,vis2vis,70,214,93,237,V2V_ROY_WITHIN_SPLIT_DERANGEMENT_V1,908ce1f927ae651f,c31fd39f81e40f5e,PAIRING_V1
subj03,fold_3,train,B:D,vis2vis,93,237,54,198,V2V_ROY_WITHIN_SPLIT_DERANGEMENT_V1,908ce1f927ae651f,c31fd39f81e40f5e,PAIRING_V1
subj03,fold_3,train,B:K,vis2vis,55,199,78,222,V2V_ROY_WITHIN_SPLIT_DERANGEMENT_V1,908ce1f927ae651f,9857c52c1eac01a9,PAIRING_V1
subj03,fold_3,train,B:K,vis2vis,67,211,91,235,V2V_ROY_WITHIN_SPLIT_DERANGEMENT_V1,908ce1f927ae651f,9857c52c1eac01a9,PAIRING_V1
subj03,fold_3,train,B:K,vis2vis,78,222,67,211,V2V_ROY_WITHIN_SPLIT_DERANGEMENT_V1,908ce1f927ae651f,9857c52c1eac01a9,PAIRING_V1
subj03,fold_3,train,B:K,vis2vis,91,235,55,199,V2V_ROY_WITHIN_SPLIT_DERANGEMENT_V1,908ce1f927ae651f,9857c52c1eac01a9,PAIRING_V1
subj03,fold_3,train,B:T,vis2vis,52,196,88,232,V2V_ROY_WITHIN_SPLIT_DERANGEMENT_V1,908ce1f927ae651f,4c589eb382a5baaa,PAIRING_V1
subj03,fold_3,train,B:T,vis2vis,74,218,52,196,V2V_ROY_WITHIN_SPLIT_DERANGEMENT_V1,908ce1f927ae651f,4c589eb382a5baaa,PAIRING_V1
subj03,fold_3,train,B:T,vis2vis,88,232,92,236,V2V_ROY_WITHIN_SPLIT_DERANGEMENT_V1,908ce1f927ae651f,4c589eb382a5baaa,PAIRING_V1
subj03,fold_3,train,B:T,vis2vis,92,236,74,218,V2V_ROY_WITHIN_SPLIT_DERANGEMENT_V1,908ce1f927ae651f,4c589eb382a5baaa,PAIRING_V1
subj03,fold_3,train,B:W,vis2vis,50,194,56,200,V2V_ROY_WITHIN_SPLIT_DERANGEMENT_V1,908ce1f927ae651f,9799ece9646e4e65,PAIRING_V1
subj03,fold_3,train,B:W,vis2vis,56,200,75,219,V2V_ROY_WITHIN_SPLIT_DERANGEMENT_V1,908ce1f927ae651f,9799ece9646e4e65,PAIRING_V1
subj03,fold_3,train,B:W,vis2vis,75,219,87,231,V2V_ROY_WITHIN_SPLIT_DERANGEMENT_V1,908ce1f927ae651f,9799ece9646e4e65,PAIRING_V1
subj03,fold_3,train,B:W,vis2vis,87,231,50,194,V2V_ROY_WITHIN_SPLIT_DERANGEMENT_V1,908ce1f927ae651f,9799ece9646e4e65,PAIRING_V1
subj03,fold_3,val,A:E,vis2vis,43,43,47,47,V2V_ROY_WITHIN_SPLIT_DERANGEMENT_V1,908ce1f927ae651f,1dfd448f3f126cb7,PAIRING_V1
subj03,fold_3,val,A:E,vis2vis,47,47,43,43,V2V_ROY_WITHIN_SPLIT_DERANGEMENT_V1,908ce1f927ae651f,1dfd448f3f126cb7,PAIRING_V1
subj03,fold_3,val,A:H,vis2vis,2,2,28,28,V2V_ROY_WITHIN_SPLIT_DERANGEMENT_V1,908ce1f927ae651f,dfe9f5b3f1823418,PAIRING_V1
subj03,fold_3,val,A:H,vis2vis,28,28,2,2,V2V_ROY_WITHIN_SPLIT_DERANGEMENT_V1,908ce1f927ae651f,dfe9f5b3f1823418,PAIRING_V1
subj03,fold_3,val,A:L,vis2vis,36,36,42,42,V2V_ROY_WITHIN_SPLIT_DERANGEMENT_V1,908ce1f927ae651f,9a7a0698dd47ac0d,PAIRING_V1
subj03,fold_3,val,A:L,vis2vis,42,42,36,36,V2V_ROY_WITHIN_SPLIT_DERANGEMENT_V1,908ce1f927ae651f,9a7a0698dd47ac0d,PAIRING_V1
subj03,fold_3,val,A:P,vis2vis,20,20,41,41,V2V_ROY_WITHIN_SPLIT_DERANGEMENT_V1,908ce1f927ae651f,aa1ae5bc861b0dbe,PAIRING_V1
subj03,fold_3,val,A:P,vis2vis,41,41,20,20,V2V_ROY_WITHIN_SPLIT_DERANGEMENT_V1,908ce1f927ae651f,aa1ae5bc861b0dbe,PAIRING_V1
subj03,fold_3,val,A:R,vis2vis,25,25,39,39,V2V_ROY_WITHIN_SPLIT_DERANGEMENT_V1,908ce1f927ae651f,4e69dc669816222d,PAIRING_V1
subj03,fold_3,val,A:R,vis2vis,39,39,25,25,V2V_ROY_WITHIN_SPLIT_DERANGEMENT_V1,908ce1f927ae651f,4e69dc669816222d,PAIRING_V1
subj03,fold_3,val,A:V,vis2vis,15,15,19,19,V2V_ROY_WITHIN_SPLIT_DERANGEMENT_V1,908ce1f927ae651f,32b2785f23c03736,PAIRING_V1
subj03,fold_3,val,A:V,vis2vis,19,19,15,15,V2V_ROY_WITHIN_SPLIT_DERANGEMENT_V1,908ce1f927ae651f,32b2785f23c03736,PAIRING_V1
subj03,fold_3,val,B:B,vis2vis,53,197,89,233,V2V_ROY_WITHIN_SPLIT_DERANGEMENT_V1,908ce1f927ae651f,1d49e813f586145f,PAIRING_V1
subj03,fold_3,val,B:B,vis2vis,89,233,53,197,V2V_ROY_WITHIN_SPLIT_DERANGEMENT_V1,908ce1f927ae651f,1d49e813f586145f,PAIRING_V1
subj03,fold_3,val,B:C,vis2vis,62,206,90,234,V2V_ROY_WITHIN_SPLIT_DERANGEMENT_V1,908ce1f927ae651f,f51ce871a0ca4ca2,PAIRING_V1
subj03,fold_3,val,B:C,vis2vis,90,234,62,206,V2V_ROY_WITHIN_SPLIT_DERANGEMENT_V1,908ce1f927ae651f,f51ce871a0ca4ca2,PAIRING_V1
subj03,fold_3,val,B:D,vis2vis,68,212,81,225,V2V_ROY_WITHIN_SPLIT_DERANGEMENT_V1,908ce1f927ae651f,5445789335be5a20,PAIRING_V1
subj03,fold_3,val,B:D,vis2vis,81,225,68,212,V2V_ROY_WITHIN_SPLIT_DERANGEMENT_V1,908ce1f927ae651f,5445789335be5a20,PAIRING_V1
subj03,fold_3,val,B:K,vis2vis,59,203,82,226,V2V_ROY_WITHIN_SPLIT_DERANGEMENT_V1,908ce1f927ae651f,bdcdd565490c9040,PAIRING_V1
subj03,fold_3,val,B:K,vis2vis,82,226,59,203,V2V_ROY_WITHIN_SPLIT_DERANGEMENT_V1,908ce1f927ae651f,bdcdd565490c9040,PAIRING_V1
subj03,fold_3,val,B:T,vis2vis,60,204,95,239,V2V_ROY_WITHIN_SPLIT_DERANGEMENT_V1,908ce1f927ae651f,1391e1f9fce144f8,PAIRING_V1
subj03,fold_3,val,B:T,vis2vis,95,239,60,204,V2V_ROY_WITHIN_SPLIT_DERANGEMENT_V1,908ce1f927ae651f,1391e1f9fce144f8,PAIRING_V1
subj03,fold_3,val,B:W,vis2vis,72,216,77,221,V2V_ROY_WITHIN_SPLIT_DERANGEMENT_V1,908ce1f927ae651f,347352941fbf38d3,PAIRING_V1
subj03,fold_3,val,B:W,vis2vis,77,221,72,216,V2V_ROY_WITHIN_SPLIT_DERANGEMENT_V1,908ce1f927ae651f,347352941fbf38d3,PAIRING_V1
subj03,fold_3,test,A:E,vis2vis,9,9,38,38,V2V_ROY_WITHIN_SPLIT_DERANGEMENT_V1,908ce1f927ae651f,63b76ce5caa5efcc,PAIRING_V1
subj03,fold_3,test,A:E,vis2vis,38,38,9,9,V2V_ROY_WITHIN_SPLIT_DERANGEMENT_V1,908ce1f927ae651f,63b76ce5caa5efcc,PAIRING_V1
subj03,fold_3,test,A:H,vis2vis,18,18,21,21,V2V_ROY_WITHIN_SPLIT_DERANGEMENT_V1,908ce1f927ae651f,04c010bcb5d04ad7,PAIRING_V1
subj03,fold_3,test,A:H,vis2vis,21,21,18,18,V2V_ROY_WITHIN_SPLIT_DERANGEMENT_V1,908ce1f927ae651f,04c010bcb5d04ad7,PAIRING_V1
subj03,fold_3,test,A:L,vis2vis,7,7,29,29,V2V_ROY_WITHIN_SPLIT_DERANGEMENT_V1,908ce1f927ae651f,9c8c6cc8620b0971,PAIRING_V1
subj03,fold_3,test,A:L,vis2vis,29,29,7,7,V2V_ROY_WITHIN_SPLIT_DERANGEMENT_V1,908ce1f927ae651f,9c8c6cc8620b0971,PAIRING_V1
subj03,fold_3,test,A:P,vis2vis,11,11,37,37,V2V_ROY_WITHIN_SPLIT_DERANGEMENT_V1,908ce1f927ae651f,74e1a0b5e2a33154,PAIRING_V1
subj03,fold_3,test,A:P,vis2vis,37,37,11,11,V2V_ROY_WITHIN_SPLIT_DERANGEMENT_V1,908ce1f927ae651f,74e1a0b5e2a33154,PAIRING_V1
subj03,fold_3,test,A:R,vis2vis,5,5,44,44,V2V_ROY_WITHIN_SPLIT_DERANGEMENT_V1,908ce1f927ae651f,1e8ae7bc81b86d4f,PAIRING_V1
subj03,fold_3,test,A:R,vis2vis,44,44,5,5,V2V_ROY_WITHIN_SPLIT_DERANGEMENT_V1,908ce1f927ae651f,1e8ae7bc81b86d4f,PAIRING_V1
subj03,fold_3,test,A:V,vis2vis,31,31,33,33,V2V_ROY_WITHIN_SPLIT_DERANGEMENT_V1,908ce1f927ae651f,4513f0c09bd95f65,PAIRING_V1
subj03,fold_3,test,A:V,vis2vis,33,33,31,31,V2V_ROY_WITHIN_SPLIT_DERANGEMENT_V1,908ce1f927ae651f,4513f0c09bd95f65,PAIRING_V1
subj03,fold_3,test,B:B,vis2vis,83,227,85,229,V2V_ROY_WITHIN_SPLIT_DERANGEMENT_V1,908ce1f927ae651f,1c773cd4f3224de4,PAIRING_V1
subj03,fold_3,test,B:B,vis2vis,85,229,83,227,V2V_ROY_WITHIN_SPLIT_DERANGEMENT_V1,908ce1f927ae651f,1c773cd4f3224de4,PAIRING_V1
subj03,fold_3,test,B:C,vis2vis,49,193,73,217,V2V_ROY_WITHIN_SPLIT_DERANGEMENT_V1,908ce1f927ae651f,86568354ae317867,PAIRING_V1
subj03,fold_3,test,B:C,vis2vis,73,217,49,193,V2V_ROY_WITHIN_SPLIT_DERANGEMENT_V1,908ce1f927ae651f,86568354ae317867,PAIRING_V1
subj03,fold_3,test,B:D,vis2vis,61,205,65,209,V2V_ROY_WITHIN_SPLIT_DERANGEMENT_V1,908ce1f927ae651f,612e8a57d0d17ef1,PAIRING_V1
subj03,fold_3,test,B:D,vis2vis,65,209,61,205,V2V_ROY_WITHIN_SPLIT_DERANGEMENT_V1,908ce1f927ae651f,612e8a57d0d17ef1,PAIRING_V1
subj03,fold_3,test,B:K,vis2vis,57,201,84,228,V2V_ROY_WITHIN_SPLIT_DERANGEMENT_V1,908ce1f927ae651f,59896806941b4075,PAIRING_V1
subj03,fold_3,test,B:K,vis2vis,84,228,57,201,V2V_ROY_WITHIN_SPLIT_DERANGEMENT_V1,908ce1f927ae651f,59896806941b4075,PAIRING_V1
subj03,fold_3,test,B:T,vis2vis,69,213,80,224,V2V_ROY_WITHIN_SPLIT_DERANGEMENT_V1,908ce1f927ae651f,b30f0150560d1051,PAIRING_V1
subj03,fold_3,test,B:T,vis2vis,80,224,69,213,V2V_ROY_WITHIN_SPLIT_DERANGEMENT_V1,908ce1f927ae651f,b30f0150560d1051,PAIRING_V1
subj03,fold_3,test,B:W,vis2vis,48,192,63,207,V2V_ROY_WITHIN_SPLIT_DERANGEMENT_V1,908ce1f927ae651f,34aba9664ee675cd,PAIRING_V1
subj03,fold_3,test,B:W,vis2vis,63,207,48,192,V2V_ROY_WITHIN_SPLIT_DERANGEMENT_V1,908ce1f927ae651f,34aba9664ee675cd,PAIRING_V1
subj04,fold_0,train,A:E,vis2vis,26,26,32,32,V2V_ROY_WITHIN_SPLIT_DERANGEMENT_V1,908ce1f927ae651f,6f77d2ea53761dca,PAIRING_V1
subj04,fold_0,train,A:E,vis2vis,32,32,26,26,V2V_ROY_WITHIN_SPLIT_DERANGEMENT_V1,908ce1f927ae651f,6f77d2ea53761dca,PAIRING_V1
subj04,fold_0,train,A:E,vis2vis,43,43,47,47,V2V_ROY_WITHIN_SPLIT_DERANGEMENT_V1,908ce1f927ae651f,6f77d2ea53761dca,PAIRING_V1
subj04,fold_0,train,A:E,vis2vis,47,47,43,43,V2V_ROY_WITHIN_SPLIT_DERANGEMENT_V1,908ce1f927ae651f,6f77d2ea53761dca,PAIRING_V1
subj04,fold_0,train,A:H,vis2vis,2,2,28,28,V2V_ROY_WITHIN_SPLIT_DERANGEMENT_V1,908ce1f927ae651f,df4871a2bc2a144f,PAIRING_V1
subj04,fold_0,train,A:H,vis2vis,10,10,14,14,V2V_ROY_WITHIN_SPLIT_DERANGEMENT_V1,908ce1f927ae651f,df4871a2bc2a144f,PAIRING_V1
subj04,fold_0,train,A:H,vis2vis,14,14,10,10,V2V_ROY_WITHIN_SPLIT_DERANGEMENT_V1,908ce1f927ae651f,df4871a2bc2a144f,PAIRING_V1
subj04,fold_0,train,A:H,vis2vis,28,28,2,2,V2V_ROY_WITHIN_SPLIT_DERANGEMENT_V1,908ce1f927ae651f,df4871a2bc2a144f,PAIRING_V1
subj04,fold_0,train,A:L,vis2vis,12,12,27,27,V2V_ROY_WITHIN_SPLIT_DERANGEMENT_V1,908ce1f927ae651f,603b82cf3eb865e7,PAIRING_V1
subj04,fold_0,train,A:L,vis2vis,27,27,12,12,V2V_ROY_WITHIN_SPLIT_DERANGEMENT_V1,908ce1f927ae651f,603b82cf3eb865e7,PAIRING_V1
subj04,fold_0,train,A:L,vis2vis,36,36,42,42,V2V_ROY_WITHIN_SPLIT_DERANGEMENT_V1,908ce1f927ae651f,603b82cf3eb865e7,PAIRING_V1
subj04,fold_0,train,A:L,vis2vis,42,42,36,36,V2V_ROY_WITHIN_SPLIT_DERANGEMENT_V1,908ce1f927ae651f,603b82cf3eb865e7,PAIRING_V1
subj04,fold_0,train,A:P,vis2vis,8,8,13,13,V2V_ROY_WITHIN_SPLIT_DERANGEMENT_V1,908ce1f927ae651f,3b0c8043a35f7cd1,PAIRING_V1
subj04,fold_0,train,A:P,vis2vis,13,13,8,8,V2V_ROY_WITHIN_SPLIT_DERANGEMENT_V1,908ce1f927ae651f,3b0c8043a35f7cd1,PAIRING_V1
subj04,fold_0,train,A:P,vis2vis,20,20,41,41,V2V_ROY_WITHIN_SPLIT_DERANGEMENT_V1,908ce1f927ae651f,3b0c8043a35f7cd1,PAIRING_V1
subj04,fold_0,train,A:P,vis2vis,41,41,20,20,V2V_ROY_WITHIN_SPLIT_DERANGEMENT_V1,908ce1f927ae651f,3b0c8043a35f7cd1,PAIRING_V1
subj04,fold_0,train,A:R,vis2vis,22,22,30,30,V2V_ROY_WITHIN_SPLIT_DERANGEMENT_V1,908ce1f927ae651f,1a002043fd0520e0,PAIRING_V1
subj04,fold_0,train,A:R,vis2vis,25,25,39,39,V2V_ROY_WITHIN_SPLIT_DERANGEMENT_V1,908ce1f927ae651f,1a002043fd0520e0,PAIRING_V1
subj04,fold_0,train,A:R,vis2vis,30,30,22,22,V2V_ROY_WITHIN_SPLIT_DERANGEMENT_V1,908ce1f927ae651f,1a002043fd0520e0,PAIRING_V1
subj04,fold_0,train,A:R,vis2vis,39,39,25,25,V2V_ROY_WITHIN_SPLIT_DERANGEMENT_V1,908ce1f927ae651f,1a002043fd0520e0,PAIRING_V1
subj04,fold_0,train,A:V,vis2vis,1,1,19,19,V2V_ROY_WITHIN_SPLIT_DERANGEMENT_V1,908ce1f927ae651f,b9d00cbe1d3f59e5,PAIRING_V1
subj04,fold_0,train,A:V,vis2vis,3,3,15,15,V2V_ROY_WITHIN_SPLIT_DERANGEMENT_V1,908ce1f927ae651f,b9d00cbe1d3f59e5,PAIRING_V1
subj04,fold_0,train,A:V,vis2vis,15,15,1,1,V2V_ROY_WITHIN_SPLIT_DERANGEMENT_V1,908ce1f927ae651f,b9d00cbe1d3f59e5,PAIRING_V1
subj04,fold_0,train,A:V,vis2vis,19,19,3,3,V2V_ROY_WITHIN_SPLIT_DERANGEMENT_V1,908ce1f927ae651f,b9d00cbe1d3f59e5,PAIRING_V1
subj04,fold_0,train,B:B,vis2vis,53,197,79,223,V2V_ROY_WITHIN_SPLIT_DERANGEMENT_V1,908ce1f927ae651f,8b8ecd1373f513dd,PAIRING_V1
subj04,fold_0,train,B:B,vis2vis,66,210,89,233,V2V_ROY_WITHIN_SPLIT_DERANGEMENT_V1,908ce1f927ae651f,8b8ecd1373f513dd,PAIRING_V1
subj04,fold_0,train,B:B,vis2vis,79,223,53,197,V2V_ROY_WITHIN_SPLIT_DERANGEMENT_V1,908ce1f927ae651f,8b8ecd1373f513dd,PAIRING_V1
subj04,fold_0,train,B:B,vis2vis,89,233,66,210,V2V_ROY_WITHIN_SPLIT_DERANGEMENT_V1,908ce1f927ae651f,8b8ecd1373f513dd,PAIRING_V1
subj04,fold_0,train,B:C,vis2vis,58,202,62,206,V2V_ROY_WITHIN_SPLIT_DERANGEMENT_V1,908ce1f927ae651f,f51d7c0d9e9d0d92,PAIRING_V1
subj04,fold_0,train,B:C,vis2vis,62,206,71,215,V2V_ROY_WITHIN_SPLIT_DERANGEMENT_V1,908ce1f927ae651f,f51d7c0d9e9d0d92,PAIRING_V1
subj04,fold_0,train,B:C,vis2vis,71,215,90,234,V2V_ROY_WITHIN_SPLIT_DERANGEMENT_V1,908ce1f927ae651f,f51d7c0d9e9d0d92,PAIRING_V1
subj04,fold_0,train,B:C,vis2vis,90,234,58,202,V2V_ROY_WITHIN_SPLIT_DERANGEMENT_V1,908ce1f927ae651f,f51d7c0d9e9d0d92,PAIRING_V1
subj04,fold_0,train,B:D,vis2vis,68,212,93,237,V2V_ROY_WITHIN_SPLIT_DERANGEMENT_V1,908ce1f927ae651f,0a179e39de14c6c1,PAIRING_V1
subj04,fold_0,train,B:D,vis2vis,70,214,68,212,V2V_ROY_WITHIN_SPLIT_DERANGEMENT_V1,908ce1f927ae651f,0a179e39de14c6c1,PAIRING_V1
subj04,fold_0,train,B:D,vis2vis,81,225,70,214,V2V_ROY_WITHIN_SPLIT_DERANGEMENT_V1,908ce1f927ae651f,0a179e39de14c6c1,PAIRING_V1
subj04,fold_0,train,B:D,vis2vis,93,237,81,225,V2V_ROY_WITHIN_SPLIT_DERANGEMENT_V1,908ce1f927ae651f,0a179e39de14c6c1,PAIRING_V1
subj04,fold_0,train,B:K,vis2vis,59,203,67,211,V2V_ROY_WITHIN_SPLIT_DERANGEMENT_V1,908ce1f927ae651f,15e16602bd625c2b,PAIRING_V1
subj04,fold_0,train,B:K,vis2vis,67,211,82,226,V2V_ROY_WITHIN_SPLIT_DERANGEMENT_V1,908ce1f927ae651f,15e16602bd625c2b,PAIRING_V1
subj04,fold_0,train,B:K,vis2vis,82,226,91,235,V2V_ROY_WITHIN_SPLIT_DERANGEMENT_V1,908ce1f927ae651f,15e16602bd625c2b,PAIRING_V1
subj04,fold_0,train,B:K,vis2vis,91,235,59,203,V2V_ROY_WITHIN_SPLIT_DERANGEMENT_V1,908ce1f927ae651f,15e16602bd625c2b,PAIRING_V1
subj04,fold_0,train,B:T,vis2vis,52,196,60,204,V2V_ROY_WITHIN_SPLIT_DERANGEMENT_V1,908ce1f927ae651f,f2a43b13e31bc2b7,PAIRING_V1
subj04,fold_0,train,B:T,vis2vis,60,204,52,196,V2V_ROY_WITHIN_SPLIT_DERANGEMENT_V1,908ce1f927ae651f,f2a43b13e31bc2b7,PAIRING_V1
subj04,fold_0,train,B:T,vis2vis,92,236,95,239,V2V_ROY_WITHIN_SPLIT_DERANGEMENT_V1,908ce1f927ae651f,f2a43b13e31bc2b7,PAIRING_V1
subj04,fold_0,train,B:T,vis2vis,95,239,92,236,V2V_ROY_WITHIN_SPLIT_DERANGEMENT_V1,908ce1f927ae651f,f2a43b13e31bc2b7,PAIRING_V1
subj04,fold_0,train,B:W,vis2vis,56,200,72,216,V2V_ROY_WITHIN_SPLIT_DERANGEMENT_V1,908ce1f927ae651f,6ff75e606dcbd958,PAIRING_V1
subj04,fold_0,train,B:W,vis2vis,72,216,77,221,V2V_ROY_WITHIN_SPLIT_DERANGEMENT_V1,908ce1f927ae651f,6ff75e606dcbd958,PAIRING_V1
subj04,fold_0,train,B:W,vis2vis,75,219,56,200,V2V_ROY_WITHIN_SPLIT_DERANGEMENT_V1,908ce1f927ae651f,6ff75e606dcbd958,PAIRING_V1
subj04,fold_0,train,B:W,vis2vis,77,221,75,219,V2V_ROY_WITHIN_SPLIT_DERANGEMENT_V1,908ce1f927ae651f,6ff75e606dcbd958,PAIRING_V1
subj04,fold_0,val,A:E,vis2vis,9,9,38,38,V2V_ROY_WITHIN_SPLIT_DERANGEMENT_V1,908ce1f927ae651f,63b8eccb00dc4105,PAIRING_V1
subj04,fold_0,val,A:E,vis2vis,38,38,9,9,V2V_ROY_WITHIN_SPLIT_DERANGEMENT_V1,908ce1f927ae651f,63b8eccb00dc4105,PAIRING_V1
subj04,fold_0,val,A:H,vis2vis,18,18,21,21,V2V_ROY_WITHIN_SPLIT_DERANGEMENT_V1,908ce1f927ae651f,0296a7207fc0b365,PAIRING_V1
subj04,fold_0,val,A:H,vis2vis,21,21,18,18,V2V_ROY_WITHIN_SPLIT_DERANGEMENT_V1,908ce1f927ae651f,0296a7207fc0b365,PAIRING_V1
subj04,fold_0,val,A:L,vis2vis,7,7,29,29,V2V_ROY_WITHIN_SPLIT_DERANGEMENT_V1,908ce1f927ae651f,f4cb121cd9770d96,PAIRING_V1
subj04,fold_0,val,A:L,vis2vis,29,29,7,7,V2V_ROY_WITHIN_SPLIT_DERANGEMENT_V1,908ce1f927ae651f,f4cb121cd9770d96,PAIRING_V1
subj04,fold_0,val,A:P,vis2vis,11,11,37,37,V2V_ROY_WITHIN_SPLIT_DERANGEMENT_V1,908ce1f927ae651f,ff6b59d725e40942,PAIRING_V1
subj04,fold_0,val,A:P,vis2vis,37,37,11,11,V2V_ROY_WITHIN_SPLIT_DERANGEMENT_V1,908ce1f927ae651f,ff6b59d725e40942,PAIRING_V1
subj04,fold_0,val,A:R,vis2vis,5,5,44,44,V2V_ROY_WITHIN_SPLIT_DERANGEMENT_V1,908ce1f927ae651f,06058b4749c09890,PAIRING_V1
subj04,fold_0,val,A:R,vis2vis,44,44,5,5,V2V_ROY_WITHIN_SPLIT_DERANGEMENT_V1,908ce1f927ae651f,06058b4749c09890,PAIRING_V1
subj04,fold_0,val,A:V,vis2vis,31,31,33,33,V2V_ROY_WITHIN_SPLIT_DERANGEMENT_V1,908ce1f927ae651f,9af80e2bccb60437,PAIRING_V1
subj04,fold_0,val,A:V,vis2vis,33,33,31,31,V2V_ROY_WITHIN_SPLIT_DERANGEMENT_V1,908ce1f927ae651f,9af80e2bccb60437,PAIRING_V1
subj04,fold_0,val,B:B,vis2vis,83,227,85,229,V2V_ROY_WITHIN_SPLIT_DERANGEMENT_V1,908ce1f927ae651f,1eaa1f7b7c678919,PAIRING_V1
subj04,fold_0,val,B:B,vis2vis,85,229,83,227,V2V_ROY_WITHIN_SPLIT_DERANGEMENT_V1,908ce1f927ae651f,1eaa1f7b7c678919,PAIRING_V1
subj04,fold_0,val,B:C,vis2vis,49,193,73,217,V2V_ROY_WITHIN_SPLIT_DERANGEMENT_V1,908ce1f927ae651f,9d4a150f3dc448ae,PAIRING_V1
subj04,fold_0,val,B:C,vis2vis,73,217,49,193,V2V_ROY_WITHIN_SPLIT_DERANGEMENT_V1,908ce1f927ae651f,9d4a150f3dc448ae,PAIRING_V1
subj04,fold_0,val,B:D,vis2vis,61,205,65,209,V2V_ROY_WITHIN_SPLIT_DERANGEMENT_V1,908ce1f927ae651f,8225795af0a6aa25,PAIRING_V1
subj04,fold_0,val,B:D,vis2vis,65,209,61,205,V2V_ROY_WITHIN_SPLIT_DERANGEMENT_V1,908ce1f927ae651f,8225795af0a6aa25,PAIRING_V1
subj04,fold_0,val,B:K,vis2vis,57,201,84,228,V2V_ROY_WITHIN_SPLIT_DERANGEMENT_V1,908ce1f927ae651f,97abb353546c9497,PAIRING_V1
subj04,fold_0,val,B:K,vis2vis,84,228,57,201,V2V_ROY_WITHIN_SPLIT_DERANGEMENT_V1,908ce1f927ae651f,97abb353546c9497,PAIRING_V1
subj04,fold_0,val,B:T,vis2vis,69,213,80,224,V2V_ROY_WITHIN_SPLIT_DERANGEMENT_V1,908ce1f927ae651f,f5b10cc2db022401,PAIRING_V1
subj04,fold_0,val,B:T,vis2vis,80,224,69,213,V2V_ROY_WITHIN_SPLIT_DERANGEMENT_V1,908ce1f927ae651f,f5b10cc2db022401,PAIRING_V1
subj04,fold_0,val,B:W,vis2vis,48,192,63,207,V2V_ROY_WITHIN_SPLIT_DERANGEMENT_V1,908ce1f927ae651f,e4222ab646e5a7ae,PAIRING_V1
subj04,fold_0,val,B:W,vis2vis,63,207,48,192,V2V_ROY_WITHIN_SPLIT_DERANGEMENT_V1,908ce1f927ae651f,e4222ab646e5a7ae,PAIRING_V1
subj04,fold_0,test,A:E,vis2vis,6,6,23,23,V2V_ROY_WITHIN_SPLIT_DERANGEMENT_V1,908ce1f927ae651f,6a459a436470eb5f,PAIRING_V1
subj04,fold_0,test,A:E,vis2vis,23,23,6,6,V2V_ROY_WITHIN_SPLIT_DERANGEMENT_V1,908ce1f927ae651f,6a459a436470eb5f,PAIRING_V1
subj04,fold_0,test,A:H,vis2vis,24,24,35,35,V2V_ROY_WITHIN_SPLIT_DERANGEMENT_V1,908ce1f927ae651f,226e19930a1fa8bc,PAIRING_V1
subj04,fold_0,test,A:H,vis2vis,35,35,24,24,V2V_ROY_WITHIN_SPLIT_DERANGEMENT_V1,908ce1f927ae651f,226e19930a1fa8bc,PAIRING_V1
subj04,fold_0,test,A:L,vis2vis,0,0,4,4,V2V_ROY_WITHIN_SPLIT_DERANGEMENT_V1,908ce1f927ae651f,8e0b76a1a8fb6f76,PAIRING_V1
subj04,fold_0,test,A:L,vis2vis,4,4,0,0,V2V_ROY_WITHIN_SPLIT_DERANGEMENT_V1,908ce1f927ae651f,8e0b76a1a8fb6f76,PAIRING_V1
subj04,fold_0,test,A:P,vis2vis,16,16,34,34,V2V_ROY_WITHIN_SPLIT_DERANGEMENT_V1,908ce1f927ae651f,dae163af9a262e3a,PAIRING_V1
subj04,fold_0,test,A:P,vis2vis,34,34,16,16,V2V_ROY_WITHIN_SPLIT_DERANGEMENT_V1,908ce1f927ae651f,dae163af9a262e3a,PAIRING_V1
subj04,fold_0,test,A:R,vis2vis,17,17,46,46,V2V_ROY_WITHIN_SPLIT_DERANGEMENT_V1,908ce1f927ae651f,005211b15642ecc8,PAIRING_V1
subj04,fold_0,test,A:R,vis2vis,46,46,17,17,V2V_ROY_WITHIN_SPLIT_DERANGEMENT_V1,908ce1f927ae651f,005211b15642ecc8,PAIRING_V1
subj04,fold_0,test,A:V,vis2vis,40,40,45,45,V2V_ROY_WITHIN_SPLIT_DERANGEMENT_V1,908ce1f927ae651f,a904130c5edc8cf4,PAIRING_V1
subj04,fold_0,test,A:V,vis2vis,45,45,40,40,V2V_ROY_WITHIN_SPLIT_DERANGEMENT_V1,908ce1f927ae651f,a904130c5edc8cf4,PAIRING_V1
subj04,fold_0,test,B:B,vis2vis,76,220,94,238,V2V_ROY_WITHIN_SPLIT_DERANGEMENT_V1,908ce1f927ae651f,a4109c5860876199,PAIRING_V1
subj04,fold_0,test,B:B,vis2vis,94,238,76,220,V2V_ROY_WITHIN_SPLIT_DERANGEMENT_V1,908ce1f927ae651f,a4109c5860876199,PAIRING_V1
subj04,fold_0,test,B:C,vis2vis,64,208,86,230,V2V_ROY_WITHIN_SPLIT_DERANGEMENT_V1,908ce1f927ae651f,e18a92191a0fc38b,PAIRING_V1
subj04,fold_0,test,B:C,vis2vis,86,230,64,208,V2V_ROY_WITHIN_SPLIT_DERANGEMENT_V1,908ce1f927ae651f,e18a92191a0fc38b,PAIRING_V1
subj04,fold_0,test,B:D,vis2vis,51,195,54,198,V2V_ROY_WITHIN_SPLIT_DERANGEMENT_V1,908ce1f927ae651f,d1e08f08ce177f2e,PAIRING_V1
subj04,fold_0,test,B:D,vis2vis,54,198,51,195,V2V_ROY_WITHIN_SPLIT_DERANGEMENT_V1,908ce1f927ae651f,d1e08f08ce177f2e,PAIRING_V1
subj04,fold_0,test,B:K,vis2vis,55,199,78,222,V2V_ROY_WITHIN_SPLIT_DERANGEMENT_V1,908ce1f927ae651f,e39f8668c791788e,PAIRING_V1
subj04,fold_0,test,B:K,vis2vis,78,222,55,199,V2V_ROY_WITHIN_SPLIT_DERANGEMENT_V1,908ce1f927ae651f,e39f8668c791788e,PAIRING_V1
subj04,fold_0,test,B:T,vis2vis,74,218,88,232,V2V_ROY_WITHIN_SPLIT_DERANGEMENT_V1,908ce1f927ae651f,300b00268cc7c031,PAIRING_V1
subj04,fold_0,test,B:T,vis2vis,88,232,74,218,V2V_ROY_WITHIN_SPLIT_DERANGEMENT_V1,908ce1f927ae651f,300b00268cc7c031,PAIRING_V1
subj04,fold_0,test,B:W,vis2vis,50,194,87,231,V2V_ROY_WITHIN_SPLIT_DERANGEMENT_V1,908ce1f927ae651f,0ac47de5e7700a1e,PAIRING_V1
subj04,fold_0,test,B:W,vis2vis,87,231,50,194,V2V_ROY_WITHIN_SPLIT_DERANGEMENT_V1,908ce1f927ae651f,0ac47de5e7700a1e,PAIRING_V1
subj04,fold_1,train,A:E,vis2vis,6,6,47,47,V2V_ROY_WITHIN_SPLIT_DERANGEMENT_V1,908ce1f927ae651f,7f93ff0b321c5958,PAIRING_V1
subj04,fold_1,train,A:E,vis2vis,23,23,6,6,V2V_ROY_WITHIN_SPLIT_DERANGEMENT_V1,908ce1f927ae651f,7f93ff0b321c5958,PAIRING_V1
subj04,fold_1,train,A:E,vis2vis,43,43,23,23,V2V_ROY_WITHIN_SPLIT_DERANGEMENT_V1,908ce1f927ae651f,7f93ff0b321c5958,PAIRING_V1
subj04,fold_1,train,A:E,vis2vis,47,47,43,43,V2V_ROY_WITHIN_SPLIT_DERANGEMENT_V1,908ce1f927ae651f,7f93ff0b321c5958,PAIRING_V1
subj04,fold_1,train,A:H,vis2vis,2,2,35,35,V2V_ROY_WITHIN_SPLIT_DERANGEMENT_V1,908ce1f927ae651f,efff7703f27d5cc7,PAIRING_V1
subj04,fold_1,train,A:H,vis2vis,24,24,28,28,V2V_ROY_WITHIN_SPLIT_DERANGEMENT_V1,908ce1f927ae651f,efff7703f27d5cc7,PAIRING_V1
subj04,fold_1,train,A:H,vis2vis,28,28,24,24,V2V_ROY_WITHIN_SPLIT_DERANGEMENT_V1,908ce1f927ae651f,efff7703f27d5cc7,PAIRING_V1
subj04,fold_1,train,A:H,vis2vis,35,35,2,2,V2V_ROY_WITHIN_SPLIT_DERANGEMENT_V1,908ce1f927ae651f,efff7703f27d5cc7,PAIRING_V1
subj04,fold_1,train,A:L,vis2vis,0,0,36,36,V2V_ROY_WITHIN_SPLIT_DERANGEMENT_V1,908ce1f927ae651f,765dc49812caae47,PAIRING_V1
subj04,fold_1,train,A:L,vis2vis,4,4,42,42,V2V_ROY_WITHIN_SPLIT_DERANGEMENT_V1,908ce1f927ae651f,765dc49812caae47,PAIRING_V1
subj04,fold_1,train,A:L,vis2vis,36,36,0,0,V2V_ROY_WITHIN_SPLIT_DERANGEMENT_V1,908ce1f927ae651f,765dc49812caae47,PAIRING_V1
subj04,fold_1,train,A:L,vis2vis,42,42,4,4,V2V_ROY_WITHIN_SPLIT_DERANGEMENT_V1,908ce1f927ae651f,765dc49812caae47,PAIRING_V1
subj04,fold_1,train,A:P,vis2vis,16,16,41,41,V2V_ROY_WITHIN_SPLIT_DERANGEMENT_V1,908ce1f927ae651f,388b95d3ddb5028e,PAIRING_V1
subj04,fold_1,train,A:P,vis2vis,20,20,34,34,V2V_ROY_WITHIN_SPLIT_DERANGEMENT_V1,908ce1f927ae651f,388b95d3ddb5028e,PAIRING_V1
subj04,fold_1,train,A:P,vis2vis,34,34,20,20,V2V_ROY_WITHIN_SPLIT_DERANGEMENT_V1,908ce1f927ae651f,388b95d3ddb5028e,PAIRING_V1
subj04,fold_1,train,A:P,vis2vis,41,41,16,16,V2V_ROY_WITHIN_SPLIT_DERANGEMENT_V1,908ce1f927ae651f,388b95d3ddb5028e,PAIRING_V1
subj04,fold_1,train,A:R,vis2vis,17,17,46,46,V2V_ROY_WITHIN_SPLIT_DERANGEMENT_V1,908ce1f927ae651f,aadf8509f8404bce,PAIRING_V1
subj04,fold_1,train,A:R,vis2vis,25,25,39,39,V2V_ROY_WITHIN_SPLIT_DERANGEMENT_V1,908ce1f927ae651f,aadf8509f8404bce,PAIRING_V1
subj04,fold_1,train,A:R,vis2vis,39,39,17,17,V2V_ROY_WITHIN_SPLIT_DERANGEMENT_V1,908ce1f927ae651f,aadf8509f8404bce,PAIRING_V1
subj04,fold_1,train,A:R,vis2vis,46,46,25,25,V2V_ROY_WITHIN_SPLIT_DERANGEMENT_V1,908ce1f927ae651f,aadf8509f8404bce,PAIRING_V1
subj04,fold_1,train,A:V,vis2vis,15,15,19,19,V2V_ROY_WITHIN_SPLIT_DERANGEMENT_V1,908ce1f927ae651f,d6e324cb3ef52d54,PAIRING_V1
subj04,fold_1,train,A:V,vis2vis,19,19,40,40,V2V_ROY_WITHIN_SPLIT_DERANGEMENT_V1,908ce1f927ae651f,d6e324cb3ef52d54,PAIRING_V1
subj04,fold_1,train,A:V,vis2vis,40,40,45,45,V2V_ROY_WITHIN_SPLIT_DERANGEMENT_V1,908ce1f927ae651f,d6e324cb3ef52d54,PAIRING_V1
subj04,fold_1,train,A:V,vis2vis,45,45,15,15,V2V_ROY_WITHIN_SPLIT_DERANGEMENT_V1,908ce1f927ae651f,d6e324cb3ef52d54,PAIRING_V1
subj04,fold_1,train,B:B,vis2vis,53,197,76,220,V2V_ROY_WITHIN_SPLIT_DERANGEMENT_V1,908ce1f927ae651f,9467c09d8974f903,PAIRING_V1
subj04,fold_1,train,B:B,vis2vis,76,220,53,197,V2V_ROY_WITHIN_SPLIT_DERANGEMENT_V1,908ce1f927ae651f,9467c09d8974f903,PAIRING_V1
subj04,fold_1,train,B:B,vis2vis,89,233,94,238,V2V_ROY_WITHIN_SPLIT_DERANGEMENT_V1,908ce1f927ae651f,9467c09d8974f903,PAIRING_V1
subj04,fold_1,train,B:B,vis2vis,94,238,89,233,V2V_ROY_WITHIN_SPLIT_DERANGEMENT_V1,908ce1f927ae651f,9467c09d8974f903,PAIRING_V1
subj04,fold_1,train,B:C,vis2vis,62,206,86,230,V2V_ROY_WITHIN_SPLIT_DERANGEMENT_V1,908ce1f927ae651f,38af0fbc666fc0f9,PAIRING_V1
subj04,fold_1,train,B:C,vis2vis,64,208,90,234,V2V_ROY_WITHIN_SPLIT_DERANGEMENT_V1,908ce1f927ae651f,38af0fbc666fc0f9,PAIRING_V1
subj04,fold_1,train,B:C,vis2vis,86,230,62,206,V2V_ROY_WITHIN_SPLIT_DERANGEMENT_V1,908ce1f927ae651f,38af0fbc666fc0f9,PAIRING_V1
subj04,fold_1,train,B:C,vis2vis,90,234,64,208,V2V_ROY_WITHIN_SPLIT_DERANGEMENT_V1,908ce1f927ae651f,38af0fbc666fc0f9,PAIRING_V1
subj04,fold_1,train,B:D,vis2vis,51,195,81,225,V2V_ROY_WITHIN_SPLIT_DERANGEMENT_V1,908ce1f927ae651f,e7adc2358480066e,PAIRING_V1
subj04,fold_1,train,B:D,vis2vis,54,198,68,212,V2V_ROY_WITHIN_SPLIT_DERANGEMENT_V1,908ce1f927ae651f,e7adc2358480066e,PAIRING_V1
subj04,fold_1,train,B:D,vis2vis,68,212,51,195,V2V_ROY_WITHIN_SPLIT_DERANGEMENT_V1,908ce1f927ae651f,e7adc2358480066e,PAIRING_V1
subj04,fold_1,train,B:D,vis2vis,81,225,54,198,V2V_ROY_WITHIN_SPLIT_DERANGEMENT_V1,908ce1f927ae651f,e7adc2358480066e,PAIRING_V1
subj04,fold_1,train,B:K,vis2vis,55,199,78,222,V2V_ROY_WITHIN_SPLIT_DERANGEMENT_V1,908ce1f927ae651f,7d78896a889a4a26,PAIRING_V1
subj04,fold_1,train,B:K,vis2vis,59,203,55,199,V2V_ROY_WITHIN_SPLIT_DERANGEMENT_V1,908ce1f927ae651f,7d78896a889a4a26,PAIRING_V1
subj04,fold_1,train,B:K,vis2vis,78,222,82,226,V2V_ROY_WITHIN_SPLIT_DERANGEMENT_V1,908ce1f927ae651f,7d78896a889a4a26,PAIRING_V1
subj04,fold_1,train,B:K,vis2vis,82,226,59,203,V2V_ROY_WITHIN_SPLIT_DERANGEMENT_V1,908ce1f927ae651f,7d78896a889a4a26,PAIRING_V1
subj04,fold_1,train,B:T,vis2vis,60,204,95,239,V2V_ROY_WITHIN_SPLIT_DERANGEMENT_V1,908ce1f927ae651f,20f989c1ee537fad,PAIRING_V1
subj04,fold_1,train,B:T,vis2vis,74,218,88,232,V2V_ROY_WITHIN_SPLIT_DERANGEMENT_V1,908ce1f927ae651f,20f989c1ee537fad,PAIRING_V1
subj04,fold_1,train,B:T,vis2vis,88,232,60,204,V2V_ROY_WITHIN_SPLIT_DERANGEMENT_V1,908ce1f927ae651f,20f989c1ee537fad,PAIRING_V1
subj04,fold_1,train,B:T,vis2vis,95,239,74,218,V2V_ROY_WITHIN_SPLIT_DERANGEMENT_V1,908ce1f927ae651f,20f989c1ee537fad,PAIRING_V1
subj04,fold_1,train,B:W,vis2vis,50,194,87,231,V2V_ROY_WITHIN_SPLIT_DERANGEMENT_V1,908ce1f927ae651f,d3d02e5d8ff38c0b,PAIRING_V1
subj04,fold_1,train,B:W,vis2vis,72,216,77,221,V2V_ROY_WITHIN_SPLIT_DERANGEMENT_V1,908ce1f927ae651f,d3d02e5d8ff38c0b,PAIRING_V1
subj04,fold_1,train,B:W,vis2vis,77,221,50,194,V2V_ROY_WITHIN_SPLIT_DERANGEMENT_V1,908ce1f927ae651f,d3d02e5d8ff38c0b,PAIRING_V1
subj04,fold_1,train,B:W,vis2vis,87,231,72,216,V2V_ROY_WITHIN_SPLIT_DERANGEMENT_V1,908ce1f927ae651f,d3d02e5d8ff38c0b,PAIRING_V1
subj04,fold_1,val,A:E,vis2vis,9,9,38,38,V2V_ROY_WITHIN_SPLIT_DERANGEMENT_V1,908ce1f927ae651f,b8e6b97ed7cca03d,PAIRING_V1
subj04,fold_1,val,A:E,vis2vis,38,38,9,9,V2V_ROY_WITHIN_SPLIT_DERANGEMENT_V1,908ce1f927ae651f,b8e6b97ed7cca03d,PAIRING_V1
subj04,fold_1,val,A:H,vis2vis,18,18,21,21,V2V_ROY_WITHIN_SPLIT_DERANGEMENT_V1,908ce1f927ae651f,13ff06b519a4934d,PAIRING_V1
subj04,fold_1,val,A:H,vis2vis,21,21,18,18,V2V_ROY_WITHIN_SPLIT_DERANGEMENT_V1,908ce1f927ae651f,13ff06b519a4934d,PAIRING_V1
subj04,fold_1,val,A:L,vis2vis,7,7,29,29,V2V_ROY_WITHIN_SPLIT_DERANGEMENT_V1,908ce1f927ae651f,9e19ba07acc988d9,PAIRING_V1
subj04,fold_1,val,A:L,vis2vis,29,29,7,7,V2V_ROY_WITHIN_SPLIT_DERANGEMENT_V1,908ce1f927ae651f,9e19ba07acc988d9,PAIRING_V1
subj04,fold_1,val,A:P,vis2vis,11,11,37,37,V2V_ROY_WITHIN_SPLIT_DERANGEMENT_V1,908ce1f927ae651f,4e7896775b7789bd,PAIRING_V1
subj04,fold_1,val,A:P,vis2vis,37,37,11,11,V2V_ROY_WITHIN_SPLIT_DERANGEMENT_V1,908ce1f927ae651f,4e7896775b7789bd,PAIRING_V1
subj04,fold_1,val,A:R,vis2vis,5,5,44,44,V2V_ROY_WITHIN_SPLIT_DERANGEMENT_V1,908ce1f927ae651f,c8af3e4f7b8fec84,PAIRING_V1
subj04,fold_1,val,A:R,vis2vis,44,44,5,5,V2V_ROY_WITHIN_SPLIT_DERANGEMENT_V1,908ce1f927ae651f,c8af3e4f7b8fec84,PAIRING_V1
subj04,fold_1,val,A:V,vis2vis,31,31,33,33,V2V_ROY_WITHIN_SPLIT_DERANGEMENT_V1,908ce1f927ae651f,579f2d849b3edd17,PAIRING_V1
subj04,fold_1,val,A:V,vis2vis,33,33,31,31,V2V_ROY_WITHIN_SPLIT_DERANGEMENT_V1,908ce1f927ae651f,579f2d849b3edd17,PAIRING_V1
subj04,fold_1,val,B:B,vis2vis,83,227,85,229,V2V_ROY_WITHIN_SPLIT_DERANGEMENT_V1,908ce1f927ae651f,bd4b0f10c6fe3b13,PAIRING_V1
subj04,fold_1,val,B:B,vis2vis,85,229,83,227,V2V_ROY_WITHIN_SPLIT_DERANGEMENT_V1,908ce1f927ae651f,bd4b0f10c6fe3b13,PAIRING_V1
subj04,fold_1,val,B:C,vis2vis,49,193,73,217,V2V_ROY_WITHIN_SPLIT_DERANGEMENT_V1,908ce1f927ae651f,b9a0f10695e615c2,PAIRING_V1
subj04,fold_1,val,B:C,vis2vis,73,217,49,193,V2V_ROY_WITHIN_SPLIT_DERANGEMENT_V1,908ce1f927ae651f,b9a0f10695e615c2,PAIRING_V1
subj04,fold_1,val,B:D,vis2vis,61,205,65,209,V2V_ROY_WITHIN_SPLIT_DERANGEMENT_V1,908ce1f927ae651f,ef113fc263b154fa,PAIRING_V1
subj04,fold_1,val,B:D,vis2vis,65,209,61,205,V2V_ROY_WITHIN_SPLIT_DERANGEMENT_V1,908ce1f927ae651f,ef113fc263b154fa,PAIRING_V1
subj04,fold_1,val,B:K,vis2vis,57,201,84,228,V2V_ROY_WITHIN_SPLIT_DERANGEMENT_V1,908ce1f927ae651f,b9e2000393ab69eb,PAIRING_V1
subj04,fold_1,val,B:K,vis2vis,84,228,57,201,V2V_ROY_WITHIN_SPLIT_DERANGEMENT_V1,908ce1f927ae651f,b9e2000393ab69eb,PAIRING_V1
subj04,fold_1,val,B:T,vis2vis,69,213,80,224,V2V_ROY_WITHIN_SPLIT_DERANGEMENT_V1,908ce1f927ae651f,e5dce64d4268b6bd,PAIRING_V1
subj04,fold_1,val,B:T,vis2vis,80,224,69,213,V2V_ROY_WITHIN_SPLIT_DERANGEMENT_V1,908ce1f927ae651f,e5dce64d4268b6bd,PAIRING_V1
subj04,fold_1,val,B:W,vis2vis,48,192,63,207,V2V_ROY_WITHIN_SPLIT_DERANGEMENT_V1,908ce1f927ae651f,5910afda4a7fcb2c,PAIRING_V1
subj04,fold_1,val,B:W,vis2vis,63,207,48,192,V2V_ROY_WITHIN_SPLIT_DERANGEMENT_V1,908ce1f927ae651f,5910afda4a7fcb2c,PAIRING_V1
subj04,fold_1,test,A:E,vis2vis,26,26,32,32,V2V_ROY_WITHIN_SPLIT_DERANGEMENT_V1,908ce1f927ae651f,3402d9c0bbce582c,PAIRING_V1
subj04,fold_1,test,A:E,vis2vis,32,32,26,26,V2V_ROY_WITHIN_SPLIT_DERANGEMENT_V1,908ce1f927ae651f,3402d9c0bbce582c,PAIRING_V1
subj04,fold_1,test,A:H,vis2vis,10,10,14,14,V2V_ROY_WITHIN_SPLIT_DERANGEMENT_V1,908ce1f927ae651f,98a91f5df13abba3,PAIRING_V1
subj04,fold_1,test,A:H,vis2vis,14,14,10,10,V2V_ROY_WITHIN_SPLIT_DERANGEMENT_V1,908ce1f927ae651f,98a91f5df13abba3,PAIRING_V1
subj04,fold_1,test,A:L,vis2vis,12,12,27,27,V2V_ROY_WITHIN_SPLIT_DERANGEMENT_V1,908ce1f927ae651f,38fd768203041bff,PAIRING_V1
subj04,fold_1,test,A:L,vis2vis,27,27,12,12,V2V_ROY_WITHIN_SPLIT_DERANGEMENT_V1,908ce1f927ae651f,38fd768203041bff,PAIRING_V1
subj04,fold_1,test,A:P,vis2vis,8,8,13,13,V2V_ROY_WITHIN_SPLIT_DERANGEMENT_V1,908ce1f927ae651f,ec3d3016a99258d5,PAIRING_V1
subj04,fold_1,test,A:P,vis2vis,13,13,8,8,V2V_ROY_WITHIN_SPLIT_DERANGEMENT_V1,908ce1f927ae651f,ec3d3016a99258d5,PAIRING_V1
subj04,fold_1,test,A:R,vis2vis,22,22,30,30,V2V_ROY_WITHIN_SPLIT_DERANGEMENT_V1,908ce1f927ae651f,739991323ae6c969,PAIRING_V1
subj04,fold_1,test,A:R,vis2vis,30,30,22,22,V2V_ROY_WITHIN_SPLIT_DERANGEMENT_V1,908ce1f927ae651f,739991323ae6c969,PAIRING_V1
subj04,fold_1,test,A:V,vis2vis,1,1,3,3,V2V_ROY_WITHIN_SPLIT_DERANGEMENT_V1,908ce1f927ae651f,23a9384fbed7aff1,PAIRING_V1
subj04,fold_1,test,A:V,vis2vis,3,3,1,1,V2V_ROY_WITHIN_SPLIT_DERANGEMENT_V1,908ce1f927ae651f,23a9384fbed7aff1,PAIRING_V1
subj04,fold_1,test,B:B,vis2vis,66,210,79,223,V2V_ROY_WITHIN_SPLIT_DERANGEMENT_V1,908ce1f927ae651f,a1b0a51458c53924,PAIRING_V1
subj04,fold_1,test,B:B,vis2vis,79,223,66,210,V2V_ROY_WITHIN_SPLIT_DERANGEMENT_V1,908ce1f927ae651f,a1b0a51458c53924,PAIRING_V1
subj04,fold_1,test,B:C,vis2vis,58,202,71,215,V2V_ROY_WITHIN_SPLIT_DERANGEMENT_V1,908ce1f927ae651f,50577feb7c5ed81b,PAIRING_V1
subj04,fold_1,test,B:C,vis2vis,71,215,58,202,V2V_ROY_WITHIN_SPLIT_DERANGEMENT_V1,908ce1f927ae651f,50577feb7c5ed81b,PAIRING_V1
subj04,fold_1,test,B:D,vis2vis,70,214,93,237,V2V_ROY_WITHIN_SPLIT_DERANGEMENT_V1,908ce1f927ae651f,ba4c98e85d81b8de,PAIRING_V1
subj04,fold_1,test,B:D,vis2vis,93,237,70,214,V2V_ROY_WITHIN_SPLIT_DERANGEMENT_V1,908ce1f927ae651f,ba4c98e85d81b8de,PAIRING_V1
subj04,fold_1,test,B:K,vis2vis,67,211,91,235,V2V_ROY_WITHIN_SPLIT_DERANGEMENT_V1,908ce1f927ae651f,1a654997430e210b,PAIRING_V1
subj04,fold_1,test,B:K,vis2vis,91,235,67,211,V2V_ROY_WITHIN_SPLIT_DERANGEMENT_V1,908ce1f927ae651f,1a654997430e210b,PAIRING_V1
subj04,fold_1,test,B:T,vis2vis,52,196,92,236,V2V_ROY_WITHIN_SPLIT_DERANGEMENT_V1,908ce1f927ae651f,4e1869f435f3708d,PAIRING_V1
subj04,fold_1,test,B:T,vis2vis,92,236,52,196,V2V_ROY_WITHIN_SPLIT_DERANGEMENT_V1,908ce1f927ae651f,4e1869f435f3708d,PAIRING_V1
subj04,fold_1,test,B:W,vis2vis,56,200,75,219,V2V_ROY_WITHIN_SPLIT_DERANGEMENT_V1,908ce1f927ae651f,bb66c51df8466c05,PAIRING_V1
subj04,fold_1,test,B:W,vis2vis,75,219,56,200,V2V_ROY_WITHIN_SPLIT_DERANGEMENT_V1,908ce1f927ae651f,bb66c51df8466c05,PAIRING_V1
subj04,fold_2,train,A:E,vis2vis,6,6,23,23,V2V_ROY_WITHIN_SPLIT_DERANGEMENT_V1,908ce1f927ae651f,d8ea2e1c093f6654,PAIRING_V1
subj04,fold_2,train,A:E,vis2vis,23,23,26,26,V2V_ROY_WITHIN_SPLIT_DERANGEMENT_V1,908ce1f927ae651f,d8ea2e1c093f6654,PAIRING_V1
subj04,fold_2,train,A:E,vis2vis,26,26,32,32,V2V_ROY_WITHIN_SPLIT_DERANGEMENT_V1,908ce1f927ae651f,d8ea2e1c093f6654,PAIRING_V1
subj04,fold_2,train,A:E,vis2vis,32,32,6,6,V2V_ROY_WITHIN_SPLIT_DERANGEMENT_V1,908ce1f927ae651f,d8ea2e1c093f6654,PAIRING_V1
subj04,fold_2,train,A:H,vis2vis,10,10,35,35,V2V_ROY_WITHIN_SPLIT_DERANGEMENT_V1,908ce1f927ae651f,812bac295e1b30c4,PAIRING_V1
subj04,fold_2,train,A:H,vis2vis,14,14,10,10,V2V_ROY_WITHIN_SPLIT_DERANGEMENT_V1,908ce1f927ae651f,812bac295e1b30c4,PAIRING_V1
subj04,fold_2,train,A:H,vis2vis,24,24,14,14,V2V_ROY_WITHIN_SPLIT_DERANGEMENT_V1,908ce1f927ae651f,812bac295e1b30c4,PAIRING_V1
subj04,fold_2,train,A:H,vis2vis,35,35,24,24,V2V_ROY_WITHIN_SPLIT_DERANGEMENT_V1,908ce1f927ae651f,812bac295e1b30c4,PAIRING_V1
subj04,fold_2,train,A:L,vis2vis,0,0,12,12,V2V_ROY_WITHIN_SPLIT_DERANGEMENT_V1,908ce1f927ae651f,d3d31046cf929624,PAIRING_V1
subj04,fold_2,train,A:L,vis2vis,4,4,0,0,V2V_ROY_WITHIN_SPLIT_DERANGEMENT_V1,908ce1f927ae651f,d3d31046cf929624,PAIRING_V1
subj04,fold_2,train,A:L,vis2vis,12,12,27,27,V2V_ROY_WITHIN_SPLIT_DERANGEMENT_V1,908ce1f927ae651f,d3d31046cf929624,PAIRING_V1
subj04,fold_2,train,A:L,vis2vis,27,27,4,4,V2V_ROY_WITHIN_SPLIT_DERANGEMENT_V1,908ce1f927ae651f,d3d31046cf929624,PAIRING_V1
subj04,fold_2,train,A:P,vis2vis,8,8,16,16,V2V_ROY_WITHIN_SPLIT_DERANGEMENT_V1,908ce1f927ae651f,5dc644fe544bca44,PAIRING_V1
subj04,fold_2,train,A:P,vis2vis,13,13,34,34,V2V_ROY_WITHIN_SPLIT_DERANGEMENT_V1,908ce1f927ae651f,5dc644fe544bca44,PAIRING_V1
subj04,fold_2,train,A:P,vis2vis,16,16,13,13,V2V_ROY_WITHIN_SPLIT_DERANGEMENT_V1,908ce1f927ae651f,5dc644fe544bca44,PAIRING_V1
subj04,fold_2,train,A:P,vis2vis,34,34,8,8,V2V_ROY_WITHIN_SPLIT_DERANGEMENT_V1,908ce1f927ae651f,5dc644fe544bca44,PAIRING_V1
subj04,fold_2,train,A:R,vis2vis,17,17,30,30,V2V_ROY_WITHIN_SPLIT_DERANGEMENT_V1,908ce1f927ae651f,49d170e986a70d4d,PAIRING_V1
subj04,fold_2,train,A:R,vis2vis,22,22,46,46,V2V_ROY_WITHIN_SPLIT_DERANGEMENT_V1,908ce1f927ae651f,49d170e986a70d4d,PAIRING_V1
subj04,fold_2,train,A:R,vis2vis,30,30,17,17,V2V_ROY_WITHIN_SPLIT_DERANGEMENT_V1,908ce1f927ae651f,49d170e986a70d4d,PAIRING_V1
subj04,fold_2,train,A:R,vis2vis,46,46,22,22,V2V_ROY_WITHIN_SPLIT_DERANGEMENT_V1,908ce1f927ae651f,49d170e986a70d4d,PAIRING_V1
subj04,fold_2,train,A:V,vis2vis,1,1,45,45,V2V_ROY_WITHIN_SPLIT_DERANGEMENT_V1,908ce1f927ae651f,6f8383e07e856e7a,PAIRING_V1
subj04,fold_2,train,A:V,vis2vis,3,3,40,40,V2V_ROY_WITHIN_SPLIT_DERANGEMENT_V1,908ce1f927ae651f,6f8383e07e856e7a,PAIRING_V1
subj04,fold_2,train,A:V,vis2vis,40,40,3,3,V2V_ROY_WITHIN_SPLIT_DERANGEMENT_V1,908ce1f927ae651f,6f8383e07e856e7a,PAIRING_V1
subj04,fold_2,train,A:V,vis2vis,45,45,1,1,V2V_ROY_WITHIN_SPLIT_DERANGEMENT_V1,908ce1f927ae651f,6f8383e07e856e7a,PAIRING_V1
subj04,fold_2,train,B:B,vis2vis,66,210,76,220,V2V_ROY_WITHIN_SPLIT_DERANGEMENT_V1,908ce1f927ae651f,61c6403292b75027,PAIRING_V1
subj04,fold_2,train,B:B,vis2vis,76,220,79,223,V2V_ROY_WITHIN_SPLIT_DERANGEMENT_V1,908ce1f927ae651f,61c6403292b75027,PAIRING_V1
subj04,fold_2,train,B:B,vis2vis,79,223,94,238,V2V_ROY_WITHIN_SPLIT_DERANGEMENT_V1,908ce1f927ae651f,61c6403292b75027,PAIRING_V1
subj04,fold_2,train,B:B,vis2vis,94,238,66,210,V2V_ROY_WITHIN_SPLIT_DERANGEMENT_V1,908ce1f927ae651f,61c6403292b75027,PAIRING_V1
subj04,fold_2,train,B:C,vis2vis,58,202,64,208,V2V_ROY_WITHIN_SPLIT_DERANGEMENT_V1,908ce1f927ae651f,faaff4e5c94c74e6,PAIRING_V1
subj04,fold_2,train,B:C,vis2vis,64,208,71,215,V2V_ROY_WITHIN_SPLIT_DERANGEMENT_V1,908ce1f927ae651f,faaff4e5c94c74e6,PAIRING_V1
subj04,fold_2,train,B:C,vis2vis,71,215,86,230,V2V_ROY_WITHIN_SPLIT_DERANGEMENT_V1,908ce1f927ae651f,faaff4e5c94c74e6,PAIRING_V1
subj04,fold_2,train,B:C,vis2vis,86,230,58,202,V2V_ROY_WITHIN_SPLIT_DERANGEMENT_V1,908ce1f927ae651f,faaff4e5c94c74e6,PAIRING_V1
subj04,fold_2,train,B:D,vis2vis,51,195,54,198,V2V_ROY_WITHIN_SPLIT_DERANGEMENT_V1,908ce1f927ae651f,436a5c702a176f48,PAIRING_V1
subj04,fold_2,train,B:D,vis2vis,54,198,70,214,V2V_ROY_WITHIN_SPLIT_DERANGEMENT_V1,908ce1f927ae651f,436a5c702a176f48,PAIRING_V1
subj04,fold_2,train,B:D,vis2vis,70,214,93,237,V2V_ROY_WITHIN_SPLIT_DERANGEMENT_V1,908ce1f927ae651f,436a5c702a176f48,PAIRING_V1
subj04,fold_2,train,B:D,vis2vis,93,237,51,195,V2V_ROY_WITHIN_SPLIT_DERANGEMENT_V1,908ce1f927ae651f,436a5c702a176f48,PAIRING_V1
subj04,fold_2,train,B:K,vis2vis,55,199,78,222,V2V_ROY_WITHIN_SPLIT_DERANGEMENT_V1,908ce1f927ae651f,cbae6720a7b6926a,PAIRING_V1
subj04,fold_2,train,B:K,vis2vis,67,211,91,235,V2V_ROY_WITHIN_SPLIT_DERANGEMENT_V1,908ce1f927ae651f,cbae6720a7b6926a,PAIRING_V1
subj04,fold_2,train,B:K,vis2vis,78,222,67,211,V2V_ROY_WITHIN_SPLIT_DERANGEMENT_V1,908ce1f927ae651f,cbae6720a7b6926a,PAIRING_V1
subj04,fold_2,train,B:K,vis2vis,91,235,55,199,V2V_ROY_WITHIN_SPLIT_DERANGEMENT_V1,908ce1f927ae651f,cbae6720a7b6926a,PAIRING_V1
subj04,fold_2,train,B:T,vis2vis,52,196,92,236,V2V_ROY_WITHIN_SPLIT_DERANGEMENT_V1,908ce1f927ae651f,8a53d33072b57ef8,PAIRING_V1
subj04,fold_2,train,B:T,vis2vis,74,218,88,232,V2V_ROY_WITHIN_SPLIT_DERANGEMENT_V1,908ce1f927ae651f,8a53d33072b57ef8,PAIRING_V1
subj04,fold_2,train,B:T,vis2vis,88,232,74,218,V2V_ROY_WITHIN_SPLIT_DERANGEMENT_V1,908ce1f927ae651f,8a53d33072b57ef8,PAIRING_V1
subj04,fold_2,train,B:T,vis2vis,92,236,52,196,V2V_ROY_WITHIN_SPLIT_DERANGEMENT_V1,908ce1f927ae651f,8a53d33072b57ef8,PAIRING_V1
subj04,fold_2,train,B:W,vis2vis,50,194,56,200,V2V_ROY_WITHIN_SPLIT_DERANGEMENT_V1,908ce1f927ae651f,bfcb7b2f1b7b0af3,PAIRING_V1
subj04,fold_2,train,B:W,vis2vis,56,200,75,219,V2V_ROY_WITHIN_SPLIT_DERANGEMENT_V1,908ce1f927ae651f,bfcb7b2f1b7b0af3,PAIRING_V1
subj04,fold_2,train,B:W,vis2vis,75,219,87,231,V2V_ROY_WITHIN_SPLIT_DERANGEMENT_V1,908ce1f927ae651f,bfcb7b2f1b7b0af3,PAIRING_V1
subj04,fold_2,train,B:W,vis2vis,87,231,50,194,V2V_ROY_WITHIN_SPLIT_DERANGEMENT_V1,908ce1f927ae651f,bfcb7b2f1b7b0af3,PAIRING_V1
subj04,fold_2,val,A:E,vis2vis,9,9,38,38,V2V_ROY_WITHIN_SPLIT_DERANGEMENT_V1,908ce1f927ae651f,ee082d82779bfd0c,PAIRING_V1
subj04,fold_2,val,A:E,vis2vis,38,38,9,9,V2V_ROY_WITHIN_SPLIT_DERANGEMENT_V1,908ce1f927ae651f,ee082d82779bfd0c,PAIRING_V1
subj04,fold_2,val,A:H,vis2vis,18,18,21,21,V2V_ROY_WITHIN_SPLIT_DERANGEMENT_V1,908ce1f927ae651f,88d17a946ebb0feb,PAIRING_V1
subj04,fold_2,val,A:H,vis2vis,21,21,18,18,V2V_ROY_WITHIN_SPLIT_DERANGEMENT_V1,908ce1f927ae651f,88d17a946ebb0feb,PAIRING_V1
subj04,fold_2,val,A:L,vis2vis,7,7,29,29,V2V_ROY_WITHIN_SPLIT_DERANGEMENT_V1,908ce1f927ae651f,01d59162b345afef,PAIRING_V1
subj04,fold_2,val,A:L,vis2vis,29,29,7,7,V2V_ROY_WITHIN_SPLIT_DERANGEMENT_V1,908ce1f927ae651f,01d59162b345afef,PAIRING_V1
subj04,fold_2,val,A:P,vis2vis,11,11,37,37,V2V_ROY_WITHIN_SPLIT_DERANGEMENT_V1,908ce1f927ae651f,22e05d6112b24f09,PAIRING_V1
subj04,fold_2,val,A:P,vis2vis,37,37,11,11,V2V_ROY_WITHIN_SPLIT_DERANGEMENT_V1,908ce1f927ae651f,22e05d6112b24f09,PAIRING_V1
subj04,fold_2,val,A:R,vis2vis,5,5,44,44,V2V_ROY_WITHIN_SPLIT_DERANGEMENT_V1,908ce1f927ae651f,13ecfa7718bded18,PAIRING_V1
subj04,fold_2,val,A:R,vis2vis,44,44,5,5,V2V_ROY_WITHIN_SPLIT_DERANGEMENT_V1,908ce1f927ae651f,13ecfa7718bded18,PAIRING_V1
subj04,fold_2,val,A:V,vis2vis,31,31,33,33,V2V_ROY_WITHIN_SPLIT_DERANGEMENT_V1,908ce1f927ae651f,735638a1c5872bf2,PAIRING_V1
subj04,fold_2,val,A:V,vis2vis,33,33,31,31,V2V_ROY_WITHIN_SPLIT_DERANGEMENT_V1,908ce1f927ae651f,735638a1c5872bf2,PAIRING_V1
subj04,fold_2,val,B:B,vis2vis,83,227,85,229,V2V_ROY_WITHIN_SPLIT_DERANGEMENT_V1,908ce1f927ae651f,3a780b602f0c7a87,PAIRING_V1
subj04,fold_2,val,B:B,vis2vis,85,229,83,227,V2V_ROY_WITHIN_SPLIT_DERANGEMENT_V1,908ce1f927ae651f,3a780b602f0c7a87,PAIRING_V1
subj04,fold_2,val,B:C,vis2vis,49,193,73,217,V2V_ROY_WITHIN_SPLIT_DERANGEMENT_V1,908ce1f927ae651f,f8ba2f594b2da408,PAIRING_V1
subj04,fold_2,val,B:C,vis2vis,73,217,49,193,V2V_ROY_WITHIN_SPLIT_DERANGEMENT_V1,908ce1f927ae651f,f8ba2f594b2da408,PAIRING_V1
subj04,fold_2,val,B:D,vis2vis,61,205,65,209,V2V_ROY_WITHIN_SPLIT_DERANGEMENT_V1,908ce1f927ae651f,3fb2c9bb323132bf,PAIRING_V1
subj04,fold_2,val,B:D,vis2vis,65,209,61,205,V2V_ROY_WITHIN_SPLIT_DERANGEMENT_V1,908ce1f927ae651f,3fb2c9bb323132bf,PAIRING_V1
subj04,fold_2,val,B:K,vis2vis,57,201,84,228,V2V_ROY_WITHIN_SPLIT_DERANGEMENT_V1,908ce1f927ae651f,1dadb4b000ac75e8,PAIRING_V1
subj04,fold_2,val,B:K,vis2vis,84,228,57,201,V2V_ROY_WITHIN_SPLIT_DERANGEMENT_V1,908ce1f927ae651f,1dadb4b000ac75e8,PAIRING_V1
subj04,fold_2,val,B:T,vis2vis,69,213,80,224,V2V_ROY_WITHIN_SPLIT_DERANGEMENT_V1,908ce1f927ae651f,dbaa98104371a1bf,PAIRING_V1
subj04,fold_2,val,B:T,vis2vis,80,224,69,213,V2V_ROY_WITHIN_SPLIT_DERANGEMENT_V1,908ce1f927ae651f,dbaa98104371a1bf,PAIRING_V1
subj04,fold_2,val,B:W,vis2vis,48,192,63,207,V2V_ROY_WITHIN_SPLIT_DERANGEMENT_V1,908ce1f927ae651f,6265fa6144cc7b3e,PAIRING_V1
subj04,fold_2,val,B:W,vis2vis,63,207,48,192,V2V_ROY_WITHIN_SPLIT_DERANGEMENT_V1,908ce1f927ae651f,6265fa6144cc7b3e,PAIRING_V1
subj04,fold_2,test,A:E,vis2vis,43,43,47,47,V2V_ROY_WITHIN_SPLIT_DERANGEMENT_V1,908ce1f927ae651f,3f563addc030471a,PAIRING_V1
subj04,fold_2,test,A:E,vis2vis,47,47,43,43,V2V_ROY_WITHIN_SPLIT_DERANGEMENT_V1,908ce1f927ae651f,3f563addc030471a,PAIRING_V1
subj04,fold_2,test,A:H,vis2vis,2,2,28,28,V2V_ROY_WITHIN_SPLIT_DERANGEMENT_V1,908ce1f927ae651f,a06de105454a8cef,PAIRING_V1
subj04,fold_2,test,A:H,vis2vis,28,28,2,2,V2V_ROY_WITHIN_SPLIT_DERANGEMENT_V1,908ce1f927ae651f,a06de105454a8cef,PAIRING_V1
subj04,fold_2,test,A:L,vis2vis,36,36,42,42,V2V_ROY_WITHIN_SPLIT_DERANGEMENT_V1,908ce1f927ae651f,b26f7f82e6fcedfe,PAIRING_V1
subj04,fold_2,test,A:L,vis2vis,42,42,36,36,V2V_ROY_WITHIN_SPLIT_DERANGEMENT_V1,908ce1f927ae651f,b26f7f82e6fcedfe,PAIRING_V1
subj04,fold_2,test,A:P,vis2vis,20,20,41,41,V2V_ROY_WITHIN_SPLIT_DERANGEMENT_V1,908ce1f927ae651f,4962e507bf5d4536,PAIRING_V1
subj04,fold_2,test,A:P,vis2vis,41,41,20,20,V2V_ROY_WITHIN_SPLIT_DERANGEMENT_V1,908ce1f927ae651f,4962e507bf5d4536,PAIRING_V1
subj04,fold_2,test,A:R,vis2vis,25,25,39,39,V2V_ROY_WITHIN_SPLIT_DERANGEMENT_V1,908ce1f927ae651f,99861866e7909dc1,PAIRING_V1
subj04,fold_2,test,A:R,vis2vis,39,39,25,25,V2V_ROY_WITHIN_SPLIT_DERANGEMENT_V1,908ce1f927ae651f,99861866e7909dc1,PAIRING_V1
subj04,fold_2,test,A:V,vis2vis,15,15,19,19,V2V_ROY_WITHIN_SPLIT_DERANGEMENT_V1,908ce1f927ae651f,7cee2acb16dac758,PAIRING_V1
subj04,fold_2,test,A:V,vis2vis,19,19,15,15,V2V_ROY_WITHIN_SPLIT_DERANGEMENT_V1,908ce1f927ae651f,7cee2acb16dac758,PAIRING_V1
subj04,fold_2,test,B:B,vis2vis,53,197,89,233,V2V_ROY_WITHIN_SPLIT_DERANGEMENT_V1,908ce1f927ae651f,2bed87f1aa215050,PAIRING_V1
subj04,fold_2,test,B:B,vis2vis,89,233,53,197,V2V_ROY_WITHIN_SPLIT_DERANGEMENT_V1,908ce1f927ae651f,2bed87f1aa215050,PAIRING_V1
subj04,fold_2,test,B:C,vis2vis,62,206,90,234,V2V_ROY_WITHIN_SPLIT_DERANGEMENT_V1,908ce1f927ae651f,8982cbd1a2113ec0,PAIRING_V1
subj04,fold_2,test,B:C,vis2vis,90,234,62,206,V2V_ROY_WITHIN_SPLIT_DERANGEMENT_V1,908ce1f927ae651f,8982cbd1a2113ec0,PAIRING_V1
subj04,fold_2,test,B:D,vis2vis,68,212,81,225,V2V_ROY_WITHIN_SPLIT_DERANGEMENT_V1,908ce1f927ae651f,9a23f61971d45ebf,PAIRING_V1
subj04,fold_2,test,B:D,vis2vis,81,225,68,212,V2V_ROY_WITHIN_SPLIT_DERANGEMENT_V1,908ce1f927ae651f,9a23f61971d45ebf,PAIRING_V1
subj04,fold_2,test,B:K,vis2vis,59,203,82,226,V2V_ROY_WITHIN_SPLIT_DERANGEMENT_V1,908ce1f927ae651f,8b36ac83945ccec0,PAIRING_V1
subj04,fold_2,test,B:K,vis2vis,82,226,59,203,V2V_ROY_WITHIN_SPLIT_DERANGEMENT_V1,908ce1f927ae651f,8b36ac83945ccec0,PAIRING_V1
subj04,fold_2,test,B:T,vis2vis,60,204,95,239,V2V_ROY_WITHIN_SPLIT_DERANGEMENT_V1,908ce1f927ae651f,735cb130856abe0f,PAIRING_V1
subj04,fold_2,test,B:T,vis2vis,95,239,60,204,V2V_ROY_WITHIN_SPLIT_DERANGEMENT_V1,908ce1f927ae651f,735cb130856abe0f,PAIRING_V1
subj04,fold_2,test,B:W,vis2vis,72,216,77,221,V2V_ROY_WITHIN_SPLIT_DERANGEMENT_V1,908ce1f927ae651f,43c35f6aac4322eb,PAIRING_V1
subj04,fold_2,test,B:W,vis2vis,77,221,72,216,V2V_ROY_WITHIN_SPLIT_DERANGEMENT_V1,908ce1f927ae651f,43c35f6aac4322eb,PAIRING_V1
subj04,fold_3,train,A:E,vis2vis,6,6,32,32,V2V_ROY_WITHIN_SPLIT_DERANGEMENT_V1,908ce1f927ae651f,fb44af81042c6fab,PAIRING_V1
subj04,fold_3,train,A:E,vis2vis,23,23,26,26,V2V_ROY_WITHIN_SPLIT_DERANGEMENT_V1,908ce1f927ae651f,fb44af81042c6fab,PAIRING_V1
subj04,fold_3,train,A:E,vis2vis,26,26,6,6,V2V_ROY_WITHIN_SPLIT_DERANGEMENT_V1,908ce1f927ae651f,fb44af81042c6fab,PAIRING_V1
subj04,fold_3,train,A:E,vis2vis,32,32,23,23,V2V_ROY_WITHIN_SPLIT_DERANGEMENT_V1,908ce1f927ae651f,fb44af81042c6fab,PAIRING_V1
subj04,fold_3,train,A:H,vis2vis,10,10,14,14,V2V_ROY_WITHIN_SPLIT_DERANGEMENT_V1,908ce1f927ae651f,d4898301af9253b8,PAIRING_V1
subj04,fold_3,train,A:H,vis2vis,14,14,10,10,V2V_ROY_WITHIN_SPLIT_DERANGEMENT_V1,908ce1f927ae651f,d4898301af9253b8,PAIRING_V1
subj04,fold_3,train,A:H,vis2vis,24,24,35,35,V2V_ROY_WITHIN_SPLIT_DERANGEMENT_V1,908ce1f927ae651f,d4898301af9253b8,PAIRING_V1
subj04,fold_3,train,A:H,vis2vis,35,35,24,24,V2V_ROY_WITHIN_SPLIT_DERANGEMENT_V1,908ce1f927ae651f,d4898301af9253b8,PAIRING_V1
subj04,fold_3,train,A:L,vis2vis,0,0,27,27,V2V_ROY_WITHIN_SPLIT_DERANGEMENT_V1,908ce1f927ae651f,3f963ede67e90d30,PAIRING_V1
subj04,fold_3,train,A:L,vis2vis,4,4,12,12,V2V_ROY_WITHIN_SPLIT_DERANGEMENT_V1,908ce1f927ae651f,3f963ede67e90d30,PAIRING_V1
subj04,fold_3,train,A:L,vis2vis,12,12,0,0,V2V_ROY_WITHIN_SPLIT_DERANGEMENT_V1,908ce1f927ae651f,3f963ede67e90d30,PAIRING_V1
subj04,fold_3,train,A:L,vis2vis,27,27,4,4,V2V_ROY_WITHIN_SPLIT_DERANGEMENT_V1,908ce1f927ae651f,3f963ede67e90d30,PAIRING_V1
subj04,fold_3,train,A:P,vis2vis,8,8,13,13,V2V_ROY_WITHIN_SPLIT_DERANGEMENT_V1,908ce1f927ae651f,d56ba6ac5f2a24ea,PAIRING_V1
subj04,fold_3,train,A:P,vis2vis,13,13,8,8,V2V_ROY_WITHIN_SPLIT_DERANGEMENT_V1,908ce1f927ae651f,d56ba6ac5f2a24ea,PAIRING_V1
subj04,fold_3,train,A:P,vis2vis,16,16,34,34,V2V_ROY_WITHIN_SPLIT_DERANGEMENT_V1,908ce1f927ae651f,d56ba6ac5f2a24ea,PAIRING_V1
subj04,fold_3,train,A:P,vis2vis,34,34,16,16,V2V_ROY_WITHIN_SPLIT_DERANGEMENT_V1,908ce1f927ae651f,d56ba6ac5f2a24ea,PAIRING_V1
subj04,fold_3,train,A:R,vis2vis,17,17,30,30,V2V_ROY_WITHIN_SPLIT_DERANGEMENT_V1,908ce1f927ae651f,2949c31e6ee78a52,PAIRING_V1
subj04,fold_3,train,A:R,vis2vis,22,22,46,46,V2V_ROY_WITHIN_SPLIT_DERANGEMENT_V1,908ce1f927ae651f,2949c31e6ee78a52,PAIRING_V1
subj04,fold_3,train,A:R,vis2vis,30,30,22,22,V2V_ROY_WITHIN_SPLIT_DERANGEMENT_V1,908ce1f927ae651f,2949c31e6ee78a52,PAIRING_V1
subj04,fold_3,train,A:R,vis2vis,46,46,17,17,V2V_ROY_WITHIN_SPLIT_DERANGEMENT_V1,908ce1f927ae651f,2949c31e6ee78a52,PAIRING_V1
subj04,fold_3,train,A:V,vis2vis,1,1,40,40,V2V_ROY_WITHIN_SPLIT_DERANGEMENT_V1,908ce1f927ae651f,5362b70c7ba85d05,PAIRING_V1
subj04,fold_3,train,A:V,vis2vis,3,3,45,45,V2V_ROY_WITHIN_SPLIT_DERANGEMENT_V1,908ce1f927ae651f,5362b70c7ba85d05,PAIRING_V1
subj04,fold_3,train,A:V,vis2vis,40,40,1,1,V2V_ROY_WITHIN_SPLIT_DERANGEMENT_V1,908ce1f927ae651f,5362b70c7ba85d05,PAIRING_V1
subj04,fold_3,train,A:V,vis2vis,45,45,3,3,V2V_ROY_WITHIN_SPLIT_DERANGEMENT_V1,908ce1f927ae651f,5362b70c7ba85d05,PAIRING_V1
subj04,fold_3,train,B:B,vis2vis,66,210,76,220,V2V_ROY_WITHIN_SPLIT_DERANGEMENT_V1,908ce1f927ae651f,d491f6623e9e63a3,PAIRING_V1
subj04,fold_3,train,B:B,vis2vis,76,220,94,238,V2V_ROY_WITHIN_SPLIT_DERANGEMENT_V1,908ce1f927ae651f,d491f6623e9e63a3,PAIRING_V1
subj04,fold_3,train,B:B,vis2vis,79,223,66,210,V2V_ROY_WITHIN_SPLIT_DERANGEMENT_V1,908ce1f927ae651f,d491f6623e9e63a3,PAIRING_V1
subj04,fold_3,train,B:B,vis2vis,94,238,79,223,V2V_ROY_WITHIN_SPLIT_DERANGEMENT_V1,908ce1f927ae651f,d491f6623e9e63a3,PAIRING_V1
subj04,fold_3,train,B:C,vis2vis,58,202,64,208,V2V_ROY_WITHIN_SPLIT_DERANGEMENT_V1,908ce1f927ae651f,c4b3427b619d0f29,PAIRING_V1
subj04,fold_3,train,B:C,vis2vis,64,208,58,202,V2V_ROY_WITHIN_SPLIT_DERANGEMENT_V1,908ce1f927ae651f,c4b3427b619d0f29,PAIRING_V1
subj04,fold_3,train,B:C,vis2vis,71,215,86,230,V2V_ROY_WITHIN_SPLIT_DERANGEMENT_V1,908ce1f927ae651f,c4b3427b619d0f29,PAIRING_V1
subj04,fold_3,train,B:C,vis2vis,86,230,71,215,V2V_ROY_WITHIN_SPLIT_DERANGEMENT_V1,908ce1f927ae651f,c4b3427b619d0f29,PAIRING_V1
subj04,fold_3,train,B:D,vis2vis,51,195,54,198,V2V_ROY_WITHIN_SPLIT_DERANGEMENT_V1,908ce1f927ae651f,bbaa0f44c6453427,PAIRING_V1
subj04,fold_3,train,B:D,vis2vis,54,198,51,195,V2V_ROY_WITHIN_SPLIT_DERANGEMENT_V1,908ce1f927ae651f,bbaa0f44c6453427,PAIRING_V1
subj04,fold_3,train,B:D,vis2vis,70,214,93,237,V2V_ROY_WITHIN_SPLIT_DERANGEMENT_V1,908ce1f927ae651f,bbaa0f44c6453427,PAIRING_V1
subj04,fold_3,train,B:D,vis2vis,93,237,70,214,V2V_ROY_WITHIN_SPLIT_DERANGEMENT_V1,908ce1f927ae651f,bbaa0f44c6453427,PAIRING_V1
subj04,fold_3,train,B:K,vis2vis,55,199,67,211,V2V_ROY_WITHIN_SPLIT_DERANGEMENT_V1,908ce1f927ae651f,82b954d35a2b5d69,PAIRING_V1
subj04,fold_3,train,B:K,vis2vis,67,211,55,199,V2V_ROY_WITHIN_SPLIT_DERANGEMENT_V1,908ce1f927ae651f,82b954d35a2b5d69,PAIRING_V1
subj04,fold_3,train,B:K,vis2vis,78,222,91,235,V2V_ROY_WITHIN_SPLIT_DERANGEMENT_V1,908ce1f927ae651f,82b954d35a2b5d69,PAIRING_V1
subj04,fold_3,train,B:K,vis2vis,91,235,78,222,V2V_ROY_WITHIN_SPLIT_DERANGEMENT_V1,908ce1f927ae651f,82b954d35a2b5d69,PAIRING_V1
subj04,fold_3,train,B:T,vis2vis,52,196,92,236,V2V_ROY_WITHIN_SPLIT_DERANGEMENT_V1,908ce1f927ae651f,d6af73f0e6852a54,PAIRING_V1
subj04,fold_3,train,B:T,vis2vis,74,218,52,196,V2V_ROY_WITHIN_SPLIT_DERANGEMENT_V1,908ce1f927ae651f,d6af73f0e6852a54,PAIRING_V1
subj04,fold_3,train,B:T,vis2vis,88,232,74,218,V2V_ROY_WITHIN_SPLIT_DERANGEMENT_V1,908ce1f927ae651f,d6af73f0e6852a54,PAIRING_V1
subj04,fold_3,train,B:T,vis2vis,92,236,88,232,V2V_ROY_WITHIN_SPLIT_DERANGEMENT_V1,908ce1f927ae651f,d6af73f0e6852a54,PAIRING_V1
subj04,fold_3,train,B:W,vis2vis,50,194,87,231,V2V_ROY_WITHIN_SPLIT_DERANGEMENT_V1,908ce1f927ae651f,2af69230d78b11ed,PAIRING_V1
subj04,fold_3,train,B:W,vis2vis,56,200,50,194,V2V_ROY_WITHIN_SPLIT_DERANGEMENT_V1,908ce1f927ae651f,2af69230d78b11ed,PAIRING_V1
subj04,fold_3,train,B:W,vis2vis,75,219,56,200,V2V_ROY_WITHIN_SPLIT_DERANGEMENT_V1,908ce1f927ae651f,2af69230d78b11ed,PAIRING_V1
subj04,fold_3,train,B:W,vis2vis,87,231,75,219,V2V_ROY_WITHIN_SPLIT_DERANGEMENT_V1,908ce1f927ae651f,2af69230d78b11ed,PAIRING_V1
subj04,fold_3,val,A:E,vis2vis,43,43,47,47,V2V_ROY_WITHIN_SPLIT_DERANGEMENT_V1,908ce1f927ae651f,85f7b895d989158b,PAIRING_V1
subj04,fold_3,val,A:E,vis2vis,47,47,43,43,V2V_ROY_WITHIN_SPLIT_DERANGEMENT_V1,908ce1f927ae651f,85f7b895d989158b,PAIRING_V1
subj04,fold_3,val,A:H,vis2vis,2,2,28,28,V2V_ROY_WITHIN_SPLIT_DERANGEMENT_V1,908ce1f927ae651f,2dfa76dd576dfc0f,PAIRING_V1
subj04,fold_3,val,A:H,vis2vis,28,28,2,2,V2V_ROY_WITHIN_SPLIT_DERANGEMENT_V1,908ce1f927ae651f,2dfa76dd576dfc0f,PAIRING_V1
subj04,fold_3,val,A:L,vis2vis,36,36,42,42,V2V_ROY_WITHIN_SPLIT_DERANGEMENT_V1,908ce1f927ae651f,faf01fb8b388f169,PAIRING_V1
subj04,fold_3,val,A:L,vis2vis,42,42,36,36,V2V_ROY_WITHIN_SPLIT_DERANGEMENT_V1,908ce1f927ae651f,faf01fb8b388f169,PAIRING_V1
subj04,fold_3,val,A:P,vis2vis,20,20,41,41,V2V_ROY_WITHIN_SPLIT_DERANGEMENT_V1,908ce1f927ae651f,89295d213ec10782,PAIRING_V1
subj04,fold_3,val,A:P,vis2vis,41,41,20,20,V2V_ROY_WITHIN_SPLIT_DERANGEMENT_V1,908ce1f927ae651f,89295d213ec10782,PAIRING_V1
subj04,fold_3,val,A:R,vis2vis,25,25,39,39,V2V_ROY_WITHIN_SPLIT_DERANGEMENT_V1,908ce1f927ae651f,7d5e044aaa9737ba,PAIRING_V1
subj04,fold_3,val,A:R,vis2vis,39,39,25,25,V2V_ROY_WITHIN_SPLIT_DERANGEMENT_V1,908ce1f927ae651f,7d5e044aaa9737ba,PAIRING_V1
subj04,fold_3,val,A:V,vis2vis,15,15,19,19,V2V_ROY_WITHIN_SPLIT_DERANGEMENT_V1,908ce1f927ae651f,9912663d59578a7e,PAIRING_V1
subj04,fold_3,val,A:V,vis2vis,19,19,15,15,V2V_ROY_WITHIN_SPLIT_DERANGEMENT_V1,908ce1f927ae651f,9912663d59578a7e,PAIRING_V1
subj04,fold_3,val,B:B,vis2vis,53,197,89,233,V2V_ROY_WITHIN_SPLIT_DERANGEMENT_V1,908ce1f927ae651f,e2321accc08c0c7c,PAIRING_V1
subj04,fold_3,val,B:B,vis2vis,89,233,53,197,V2V_ROY_WITHIN_SPLIT_DERANGEMENT_V1,908ce1f927ae651f,e2321accc08c0c7c,PAIRING_V1
subj04,fold_3,val,B:C,vis2vis,62,206,90,234,V2V_ROY_WITHIN_SPLIT_DERANGEMENT_V1,908ce1f927ae651f,6063b84cc76c0f4a,PAIRING_V1
subj04,fold_3,val,B:C,vis2vis,90,234,62,206,V2V_ROY_WITHIN_SPLIT_DERANGEMENT_V1,908ce1f927ae651f,6063b84cc76c0f4a,PAIRING_V1
subj04,fold_3,val,B:D,vis2vis,68,212,81,225,V2V_ROY_WITHIN_SPLIT_DERANGEMENT_V1,908ce1f927ae651f,8493509431b2ed59,PAIRING_V1
subj04,fold_3,val,B:D,vis2vis,81,225,68,212,V2V_ROY_WITHIN_SPLIT_DERANGEMENT_V1,908ce1f927ae651f,8493509431b2ed59,PAIRING_V1
subj04,fold_3,val,B:K,vis2vis,59,203,82,226,V2V_ROY_WITHIN_SPLIT_DERANGEMENT_V1,908ce1f927ae651f,8f722e4f43abdc61,PAIRING_V1
subj04,fold_3,val,B:K,vis2vis,82,226,59,203,V2V_ROY_WITHIN_SPLIT_DERANGEMENT_V1,908ce1f927ae651f,8f722e4f43abdc61,PAIRING_V1
subj04,fold_3,val,B:T,vis2vis,60,204,95,239,V2V_ROY_WITHIN_SPLIT_DERANGEMENT_V1,908ce1f927ae651f,765826f0e3508026,PAIRING_V1
subj04,fold_3,val,B:T,vis2vis,95,239,60,204,V2V_ROY_WITHIN_SPLIT_DERANGEMENT_V1,908ce1f927ae651f,765826f0e3508026,PAIRING_V1
subj04,fold_3,val,B:W,vis2vis,72,216,77,221,V2V_ROY_WITHIN_SPLIT_DERANGEMENT_V1,908ce1f927ae651f,2ee6f8a4c2eacbf4,PAIRING_V1
subj04,fold_3,val,B:W,vis2vis,77,221,72,216,V2V_ROY_WITHIN_SPLIT_DERANGEMENT_V1,908ce1f927ae651f,2ee6f8a4c2eacbf4,PAIRING_V1
subj04,fold_3,test,A:E,vis2vis,9,9,38,38,V2V_ROY_WITHIN_SPLIT_DERANGEMENT_V1,908ce1f927ae651f,0cea31fe6d71869b,PAIRING_V1
subj04,fold_3,test,A:E,vis2vis,38,38,9,9,V2V_ROY_WITHIN_SPLIT_DERANGEMENT_V1,908ce1f927ae651f,0cea31fe6d71869b,PAIRING_V1
subj04,fold_3,test,A:H,vis2vis,18,18,21,21,V2V_ROY_WITHIN_SPLIT_DERANGEMENT_V1,908ce1f927ae651f,35da5a839f5fff6e,PAIRING_V1
subj04,fold_3,test,A:H,vis2vis,21,21,18,18,V2V_ROY_WITHIN_SPLIT_DERANGEMENT_V1,908ce1f927ae651f,35da5a839f5fff6e,PAIRING_V1
subj04,fold_3,test,A:L,vis2vis,7,7,29,29,V2V_ROY_WITHIN_SPLIT_DERANGEMENT_V1,908ce1f927ae651f,7e601ab13b171850,PAIRING_V1
subj04,fold_3,test,A:L,vis2vis,29,29,7,7,V2V_ROY_WITHIN_SPLIT_DERANGEMENT_V1,908ce1f927ae651f,7e601ab13b171850,PAIRING_V1
subj04,fold_3,test,A:P,vis2vis,11,11,37,37,V2V_ROY_WITHIN_SPLIT_DERANGEMENT_V1,908ce1f927ae651f,3d183e4b1261f879,PAIRING_V1
subj04,fold_3,test,A:P,vis2vis,37,37,11,11,V2V_ROY_WITHIN_SPLIT_DERANGEMENT_V1,908ce1f927ae651f,3d183e4b1261f879,PAIRING_V1
subj04,fold_3,test,A:R,vis2vis,5,5,44,44,V2V_ROY_WITHIN_SPLIT_DERANGEMENT_V1,908ce1f927ae651f,d323d73624d8ad2a,PAIRING_V1
subj04,fold_3,test,A:R,vis2vis,44,44,5,5,V2V_ROY_WITHIN_SPLIT_DERANGEMENT_V1,908ce1f927ae651f,d323d73624d8ad2a,PAIRING_V1
subj04,fold_3,test,A:V,vis2vis,31,31,33,33,V2V_ROY_WITHIN_SPLIT_DERANGEMENT_V1,908ce1f927ae651f,f0ab8a33cae7a921,PAIRING_V1
subj04,fold_3,test,A:V,vis2vis,33,33,31,31,V2V_ROY_WITHIN_SPLIT_DERANGEMENT_V1,908ce1f927ae651f,f0ab8a33cae7a921,PAIRING_V1
subj04,fold_3,test,B:B,vis2vis,83,227,85,229,V2V_ROY_WITHIN_SPLIT_DERANGEMENT_V1,908ce1f927ae651f,79627a4ca1bfde7d,PAIRING_V1
subj04,fold_3,test,B:B,vis2vis,85,229,83,227,V2V_ROY_WITHIN_SPLIT_DERANGEMENT_V1,908ce1f927ae651f,79627a4ca1bfde7d,PAIRING_V1
subj04,fold_3,test,B:C,vis2vis,49,193,73,217,V2V_ROY_WITHIN_SPLIT_DERANGEMENT_V1,908ce1f927ae651f,3a841eac26503b18,PAIRING_V1
subj04,fold_3,test,B:C,vis2vis,73,217,49,193,V2V_ROY_WITHIN_SPLIT_DERANGEMENT_V1,908ce1f927ae651f,3a841eac26503b18,PAIRING_V1
subj04,fold_3,test,B:D,vis2vis,61,205,65,209,V2V_ROY_WITHIN_SPLIT_DERANGEMENT_V1,908ce1f927ae651f,21955d2489ba82ab,PAIRING_V1
subj04,fold_3,test,B:D,vis2vis,65,209,61,205,V2V_ROY_WITHIN_SPLIT_DERANGEMENT_V1,908ce1f927ae651f,21955d2489ba82ab,PAIRING_V1
subj04,fold_3,test,B:K,vis2vis,57,201,84,228,V2V_ROY_WITHIN_SPLIT_DERANGEMENT_V1,908ce1f927ae651f,cb9d393c828d6d96,PAIRING_V1
subj04,fold_3,test,B:K,vis2vis,84,228,57,201,V2V_ROY_WITHIN_SPLIT_DERANGEMENT_V1,908ce1f927ae651f,cb9d393c828d6d96,PAIRING_V1
subj04,fold_3,test,B:T,vis2vis,69,213,80,224,V2V_ROY_WITHIN_SPLIT_DERANGEMENT_V1,908ce1f927ae651f,8dcefbd81a74433e,PAIRING_V1
subj04,fold_3,test,B:T,vis2vis,80,224,69,213,V2V_ROY_WITHIN_SPLIT_DERANGEMENT_V1,908ce1f927ae651f,8dcefbd81a74433e,PAIRING_V1
subj04,fold_3,test,B:W,vis2vis,48,192,63,207,V2V_ROY_WITHIN_SPLIT_DERANGEMENT_V1,908ce1f927ae651f,72190063b7de3a74,PAIRING_V1
subj04,fold_3,test,B:W,vis2vis,63,207,48,192,V2V_ROY_WITHIN_SPLIT_DERANGEMENT_V1,908ce1f927ae651f,72190063b7de3a74,PAIRING_V1
subj05,fold_0,train,A:E,vis2vis,26,26,43,43,V2V_ROY_WITHIN_SPLIT_DERANGEMENT_V1,908ce1f927ae651f,405e7ff5a849f0b7,PAIRING_V1
subj05,fold_0,train,A:E,vis2vis,32,32,47,47,V2V_ROY_WITHIN_SPLIT_DERANGEMENT_V1,908ce1f927ae651f,405e7ff5a849f0b7,PAIRING_V1
subj05,fold_0,train,A:E,vis2vis,43,43,32,32,V2V_ROY_WITHIN_SPLIT_DERANGEMENT_V1,908ce1f927ae651f,405e7ff5a849f0b7,PAIRING_V1
subj05,fold_0,train,A:E,vis2vis,47,47,26,26,V2V_ROY_WITHIN_SPLIT_DERANGEMENT_V1,908ce1f927ae651f,405e7ff5a849f0b7,PAIRING_V1
subj05,fold_0,train,A:H,vis2vis,2,2,10,10,V2V_ROY_WITHIN_SPLIT_DERANGEMENT_V1,908ce1f927ae651f,4125e4f5a248625c,PAIRING_V1
subj05,fold_0,train,A:H,vis2vis,10,10,28,28,V2V_ROY_WITHIN_SPLIT_DERANGEMENT_V1,908ce1f927ae651f,4125e4f5a248625c,PAIRING_V1
subj05,fold_0,train,A:H,vis2vis,14,14,2,2,V2V_ROY_WITHIN_SPLIT_DERANGEMENT_V1,908ce1f927ae651f,4125e4f5a248625c,PAIRING_V1
subj05,fold_0,train,A:H,vis2vis,28,28,14,14,V2V_ROY_WITHIN_SPLIT_DERANGEMENT_V1,908ce1f927ae651f,4125e4f5a248625c,PAIRING_V1
subj05,fold_0,train,A:L,vis2vis,12,12,42,42,V2V_ROY_WITHIN_SPLIT_DERANGEMENT_V1,908ce1f927ae651f,38825bc3cbeef4ee,PAIRING_V1
subj05,fold_0,train,A:L,vis2vis,27,27,12,12,V2V_ROY_WITHIN_SPLIT_DERANGEMENT_V1,908ce1f927ae651f,38825bc3cbeef4ee,PAIRING_V1
subj05,fold_0,train,A:L,vis2vis,36,36,27,27,V2V_ROY_WITHIN_SPLIT_DERANGEMENT_V1,908ce1f927ae651f,38825bc3cbeef4ee,PAIRING_V1
subj05,fold_0,train,A:L,vis2vis,42,42,36,36,V2V_ROY_WITHIN_SPLIT_DERANGEMENT_V1,908ce1f927ae651f,38825bc3cbeef4ee,PAIRING_V1
subj05,fold_0,train,A:P,vis2vis,8,8,13,13,V2V_ROY_WITHIN_SPLIT_DERANGEMENT_V1,908ce1f927ae651f,b7eb14486c460a08,PAIRING_V1
subj05,fold_0,train,A:P,vis2vis,13,13,20,20,V2V_ROY_WITHIN_SPLIT_DERANGEMENT_V1,908ce1f927ae651f,b7eb14486c460a08,PAIRING_V1
subj05,fold_0,train,A:P,vis2vis,20,20,41,41,V2V_ROY_WITHIN_SPLIT_DERANGEMENT_V1,908ce1f927ae651f,b7eb14486c460a08,PAIRING_V1
subj05,fold_0,train,A:P,vis2vis,41,41,8,8,V2V_ROY_WITHIN_SPLIT_DERANGEMENT_V1,908ce1f927ae651f,b7eb14486c460a08,PAIRING_V1
subj05,fold_0,train,A:R,vis2vis,22,22,30,30,V2V_ROY_WITHIN_SPLIT_DERANGEMENT_V1,908ce1f927ae651f,ee850caee0340f30,PAIRING_V1
subj05,fold_0,train,A:R,vis2vis,25,25,22,22,V2V_ROY_WITHIN_SPLIT_DERANGEMENT_V1,908ce1f927ae651f,ee850caee0340f30,PAIRING_V1
subj05,fold_0,train,A:R,vis2vis,30,30,39,39,V2V_ROY_WITHIN_SPLIT_DERANGEMENT_V1,908ce1f927ae651f,ee850caee0340f30,PAIRING_V1
subj05,fold_0,train,A:R,vis2vis,39,39,25,25,V2V_ROY_WITHIN_SPLIT_DERANGEMENT_V1,908ce1f927ae651f,ee850caee0340f30,PAIRING_V1
subj05,fold_0,train,A:V,vis2vis,1,1,15,15,V2V_ROY_WITHIN_SPLIT_DERANGEMENT_V1,908ce1f927ae651f,ef52551bca2fb3ff,PAIRING_V1
subj05,fold_0,train,A:V,vis2vis,3,3,19,19,V2V_ROY_WITHIN_SPLIT_DERANGEMENT_V1,908ce1f927ae651f,ef52551bca2fb3ff,PAIRING_V1
subj05,fold_0,train,A:V,vis2vis,15,15,1,1,V2V_ROY_WITHIN_SPLIT_DERANGEMENT_V1,908ce1f927ae651f,ef52551bca2fb3ff,PAIRING_V1
subj05,fold_0,train,A:V,vis2vis,19,19,3,3,V2V_ROY_WITHIN_SPLIT_DERANGEMENT_V1,908ce1f927ae651f,ef52551bca2fb3ff,PAIRING_V1
subj05,fold_0,train,B:B,vis2vis,53,197,79,223,V2V_ROY_WITHIN_SPLIT_DERANGEMENT_V1,908ce1f927ae651f,6b2be76c6ca56352,PAIRING_V1
subj05,fold_0,train,B:B,vis2vis,66,210,89,233,V2V_ROY_WITHIN_SPLIT_DERANGEMENT_V1,908ce1f927ae651f,6b2be76c6ca56352,PAIRING_V1
subj05,fold_0,train,B:B,vis2vis,79,223,66,210,V2V_ROY_WITHIN_SPLIT_DERANGEMENT_V1,908ce1f927ae651f,6b2be76c6ca56352,PAIRING_V1
subj05,fold_0,train,B:B,vis2vis,89,233,53,197,V2V_ROY_WITHIN_SPLIT_DERANGEMENT_V1,908ce1f927ae651f,6b2be76c6ca56352,PAIRING_V1
subj05,fold_0,train,B:C,vis2vis,58,202,71,215,V2V_ROY_WITHIN_SPLIT_DERANGEMENT_V1,908ce1f927ae651f,ada3ba08931f9095,PAIRING_V1
subj05,fold_0,train,B:C,vis2vis,62,206,90,234,V2V_ROY_WITHIN_SPLIT_DERANGEMENT_V1,908ce1f927ae651f,ada3ba08931f9095,PAIRING_V1
subj05,fold_0,train,B:C,vis2vis,71,215,62,206,V2V_ROY_WITHIN_SPLIT_DERANGEMENT_V1,908ce1f927ae651f,ada3ba08931f9095,PAIRING_V1
subj05,fold_0,train,B:C,vis2vis,90,234,58,202,V2V_ROY_WITHIN_SPLIT_DERANGEMENT_V1,908ce1f927ae651f,ada3ba08931f9095,PAIRING_V1
subj05,fold_0,train,B:D,vis2vis,68,212,81,225,V2V_ROY_WITHIN_SPLIT_DERANGEMENT_V1,908ce1f927ae651f,e85756a3672317bb,PAIRING_V1
subj05,fold_0,train,B:D,vis2vis,70,214,93,237,V2V_ROY_WITHIN_SPLIT_DERANGEMENT_V1,908ce1f927ae651f,e85756a3672317bb,PAIRING_V1
subj05,fold_0,train,B:D,vis2vis,81,225,68,212,V2V_ROY_WITHIN_SPLIT_DERANGEMENT_V1,908ce1f927ae651f,e85756a3672317bb,PAIRING_V1
subj05,fold_0,train,B:D,vis2vis,93,237,70,214,V2V_ROY_WITHIN_SPLIT_DERANGEMENT_V1,908ce1f927ae651f,e85756a3672317bb,PAIRING_V1
subj05,fold_0,train,B:K,vis2vis,59,203,82,226,V2V_ROY_WITHIN_SPLIT_DERANGEMENT_V1,908ce1f927ae651f,c3a4f9d3437dcf7f,PAIRING_V1
subj05,fold_0,train,B:K,vis2vis,67,211,91,235,V2V_ROY_WITHIN_SPLIT_DERANGEMENT_V1,908ce1f927ae651f,c3a4f9d3437dcf7f,PAIRING_V1
subj05,fold_0,train,B:K,vis2vis,82,226,59,203,V2V_ROY_WITHIN_SPLIT_DERANGEMENT_V1,908ce1f927ae651f,c3a4f9d3437dcf7f,PAIRING_V1
subj05,fold_0,train,B:K,vis2vis,91,235,67,211,V2V_ROY_WITHIN_SPLIT_DERANGEMENT_V1,908ce1f927ae651f,c3a4f9d3437dcf7f,PAIRING_V1
subj05,fold_0,train,B:T,vis2vis,52,196,95,239,V2V_ROY_WITHIN_SPLIT_DERANGEMENT_V1,908ce1f927ae651f,2ca8070d48fd6d53,PAIRING_V1
subj05,fold_0,train,B:T,vis2vis,60,204,92,236,V2V_ROY_WITHIN_SPLIT_DERANGEMENT_V1,908ce1f927ae651f,2ca8070d48fd6d53,PAIRING_V1
subj05,fold_0,train,B:T,vis2vis,92,236,52,196,V2V_ROY_WITHIN_SPLIT_DERANGEMENT_V1,908ce1f927ae651f,2ca8070d48fd6d53,PAIRING_V1
subj05,fold_0,train,B:T,vis2vis,95,239,60,204,V2V_ROY_WITHIN_SPLIT_DERANGEMENT_V1,908ce1f927ae651f,2ca8070d48fd6d53,PAIRING_V1
subj05,fold_0,train,B:W,vis2vis,56,200,75,219,V2V_ROY_WITHIN_SPLIT_DERANGEMENT_V1,908ce1f927ae651f,d5ac897c0c1c5959,PAIRING_V1
subj05,fold_0,train,B:W,vis2vis,72,216,77,221,V2V_ROY_WITHIN_SPLIT_DERANGEMENT_V1,908ce1f927ae651f,d5ac897c0c1c5959,PAIRING_V1
subj05,fold_0,train,B:W,vis2vis,75,219,72,216,V2V_ROY_WITHIN_SPLIT_DERANGEMENT_V1,908ce1f927ae651f,d5ac897c0c1c5959,PAIRING_V1
subj05,fold_0,train,B:W,vis2vis,77,221,56,200,V2V_ROY_WITHIN_SPLIT_DERANGEMENT_V1,908ce1f927ae651f,d5ac897c0c1c5959,PAIRING_V1
subj05,fold_0,val,A:E,vis2vis,9,9,38,38,V2V_ROY_WITHIN_SPLIT_DERANGEMENT_V1,908ce1f927ae651f,709c00b42a8dd60a,PAIRING_V1
subj05,fold_0,val,A:E,vis2vis,38,38,9,9,V2V_ROY_WITHIN_SPLIT_DERANGEMENT_V1,908ce1f927ae651f,709c00b42a8dd60a,PAIRING_V1
subj05,fold_0,val,A:H,vis2vis,18,18,21,21,V2V_ROY_WITHIN_SPLIT_DERANGEMENT_V1,908ce1f927ae651f,71d741a132faef10,PAIRING_V1
subj05,fold_0,val,A:H,vis2vis,21,21,18,18,V2V_ROY_WITHIN_SPLIT_DERANGEMENT_V1,908ce1f927ae651f,71d741a132faef10,PAIRING_V1
subj05,fold_0,val,A:L,vis2vis,7,7,29,29,V2V_ROY_WITHIN_SPLIT_DERANGEMENT_V1,908ce1f927ae651f,f79a18e742aed98c,PAIRING_V1
subj05,fold_0,val,A:L,vis2vis,29,29,7,7,V2V_ROY_WITHIN_SPLIT_DERANGEMENT_V1,908ce1f927ae651f,f79a18e742aed98c,PAIRING_V1
subj05,fold_0,val,A:P,vis2vis,11,11,37,37,V2V_ROY_WITHIN_SPLIT_DERANGEMENT_V1,908ce1f927ae651f,2506d55c7a9ab1d6,PAIRING_V1
subj05,fold_0,val,A:P,vis2vis,37,37,11,11,V2V_ROY_WITHIN_SPLIT_DERANGEMENT_V1,908ce1f927ae651f,2506d55c7a9ab1d6,PAIRING_V1
subj05,fold_0,val,A:R,vis2vis,5,5,44,44,V2V_ROY_WITHIN_SPLIT_DERANGEMENT_V1,908ce1f927ae651f,64726256d30efacb,PAIRING_V1
subj05,fold_0,val,A:R,vis2vis,44,44,5,5,V2V_ROY_WITHIN_SPLIT_DERANGEMENT_V1,908ce1f927ae651f,64726256d30efacb,PAIRING_V1
subj05,fold_0,val,A:V,vis2vis,31,31,33,33,V2V_ROY_WITHIN_SPLIT_DERANGEMENT_V1,908ce1f927ae651f,42047a250b5d3cb8,PAIRING_V1
subj05,fold_0,val,A:V,vis2vis,33,33,31,31,V2V_ROY_WITHIN_SPLIT_DERANGEMENT_V1,908ce1f927ae651f,42047a250b5d3cb8,PAIRING_V1
subj05,fold_0,val,B:B,vis2vis,83,227,85,229,V2V_ROY_WITHIN_SPLIT_DERANGEMENT_V1,908ce1f927ae651f,7b1c9dd6e0bd593e,PAIRING_V1
subj05,fold_0,val,B:B,vis2vis,85,229,83,227,V2V_ROY_WITHIN_SPLIT_DERANGEMENT_V1,908ce1f927ae651f,7b1c9dd6e0bd593e,PAIRING_V1
subj05,fold_0,val,B:C,vis2vis,49,193,73,217,V2V_ROY_WITHIN_SPLIT_DERANGEMENT_V1,908ce1f927ae651f,9b6a611a3bfed1b8,PAIRING_V1
subj05,fold_0,val,B:C,vis2vis,73,217,49,193,V2V_ROY_WITHIN_SPLIT_DERANGEMENT_V1,908ce1f927ae651f,9b6a611a3bfed1b8,PAIRING_V1
subj05,fold_0,val,B:D,vis2vis,61,205,65,209,V2V_ROY_WITHIN_SPLIT_DERANGEMENT_V1,908ce1f927ae651f,47e163e7b74863d8,PAIRING_V1
subj05,fold_0,val,B:D,vis2vis,65,209,61,205,V2V_ROY_WITHIN_SPLIT_DERANGEMENT_V1,908ce1f927ae651f,47e163e7b74863d8,PAIRING_V1
subj05,fold_0,val,B:K,vis2vis,57,201,84,228,V2V_ROY_WITHIN_SPLIT_DERANGEMENT_V1,908ce1f927ae651f,543f4670c5f96db9,PAIRING_V1
subj05,fold_0,val,B:K,vis2vis,84,228,57,201,V2V_ROY_WITHIN_SPLIT_DERANGEMENT_V1,908ce1f927ae651f,543f4670c5f96db9,PAIRING_V1
subj05,fold_0,val,B:T,vis2vis,69,213,80,224,V2V_ROY_WITHIN_SPLIT_DERANGEMENT_V1,908ce1f927ae651f,3247dc99fe1dde97,PAIRING_V1
subj05,fold_0,val,B:T,vis2vis,80,224,69,213,V2V_ROY_WITHIN_SPLIT_DERANGEMENT_V1,908ce1f927ae651f,3247dc99fe1dde97,PAIRING_V1
subj05,fold_0,val,B:W,vis2vis,48,192,63,207,V2V_ROY_WITHIN_SPLIT_DERANGEMENT_V1,908ce1f927ae651f,efa6b076444dcc47,PAIRING_V1
subj05,fold_0,val,B:W,vis2vis,63,207,48,192,V2V_ROY_WITHIN_SPLIT_DERANGEMENT_V1,908ce1f927ae651f,efa6b076444dcc47,PAIRING_V1
subj05,fold_0,test,A:E,vis2vis,6,6,23,23,V2V_ROY_WITHIN_SPLIT_DERANGEMENT_V1,908ce1f927ae651f,e9b713d8812945c3,PAIRING_V1
subj05,fold_0,test,A:E,vis2vis,23,23,6,6,V2V_ROY_WITHIN_SPLIT_DERANGEMENT_V1,908ce1f927ae651f,e9b713d8812945c3,PAIRING_V1
subj05,fold_0,test,A:H,vis2vis,24,24,35,35,V2V_ROY_WITHIN_SPLIT_DERANGEMENT_V1,908ce1f927ae651f,2fc630c52777c89c,PAIRING_V1
subj05,fold_0,test,A:H,vis2vis,35,35,24,24,V2V_ROY_WITHIN_SPLIT_DERANGEMENT_V1,908ce1f927ae651f,2fc630c52777c89c,PAIRING_V1
subj05,fold_0,test,A:L,vis2vis,0,0,4,4,V2V_ROY_WITHIN_SPLIT_DERANGEMENT_V1,908ce1f927ae651f,43ead056d6b457b4,PAIRING_V1
subj05,fold_0,test,A:L,vis2vis,4,4,0,0,V2V_ROY_WITHIN_SPLIT_DERANGEMENT_V1,908ce1f927ae651f,43ead056d6b457b4,PAIRING_V1
subj05,fold_0,test,A:P,vis2vis,16,16,34,34,V2V_ROY_WITHIN_SPLIT_DERANGEMENT_V1,908ce1f927ae651f,4c50288d16bda543,PAIRING_V1
subj05,fold_0,test,A:P,vis2vis,34,34,16,16,V2V_ROY_WITHIN_SPLIT_DERANGEMENT_V1,908ce1f927ae651f,4c50288d16bda543,PAIRING_V1
subj05,fold_0,test,A:R,vis2vis,17,17,46,46,V2V_ROY_WITHIN_SPLIT_DERANGEMENT_V1,908ce1f927ae651f,4f6e27b64b6e9edb,PAIRING_V1
subj05,fold_0,test,A:R,vis2vis,46,46,17,17,V2V_ROY_WITHIN_SPLIT_DERANGEMENT_V1,908ce1f927ae651f,4f6e27b64b6e9edb,PAIRING_V1
subj05,fold_0,test,A:V,vis2vis,40,40,45,45,V2V_ROY_WITHIN_SPLIT_DERANGEMENT_V1,908ce1f927ae651f,602b61b1066516ad,PAIRING_V1
subj05,fold_0,test,A:V,vis2vis,45,45,40,40,V2V_ROY_WITHIN_SPLIT_DERANGEMENT_V1,908ce1f927ae651f,602b61b1066516ad,PAIRING_V1
subj05,fold_0,test,B:B,vis2vis,76,220,94,238,V2V_ROY_WITHIN_SPLIT_DERANGEMENT_V1,908ce1f927ae651f,f33fc9e6cf8883d0,PAIRING_V1
subj05,fold_0,test,B:B,vis2vis,94,238,76,220,V2V_ROY_WITHIN_SPLIT_DERANGEMENT_V1,908ce1f927ae651f,f33fc9e6cf8883d0,PAIRING_V1
subj05,fold_0,test,B:C,vis2vis,64,208,86,230,V2V_ROY_WITHIN_SPLIT_DERANGEMENT_V1,908ce1f927ae651f,c7ecf6a69611df48,PAIRING_V1
subj05,fold_0,test,B:C,vis2vis,86,230,64,208,V2V_ROY_WITHIN_SPLIT_DERANGEMENT_V1,908ce1f927ae651f,c7ecf6a69611df48,PAIRING_V1
subj05,fold_0,test,B:D,vis2vis,51,195,54,198,V2V_ROY_WITHIN_SPLIT_DERANGEMENT_V1,908ce1f927ae651f,d206af30301c28d7,PAIRING_V1
subj05,fold_0,test,B:D,vis2vis,54,198,51,195,V2V_ROY_WITHIN_SPLIT_DERANGEMENT_V1,908ce1f927ae651f,d206af30301c28d7,PAIRING_V1
subj05,fold_0,test,B:K,vis2vis,55,199,78,222,V2V_ROY_WITHIN_SPLIT_DERANGEMENT_V1,908ce1f927ae651f,29a71d75865012df,PAIRING_V1
subj05,fold_0,test,B:K,vis2vis,78,222,55,199,V2V_ROY_WITHIN_SPLIT_DERANGEMENT_V1,908ce1f927ae651f,29a71d75865012df,PAIRING_V1
subj05,fold_0,test,B:T,vis2vis,74,218,88,232,V2V_ROY_WITHIN_SPLIT_DERANGEMENT_V1,908ce1f927ae651f,f4b9f0204b8ba1ca,PAIRING_V1
subj05,fold_0,test,B:T,vis2vis,88,232,74,218,V2V_ROY_WITHIN_SPLIT_DERANGEMENT_V1,908ce1f927ae651f,f4b9f0204b8ba1ca,PAIRING_V1
subj05,fold_0,test,B:W,vis2vis,50,194,87,231,V2V_ROY_WITHIN_SPLIT_DERANGEMENT_V1,908ce1f927ae651f,3a4c6c41b32eedbe,PAIRING_V1
subj05,fold_0,test,B:W,vis2vis,87,231,50,194,V2V_ROY_WITHIN_SPLIT_DERANGEMENT_V1,908ce1f927ae651f,3a4c6c41b32eedbe,PAIRING_V1
subj05,fold_1,train,A:E,vis2vis,6,6,23,23,V2V_ROY_WITHIN_SPLIT_DERANGEMENT_V1,908ce1f927ae651f,133340f66efea7d6,PAIRING_V1
subj05,fold_1,train,A:E,vis2vis,23,23,47,47,V2V_ROY_WITHIN_SPLIT_DERANGEMENT_V1,908ce1f927ae651f,133340f66efea7d6,PAIRING_V1
subj05,fold_1,train,A:E,vis2vis,43,43,6,6,V2V_ROY_WITHIN_SPLIT_DERANGEMENT_V1,908ce1f927ae651f,133340f66efea7d6,PAIRING_V1
subj05,fold_1,train,A:E,vis2vis,47,47,43,43,V2V_ROY_WITHIN_SPLIT_DERANGEMENT_V1,908ce1f927ae651f,133340f66efea7d6,PAIRING_V1
subj05,fold_1,train,A:H,vis2vis,2,2,35,35,V2V_ROY_WITHIN_SPLIT_DERANGEMENT_V1,908ce1f927ae651f,c691d0b93931c1b3,PAIRING_V1
subj05,fold_1,train,A:H,vis2vis,24,24,28,28,V2V_ROY_WITHIN_SPLIT_DERANGEMENT_V1,908ce1f927ae651f,c691d0b93931c1b3,PAIRING_V1
subj05,fold_1,train,A:H,vis2vis,28,28,2,2,V2V_ROY_WITHIN_SPLIT_DERANGEMENT_V1,908ce1f927ae651f,c691d0b93931c1b3,PAIRING_V1
subj05,fold_1,train,A:H,vis2vis,35,35,24,24,V2V_ROY_WITHIN_SPLIT_DERANGEMENT_V1,908ce1f927ae651f,c691d0b93931c1b3,PAIRING_V1
subj05,fold_1,train,A:L,vis2vis,0,0,42,42,V2V_ROY_WITHIN_SPLIT_DERANGEMENT_V1,908ce1f927ae651f,4abd588adeef18c1,PAIRING_V1
subj05,fold_1,train,A:L,vis2vis,4,4,36,36,V2V_ROY_WITHIN_SPLIT_DERANGEMENT_V1,908ce1f927ae651f,4abd588adeef18c1,PAIRING_V1
subj05,fold_1,train,A:L,vis2vis,36,36,0,0,V2V_ROY_WITHIN_SPLIT_DERANGEMENT_V1,908ce1f927ae651f,4abd588adeef18c1,PAIRING_V1
subj05,fold_1,train,A:L,vis2vis,42,42,4,4,V2V_ROY_WITHIN_SPLIT_DERANGEMENT_V1,908ce1f927ae651f,4abd588adeef18c1,PAIRING_V1
subj05,fold_1,train,A:P,vis2vis,16,16,41,41,V2V_ROY_WITHIN_SPLIT_DERANGEMENT_V1,908ce1f927ae651f,035ec8940a7733d8,PAIRING_V1
subj05,fold_1,train,A:P,vis2vis,20,20,34,34,V2V_ROY_WITHIN_SPLIT_DERANGEMENT_V1,908ce1f927ae651f,035ec8940a7733d8,PAIRING_V1
subj05,fold_1,train,A:P,vis2vis,34,34,16,16,V2V_ROY_WITHIN_SPLIT_DERANGEMENT_V1,908ce1f927ae651f,035ec8940a7733d8,PAIRING_V1
subj05,fold_1,train,A:P,vis2vis,41,41,20,20,V2V_ROY_WITHIN_SPLIT_DERANGEMENT_V1,908ce1f927ae651f,035ec8940a7733d8,PAIRING_V1
subj05,fold_1,train,A:R,vis2vis,17,17,39,39,V2V_ROY_WITHIN_SPLIT_DERANGEMENT_V1,908ce1f927ae651f,382cb41702d8836a,PAIRING_V1
subj05,fold_1,train,A:R,vis2vis,25,25,46,46,V2V_ROY_WITHIN_SPLIT_DERANGEMENT_V1,908ce1f927ae651f,382cb41702d8836a,PAIRING_V1
subj05,fold_1,train,A:R,vis2vis,39,39,25,25,V2V_ROY_WITHIN_SPLIT_DERANGEMENT_V1,908ce1f927ae651f,382cb41702d8836a,PAIRING_V1
subj05,fold_1,train,A:R,vis2vis,46,46,17,17,V2V_ROY_WITHIN_SPLIT_DERANGEMENT_V1,908ce1f927ae651f,382cb41702d8836a,PAIRING_V1
subj05,fold_1,train,A:V,vis2vis,15,15,19,19,V2V_ROY_WITHIN_SPLIT_DERANGEMENT_V1,908ce1f927ae651f,749950367517a974,PAIRING_V1
subj05,fold_1,train,A:V,vis2vis,19,19,15,15,V2V_ROY_WITHIN_SPLIT_DERANGEMENT_V1,908ce1f927ae651f,749950367517a974,PAIRING_V1
subj05,fold_1,train,A:V,vis2vis,40,40,45,45,V2V_ROY_WITHIN_SPLIT_DERANGEMENT_V1,908ce1f927ae651f,749950367517a974,PAIRING_V1
subj05,fold_1,train,A:V,vis2vis,45,45,40,40,V2V_ROY_WITHIN_SPLIT_DERANGEMENT_V1,908ce1f927ae651f,749950367517a974,PAIRING_V1
subj05,fold_1,train,B:B,vis2vis,53,197,76,220,V2V_ROY_WITHIN_SPLIT_DERANGEMENT_V1,908ce1f927ae651f,4840903b9fd113c0,PAIRING_V1
subj05,fold_1,train,B:B,vis2vis,76,220,53,197,V2V_ROY_WITHIN_SPLIT_DERANGEMENT_V1,908ce1f927ae651f,4840903b9fd113c0,PAIRING_V1
subj05,fold_1,train,B:B,vis2vis,89,233,94,238,V2V_ROY_WITHIN_SPLIT_DERANGEMENT_V1,908ce1f927ae651f,4840903b9fd113c0,PAIRING_V1
subj05,fold_1,train,B:B,vis2vis,94,238,89,233,V2V_ROY_WITHIN_SPLIT_DERANGEMENT_V1,908ce1f927ae651f,4840903b9fd113c0,PAIRING_V1
subj05,fold_1,train,B:C,vis2vis,62,206,90,234,V2V_ROY_WITHIN_SPLIT_DERANGEMENT_V1,908ce1f927ae651f,5e63cdcf86452e47,PAIRING_V1
subj05,fold_1,train,B:C,vis2vis,64,208,86,230,V2V_ROY_WITHIN_SPLIT_DERANGEMENT_V1,908ce1f927ae651f,5e63cdcf86452e47,PAIRING_V1
subj05,fold_1,train,B:C,vis2vis,86,230,64,208,V2V_ROY_WITHIN_SPLIT_DERANGEMENT_V1,908ce1f927ae651f,5e63cdcf86452e47,PAIRING_V1
subj05,fold_1,train,B:C,vis2vis,90,234,62,206,V2V_ROY_WITHIN_SPLIT_DERANGEMENT_V1,908ce1f927ae651f,5e63cdcf86452e47,PAIRING_V1
subj05,fold_1,train,B:D,vis2vis,51,195,81,225,V2V_ROY_WITHIN_SPLIT_DERANGEMENT_V1,908ce1f927ae651f,d646e82c18009972,PAIRING_V1
subj05,fold_1,train,B:D,vis2vis,54,198,51,195,V2V_ROY_WITHIN_SPLIT_DERANGEMENT_V1,908ce1f927ae651f,d646e82c18009972,PAIRING_V1
subj05,fold_1,train,B:D,vis2vis,68,212,54,198,V2V_ROY_WITHIN_SPLIT_DERANGEMENT_V1,908ce1f927ae651f,d646e82c18009972,PAIRING_V1
subj05,fold_1,train,B:D,vis2vis,81,225,68,212,V2V_ROY_WITHIN_SPLIT_DERANGEMENT_V1,908ce1f927ae651f,d646e82c18009972,PAIRING_V1
subj05,fold_1,train,B:K,vis2vis,55,199,82,226,V2V_ROY_WITHIN_SPLIT_DERANGEMENT_V1,908ce1f927ae651f,b40d8c6991c3be62,PAIRING_V1
subj05,fold_1,train,B:K,vis2vis,59,203,78,222,V2V_ROY_WITHIN_SPLIT_DERANGEMENT_V1,908ce1f927ae651f,b40d8c6991c3be62,PAIRING_V1
subj05,fold_1,train,B:K,vis2vis,78,222,55,199,V2V_ROY_WITHIN_SPLIT_DERANGEMENT_V1,908ce1f927ae651f,b40d8c6991c3be62,PAIRING_V1
subj05,fold_1,train,B:K,vis2vis,82,226,59,203,V2V_ROY_WITHIN_SPLIT_DERANGEMENT_V1,908ce1f927ae651f,b40d8c6991c3be62,PAIRING_V1
subj05,fold_1,train,B:T,vis2vis,60,204,95,239,V2V_ROY_WITHIN_SPLIT_DERANGEMENT_V1,908ce1f927ae651f,ca58ee1f601ba069,PAIRING_V1
subj05,fold_1,train,B:T,vis2vis,74,218,88,232,V2V_ROY_WITHIN_SPLIT_DERANGEMENT_V1,908ce1f927ae651f,ca58ee1f601ba069,PAIRING_V1
subj05,fold_1,train,B:T,vis2vis,88,232,74,218,V2V_ROY_WITHIN_SPLIT_DERANGEMENT_V1,908ce1f927ae651f,ca58ee1f601ba069,PAIRING_V1
subj05,fold_1,train,B:T,vis2vis,95,239,60,204,V2V_ROY_WITHIN_SPLIT_DERANGEMENT_V1,908ce1f927ae651f,ca58ee1f601ba069,PAIRING_V1
subj05,fold_1,train,B:W,vis2vis,50,194,72,216,V2V_ROY_WITHIN_SPLIT_DERANGEMENT_V1,908ce1f927ae651f,6e429c8ae2af71d2,PAIRING_V1
subj05,fold_1,train,B:W,vis2vis,72,216,77,221,V2V_ROY_WITHIN_SPLIT_DERANGEMENT_V1,908ce1f927ae651f,6e429c8ae2af71d2,PAIRING_V1
subj05,fold_1,train,B:W,vis2vis,77,221,87,231,V2V_ROY_WITHIN_SPLIT_DERANGEMENT_V1,908ce1f927ae651f,6e429c8ae2af71d2,PAIRING_V1
subj05,fold_1,train,B:W,vis2vis,87,231,50,194,V2V_ROY_WITHIN_SPLIT_DERANGEMENT_V1,908ce1f927ae651f,6e429c8ae2af71d2,PAIRING_V1
subj05,fold_1,val,A:E,vis2vis,9,9,38,38,V2V_ROY_WITHIN_SPLIT_DERANGEMENT_V1,908ce1f927ae651f,5408aa218f37863d,PAIRING_V1
subj05,fold_1,val,A:E,vis2vis,38,38,9,9,V2V_ROY_WITHIN_SPLIT_DERANGEMENT_V1,908ce1f927ae651f,5408aa218f37863d,PAIRING_V1
subj05,fold_1,val,A:H,vis2vis,18,18,21,21,V2V_ROY_WITHIN_SPLIT_DERANGEMENT_V1,908ce1f927ae651f,a433809b274ba16f,PAIRING_V1
subj05,fold_1,val,A:H,vis2vis,21,21,18,18,V2V_ROY_WITHIN_SPLIT_DERANGEMENT_V1,908ce1f927ae651f,a433809b274ba16f,PAIRING_V1
subj05,fold_1,val,A:L,vis2vis,7,7,29,29,V2V_ROY_WITHIN_SPLIT_DERANGEMENT_V1,908ce1f927ae651f,4ff874f9f6ed1b08,PAIRING_V1
subj05,fold_1,val,A:L,vis2vis,29,29,7,7,V2V_ROY_WITHIN_SPLIT_DERANGEMENT_V1,908ce1f927ae651f,4ff874f9f6ed1b08,PAIRING_V1
subj05,fold_1,val,A:P,vis2vis,11,11,37,37,V2V_ROY_WITHIN_SPLIT_DERANGEMENT_V1,908ce1f927ae651f,f83c090bccc14889,PAIRING_V1
subj05,fold_1,val,A:P,vis2vis,37,37,11,11,V2V_ROY_WITHIN_SPLIT_DERANGEMENT_V1,908ce1f927ae651f,f83c090bccc14889,PAIRING_V1
subj05,fold_1,val,A:R,vis2vis,5,5,44,44,V2V_ROY_WITHIN_SPLIT_DERANGEMENT_V1,908ce1f927ae651f,6ed538ff2ee10e48,PAIRING_V1
subj05,fold_1,val,A:R,vis2vis,44,44,5,5,V2V_ROY_WITHIN_SPLIT_DERANGEMENT_V1,908ce1f927ae651f,6ed538ff2ee10e48,PAIRING_V1
subj05,fold_1,val,A:V,vis2vis,31,31,33,33,V2V_ROY_WITHIN_SPLIT_DERANGEMENT_V1,908ce1f927ae651f,927c2fa327f5ace9,PAIRING_V1
subj05,fold_1,val,A:V,vis2vis,33,33,31,31,V2V_ROY_WITHIN_SPLIT_DERANGEMENT_V1,908ce1f927ae651f,927c2fa327f5ace9,PAIRING_V1
subj05,fold_1,val,B:B,vis2vis,83,227,85,229,V2V_ROY_WITHIN_SPLIT_DERANGEMENT_V1,908ce1f927ae651f,9a3d1cfef59f970d,PAIRING_V1
subj05,fold_1,val,B:B,vis2vis,85,229,83,227,V2V_ROY_WITHIN_SPLIT_DERANGEMENT_V1,908ce1f927ae651f,9a3d1cfef59f970d,PAIRING_V1
subj05,fold_1,val,B:C,vis2vis,49,193,73,217,V2V_ROY_WITHIN_SPLIT_DERANGEMENT_V1,908ce1f927ae651f,14e307ceab117909,PAIRING_V1
subj05,fold_1,val,B:C,vis2vis,73,217,49,193,V2V_ROY_WITHIN_SPLIT_DERANGEMENT_V1,908ce1f927ae651f,14e307ceab117909,PAIRING_V1
subj05,fold_1,val,B:D,vis2vis,61,205,65,209,V2V_ROY_WITHIN_SPLIT_DERANGEMENT_V1,908ce1f927ae651f,3cd974bef6650060,PAIRING_V1
subj05,fold_1,val,B:D,vis2vis,65,209,61,205,V2V_ROY_WITHIN_SPLIT_DERANGEMENT_V1,908ce1f927ae651f,3cd974bef6650060,PAIRING_V1
subj05,fold_1,val,B:K,vis2vis,57,201,84,228,V2V_ROY_WITHIN_SPLIT_DERANGEMENT_V1,908ce1f927ae651f,dfe8689f67f1b1cb,PAIRING_V1
subj05,fold_1,val,B:K,vis2vis,84,228,57,201,V2V_ROY_WITHIN_SPLIT_DERANGEMENT_V1,908ce1f927ae651f,dfe8689f67f1b1cb,PAIRING_V1
subj05,fold_1,val,B:T,vis2vis,69,213,80,224,V2V_ROY_WITHIN_SPLIT_DERANGEMENT_V1,908ce1f927ae651f,6ee9d5f4ffdf8cc7,PAIRING_V1
subj05,fold_1,val,B:T,vis2vis,80,224,69,213,V2V_ROY_WITHIN_SPLIT_DERANGEMENT_V1,908ce1f927ae651f,6ee9d5f4ffdf8cc7,PAIRING_V1
subj05,fold_1,val,B:W,vis2vis,48,192,63,207,V2V_ROY_WITHIN_SPLIT_DERANGEMENT_V1,908ce1f927ae651f,6f30e8261b5bb14a,PAIRING_V1
subj05,fold_1,val,B:W,vis2vis,63,207,48,192,V2V_ROY_WITHIN_SPLIT_DERANGEMENT_V1,908ce1f927ae651f,6f30e8261b5bb14a,PAIRING_V1
subj05,fold_1,test,A:E,vis2vis,26,26,32,32,V2V_ROY_WITHIN_SPLIT_DERANGEMENT_V1,908ce1f927ae651f,88115bcfbb08c8f1,PAIRING_V1
subj05,fold_1,test,A:E,vis2vis,32,32,26,26,V2V_ROY_WITHIN_SPLIT_DERANGEMENT_V1,908ce1f927ae651f,88115bcfbb08c8f1,PAIRING_V1
subj05,fold_1,test,A:H,vis2vis,10,10,14,14,V2V_ROY_WITHIN_SPLIT_DERANGEMENT_V1,908ce1f927ae651f,54547c5b7f2df4a7,PAIRING_V1
subj05,fold_1,test,A:H,vis2vis,14,14,10,10,V2V_ROY_WITHIN_SPLIT_DERANGEMENT_V1,908ce1f927ae651f,54547c5b7f2df4a7,PAIRING_V1
subj05,fold_1,test,A:L,vis2vis,12,12,27,27,V2V_ROY_WITHIN_SPLIT_DERANGEMENT_V1,908ce1f927ae651f,a98171bcc50fb559,PAIRING_V1
subj05,fold_1,test,A:L,vis2vis,27,27,12,12,V2V_ROY_WITHIN_SPLIT_DERANGEMENT_V1,908ce1f927ae651f,a98171bcc50fb559,PAIRING_V1
subj05,fold_1,test,A:P,vis2vis,8,8,13,13,V2V_ROY_WITHIN_SPLIT_DERANGEMENT_V1,908ce1f927ae651f,65f80032e16c40bc,PAIRING_V1
subj05,fold_1,test,A:P,vis2vis,13,13,8,8,V2V_ROY_WITHIN_SPLIT_DERANGEMENT_V1,908ce1f927ae651f,65f80032e16c40bc,PAIRING_V1
subj05,fold_1,test,A:R,vis2vis,22,22,30,30,V2V_ROY_WITHIN_SPLIT_DERANGEMENT_V1,908ce1f927ae651f,9f6c83d7805652de,PAIRING_V1
subj05,fold_1,test,A:R,vis2vis,30,30,22,22,V2V_ROY_WITHIN_SPLIT_DERANGEMENT_V1,908ce1f927ae651f,9f6c83d7805652de,PAIRING_V1
subj05,fold_1,test,A:V,vis2vis,1,1,3,3,V2V_ROY_WITHIN_SPLIT_DERANGEMENT_V1,908ce1f927ae651f,9cf1009d385fde17,PAIRING_V1
subj05,fold_1,test,A:V,vis2vis,3,3,1,1,V2V_ROY_WITHIN_SPLIT_DERANGEMENT_V1,908ce1f927ae651f,9cf1009d385fde17,PAIRING_V1
subj05,fold_1,test,B:B,vis2vis,66,210,79,223,V2V_ROY_WITHIN_SPLIT_DERANGEMENT_V1,908ce1f927ae651f,dac98298b98835ad,PAIRING_V1
subj05,fold_1,test,B:B,vis2vis,79,223,66,210,V2V_ROY_WITHIN_SPLIT_DERANGEMENT_V1,908ce1f927ae651f,dac98298b98835ad,PAIRING_V1
subj05,fold_1,test,B:C,vis2vis,58,202,71,215,V2V_ROY_WITHIN_SPLIT_DERANGEMENT_V1,908ce1f927ae651f,e7c784a68ef9b5c9,PAIRING_V1
subj05,fold_1,test,B:C,vis2vis,71,215,58,202,V2V_ROY_WITHIN_SPLIT_DERANGEMENT_V1,908ce1f927ae651f,e7c784a68ef9b5c9,PAIRING_V1
subj05,fold_1,test,B:D,vis2vis,70,214,93,237,V2V_ROY_WITHIN_SPLIT_DERANGEMENT_V1,908ce1f927ae651f,0b4048041677b6e5,PAIRING_V1
subj05,fold_1,test,B:D,vis2vis,93,237,70,214,V2V_ROY_WITHIN_SPLIT_DERANGEMENT_V1,908ce1f927ae651f,0b4048041677b6e5,PAIRING_V1
subj05,fold_1,test,B:K,vis2vis,67,211,91,235,V2V_ROY_WITHIN_SPLIT_DERANGEMENT_V1,908ce1f927ae651f,77c69b7b51d309c0,PAIRING_V1
subj05,fold_1,test,B:K,vis2vis,91,235,67,211,V2V_ROY_WITHIN_SPLIT_DERANGEMENT_V1,908ce1f927ae651f,77c69b7b51d309c0,PAIRING_V1
subj05,fold_1,test,B:T,vis2vis,52,196,92,236,V2V_ROY_WITHIN_SPLIT_DERANGEMENT_V1,908ce1f927ae651f,7255dc47457f5c3b,PAIRING_V1
subj05,fold_1,test,B:T,vis2vis,92,236,52,196,V2V_ROY_WITHIN_SPLIT_DERANGEMENT_V1,908ce1f927ae651f,7255dc47457f5c3b,PAIRING_V1
subj05,fold_1,test,B:W,vis2vis,56,200,75,219,V2V_ROY_WITHIN_SPLIT_DERANGEMENT_V1,908ce1f927ae651f,79e97ae7a747a372,PAIRING_V1
subj05,fold_1,test,B:W,vis2vis,75,219,56,200,V2V_ROY_WITHIN_SPLIT_DERANGEMENT_V1,908ce1f927ae651f,79e97ae7a747a372,PAIRING_V1
subj05,fold_2,train,A:E,vis2vis,6,6,26,26,V2V_ROY_WITHIN_SPLIT_DERANGEMENT_V1,908ce1f927ae651f,12531b543f434500,PAIRING_V1
subj05,fold_2,train,A:E,vis2vis,23,23,6,6,V2V_ROY_WITHIN_SPLIT_DERANGEMENT_V1,908ce1f927ae651f,12531b543f434500,PAIRING_V1
subj05,fold_2,train,A:E,vis2vis,26,26,32,32,V2V_ROY_WITHIN_SPLIT_DERANGEMENT_V1,908ce1f927ae651f,12531b543f434500,PAIRING_V1
subj05,fold_2,train,A:E,vis2vis,32,32,23,23,V2V_ROY_WITHIN_SPLIT_DERANGEMENT_V1,908ce1f927ae651f,12531b543f434500,PAIRING_V1
subj05,fold_2,train,A:H,vis2vis,10,10,35,35,V2V_ROY_WITHIN_SPLIT_DERANGEMENT_V1,908ce1f927ae651f,154a8336068409d7,PAIRING_V1
subj05,fold_2,train,A:H,vis2vis,14,14,10,10,V2V_ROY_WITHIN_SPLIT_DERANGEMENT_V1,908ce1f927ae651f,154a8336068409d7,PAIRING_V1
subj05,fold_2,train,A:H,vis2vis,24,24,14,14,V2V_ROY_WITHIN_SPLIT_DERANGEMENT_V1,908ce1f927ae651f,154a8336068409d7,PAIRING_V1
subj05,fold_2,train,A:H,vis2vis,35,35,24,24,V2V_ROY_WITHIN_SPLIT_DERANGEMENT_V1,908ce1f927ae651f,154a8336068409d7,PAIRING_V1
subj05,fold_2,train,A:L,vis2vis,0,0,12,12,V2V_ROY_WITHIN_SPLIT_DERANGEMENT_V1,908ce1f927ae651f,775b23f66826e8ce,PAIRING_V1
subj05,fold_2,train,A:L,vis2vis,4,4,27,27,V2V_ROY_WITHIN_SPLIT_DERANGEMENT_V1,908ce1f927ae651f,775b23f66826e8ce,PAIRING_V1
subj05,fold_2,train,A:L,vis2vis,12,12,0,0,V2V_ROY_WITHIN_SPLIT_DERANGEMENT_V1,908ce1f927ae651f,775b23f66826e8ce,PAIRING_V1
subj05,fold_2,train,A:L,vis2vis,27,27,4,4,V2V_ROY_WITHIN_SPLIT_DERANGEMENT_V1,908ce1f927ae651f,775b23f66826e8ce,PAIRING_V1
subj05,fold_2,train,A:P,vis2vis,8,8,13,13,V2V_ROY_WITHIN_SPLIT_DERANGEMENT_V1,908ce1f927ae651f,c399dc3bcb333277,PAIRING_V1
subj05,fold_2,train,A:P,vis2vis,13,13,16,16,V2V_ROY_WITHIN_SPLIT_DERANGEMENT_V1,908ce1f927ae651f,c399dc3bcb333277,PAIRING_V1
subj05,fold_2,train,A:P,vis2vis,16,16,34,34,V2V_ROY_WITHIN_SPLIT_DERANGEMENT_V1,908ce1f927ae651f,c399dc3bcb333277,PAIRING_V1
subj05,fold_2,train,A:P,vis2vis,34,34,8,8,V2V_ROY_WITHIN_SPLIT_DERANGEMENT_V1,908ce1f927ae651f,c399dc3bcb333277,PAIRING_V1
subj05,fold_2,train,A:R,vis2vis,17,17,22,22,V2V_ROY_WITHIN_SPLIT_DERANGEMENT_V1,908ce1f927ae651f,6799a4073a99b4de,PAIRING_V1
subj05,fold_2,train,A:R,vis2vis,22,22,46,46,V2V_ROY_WITHIN_SPLIT_DERANGEMENT_V1,908ce1f927ae651f,6799a4073a99b4de,PAIRING_V1
subj05,fold_2,train,A:R,vis2vis,30,30,17,17,V2V_ROY_WITHIN_SPLIT_DERANGEMENT_V1,908ce1f927ae651f,6799a4073a99b4de,PAIRING_V1
subj05,fold_2,train,A:R,vis2vis,46,46,30,30,V2V_ROY_WITHIN_SPLIT_DERANGEMENT_V1,908ce1f927ae651f,6799a4073a99b4de,PAIRING_V1
subj05,fold_2,train,A:V,vis2vis,1,1,40,40,V2V_ROY_WITHIN_SPLIT_DERANGEMENT_V1,908ce1f927ae651f,39f5cae2f002b814,PAIRING_V1
subj05,fold_2,train,A:V,vis2vis,3,3,45,45,V2V_ROY_WITHIN_SPLIT_DERANGEMENT_V1,908ce1f927ae651f,39f5cae2f002b814,PAIRING_V1
subj05,fold_2,train,A:V,vis2vis,40,40,3,3,V2V_ROY_WITHIN_SPLIT_DERANGEMENT_V1,908ce1f927ae651f,39f5cae2f002b814,PAIRING_V1
subj05,fold_2,train,A:V,vis2vis,45,45,1,1,V2V_ROY_WITHIN_SPLIT_DERANGEMENT_V1,908ce1f927ae651f,39f5cae2f002b814,PAIRING_V1
subj05,fold_2,train,B:B,vis2vis,66,210,79,223,V2V_ROY_WITHIN_SPLIT_DERANGEMENT_V1,908ce1f927ae651f,a1963e7e90897eaf,PAIRING_V1
subj05,fold_2,train,B:B,vis2vis,76,220,94,238,V2V_ROY_WITHIN_SPLIT_DERANGEMENT_V1,908ce1f927ae651f,a1963e7e90897eaf,PAIRING_V1
subj05,fold_2,train,B:B,vis2vis,79,223,66,210,V2V_ROY_WITHIN_SPLIT_DERANGEMENT_V1,908ce1f927ae651f,a1963e7e90897eaf,PAIRING_V1
subj05,fold_2,train,B:B,vis2vis,94,238,76,220,V2V_ROY_WITHIN_SPLIT_DERANGEMENT_V1,908ce1f927ae651f,a1963e7e90897eaf,PAIRING_V1
subj05,fold_2,train,B:C,vis2vis,58,202,71,215,V2V_ROY_WITHIN_SPLIT_DERANGEMENT_V1,908ce1f927ae651f,3a0149bb68e3a386,PAIRING_V1
subj05,fold_2,train,B:C,vis2vis,64,208,86,230,V2V_ROY_WITHIN_SPLIT_DERANGEMENT_V1,908ce1f927ae651f,3a0149bb68e3a386,PAIRING_V1
subj05,fold_2,train,B:C,vis2vis,71,215,58,202,V2V_ROY_WITHIN_SPLIT_DERANGEMENT_V1,908ce1f927ae651f,3a0149bb68e3a386,PAIRING_V1
subj05,fold_2,train,B:C,vis2vis,86,230,64,208,V2V_ROY_WITHIN_SPLIT_DERANGEMENT_V1,908ce1f927ae651f,3a0149bb68e3a386,PAIRING_V1
subj05,fold_2,train,B:D,vis2vis,51,195,54,198,V2V_ROY_WITHIN_SPLIT_DERANGEMENT_V1,908ce1f927ae651f,38ea1e99d180a110,PAIRING_V1
subj05,fold_2,train,B:D,vis2vis,54,198,51,195,V2V_ROY_WITHIN_SPLIT_DERANGEMENT_V1,908ce1f927ae651f,38ea1e99d180a110,PAIRING_V1
subj05,fold_2,train,B:D,vis2vis,70,214,93,237,V2V_ROY_WITHIN_SPLIT_DERANGEMENT_V1,908ce1f927ae651f,38ea1e99d180a110,PAIRING_V1
subj05,fold_2,train,B:D,vis2vis,93,237,70,214,V2V_ROY_WITHIN_SPLIT_DERANGEMENT_V1,908ce1f927ae651f,38ea1e99d180a110,PAIRING_V1
subj05,fold_2,train,B:K,vis2vis,55,199,67,211,V2V_ROY_WITHIN_SPLIT_DERANGEMENT_V1,908ce1f927ae651f,914dc119d1f75a3a,PAIRING_V1
subj05,fold_2,train,B:K,vis2vis,67,211,91,235,V2V_ROY_WITHIN_SPLIT_DERANGEMENT_V1,908ce1f927ae651f,914dc119d1f75a3a,PAIRING_V1
subj05,fold_2,train,B:K,vis2vis,78,222,55,199,V2V_ROY_WITHIN_SPLIT_DERANGEMENT_V1,908ce1f927ae651f,914dc119d1f75a3a,PAIRING_V1
subj05,fold_2,train,B:K,vis2vis,91,235,78,222,V2V_ROY_WITHIN_SPLIT_DERANGEMENT_V1,908ce1f927ae651f,914dc119d1f75a3a,PAIRING_V1
subj05,fold_2,train,B:T,vis2vis,52,196,74,218,V2V_ROY_WITHIN_SPLIT_DERANGEMENT_V1,908ce1f927ae651f,b4cf66fe8526ddac,PAIRING_V1
subj05,fold_2,train,B:T,vis2vis,74,218,88,232,V2V_ROY_WITHIN_SPLIT_DERANGEMENT_V1,908ce1f927ae651f,b4cf66fe8526ddac,PAIRING_V1
subj05,fold_2,train,B:T,vis2vis,88,232,92,236,V2V_ROY_WITHIN_SPLIT_DERANGEMENT_V1,908ce1f927ae651f,b4cf66fe8526ddac,PAIRING_V1
subj05,fold_2,train,B:T,vis2vis,92,236,52,196,V2V_ROY_WITHIN_SPLIT_DERANGEMENT_V1,908ce1f927ae651f,b4cf66fe8526ddac,PAIRING_V1
subj05,fold_2,train,B:W,vis2vis,50,194,87,231,V2V_ROY_WITHIN_SPLIT_DERANGEMENT_V1,908ce1f927ae651f,8f8fbeca896be7e5,PAIRING_V1
subj05,fold_2,train,B:W,vis2vis,56,200,75,219,V2V_ROY_WITHIN_SPLIT_DERANGEMENT_V1,908ce1f927ae651f,8f8fbeca896be7e5,PAIRING_V1
subj05,fold_2,train,B:W,vis2vis,75,219,50,194,V2V_ROY_WITHIN_SPLIT_DERANGEMENT_V1,908ce1f927ae651f,8f8fbeca896be7e5,PAIRING_V1
subj05,fold_2,train,B:W,vis2vis,87,231,56,200,V2V_ROY_WITHIN_SPLIT_DERANGEMENT_V1,908ce1f927ae651f,8f8fbeca896be7e5,PAIRING_V1
subj05,fold_2,val,A:E,vis2vis,9,9,38,38,V2V_ROY_WITHIN_SPLIT_DERANGEMENT_V1,908ce1f927ae651f,1db5dc1c3665bde7,PAIRING_V1
subj05,fold_2,val,A:E,vis2vis,38,38,9,9,V2V_ROY_WITHIN_SPLIT_DERANGEMENT_V1,908ce1f927ae651f,1db5dc1c3665bde7,PAIRING_V1
subj05,fold_2,val,A:H,vis2vis,18,18,21,21,V2V_ROY_WITHIN_SPLIT_DERANGEMENT_V1,908ce1f927ae651f,76cd89086227ae1f,PAIRING_V1
subj05,fold_2,val,A:H,vis2vis,21,21,18,18,V2V_ROY_WITHIN_SPLIT_DERANGEMENT_V1,908ce1f927ae651f,76cd89086227ae1f,PAIRING_V1
subj05,fold_2,val,A:L,vis2vis,7,7,29,29,V2V_ROY_WITHIN_SPLIT_DERANGEMENT_V1,908ce1f927ae651f,f3e7e83c61106d7b,PAIRING_V1
subj05,fold_2,val,A:L,vis2vis,29,29,7,7,V2V_ROY_WITHIN_SPLIT_DERANGEMENT_V1,908ce1f927ae651f,f3e7e83c61106d7b,PAIRING_V1
subj05,fold_2,val,A:P,vis2vis,11,11,37,37,V2V_ROY_WITHIN_SPLIT_DERANGEMENT_V1,908ce1f927ae651f,5ad823522a97a015,PAIRING_V1
subj05,fold_2,val,A:P,vis2vis,37,37,11,11,V2V_ROY_WITHIN_SPLIT_DERANGEMENT_V1,908ce1f927ae651f,5ad823522a97a015,PAIRING_V1
subj05,fold_2,val,A:R,vis2vis,5,5,44,44,V2V_ROY_WITHIN_SPLIT_DERANGEMENT_V1,908ce1f927ae651f,8b7e56189598067b,PAIRING_V1
subj05,fold_2,val,A:R,vis2vis,44,44,5,5,V2V_ROY_WITHIN_SPLIT_DERANGEMENT_V1,908ce1f927ae651f,8b7e56189598067b,PAIRING_V1
subj05,fold_2,val,A:V,vis2vis,31,31,33,33,V2V_ROY_WITHIN_SPLIT_DERANGEMENT_V1,908ce1f927ae651f,61415b9391348fe6,PAIRING_V1
subj05,fold_2,val,A:V,vis2vis,33,33,31,31,V2V_ROY_WITHIN_SPLIT_DERANGEMENT_V1,908ce1f927ae651f,61415b9391348fe6,PAIRING_V1
subj05,fold_2,val,B:B,vis2vis,83,227,85,229,V2V_ROY_WITHIN_SPLIT_DERANGEMENT_V1,908ce1f927ae651f,9d407fa4b34a9d4b,PAIRING_V1
subj05,fold_2,val,B:B,vis2vis,85,229,83,227,V2V_ROY_WITHIN_SPLIT_DERANGEMENT_V1,908ce1f927ae651f,9d407fa4b34a9d4b,PAIRING_V1
subj05,fold_2,val,B:C,vis2vis,49,193,73,217,V2V_ROY_WITHIN_SPLIT_DERANGEMENT_V1,908ce1f927ae651f,d9851eae53d08441,PAIRING_V1
subj05,fold_2,val,B:C,vis2vis,73,217,49,193,V2V_ROY_WITHIN_SPLIT_DERANGEMENT_V1,908ce1f927ae651f,d9851eae53d08441,PAIRING_V1
subj05,fold_2,val,B:D,vis2vis,61,205,65,209,V2V_ROY_WITHIN_SPLIT_DERANGEMENT_V1,908ce1f927ae651f,d563f700eb600195,PAIRING_V1
subj05,fold_2,val,B:D,vis2vis,65,209,61,205,V2V_ROY_WITHIN_SPLIT_DERANGEMENT_V1,908ce1f927ae651f,d563f700eb600195,PAIRING_V1
subj05,fold_2,val,B:K,vis2vis,57,201,84,228,V2V_ROY_WITHIN_SPLIT_DERANGEMENT_V1,908ce1f927ae651f,0c254931ecdfae67,PAIRING_V1
subj05,fold_2,val,B:K,vis2vis,84,228,57,201,V2V_ROY_WITHIN_SPLIT_DERANGEMENT_V1,908ce1f927ae651f,0c254931ecdfae67,PAIRING_V1
subj05,fold_2,val,B:T,vis2vis,69,213,80,224,V2V_ROY_WITHIN_SPLIT_DERANGEMENT_V1,908ce1f927ae651f,454e65993d8ef7cc,PAIRING_V1
subj05,fold_2,val,B:T,vis2vis,80,224,69,213,V2V_ROY_WITHIN_SPLIT_DERANGEMENT_V1,908ce1f927ae651f,454e65993d8ef7cc,PAIRING_V1
subj05,fold_2,val,B:W,vis2vis,48,192,63,207,V2V_ROY_WITHIN_SPLIT_DERANGEMENT_V1,908ce1f927ae651f,571c3ae666976e3f,PAIRING_V1
subj05,fold_2,val,B:W,vis2vis,63,207,48,192,V2V_ROY_WITHIN_SPLIT_DERANGEMENT_V1,908ce1f927ae651f,571c3ae666976e3f,PAIRING_V1
subj05,fold_2,test,A:E,vis2vis,43,43,47,47,V2V_ROY_WITHIN_SPLIT_DERANGEMENT_V1,908ce1f927ae651f,f3317f3f544f1fff,PAIRING_V1
subj05,fold_2,test,A:E,vis2vis,47,47,43,43,V2V_ROY_WITHIN_SPLIT_DERANGEMENT_V1,908ce1f927ae651f,f3317f3f544f1fff,PAIRING_V1
subj05,fold_2,test,A:H,vis2vis,2,2,28,28,V2V_ROY_WITHIN_SPLIT_DERANGEMENT_V1,908ce1f927ae651f,9aedf039855c61d6,PAIRING_V1
subj05,fold_2,test,A:H,vis2vis,28,28,2,2,V2V_ROY_WITHIN_SPLIT_DERANGEMENT_V1,908ce1f927ae651f,9aedf039855c61d6,PAIRING_V1
subj05,fold_2,test,A:L,vis2vis,36,36,42,42,V2V_ROY_WITHIN_SPLIT_DERANGEMENT_V1,908ce1f927ae651f,ec8cde5ab384b294,PAIRING_V1
subj05,fold_2,test,A:L,vis2vis,42,42,36,36,V2V_ROY_WITHIN_SPLIT_DERANGEMENT_V1,908ce1f927ae651f,ec8cde5ab384b294,PAIRING_V1
subj05,fold_2,test,A:P,vis2vis,20,20,41,41,V2V_ROY_WITHIN_SPLIT_DERANGEMENT_V1,908ce1f927ae651f,7b5e9e1dd8821bd7,PAIRING_V1
subj05,fold_2,test,A:P,vis2vis,41,41,20,20,V2V_ROY_WITHIN_SPLIT_DERANGEMENT_V1,908ce1f927ae651f,7b5e9e1dd8821bd7,PAIRING_V1
subj05,fold_2,test,A:R,vis2vis,25,25,39,39,V2V_ROY_WITHIN_SPLIT_DERANGEMENT_V1,908ce1f927ae651f,7578e8b0fd2aebbc,PAIRING_V1
subj05,fold_2,test,A:R,vis2vis,39,39,25,25,V2V_ROY_WITHIN_SPLIT_DERANGEMENT_V1,908ce1f927ae651f,7578e8b0fd2aebbc,PAIRING_V1
subj05,fold_2,test,A:V,vis2vis,15,15,19,19,V2V_ROY_WITHIN_SPLIT_DERANGEMENT_V1,908ce1f927ae651f,90feb508c92cf3e0,PAIRING_V1
subj05,fold_2,test,A:V,vis2vis,19,19,15,15,V2V_ROY_WITHIN_SPLIT_DERANGEMENT_V1,908ce1f927ae651f,90feb508c92cf3e0,PAIRING_V1
subj05,fold_2,test,B:B,vis2vis,53,197,89,233,V2V_ROY_WITHIN_SPLIT_DERANGEMENT_V1,908ce1f927ae651f,51f82ee57322a8c4,PAIRING_V1
subj05,fold_2,test,B:B,vis2vis,89,233,53,197,V2V_ROY_WITHIN_SPLIT_DERANGEMENT_V1,908ce1f927ae651f,51f82ee57322a8c4,PAIRING_V1
subj05,fold_2,test,B:C,vis2vis,62,206,90,234,V2V_ROY_WITHIN_SPLIT_DERANGEMENT_V1,908ce1f927ae651f,b1cd6b7b9e01d731,PAIRING_V1
subj05,fold_2,test,B:C,vis2vis,90,234,62,206,V2V_ROY_WITHIN_SPLIT_DERANGEMENT_V1,908ce1f927ae651f,b1cd6b7b9e01d731,PAIRING_V1
subj05,fold_2,test,B:D,vis2vis,68,212,81,225,V2V_ROY_WITHIN_SPLIT_DERANGEMENT_V1,908ce1f927ae651f,43de316b8862f931,PAIRING_V1
subj05,fold_2,test,B:D,vis2vis,81,225,68,212,V2V_ROY_WITHIN_SPLIT_DERANGEMENT_V1,908ce1f927ae651f,43de316b8862f931,PAIRING_V1
subj05,fold_2,test,B:K,vis2vis,59,203,82,226,V2V_ROY_WITHIN_SPLIT_DERANGEMENT_V1,908ce1f927ae651f,da4a53f559580eaf,PAIRING_V1
subj05,fold_2,test,B:K,vis2vis,82,226,59,203,V2V_ROY_WITHIN_SPLIT_DERANGEMENT_V1,908ce1f927ae651f,da4a53f559580eaf,PAIRING_V1
subj05,fold_2,test,B:T,vis2vis,60,204,95,239,V2V_ROY_WITHIN_SPLIT_DERANGEMENT_V1,908ce1f927ae651f,88723a94846cfe50,PAIRING_V1
subj05,fold_2,test,B:T,vis2vis,95,239,60,204,V2V_ROY_WITHIN_SPLIT_DERANGEMENT_V1,908ce1f927ae651f,88723a94846cfe50,PAIRING_V1
subj05,fold_2,test,B:W,vis2vis,72,216,77,221,V2V_ROY_WITHIN_SPLIT_DERANGEMENT_V1,908ce1f927ae651f,b770e5577634f554,PAIRING_V1
subj05,fold_2,test,B:W,vis2vis,77,221,72,216,V2V_ROY_WITHIN_SPLIT_DERANGEMENT_V1,908ce1f927ae651f,b770e5577634f554,PAIRING_V1
subj05,fold_3,train,A:E,vis2vis,6,6,26,26,V2V_ROY_WITHIN_SPLIT_DERANGEMENT_V1,908ce1f927ae651f,0a758d0077e2b2be,PAIRING_V1
subj05,fold_3,train,A:E,vis2vis,23,23,6,6,V2V_ROY_WITHIN_SPLIT_DERANGEMENT_V1,908ce1f927ae651f,0a758d0077e2b2be,PAIRING_V1
subj05,fold_3,train,A:E,vis2vis,26,26,32,32,V2V_ROY_WITHIN_SPLIT_DERANGEMENT_V1,908ce1f927ae651f,0a758d0077e2b2be,PAIRING_V1
subj05,fold_3,train,A:E,vis2vis,32,32,23,23,V2V_ROY_WITHIN_SPLIT_DERANGEMENT_V1,908ce1f927ae651f,0a758d0077e2b2be,PAIRING_V1
subj05,fold_3,train,A:H,vis2vis,10,10,24,24,V2V_ROY_WITHIN_SPLIT_DERANGEMENT_V1,908ce1f927ae651f,fdf63dc435e6a127,PAIRING_V1
subj05,fold_3,train,A:H,vis2vis,14,14,35,35,V2V_ROY_WITHIN_SPLIT_DERANGEMENT_V1,908ce1f927ae651f,fdf63dc435e6a127,PAIRING_V1
subj05,fold_3,train,A:H,vis2vis,24,24,14,14,V2V_ROY_WITHIN_SPLIT_DERANGEMENT_V1,908ce1f927ae651f,fdf63dc435e6a127,PAIRING_V1
subj05,fold_3,train,A:H,vis2vis,35,35,10,10,V2V_ROY_WITHIN_SPLIT_DERANGEMENT_V1,908ce1f927ae651f,fdf63dc435e6a127,PAIRING_V1
subj05,fold_3,train,A:L,vis2vis,0,0,4,4,V2V_ROY_WITHIN_SPLIT_DERANGEMENT_V1,908ce1f927ae651f,3a7e2ec66a64fc65,PAIRING_V1
subj05,fold_3,train,A:L,vis2vis,4,4,27,27,V2V_ROY_WITHIN_SPLIT_DERANGEMENT_V1,908ce1f927ae651f,3a7e2ec66a64fc65,PAIRING_V1
subj05,fold_3,train,A:L,vis2vis,12,12,0,0,V2V_ROY_WITHIN_SPLIT_DERANGEMENT_V1,908ce1f927ae651f,3a7e2ec66a64fc65,PAIRING_V1
subj05,fold_3,train,A:L,vis2vis,27,27,12,12,V2V_ROY_WITHIN_SPLIT_DERANGEMENT_V1,908ce1f927ae651f,3a7e2ec66a64fc65,PAIRING_V1
subj05,fold_3,train,A:P,vis2vis,8,8,16,16,V2V_ROY_WITHIN_SPLIT_DERANGEMENT_V1,908ce1f927ae651f,25a757d5b7b9e029,PAIRING_V1
subj05,fold_3,train,A:P,vis2vis,13,13,34,34,V2V_ROY_WITHIN_SPLIT_DERANGEMENT_V1,908ce1f927ae651f,25a757d5b7b9e029,PAIRING_V1
subj05,fold_3,train,A:P,vis2vis,16,16,13,13,V2V_ROY_WITHIN_SPLIT_DERANGEMENT_V1,908ce1f927ae651f,25a757d5b7b9e029,PAIRING_V1
subj05,fold_3,train,A:P,vis2vis,34,34,8,8,V2V_ROY_WITHIN_SPLIT_DERANGEMENT_V1,908ce1f927ae651f,25a757d5b7b9e029,PAIRING_V1
subj05,fold_3,train,A:R,vis2vis,17,17,30,30,V2V_ROY_WITHIN_SPLIT_DERANGEMENT_V1,908ce1f927ae651f,fdeac0ee0afd76f4,PAIRING_V1
subj05,fold_3,train,A:R,vis2vis,22,22,17,17,V2V_ROY_WITHIN_SPLIT_DERANGEMENT_V1,908ce1f927ae651f,fdeac0ee0afd76f4,PAIRING_V1
subj05,fold_3,train,A:R,vis2vis,30,30,46,46,V2V_ROY_WITHIN_SPLIT_DERANGEMENT_V1,908ce1f927ae651f,fdeac0ee0afd76f4,PAIRING_V1
subj05,fold_3,train,A:R,vis2vis,46,46,22,22,V2V_ROY_WITHIN_SPLIT_DERANGEMENT_V1,908ce1f927ae651f,fdeac0ee0afd76f4,PAIRING_V1
subj05,fold_3,train,A:V,vis2vis,1,1,3,3,V2V_ROY_WITHIN_SPLIT_DERANGEMENT_V1,908ce1f927ae651f,ed60fc23db9626ab,PAIRING_V1
subj05,fold_3,train,A:V,vis2vis,3,3,1,1,V2V_ROY_WITHIN_SPLIT_DERANGEMENT_V1,908ce1f927ae651f,ed60fc23db9626ab,PAIRING_V1
subj05,fold_3,train,A:V,vis2vis,40,40,45,45,V2V_ROY_WITHIN_SPLIT_DERANGEMENT_V1,908ce1f927ae651f,ed60fc23db9626ab,PAIRING_V1
subj05,fold_3,train,A:V,vis2vis,45,45,40,40,V2V_ROY_WITHIN_SPLIT_DERANGEMENT_V1,908ce1f927ae651f,ed60fc23db9626ab,PAIRING_V1
subj05,fold_3,train,B:B,vis2vis,66,210,79,223,V2V_ROY_WITHIN_SPLIT_DERANGEMENT_V1,908ce1f927ae651f,3400aeadee1f00ce,PAIRING_V1
subj05,fold_3,train,B:B,vis2vis,76,220,66,210,V2V_ROY_WITHIN_SPLIT_DERANGEMENT_V1,908ce1f927ae651f,3400aeadee1f00ce,PAIRING_V1
subj05,fold_3,train,B:B,vis2vis,79,223,94,238,V2V_ROY_WITHIN_SPLIT_DERANGEMENT_V1,908ce1f927ae651f,3400aeadee1f00ce,PAIRING_V1
subj05,fold_3,train,B:B,vis2vis,94,238,76,220,V2V_ROY_WITHIN_SPLIT_DERANGEMENT_V1,908ce1f927ae651f,3400aeadee1f00ce,PAIRING_V1
subj05,fold_3,train,B:C,vis2vis,58,202,71,215,V2V_ROY_WITHIN_SPLIT_DERANGEMENT_V1,908ce1f927ae651f,484bd634ab7afb55,PAIRING_V1
subj05,fold_3,train,B:C,vis2vis,64,208,58,202,V2V_ROY_WITHIN_SPLIT_DERANGEMENT_V1,908ce1f927ae651f,484bd634ab7afb55,PAIRING_V1
subj05,fold_3,train,B:C,vis2vis,71,215,86,230,V2V_ROY_WITHIN_SPLIT_DERANGEMENT_V1,908ce1f927ae651f,484bd634ab7afb55,PAIRING_V1
subj05,fold_3,train,B:C,vis2vis,86,230,64,208,V2V_ROY_WITHIN_SPLIT_DERANGEMENT_V1,908ce1f927ae651f,484bd634ab7afb55,PAIRING_V1
subj05,fold_3,train,B:D,vis2vis,51,195,93,237,V2V_ROY_WITHIN_SPLIT_DERANGEMENT_V1,908ce1f927ae651f,7d7cbd4277025ee7,PAIRING_V1
subj05,fold_3,train,B:D,vis2vis,54,198,51,195,V2V_ROY_WITHIN_SPLIT_DERANGEMENT_V1,908ce1f927ae651f,7d7cbd4277025ee7,PAIRING_V1
subj05,fold_3,train,B:D,vis2vis,70,214,54,198,V2V_ROY_WITHIN_SPLIT_DERANGEMENT_V1,908ce1f927ae651f,7d7cbd4277025ee7,PAIRING_V1
subj05,fold_3,train,B:D,vis2vis,93,237,70,214,V2V_ROY_WITHIN_SPLIT_DERANGEMENT_V1,908ce1f927ae651f,7d7cbd4277025ee7,PAIRING_V1
subj05,fold_3,train,B:K,vis2vis,55,199,67,211,V2V_ROY_WITHIN_SPLIT_DERANGEMENT_V1,908ce1f927ae651f,e0a44c28a2cf95ca,PAIRING_V1
subj05,fold_3,train,B:K,vis2vis,67,211,55,199,V2V_ROY_WITHIN_SPLIT_DERANGEMENT_V1,908ce1f927ae651f,e0a44c28a2cf95ca,PAIRING_V1
subj05,fold_3,train,B:K,vis2vis,78,222,91,235,V2V_ROY_WITHIN_SPLIT_DERANGEMENT_V1,908ce1f927ae651f,e0a44c28a2cf95ca,PAIRING_V1
subj05,fold_3,train,B:K,vis2vis,91,235,78,222,V2V_ROY_WITHIN_SPLIT_DERANGEMENT_V1,908ce1f927ae651f,e0a44c28a2cf95ca,PAIRING_V1
subj05,fold_3,train,B:T,vis2vis,52,196,74,218,V2V_ROY_WITHIN_SPLIT_DERANGEMENT_V1,908ce1f927ae651f,94133eaf518667fc,PAIRING_V1
subj05,fold_3,train,B:T,vis2vis,74,218,92,236,V2V_ROY_WITHIN_SPLIT_DERANGEMENT_V1,908ce1f927ae651f,94133eaf518667fc,PAIRING_V1
subj05,fold_3,train,B:T,vis2vis,88,232,52,196,V2V_ROY_WITHIN_SPLIT_DERANGEMENT_V1,908ce1f927ae651f,94133eaf518667fc,PAIRING_V1
subj05,fold_3,train,B:T,vis2vis,92,236,88,232,V2V_ROY_WITHIN_SPLIT_DERANGEMENT_V1,908ce1f927ae651f,94133eaf518667fc,PAIRING_V1
subj05,fold_3,train,B:W,vis2vis,50,194,75,219,V2V_ROY_WITHIN_SPLIT_DERANGEMENT_V1,908ce1f927ae651f,1f17a76c669fbedf,PAIRING_V1
subj05,fold_3,train,B:W,vis2vis,56,200,87,231,V2V_ROY_WITHIN_SPLIT_DERANGEMENT_V1,908ce1f927ae651f,1f17a76c669fbedf,PAIRING_V1
subj05,fold_3,train,B:W,vis2vis,75,219,50,194,V2V_ROY_WITHIN_SPLIT_DERANGEMENT_V1,908ce1f927ae651f,1f17a76c669fbedf,PAIRING_V1
subj05,fold_3,train,B:W,vis2vis,87,231,56,200,V2V_ROY_WITHIN_SPLIT_DERANGEMENT_V1,908ce1f927ae651f,1f17a76c669fbedf,PAIRING_V1
subj05,fold_3,val,A:E,vis2vis,43,43,47,47,V2V_ROY_WITHIN_SPLIT_DERANGEMENT_V1,908ce1f927ae651f,1945bef8b294343a,PAIRING_V1
subj05,fold_3,val,A:E,vis2vis,47,47,43,43,V2V_ROY_WITHIN_SPLIT_DERANGEMENT_V1,908ce1f927ae651f,1945bef8b294343a,PAIRING_V1
subj05,fold_3,val,A:H,vis2vis,2,2,28,28,V2V_ROY_WITHIN_SPLIT_DERANGEMENT_V1,908ce1f927ae651f,fe4bc4aaa4842c11,PAIRING_V1
subj05,fold_3,val,A:H,vis2vis,28,28,2,2,V2V_ROY_WITHIN_SPLIT_DERANGEMENT_V1,908ce1f927ae651f,fe4bc4aaa4842c11,PAIRING_V1
subj05,fold_3,val,A:L,vis2vis,36,36,42,42,V2V_ROY_WITHIN_SPLIT_DERANGEMENT_V1,908ce1f927ae651f,ab7a677303cc2b9b,PAIRING_V1
subj05,fold_3,val,A:L,vis2vis,42,42,36,36,V2V_ROY_WITHIN_SPLIT_DERANGEMENT_V1,908ce1f927ae651f,ab7a677303cc2b9b,PAIRING_V1
subj05,fold_3,val,A:P,vis2vis,20,20,41,41,V2V_ROY_WITHIN_SPLIT_DERANGEMENT_V1,908ce1f927ae651f,7872d8df3c13e872,PAIRING_V1
subj05,fold_3,val,A:P,vis2vis,41,41,20,20,V2V_ROY_WITHIN_SPLIT_DERANGEMENT_V1,908ce1f927ae651f,7872d8df3c13e872,PAIRING_V1
subj05,fold_3,val,A:R,vis2vis,25,25,39,39,V2V_ROY_WITHIN_SPLIT_DERANGEMENT_V1,908ce1f927ae651f,bc2fb36d1a3de4ad,PAIRING_V1
subj05,fold_3,val,A:R,vis2vis,39,39,25,25,V2V_ROY_WITHIN_SPLIT_DERANGEMENT_V1,908ce1f927ae651f,bc2fb36d1a3de4ad,PAIRING_V1
subj05,fold_3,val,A:V,vis2vis,15,15,19,19,V2V_ROY_WITHIN_SPLIT_DERANGEMENT_V1,908ce1f927ae651f,d52c0c0dcfd74054,PAIRING_V1
subj05,fold_3,val,A:V,vis2vis,19,19,15,15,V2V_ROY_WITHIN_SPLIT_DERANGEMENT_V1,908ce1f927ae651f,d52c0c0dcfd74054,PAIRING_V1
subj05,fold_3,val,B:B,vis2vis,53,197,89,233,V2V_ROY_WITHIN_SPLIT_DERANGEMENT_V1,908ce1f927ae651f,656753752c3311ea,PAIRING_V1
subj05,fold_3,val,B:B,vis2vis,89,233,53,197,V2V_ROY_WITHIN_SPLIT_DERANGEMENT_V1,908ce1f927ae651f,656753752c3311ea,PAIRING_V1
subj05,fold_3,val,B:C,vis2vis,62,206,90,234,V2V_ROY_WITHIN_SPLIT_DERANGEMENT_V1,908ce1f927ae651f,660876722208769e,PAIRING_V1
subj05,fold_3,val,B:C,vis2vis,90,234,62,206,V2V_ROY_WITHIN_SPLIT_DERANGEMENT_V1,908ce1f927ae651f,660876722208769e,PAIRING_V1
subj05,fold_3,val,B:D,vis2vis,68,212,81,225,V2V_ROY_WITHIN_SPLIT_DERANGEMENT_V1,908ce1f927ae651f,28b4e869d9027364,PAIRING_V1
subj05,fold_3,val,B:D,vis2vis,81,225,68,212,V2V_ROY_WITHIN_SPLIT_DERANGEMENT_V1,908ce1f927ae651f,28b4e869d9027364,PAIRING_V1
subj05,fold_3,val,B:K,vis2vis,59,203,82,226,V2V_ROY_WITHIN_SPLIT_DERANGEMENT_V1,908ce1f927ae651f,86d058b8c0cd3100,PAIRING_V1
subj05,fold_3,val,B:K,vis2vis,82,226,59,203,V2V_ROY_WITHIN_SPLIT_DERANGEMENT_V1,908ce1f927ae651f,86d058b8c0cd3100,PAIRING_V1
subj05,fold_3,val,B:T,vis2vis,60,204,95,239,V2V_ROY_WITHIN_SPLIT_DERANGEMENT_V1,908ce1f927ae651f,a7b669d768dbf36e,PAIRING_V1
subj05,fold_3,val,B:T,vis2vis,95,239,60,204,V2V_ROY_WITHIN_SPLIT_DERANGEMENT_V1,908ce1f927ae651f,a7b669d768dbf36e,PAIRING_V1
subj05,fold_3,val,B:W,vis2vis,72,216,77,221,V2V_ROY_WITHIN_SPLIT_DERANGEMENT_V1,908ce1f927ae651f,af7b7059a2a5a8cf,PAIRING_V1
subj05,fold_3,val,B:W,vis2vis,77,221,72,216,V2V_ROY_WITHIN_SPLIT_DERANGEMENT_V1,908ce1f927ae651f,af7b7059a2a5a8cf,PAIRING_V1
subj05,fold_3,test,A:E,vis2vis,9,9,38,38,V2V_ROY_WITHIN_SPLIT_DERANGEMENT_V1,908ce1f927ae651f,39595cfef8469df7,PAIRING_V1
subj05,fold_3,test,A:E,vis2vis,38,38,9,9,V2V_ROY_WITHIN_SPLIT_DERANGEMENT_V1,908ce1f927ae651f,39595cfef8469df7,PAIRING_V1
subj05,fold_3,test,A:H,vis2vis,18,18,21,21,V2V_ROY_WITHIN_SPLIT_DERANGEMENT_V1,908ce1f927ae651f,00fc52ff2aed6de8,PAIRING_V1
subj05,fold_3,test,A:H,vis2vis,21,21,18,18,V2V_ROY_WITHIN_SPLIT_DERANGEMENT_V1,908ce1f927ae651f,00fc52ff2aed6de8,PAIRING_V1
subj05,fold_3,test,A:L,vis2vis,7,7,29,29,V2V_ROY_WITHIN_SPLIT_DERANGEMENT_V1,908ce1f927ae651f,0cbb8fb8f089b950,PAIRING_V1
subj05,fold_3,test,A:L,vis2vis,29,29,7,7,V2V_ROY_WITHIN_SPLIT_DERANGEMENT_V1,908ce1f927ae651f,0cbb8fb8f089b950,PAIRING_V1
subj05,fold_3,test,A:P,vis2vis,11,11,37,37,V2V_ROY_WITHIN_SPLIT_DERANGEMENT_V1,908ce1f927ae651f,62788549c2a501c4,PAIRING_V1
subj05,fold_3,test,A:P,vis2vis,37,37,11,11,V2V_ROY_WITHIN_SPLIT_DERANGEMENT_V1,908ce1f927ae651f,62788549c2a501c4,PAIRING_V1
subj05,fold_3,test,A:R,vis2vis,5,5,44,44,V2V_ROY_WITHIN_SPLIT_DERANGEMENT_V1,908ce1f927ae651f,7a8611a0322c1642,PAIRING_V1
subj05,fold_3,test,A:R,vis2vis,44,44,5,5,V2V_ROY_WITHIN_SPLIT_DERANGEMENT_V1,908ce1f927ae651f,7a8611a0322c1642,PAIRING_V1
subj05,fold_3,test,A:V,vis2vis,31,31,33,33,V2V_ROY_WITHIN_SPLIT_DERANGEMENT_V1,908ce1f927ae651f,e56170ac65656c61,PAIRING_V1
subj05,fold_3,test,A:V,vis2vis,33,33,31,31,V2V_ROY_WITHIN_SPLIT_DERANGEMENT_V1,908ce1f927ae651f,e56170ac65656c61,PAIRING_V1
subj05,fold_3,test,B:B,vis2vis,83,227,85,229,V2V_ROY_WITHIN_SPLIT_DERANGEMENT_V1,908ce1f927ae651f,3c5659ba79e5dd69,PAIRING_V1
subj05,fold_3,test,B:B,vis2vis,85,229,83,227,V2V_ROY_WITHIN_SPLIT_DERANGEMENT_V1,908ce1f927ae651f,3c5659ba79e5dd69,PAIRING_V1
subj05,fold_3,test,B:C,vis2vis,49,193,73,217,V2V_ROY_WITHIN_SPLIT_DERANGEMENT_V1,908ce1f927ae651f,8310635a37b396ca,PAIRING_V1
subj05,fold_3,test,B:C,vis2vis,73,217,49,193,V2V_ROY_WITHIN_SPLIT_DERANGEMENT_V1,908ce1f927ae651f,8310635a37b396ca,PAIRING_V1
subj05,fold_3,test,B:D,vis2vis,61,205,65,209,V2V_ROY_WITHIN_SPLIT_DERANGEMENT_V1,908ce1f927ae651f,d59e193f204cba08,PAIRING_V1
subj05,fold_3,test,B:D,vis2vis,65,209,61,205,V2V_ROY_WITHIN_SPLIT_DERANGEMENT_V1,908ce1f927ae651f,d59e193f204cba08,PAIRING_V1
subj05,fold_3,test,B:K,vis2vis,57,201,84,228,V2V_ROY_WITHIN_SPLIT_DERANGEMENT_V1,908ce1f927ae651f,db2603086593d528,PAIRING_V1
subj05,fold_3,test,B:K,vis2vis,84,228,57,201,V2V_ROY_WITHIN_SPLIT_DERANGEMENT_V1,908ce1f927ae651f,db2603086593d528,PAIRING_V1
subj05,fold_3,test,B:T,vis2vis,69,213,80,224,V2V_ROY_WITHIN_SPLIT_DERANGEMENT_V1,908ce1f927ae651f,f639411fdd8d92b3,PAIRING_V1
subj05,fold_3,test,B:T,vis2vis,80,224,69,213,V2V_ROY_WITHIN_SPLIT_DERANGEMENT_V1,908ce1f927ae651f,f639411fdd8d92b3,PAIRING_V1
subj05,fold_3,test,B:W,vis2vis,48,192,63,207,V2V_ROY_WITHIN_SPLIT_DERANGEMENT_V1,908ce1f927ae651f,579ed6b2d954f3f3,PAIRING_V1
subj05,fold_3,test,B:W,vis2vis,63,207,48,192,V2V_ROY_WITHIN_SPLIT_DERANGEMENT_V1,908ce1f927ae651f,579ed6b2d954f3f3,PAIRING_V1
subj06,fold_0,train,A:E,vis2vis,26,26,43,43,V2V_ROY_WITHIN_SPLIT_DERANGEMENT_V1,908ce1f927ae651f,472e31f16095563f,PAIRING_V1
subj06,fold_0,train,A:E,vis2vis,32,32,26,26,V2V_ROY_WITHIN_SPLIT_DERANGEMENT_V1,908ce1f927ae651f,472e31f16095563f,PAIRING_V1
subj06,fold_0,train,A:E,vis2vis,43,43,47,47,V2V_ROY_WITHIN_SPLIT_DERANGEMENT_V1,908ce1f927ae651f,472e31f16095563f,PAIRING_V1
subj06,fold_0,train,A:E,vis2vis,47,47,32,32,V2V_ROY_WITHIN_SPLIT_DERANGEMENT_V1,908ce1f927ae651f,472e31f16095563f,PAIRING_V1
subj06,fold_0,train,A:H,vis2vis,2,2,10,10,V2V_ROY_WITHIN_SPLIT_DERANGEMENT_V1,908ce1f927ae651f,edd5ae8b4e0a486f,PAIRING_V1
subj06,fold_0,train,A:H,vis2vis,10,10,14,14,V2V_ROY_WITHIN_SPLIT_DERANGEMENT_V1,908ce1f927ae651f,edd5ae8b4e0a486f,PAIRING_V1
subj06,fold_0,train,A:H,vis2vis,14,14,28,28,V2V_ROY_WITHIN_SPLIT_DERANGEMENT_V1,908ce1f927ae651f,edd5ae8b4e0a486f,PAIRING_V1
subj06,fold_0,train,A:H,vis2vis,28,28,2,2,V2V_ROY_WITHIN_SPLIT_DERANGEMENT_V1,908ce1f927ae651f,edd5ae8b4e0a486f,PAIRING_V1
subj06,fold_0,train,A:L,vis2vis,12,12,36,36,V2V_ROY_WITHIN_SPLIT_DERANGEMENT_V1,908ce1f927ae651f,9fd9e1622b408738,PAIRING_V1
subj06,fold_0,train,A:L,vis2vis,27,27,42,42,V2V_ROY_WITHIN_SPLIT_DERANGEMENT_V1,908ce1f927ae651f,9fd9e1622b408738,PAIRING_V1
subj06,fold_0,train,A:L,vis2vis,36,36,12,12,V2V_ROY_WITHIN_SPLIT_DERANGEMENT_V1,908ce1f927ae651f,9fd9e1622b408738,PAIRING_V1
subj06,fold_0,train,A:L,vis2vis,42,42,27,27,V2V_ROY_WITHIN_SPLIT_DERANGEMENT_V1,908ce1f927ae651f,9fd9e1622b408738,PAIRING_V1
subj06,fold_0,train,A:P,vis2vis,8,8,13,13,V2V_ROY_WITHIN_SPLIT_DERANGEMENT_V1,908ce1f927ae651f,e5212c3468103f2c,PAIRING_V1
subj06,fold_0,train,A:P,vis2vis,13,13,20,20,V2V_ROY_WITHIN_SPLIT_DERANGEMENT_V1,908ce1f927ae651f,e5212c3468103f2c,PAIRING_V1
subj06,fold_0,train,A:P,vis2vis,20,20,41,41,V2V_ROY_WITHIN_SPLIT_DERANGEMENT_V1,908ce1f927ae651f,e5212c3468103f2c,PAIRING_V1
subj06,fold_0,train,A:P,vis2vis,41,41,8,8,V2V_ROY_WITHIN_SPLIT_DERANGEMENT_V1,908ce1f927ae651f,e5212c3468103f2c,PAIRING_V1
subj06,fold_0,train,A:R,vis2vis,22,22,30,30,V2V_ROY_WITHIN_SPLIT_DERANGEMENT_V1,908ce1f927ae651f,ba25f87662d2cf31,PAIRING_V1
subj06,fold_0,train,A:R,vis2vis,25,25,39,39,V2V_ROY_WITHIN_SPLIT_DERANGEMENT_V1,908ce1f927ae651f,ba25f87662d2cf31,PAIRING_V1
subj06,fold_0,train,A:R,vis2vis,30,30,25,25,V2V_ROY_WITHIN_SPLIT_DERANGEMENT_V1,908ce1f927ae651f,ba25f87662d2cf31,PAIRING_V1
subj06,fold_0,train,A:R,vis2vis,39,39,22,22,V2V_ROY_WITHIN_SPLIT_DERANGEMENT_V1,908ce1f927ae651f,ba25f87662d2cf31,PAIRING_V1
subj06,fold_0,train,A:V,vis2vis,1,1,19,19,V2V_ROY_WITHIN_SPLIT_DERANGEMENT_V1,908ce1f927ae651f,9f1c056ef3e0bcbf,PAIRING_V1
subj06,fold_0,train,A:V,vis2vis,3,3,15,15,V2V_ROY_WITHIN_SPLIT_DERANGEMENT_V1,908ce1f927ae651f,9f1c056ef3e0bcbf,PAIRING_V1
subj06,fold_0,train,A:V,vis2vis,15,15,3,3,V2V_ROY_WITHIN_SPLIT_DERANGEMENT_V1,908ce1f927ae651f,9f1c056ef3e0bcbf,PAIRING_V1
subj06,fold_0,train,A:V,vis2vis,19,19,1,1,V2V_ROY_WITHIN_SPLIT_DERANGEMENT_V1,908ce1f927ae651f,9f1c056ef3e0bcbf,PAIRING_V1
subj06,fold_0,train,B:B,vis2vis,53,197,89,233,V2V_ROY_WITHIN_SPLIT_DERANGEMENT_V1,908ce1f927ae651f,a4994cdf4bfc4c75,PAIRING_V1
subj06,fold_0,train,B:B,vis2vis,66,210,79,223,V2V_ROY_WITHIN_SPLIT_DERANGEMENT_V1,908ce1f927ae651f,a4994cdf4bfc4c75,PAIRING_V1
subj06,fold_0,train,B:B,vis2vis,79,223,53,197,V2V_ROY_WITHIN_SPLIT_DERANGEMENT_V1,908ce1f927ae651f,a4994cdf4bfc4c75,PAIRING_V1
subj06,fold_0,train,B:B,vis2vis,89,233,66,210,V2V_ROY_WITHIN_SPLIT_DERANGEMENT_V1,908ce1f927ae651f,a4994cdf4bfc4c75,PAIRING_V1
subj06,fold_0,train,B:C,vis2vis,58,202,90,234,V2V_ROY_WITHIN_SPLIT_DERANGEMENT_V1,908ce1f927ae651f,dec2603f7a6e3502,PAIRING_V1
subj06,fold_0,train,B:C,vis2vis,62,206,71,215,V2V_ROY_WITHIN_SPLIT_DERANGEMENT_V1,908ce1f927ae651f,dec2603f7a6e3502,PAIRING_V1
subj06,fold_0,train,B:C,vis2vis,71,215,62,206,V2V_ROY_WITHIN_SPLIT_DERANGEMENT_V1,908ce1f927ae651f,dec2603f7a6e3502,PAIRING_V1
subj06,fold_0,train,B:C,vis2vis,90,234,58,202,V2V_ROY_WITHIN_SPLIT_DERANGEMENT_V1,908ce1f927ae651f,dec2603f7a6e3502,PAIRING_V1
subj06,fold_0,train,B:D,vis2vis,68,212,93,237,V2V_ROY_WITHIN_SPLIT_DERANGEMENT_V1,908ce1f927ae651f,23156c980cb08bca,PAIRING_V1
subj06,fold_0,train,B:D,vis2vis,70,214,81,225,V2V_ROY_WITHIN_SPLIT_DERANGEMENT_V1,908ce1f927ae651f,23156c980cb08bca,PAIRING_V1
subj06,fold_0,train,B:D,vis2vis,81,225,68,212,V2V_ROY_WITHIN_SPLIT_DERANGEMENT_V1,908ce1f927ae651f,23156c980cb08bca,PAIRING_V1
subj06,fold_0,train,B:D,vis2vis,93,237,70,214,V2V_ROY_WITHIN_SPLIT_DERANGEMENT_V1,908ce1f927ae651f,23156c980cb08bca,PAIRING_V1
subj06,fold_0,train,B:K,vis2vis,59,203,67,211,V2V_ROY_WITHIN_SPLIT_DERANGEMENT_V1,908ce1f927ae651f,01357277813cd05c,PAIRING_V1
subj06,fold_0,train,B:K,vis2vis,67,211,91,235,V2V_ROY_WITHIN_SPLIT_DERANGEMENT_V1,908ce1f927ae651f,01357277813cd05c,PAIRING_V1
subj06,fold_0,train,B:K,vis2vis,82,226,59,203,V2V_ROY_WITHIN_SPLIT_DERANGEMENT_V1,908ce1f927ae651f,01357277813cd05c,PAIRING_V1
subj06,fold_0,train,B:K,vis2vis,91,235,82,226,V2V_ROY_WITHIN_SPLIT_DERANGEMENT_V1,908ce1f927ae651f,01357277813cd05c,PAIRING_V1
subj06,fold_0,train,B:T,vis2vis,52,196,92,236,V2V_ROY_WITHIN_SPLIT_DERANGEMENT_V1,908ce1f927ae651f,cf2e7f31e4bd1290,PAIRING_V1
subj06,fold_0,train,B:T,vis2vis,60,204,95,239,V2V_ROY_WITHIN_SPLIT_DERANGEMENT_V1,908ce1f927ae651f,cf2e7f31e4bd1290,PAIRING_V1
subj06,fold_0,train,B:T,vis2vis,92,236,52,196,V2V_ROY_WITHIN_SPLIT_DERANGEMENT_V1,908ce1f927ae651f,cf2e7f31e4bd1290,PAIRING_V1
subj06,fold_0,train,B:T,vis2vis,95,239,60,204,V2V_ROY_WITHIN_SPLIT_DERANGEMENT_V1,908ce1f927ae651f,cf2e7f31e4bd1290,PAIRING_V1
subj06,fold_0,train,B:W,vis2vis,56,200,72,216,V2V_ROY_WITHIN_SPLIT_DERANGEMENT_V1,908ce1f927ae651f,0b0dabe02509caf5,PAIRING_V1
subj06,fold_0,train,B:W,vis2vis,72,216,75,219,V2V_ROY_WITHIN_SPLIT_DERANGEMENT_V1,908ce1f927ae651f,0b0dabe02509caf5,PAIRING_V1
subj06,fold_0,train,B:W,vis2vis,75,219,77,221,V2V_ROY_WITHIN_SPLIT_DERANGEMENT_V1,908ce1f927ae651f,0b0dabe02509caf5,PAIRING_V1
subj06,fold_0,train,B:W,vis2vis,77,221,56,200,V2V_ROY_WITHIN_SPLIT_DERANGEMENT_V1,908ce1f927ae651f,0b0dabe02509caf5,PAIRING_V1
subj06,fold_0,val,A:E,vis2vis,9,9,38,38,V2V_ROY_WITHIN_SPLIT_DERANGEMENT_V1,908ce1f927ae651f,f32d601808d336f5,PAIRING_V1
subj06,fold_0,val,A:E,vis2vis,38,38,9,9,V2V_ROY_WITHIN_SPLIT_DERANGEMENT_V1,908ce1f927ae651f,f32d601808d336f5,PAIRING_V1
subj06,fold_0,val,A:H,vis2vis,18,18,21,21,V2V_ROY_WITHIN_SPLIT_DERANGEMENT_V1,908ce1f927ae651f,06be38ea7029675b,PAIRING_V1
subj06,fold_0,val,A:H,vis2vis,21,21,18,18,V2V_ROY_WITHIN_SPLIT_DERANGEMENT_V1,908ce1f927ae651f,06be38ea7029675b,PAIRING_V1
subj06,fold_0,val,A:L,vis2vis,7,7,29,29,V2V_ROY_WITHIN_SPLIT_DERANGEMENT_V1,908ce1f927ae651f,13e008fdfc1edad4,PAIRING_V1
subj06,fold_0,val,A:L,vis2vis,29,29,7,7,V2V_ROY_WITHIN_SPLIT_DERANGEMENT_V1,908ce1f927ae651f,13e008fdfc1edad4,PAIRING_V1
subj06,fold_0,val,A:P,vis2vis,11,11,37,37,V2V_ROY_WITHIN_SPLIT_DERANGEMENT_V1,908ce1f927ae651f,f628095f8418166c,PAIRING_V1
subj06,fold_0,val,A:P,vis2vis,37,37,11,11,V2V_ROY_WITHIN_SPLIT_DERANGEMENT_V1,908ce1f927ae651f,f628095f8418166c,PAIRING_V1
subj06,fold_0,val,A:R,vis2vis,5,5,44,44,V2V_ROY_WITHIN_SPLIT_DERANGEMENT_V1,908ce1f927ae651f,50354d2e5d419beb,PAIRING_V1
subj06,fold_0,val,A:R,vis2vis,44,44,5,5,V2V_ROY_WITHIN_SPLIT_DERANGEMENT_V1,908ce1f927ae651f,50354d2e5d419beb,PAIRING_V1
subj06,fold_0,val,A:V,vis2vis,31,31,33,33,V2V_ROY_WITHIN_SPLIT_DERANGEMENT_V1,908ce1f927ae651f,d4225c83cad18db9,PAIRING_V1
subj06,fold_0,val,A:V,vis2vis,33,33,31,31,V2V_ROY_WITHIN_SPLIT_DERANGEMENT_V1,908ce1f927ae651f,d4225c83cad18db9,PAIRING_V1
subj06,fold_0,val,B:B,vis2vis,83,227,85,229,V2V_ROY_WITHIN_SPLIT_DERANGEMENT_V1,908ce1f927ae651f,136f3fb0085f4748,PAIRING_V1
subj06,fold_0,val,B:B,vis2vis,85,229,83,227,V2V_ROY_WITHIN_SPLIT_DERANGEMENT_V1,908ce1f927ae651f,136f3fb0085f4748,PAIRING_V1
subj06,fold_0,val,B:C,vis2vis,49,193,73,217,V2V_ROY_WITHIN_SPLIT_DERANGEMENT_V1,908ce1f927ae651f,b06586e1f2240739,PAIRING_V1
subj06,fold_0,val,B:C,vis2vis,73,217,49,193,V2V_ROY_WITHIN_SPLIT_DERANGEMENT_V1,908ce1f927ae651f,b06586e1f2240739,PAIRING_V1
subj06,fold_0,val,B:D,vis2vis,61,205,65,209,V2V_ROY_WITHIN_SPLIT_DERANGEMENT_V1,908ce1f927ae651f,728d9c9e27057eee,PAIRING_V1
subj06,fold_0,val,B:D,vis2vis,65,209,61,205,V2V_ROY_WITHIN_SPLIT_DERANGEMENT_V1,908ce1f927ae651f,728d9c9e27057eee,PAIRING_V1
subj06,fold_0,val,B:K,vis2vis,57,201,84,228,V2V_ROY_WITHIN_SPLIT_DERANGEMENT_V1,908ce1f927ae651f,7c6b77129206b07f,PAIRING_V1
subj06,fold_0,val,B:K,vis2vis,84,228,57,201,V2V_ROY_WITHIN_SPLIT_DERANGEMENT_V1,908ce1f927ae651f,7c6b77129206b07f,PAIRING_V1
subj06,fold_0,val,B:T,vis2vis,69,213,80,224,V2V_ROY_WITHIN_SPLIT_DERANGEMENT_V1,908ce1f927ae651f,5568b5a7d6a78b9e,PAIRING_V1
subj06,fold_0,val,B:T,vis2vis,80,224,69,213,V2V_ROY_WITHIN_SPLIT_DERANGEMENT_V1,908ce1f927ae651f,5568b5a7d6a78b9e,PAIRING_V1
subj06,fold_0,val,B:W,vis2vis,48,192,63,207,V2V_ROY_WITHIN_SPLIT_DERANGEMENT_V1,908ce1f927ae651f,657f592b085f3223,PAIRING_V1
subj06,fold_0,val,B:W,vis2vis,63,207,48,192,V2V_ROY_WITHIN_SPLIT_DERANGEMENT_V1,908ce1f927ae651f,657f592b085f3223,PAIRING_V1
subj06,fold_0,test,A:E,vis2vis,6,6,23,23,V2V_ROY_WITHIN_SPLIT_DERANGEMENT_V1,908ce1f927ae651f,a70830c16a4a0da8,PAIRING_V1
subj06,fold_0,test,A:E,vis2vis,23,23,6,6,V2V_ROY_WITHIN_SPLIT_DERANGEMENT_V1,908ce1f927ae651f,a70830c16a4a0da8,PAIRING_V1
subj06,fold_0,test,A:H,vis2vis,24,24,35,35,V2V_ROY_WITHIN_SPLIT_DERANGEMENT_V1,908ce1f927ae651f,1301199d00d6a697,PAIRING_V1
subj06,fold_0,test,A:H,vis2vis,35,35,24,24,V2V_ROY_WITHIN_SPLIT_DERANGEMENT_V1,908ce1f927ae651f,1301199d00d6a697,PAIRING_V1
subj06,fold_0,test,A:L,vis2vis,0,0,4,4,V2V_ROY_WITHIN_SPLIT_DERANGEMENT_V1,908ce1f927ae651f,3249f5ef597dbec0,PAIRING_V1
subj06,fold_0,test,A:L,vis2vis,4,4,0,0,V2V_ROY_WITHIN_SPLIT_DERANGEMENT_V1,908ce1f927ae651f,3249f5ef597dbec0,PAIRING_V1
subj06,fold_0,test,A:P,vis2vis,16,16,34,34,V2V_ROY_WITHIN_SPLIT_DERANGEMENT_V1,908ce1f927ae651f,f06e0ddcca30026e,PAIRING_V1
subj06,fold_0,test,A:P,vis2vis,34,34,16,16,V2V_ROY_WITHIN_SPLIT_DERANGEMENT_V1,908ce1f927ae651f,f06e0ddcca30026e,PAIRING_V1
subj06,fold_0,test,A:R,vis2vis,17,17,46,46,V2V_ROY_WITHIN_SPLIT_DERANGEMENT_V1,908ce1f927ae651f,60b9b6e8c03e3f92,PAIRING_V1
subj06,fold_0,test,A:R,vis2vis,46,46,17,17,V2V_ROY_WITHIN_SPLIT_DERANGEMENT_V1,908ce1f927ae651f,60b9b6e8c03e3f92,PAIRING_V1
subj06,fold_0,test,A:V,vis2vis,40,40,45,45,V2V_ROY_WITHIN_SPLIT_DERANGEMENT_V1,908ce1f927ae651f,d8eed6d583d8173f,PAIRING_V1
subj06,fold_0,test,A:V,vis2vis,45,45,40,40,V2V_ROY_WITHIN_SPLIT_DERANGEMENT_V1,908ce1f927ae651f,d8eed6d583d8173f,PAIRING_V1
subj06,fold_0,test,B:B,vis2vis,76,220,94,238,V2V_ROY_WITHIN_SPLIT_DERANGEMENT_V1,908ce1f927ae651f,13db05407900133f,PAIRING_V1
subj06,fold_0,test,B:B,vis2vis,94,238,76,220,V2V_ROY_WITHIN_SPLIT_DERANGEMENT_V1,908ce1f927ae651f,13db05407900133f,PAIRING_V1
subj06,fold_0,test,B:C,vis2vis,64,208,86,230,V2V_ROY_WITHIN_SPLIT_DERANGEMENT_V1,908ce1f927ae651f,22e161d05c87bd29,PAIRING_V1
subj06,fold_0,test,B:C,vis2vis,86,230,64,208,V2V_ROY_WITHIN_SPLIT_DERANGEMENT_V1,908ce1f927ae651f,22e161d05c87bd29,PAIRING_V1
subj06,fold_0,test,B:D,vis2vis,51,195,54,198,V2V_ROY_WITHIN_SPLIT_DERANGEMENT_V1,908ce1f927ae651f,4ed948568f707d09,PAIRING_V1
subj06,fold_0,test,B:D,vis2vis,54,198,51,195,V2V_ROY_WITHIN_SPLIT_DERANGEMENT_V1,908ce1f927ae651f,4ed948568f707d09,PAIRING_V1
subj06,fold_0,test,B:K,vis2vis,55,199,78,222,V2V_ROY_WITHIN_SPLIT_DERANGEMENT_V1,908ce1f927ae651f,2de0da1be5f1943a,PAIRING_V1
subj06,fold_0,test,B:K,vis2vis,78,222,55,199,V2V_ROY_WITHIN_SPLIT_DERANGEMENT_V1,908ce1f927ae651f,2de0da1be5f1943a,PAIRING_V1
subj06,fold_0,test,B:T,vis2vis,74,218,88,232,V2V_ROY_WITHIN_SPLIT_DERANGEMENT_V1,908ce1f927ae651f,5a66cd707d7e1f4d,PAIRING_V1
subj06,fold_0,test,B:T,vis2vis,88,232,74,218,V2V_ROY_WITHIN_SPLIT_DERANGEMENT_V1,908ce1f927ae651f,5a66cd707d7e1f4d,PAIRING_V1
subj06,fold_0,test,B:W,vis2vis,50,194,87,231,V2V_ROY_WITHIN_SPLIT_DERANGEMENT_V1,908ce1f927ae651f,cdebcd7dd7722bdc,PAIRING_V1
subj06,fold_0,test,B:W,vis2vis,87,231,50,194,V2V_ROY_WITHIN_SPLIT_DERANGEMENT_V1,908ce1f927ae651f,cdebcd7dd7722bdc,PAIRING_V1
subj06,fold_1,train,A:E,vis2vis,6,6,23,23,V2V_ROY_WITHIN_SPLIT_DERANGEMENT_V1,908ce1f927ae651f,1cb7f325c0519338,PAIRING_V1
subj06,fold_1,train,A:E,vis2vis,23,23,43,43,V2V_ROY_WITHIN_SPLIT_DERANGEMENT_V1,908ce1f927ae651f,1cb7f325c0519338,PAIRING_V1
subj06,fold_1,train,A:E,vis2vis,43,43,47,47,V2V_ROY_WITHIN_SPLIT_DERANGEMENT_V1,908ce1f927ae651f,1cb7f325c0519338,PAIRING_V1
subj06,fold_1,train,A:E,vis2vis,47,47,6,6,V2V_ROY_WITHIN_SPLIT_DERANGEMENT_V1,908ce1f927ae651f,1cb7f325c0519338,PAIRING_V1
subj06,fold_1,train,A:H,vis2vis,2,2,24,24,V2V_ROY_WITHIN_SPLIT_DERANGEMENT_V1,908ce1f927ae651f,730bbbc48e8bef21,PAIRING_V1
subj06,fold_1,train,A:H,vis2vis,24,24,28,28,V2V_ROY_WITHIN_SPLIT_DERANGEMENT_V1,908ce1f927ae651f,730bbbc48e8bef21,PAIRING_V1
subj06,fold_1,train,A:H,vis2vis,28,28,35,35,V2V_ROY_WITHIN_SPLIT_DERANGEMENT_V1,908ce1f927ae651f,730bbbc48e8bef21,PAIRING_V1
subj06,fold_1,train,A:H,vis2vis,35,35,2,2,V2V_ROY_WITHIN_SPLIT_DERANGEMENT_V1,908ce1f927ae651f,730bbbc48e8bef21,PAIRING_V1
subj06,fold_1,train,A:L,vis2vis,0,0,4,4,V2V_ROY_WITHIN_SPLIT_DERANGEMENT_V1,908ce1f927ae651f,0fa4ac1913438eb6,PAIRING_V1
subj06,fold_1,train,A:L,vis2vis,4,4,42,42,V2V_ROY_WITHIN_SPLIT_DERANGEMENT_V1,908ce1f927ae651f,0fa4ac1913438eb6,PAIRING_V1
subj06,fold_1,train,A:L,vis2vis,36,36,0,0,V2V_ROY_WITHIN_SPLIT_DERANGEMENT_V1,908ce1f927ae651f,0fa4ac1913438eb6,PAIRING_V1
subj06,fold_1,train,A:L,vis2vis,42,42,36,36,V2V_ROY_WITHIN_SPLIT_DERANGEMENT_V1,908ce1f927ae651f,0fa4ac1913438eb6,PAIRING_V1
subj06,fold_1,train,A:P,vis2vis,16,16,20,20,V2V_ROY_WITHIN_SPLIT_DERANGEMENT_V1,908ce1f927ae651f,e460dd35dd47556b,PAIRING_V1
subj06,fold_1,train,A:P,vis2vis,20,20,16,16,V2V_ROY_WITHIN_SPLIT_DERANGEMENT_V1,908ce1f927ae651f,e460dd35dd47556b,PAIRING_V1
subj06,fold_1,train,A:P,vis2vis,34,34,41,41,V2V_ROY_WITHIN_SPLIT_DERANGEMENT_V1,908ce1f927ae651f,e460dd35dd47556b,PAIRING_V1
subj06,fold_1,train,A:P,vis2vis,41,41,34,34,V2V_ROY_WITHIN_SPLIT_DERANGEMENT_V1,908ce1f927ae651f,e460dd35dd47556b,PAIRING_V1
subj06,fold_1,train,A:R,vis2vis,17,17,25,25,V2V_ROY_WITHIN_SPLIT_DERANGEMENT_V1,908ce1f927ae651f,430347ee7b5b01a2,PAIRING_V1
subj06,fold_1,train,A:R,vis2vis,25,25,39,39,V2V_ROY_WITHIN_SPLIT_DERANGEMENT_V1,908ce1f927ae651f,430347ee7b5b01a2,PAIRING_V1
subj06,fold_1,train,A:R,vis2vis,39,39,46,46,V2V_ROY_WITHIN_SPLIT_DERANGEMENT_V1,908ce1f927ae651f,430347ee7b5b01a2,PAIRING_V1
subj06,fold_1,train,A:R,vis2vis,46,46,17,17,V2V_ROY_WITHIN_SPLIT_DERANGEMENT_V1,908ce1f927ae651f,430347ee7b5b01a2,PAIRING_V1
subj06,fold_1,train,A:V,vis2vis,15,15,40,40,V2V_ROY_WITHIN_SPLIT_DERANGEMENT_V1,908ce1f927ae651f,0d82b9dc55086d22,PAIRING_V1
subj06,fold_1,train,A:V,vis2vis,19,19,45,45,V2V_ROY_WITHIN_SPLIT_DERANGEMENT_V1,908ce1f927ae651f,0d82b9dc55086d22,PAIRING_V1
subj06,fold_1,train,A:V,vis2vis,40,40,19,19,V2V_ROY_WITHIN_SPLIT_DERANGEMENT_V1,908ce1f927ae651f,0d82b9dc55086d22,PAIRING_V1
subj06,fold_1,train,A:V,vis2vis,45,45,15,15,V2V_ROY_WITHIN_SPLIT_DERANGEMENT_V1,908ce1f927ae651f,0d82b9dc55086d22,PAIRING_V1
subj06,fold_1,train,B:B,vis2vis,53,197,76,220,V2V_ROY_WITHIN_SPLIT_DERANGEMENT_V1,908ce1f927ae651f,0a1c853d6e86a939,PAIRING_V1
subj06,fold_1,train,B:B,vis2vis,76,220,53,197,V2V_ROY_WITHIN_SPLIT_DERANGEMENT_V1,908ce1f927ae651f,0a1c853d6e86a939,PAIRING_V1
subj06,fold_1,train,B:B,vis2vis,89,233,94,238,V2V_ROY_WITHIN_SPLIT_DERANGEMENT_V1,908ce1f927ae651f,0a1c853d6e86a939,PAIRING_V1
subj06,fold_1,train,B:B,vis2vis,94,238,89,233,V2V_ROY_WITHIN_SPLIT_DERANGEMENT_V1,908ce1f927ae651f,0a1c853d6e86a939,PAIRING_V1
subj06,fold_1,train,B:C,vis2vis,62,206,90,234,V2V_ROY_WITHIN_SPLIT_DERANGEMENT_V1,908ce1f927ae651f,2fbda690e6773cbd,PAIRING_V1
subj06,fold_1,train,B:C,vis2vis,64,208,86,230,V2V_ROY_WITHIN_SPLIT_DERANGEMENT_V1,908ce1f927ae651f,2fbda690e6773cbd,PAIRING_V1
subj06,fold_1,train,B:C,vis2vis,86,230,62,206,V2V_ROY_WITHIN_SPLIT_DERANGEMENT_V1,908ce1f927ae651f,2fbda690e6773cbd,PAIRING_V1
subj06,fold_1,train,B:C,vis2vis,90,234,64,208,V2V_ROY_WITHIN_SPLIT_DERANGEMENT_V1,908ce1f927ae651f,2fbda690e6773cbd,PAIRING_V1
subj06,fold_1,train,B:D,vis2vis,51,195,81,225,V2V_ROY_WITHIN_SPLIT_DERANGEMENT_V1,908ce1f927ae651f,1cccce5181fbcda8,PAIRING_V1
subj06,fold_1,train,B:D,vis2vis,54,198,68,212,V2V_ROY_WITHIN_SPLIT_DERANGEMENT_V1,908ce1f927ae651f,1cccce5181fbcda8,PAIRING_V1
subj06,fold_1,train,B:D,vis2vis,68,212,54,198,V2V_ROY_WITHIN_SPLIT_DERANGEMENT_V1,908ce1f927ae651f,1cccce5181fbcda8,PAIRING_V1
subj06,fold_1,train,B:D,vis2vis,81,225,51,195,V2V_ROY_WITHIN_SPLIT_DERANGEMENT_V1,908ce1f927ae651f,1cccce5181fbcda8,PAIRING_V1
subj06,fold_1,train,B:K,vis2vis,55,199,82,226,V2V_ROY_WITHIN_SPLIT_DERANGEMENT_V1,908ce1f927ae651f,173d07a9f2e984cf,PAIRING_V1
subj06,fold_1,train,B:K,vis2vis,59,203,78,222,V2V_ROY_WITHIN_SPLIT_DERANGEMENT_V1,908ce1f927ae651f,173d07a9f2e984cf,PAIRING_V1
subj06,fold_1,train,B:K,vis2vis,78,222,55,199,V2V_ROY_WITHIN_SPLIT_DERANGEMENT_V1,908ce1f927ae651f,173d07a9f2e984cf,PAIRING_V1
subj06,fold_1,train,B:K,vis2vis,82,226,59,203,V2V_ROY_WITHIN_SPLIT_DERANGEMENT_V1,908ce1f927ae651f,173d07a9f2e984cf,PAIRING_V1
subj06,fold_1,train,B:T,vis2vis,60,204,95,239,V2V_ROY_WITHIN_SPLIT_DERANGEMENT_V1,908ce1f927ae651f,696ea616cfda63f6,PAIRING_V1
subj06,fold_1,train,B:T,vis2vis,74,218,60,204,V2V_ROY_WITHIN_SPLIT_DERANGEMENT_V1,908ce1f927ae651f,696ea616cfda63f6,PAIRING_V1
subj06,fold_1,train,B:T,vis2vis,88,232,74,218,V2V_ROY_WITHIN_SPLIT_DERANGEMENT_V1,908ce1f927ae651f,696ea616cfda63f6,PAIRING_V1
subj06,fold_1,train,B:T,vis2vis,95,239,88,232,V2V_ROY_WITHIN_SPLIT_DERANGEMENT_V1,908ce1f927ae651f,696ea616cfda63f6,PAIRING_V1
subj06,fold_1,train,B:W,vis2vis,50,194,87,231,V2V_ROY_WITHIN_SPLIT_DERANGEMENT_V1,908ce1f927ae651f,41f75b9fa65113af,PAIRING_V1
subj06,fold_1,train,B:W,vis2vis,72,216,50,194,V2V_ROY_WITHIN_SPLIT_DERANGEMENT_V1,908ce1f927ae651f,41f75b9fa65113af,PAIRING_V1
subj06,fold_1,train,B:W,vis2vis,77,221,72,216,V2V_ROY_WITHIN_SPLIT_DERANGEMENT_V1,908ce1f927ae651f,41f75b9fa65113af,PAIRING_V1
subj06,fold_1,train,B:W,vis2vis,87,231,77,221,V2V_ROY_WITHIN_SPLIT_DERANGEMENT_V1,908ce1f927ae651f,41f75b9fa65113af,PAIRING_V1
subj06,fold_1,val,A:E,vis2vis,9,9,38,38,V2V_ROY_WITHIN_SPLIT_DERANGEMENT_V1,908ce1f927ae651f,5002295307a6d060,PAIRING_V1
subj06,fold_1,val,A:E,vis2vis,38,38,9,9,V2V_ROY_WITHIN_SPLIT_DERANGEMENT_V1,908ce1f927ae651f,5002295307a6d060,PAIRING_V1
subj06,fold_1,val,A:H,vis2vis,18,18,21,21,V2V_ROY_WITHIN_SPLIT_DERANGEMENT_V1,908ce1f927ae651f,f7b3a22cfa7730ae,PAIRING_V1
subj06,fold_1,val,A:H,vis2vis,21,21,18,18,V2V_ROY_WITHIN_SPLIT_DERANGEMENT_V1,908ce1f927ae651f,f7b3a22cfa7730ae,PAIRING_V1
subj06,fold_1,val,A:L,vis2vis,7,7,29,29,V2V_ROY_WITHIN_SPLIT_DERANGEMENT_V1,908ce1f927ae651f,33aec60880caceaa,PAIRING_V1
subj06,fold_1,val,A:L,vis2vis,29,29,7,7,V2V_ROY_WITHIN_SPLIT_DERANGEMENT_V1,908ce1f927ae651f,33aec60880caceaa,PAIRING_V1
subj06,fold_1,val,A:P,vis2vis,11,11,37,37,V2V_ROY_WITHIN_SPLIT_DERANGEMENT_V1,908ce1f927ae651f,4253fbc54af51ad3,PAIRING_V1
subj06,fold_1,val,A:P,vis2vis,37,37,11,11,V2V_ROY_WITHIN_SPLIT_DERANGEMENT_V1,908ce1f927ae651f,4253fbc54af51ad3,PAIRING_V1
subj06,fold_1,val,A:R,vis2vis,5,5,44,44,V2V_ROY_WITHIN_SPLIT_DERANGEMENT_V1,908ce1f927ae651f,32478fa61fa8272a,PAIRING_V1
subj06,fold_1,val,A:R,vis2vis,44,44,5,5,V2V_ROY_WITHIN_SPLIT_DERANGEMENT_V1,908ce1f927ae651f,32478fa61fa8272a,PAIRING_V1
subj06,fold_1,val,A:V,vis2vis,31,31,33,33,V2V_ROY_WITHIN_SPLIT_DERANGEMENT_V1,908ce1f927ae651f,322063f0db095b81,PAIRING_V1
subj06,fold_1,val,A:V,vis2vis,33,33,31,31,V2V_ROY_WITHIN_SPLIT_DERANGEMENT_V1,908ce1f927ae651f,322063f0db095b81,PAIRING_V1
subj06,fold_1,val,B:B,vis2vis,83,227,85,229,V2V_ROY_WITHIN_SPLIT_DERANGEMENT_V1,908ce1f927ae651f,9665456a79021245,PAIRING_V1
subj06,fold_1,val,B:B,vis2vis,85,229,83,227,V2V_ROY_WITHIN_SPLIT_DERANGEMENT_V1,908ce1f927ae651f,9665456a79021245,PAIRING_V1
subj06,fold_1,val,B:C,vis2vis,49,193,73,217,V2V_ROY_WITHIN_SPLIT_DERANGEMENT_V1,908ce1f927ae651f,37c815ea3779e959,PAIRING_V1
subj06,fold_1,val,B:C,vis2vis,73,217,49,193,V2V_ROY_WITHIN_SPLIT_DERANGEMENT_V1,908ce1f927ae651f,37c815ea3779e959,PAIRING_V1
subj06,fold_1,val,B:D,vis2vis,61,205,65,209,V2V_ROY_WITHIN_SPLIT_DERANGEMENT_V1,908ce1f927ae651f,b40ad3e097fd7e37,PAIRING_V1
subj06,fold_1,val,B:D,vis2vis,65,209,61,205,V2V_ROY_WITHIN_SPLIT_DERANGEMENT_V1,908ce1f927ae651f,b40ad3e097fd7e37,PAIRING_V1
subj06,fold_1,val,B:K,vis2vis,57,201,84,228,V2V_ROY_WITHIN_SPLIT_DERANGEMENT_V1,908ce1f927ae651f,123c3ea8c970198f,PAIRING_V1
subj06,fold_1,val,B:K,vis2vis,84,228,57,201,V2V_ROY_WITHIN_SPLIT_DERANGEMENT_V1,908ce1f927ae651f,123c3ea8c970198f,PAIRING_V1
subj06,fold_1,val,B:T,vis2vis,69,213,80,224,V2V_ROY_WITHIN_SPLIT_DERANGEMENT_V1,908ce1f927ae651f,8398e736506c36b5,PAIRING_V1
subj06,fold_1,val,B:T,vis2vis,80,224,69,213,V2V_ROY_WITHIN_SPLIT_DERANGEMENT_V1,908ce1f927ae651f,8398e736506c36b5,PAIRING_V1
subj06,fold_1,val,B:W,vis2vis,48,192,63,207,V2V_ROY_WITHIN_SPLIT_DERANGEMENT_V1,908ce1f927ae651f,13f9403795b35b6a,PAIRING_V1
subj06,fold_1,val,B:W,vis2vis,63,207,48,192,V2V_ROY_WITHIN_SPLIT_DERANGEMENT_V1,908ce1f927ae651f,13f9403795b35b6a,PAIRING_V1
subj06,fold_1,test,A:E,vis2vis,26,26,32,32,V2V_ROY_WITHIN_SPLIT_DERANGEMENT_V1,908ce1f927ae651f,10e8ce6e2e446a23,PAIRING_V1
subj06,fold_1,test,A:E,vis2vis,32,32,26,26,V2V_ROY_WITHIN_SPLIT_DERANGEMENT_V1,908ce1f927ae651f,10e8ce6e2e446a23,PAIRING_V1
subj06,fold_1,test,A:H,vis2vis,10,10,14,14,V2V_ROY_WITHIN_SPLIT_DERANGEMENT_V1,908ce1f927ae651f,a7234422401384ef,PAIRING_V1
subj06,fold_1,test,A:H,vis2vis,14,14,10,10,V2V_ROY_WITHIN_SPLIT_DERANGEMENT_V1,908ce1f927ae651f,a7234422401384ef,PAIRING_V1
subj06,fold_1,test,A:L,vis2vis,12,12,27,27,V2V_ROY_WITHIN_SPLIT_DERANGEMENT_V1,908ce1f927ae651f,4a5c7a9cdb85c29b,PAIRING_V1
subj06,fold_1,test,A:L,vis2vis,27,27,12,12,V2V_ROY_WITHIN_SPLIT_DERANGEMENT_V1,908ce1f927ae651f,4a5c7a9cdb85c29b,PAIRING_V1
subj06,fold_1,test,A:P,vis2vis,8,8,13,13,V2V_ROY_WITHIN_SPLIT_DERANGEMENT_V1,908ce1f927ae651f,ff02fc0ea9d7f514,PAIRING_V1
subj06,fold_1,test,A:P,vis2vis,13,13,8,8,V2V_ROY_WITHIN_SPLIT_DERANGEMENT_V1,908ce1f927ae651f,ff02fc0ea9d7f514,PAIRING_V1
subj06,fold_1,test,A:R,vis2vis,22,22,30,30,V2V_ROY_WITHIN_SPLIT_DERANGEMENT_V1,908ce1f927ae651f,35dc76f34505bcfc,PAIRING_V1
subj06,fold_1,test,A:R,vis2vis,30,30,22,22,V2V_ROY_WITHIN_SPLIT_DERANGEMENT_V1,908ce1f927ae651f,35dc76f34505bcfc,PAIRING_V1
subj06,fold_1,test,A:V,vis2vis,1,1,3,3,V2V_ROY_WITHIN_SPLIT_DERANGEMENT_V1,908ce1f927ae651f,4b14c9fa7f504feb,PAIRING_V1
subj06,fold_1,test,A:V,vis2vis,3,3,1,1,V2V_ROY_WITHIN_SPLIT_DERANGEMENT_V1,908ce1f927ae651f,4b14c9fa7f504feb,PAIRING_V1
subj06,fold_1,test,B:B,vis2vis,66,210,79,223,V2V_ROY_WITHIN_SPLIT_DERANGEMENT_V1,908ce1f927ae651f,b777f27e38998231,PAIRING_V1
subj06,fold_1,test,B:B,vis2vis,79,223,66,210,V2V_ROY_WITHIN_SPLIT_DERANGEMENT_V1,908ce1f927ae651f,b777f27e38998231,PAIRING_V1
subj06,fold_1,test,B:C,vis2vis,58,202,71,215,V2V_ROY_WITHIN_SPLIT_DERANGEMENT_V1,908ce1f927ae651f,1b19723a3c121923,PAIRING_V1
subj06,fold_1,test,B:C,vis2vis,71,215,58,202,V2V_ROY_WITHIN_SPLIT_DERANGEMENT_V1,908ce1f927ae651f,1b19723a3c121923,PAIRING_V1
subj06,fold_1,test,B:D,vis2vis,70,214,93,237,V2V_ROY_WITHIN_SPLIT_DERANGEMENT_V1,908ce1f927ae651f,d1f7b77023a9f12a,PAIRING_V1
subj06,fold_1,test,B:D,vis2vis,93,237,70,214,V2V_ROY_WITHIN_SPLIT_DERANGEMENT_V1,908ce1f927ae651f,d1f7b77023a9f12a,PAIRING_V1
subj06,fold_1,test,B:K,vis2vis,67,211,91,235,V2V_ROY_WITHIN_SPLIT_DERANGEMENT_V1,908ce1f927ae651f,9800ff863bb8aca9,PAIRING_V1
subj06,fold_1,test,B:K,vis2vis,91,235,67,211,V2V_ROY_WITHIN_SPLIT_DERANGEMENT_V1,908ce1f927ae651f,9800ff863bb8aca9,PAIRING_V1
subj06,fold_1,test,B:T,vis2vis,52,196,92,236,V2V_ROY_WITHIN_SPLIT_DERANGEMENT_V1,908ce1f927ae651f,c49438bcc93a3927,PAIRING_V1
subj06,fold_1,test,B:T,vis2vis,92,236,52,196,V2V_ROY_WITHIN_SPLIT_DERANGEMENT_V1,908ce1f927ae651f,c49438bcc93a3927,PAIRING_V1
subj06,fold_1,test,B:W,vis2vis,56,200,75,219,V2V_ROY_WITHIN_SPLIT_DERANGEMENT_V1,908ce1f927ae651f,a5ab7cf7d2e79839,PAIRING_V1
subj06,fold_1,test,B:W,vis2vis,75,219,56,200,V2V_ROY_WITHIN_SPLIT_DERANGEMENT_V1,908ce1f927ae651f,a5ab7cf7d2e79839,PAIRING_V1
subj06,fold_2,train,A:E,vis2vis,6,6,26,26,V2V_ROY_WITHIN_SPLIT_DERANGEMENT_V1,908ce1f927ae651f,a6c9b12d321ef61a,PAIRING_V1
subj06,fold_2,train,A:E,vis2vis,23,23,32,32,V2V_ROY_WITHIN_SPLIT_DERANGEMENT_V1,908ce1f927ae651f,a6c9b12d321ef61a,PAIRING_V1
subj06,fold_2,train,A:E,vis2vis,26,26,6,6,V2V_ROY_WITHIN_SPLIT_DERANGEMENT_V1,908ce1f927ae651f,a6c9b12d321ef61a,PAIRING_V1
subj06,fold_2,train,A:E,vis2vis,32,32,23,23,V2V_ROY_WITHIN_SPLIT_DERANGEMENT_V1,908ce1f927ae651f,a6c9b12d321ef61a,PAIRING_V1
subj06,fold_2,train,A:H,vis2vis,10,10,24,24,V2V_ROY_WITHIN_SPLIT_DERANGEMENT_V1,908ce1f927ae651f,dac77e21db7c72e5,PAIRING_V1
subj06,fold_2,train,A:H,vis2vis,14,14,35,35,V2V_ROY_WITHIN_SPLIT_DERANGEMENT_V1,908ce1f927ae651f,dac77e21db7c72e5,PAIRING_V1
subj06,fold_2,train,A:H,vis2vis,24,24,14,14,V2V_ROY_WITHIN_SPLIT_DERANGEMENT_V1,908ce1f927ae651f,dac77e21db7c72e5,PAIRING_V1
subj06,fold_2,train,A:H,vis2vis,35,35,10,10,V2V_ROY_WITHIN_SPLIT_DERANGEMENT_V1,908ce1f927ae651f,dac77e21db7c72e5,PAIRING_V1
subj06,fold_2,train,A:L,vis2vis,0,0,4,4,V2V_ROY_WITHIN_SPLIT_DERANGEMENT_V1,908ce1f927ae651f,aa20b063c847ac2c,PAIRING_V1
subj06,fold_2,train,A:L,vis2vis,4,4,0,0,V2V_ROY_WITHIN_SPLIT_DERANGEMENT_V1,908ce1f927ae651f,aa20b063c847ac2c,PAIRING_V1
subj06,fold_2,train,A:L,vis2vis,12,12,27,27,V2V_ROY_WITHIN_SPLIT_DERANGEMENT_V1,908ce1f927ae651f,aa20b063c847ac2c,PAIRING_V1
subj06,fold_2,train,A:L,vis2vis,27,27,12,12,V2V_ROY_WITHIN_SPLIT_DERANGEMENT_V1,908ce1f927ae651f,aa20b063c847ac2c,PAIRING_V1
subj06,fold_2,train,A:P,vis2vis,8,8,16,16,V2V_ROY_WITHIN_SPLIT_DERANGEMENT_V1,908ce1f927ae651f,bd7745c26a74d603,PAIRING_V1
subj06,fold_2,train,A:P,vis2vis,13,13,34,34,V2V_ROY_WITHIN_SPLIT_DERANGEMENT_V1,908ce1f927ae651f,bd7745c26a74d603,PAIRING_V1
subj06,fold_2,train,A:P,vis2vis,16,16,13,13,V2V_ROY_WITHIN_SPLIT_DERANGEMENT_V1,908ce1f927ae651f,bd7745c26a74d603,PAIRING_V1
subj06,fold_2,train,A:P,vis2vis,34,34,8,8,V2V_ROY_WITHIN_SPLIT_DERANGEMENT_V1,908ce1f927ae651f,bd7745c26a74d603,PAIRING_V1
subj06,fold_2,train,A:R,vis2vis,17,17,46,46,V2V_ROY_WITHIN_SPLIT_DERANGEMENT_V1,908ce1f927ae651f,77ae92c447a15303,PAIRING_V1
subj06,fold_2,train,A:R,vis2vis,22,22,30,30,V2V_ROY_WITHIN_SPLIT_DERANGEMENT_V1,908ce1f927ae651f,77ae92c447a15303,PAIRING_V1
subj06,fold_2,train,A:R,vis2vis,30,30,22,22,V2V_ROY_WITHIN_SPLIT_DERANGEMENT_V1,908ce1f927ae651f,77ae92c447a15303,PAIRING_V1
subj06,fold_2,train,A:R,vis2vis,46,46,17,17,V2V_ROY_WITHIN_SPLIT_DERANGEMENT_V1,908ce1f927ae651f,77ae92c447a15303,PAIRING_V1
subj06,fold_2,train,A:V,vis2vis,1,1,3,3,V2V_ROY_WITHIN_SPLIT_DERANGEMENT_V1,908ce1f927ae651f,315b4d154ce31e9a,PAIRING_V1
subj06,fold_2,train,A:V,vis2vis,3,3,1,1,V2V_ROY_WITHIN_SPLIT_DERANGEMENT_V1,908ce1f927ae651f,315b4d154ce31e9a,PAIRING_V1
subj06,fold_2,train,A:V,vis2vis,40,40,45,45,V2V_ROY_WITHIN_SPLIT_DERANGEMENT_V1,908ce1f927ae651f,315b4d154ce31e9a,PAIRING_V1
subj06,fold_2,train,A:V,vis2vis,45,45,40,40,V2V_ROY_WITHIN_SPLIT_DERANGEMENT_V1,908ce1f927ae651f,315b4d154ce31e9a,PAIRING_V1
subj06,fold_2,train,B:B,vis2vis,66,210,94,238,V2V_ROY_WITHIN_SPLIT_DERANGEMENT_V1,908ce1f927ae651f,3e503325292d2292,PAIRING_V1
subj06,fold_2,train,B:B,vis2vis,76,220,79,223,V2V_ROY_WITHIN_SPLIT_DERANGEMENT_V1,908ce1f927ae651f,3e503325292d2292,PAIRING_V1
subj06,fold_2,train,B:B,vis2vis,79,223,76,220,V2V_ROY_WITHIN_SPLIT_DERANGEMENT_V1,908ce1f927ae651f,3e503325292d2292,PAIRING_V1
subj06,fold_2,train,B:B,vis2vis,94,238,66,210,V2V_ROY_WITHIN_SPLIT_DERANGEMENT_V1,908ce1f927ae651f,3e503325292d2292,PAIRING_V1
subj06,fold_2,train,B:C,vis2vis,58,202,64,208,V2V_ROY_WITHIN_SPLIT_DERANGEMENT_V1,908ce1f927ae651f,429e9e5abfeee1c9,PAIRING_V1
subj06,fold_2,train,B:C,vis2vis,64,208,58,202,V2V_ROY_WITHIN_SPLIT_DERANGEMENT_V1,908ce1f927ae651f,429e9e5abfeee1c9,PAIRING_V1
subj06,fold_2,train,B:C,vis2vis,71,215,86,230,V2V_ROY_WITHIN_SPLIT_DERANGEMENT_V1,908ce1f927ae651f,429e9e5abfeee1c9,PAIRING_V1
subj06,fold_2,train,B:C,vis2vis,86,230,71,215,V2V_ROY_WITHIN_SPLIT_DERANGEMENT_V1,908ce1f927ae651f,429e9e5abfeee1c9,PAIRING_V1
subj06,fold_2,train,B:D,vis2vis,51,195,70,214,V2V_ROY_WITHIN_SPLIT_DERANGEMENT_V1,908ce1f927ae651f,66e2649e91de6429,PAIRING_V1
subj06,fold_2,train,B:D,vis2vis,54,198,51,195,V2V_ROY_WITHIN_SPLIT_DERANGEMENT_V1,908ce1f927ae651f,66e2649e91de6429,PAIRING_V1
subj06,fold_2,train,B:D,vis2vis,70,214,93,237,V2V_ROY_WITHIN_SPLIT_DERANGEMENT_V1,908ce1f927ae651f,66e2649e91de6429,PAIRING_V1
subj06,fold_2,train,B:D,vis2vis,93,237,54,198,V2V_ROY_WITHIN_SPLIT_DERANGEMENT_V1,908ce1f927ae651f,66e2649e91de6429,PAIRING_V1
subj06,fold_2,train,B:K,vis2vis,55,199,91,235,V2V_ROY_WITHIN_SPLIT_DERANGEMENT_V1,908ce1f927ae651f,c8aa66286078cbcd,PAIRING_V1
subj06,fold_2,train,B:K,vis2vis,67,211,55,199,V2V_ROY_WITHIN_SPLIT_DERANGEMENT_V1,908ce1f927ae651f,c8aa66286078cbcd,PAIRING_V1
subj06,fold_2,train,B:K,vis2vis,78,222,67,211,V2V_ROY_WITHIN_SPLIT_DERANGEMENT_V1,908ce1f927ae651f,c8aa66286078cbcd,PAIRING_V1
subj06,fold_2,train,B:K,vis2vis,91,235,78,222,V2V_ROY_WITHIN_SPLIT_DERANGEMENT_V1,908ce1f927ae651f,c8aa66286078cbcd,PAIRING_V1
subj06,fold_2,train,B:T,vis2vis,52,196,88,232,V2V_ROY_WITHIN_SPLIT_DERANGEMENT_V1,908ce1f927ae651f,efb4e4d84f68fc1c,PAIRING_V1
subj06,fold_2,train,B:T,vis2vis,74,218,92,236,V2V_ROY_WITHIN_SPLIT_DERANGEMENT_V1,908ce1f927ae651f,efb4e4d84f68fc1c,PAIRING_V1
subj06,fold_2,train,B:T,vis2vis,88,232,74,218,V2V_ROY_WITHIN_SPLIT_DERANGEMENT_V1,908ce1f927ae651f,efb4e4d84f68fc1c,PAIRING_V1
subj06,fold_2,train,B:T,vis2vis,92,236,52,196,V2V_ROY_WITHIN_SPLIT_DERANGEMENT_V1,908ce1f927ae651f,efb4e4d84f68fc1c,PAIRING_V1
subj06,fold_2,train,B:W,vis2vis,50,194,75,219,V2V_ROY_WITHIN_SPLIT_DERANGEMENT_V1,908ce1f927ae651f,c44d6d6a9e94377b,PAIRING_V1
subj06,fold_2,train,B:W,vis2vis,56,200,87,231,V2V_ROY_WITHIN_SPLIT_DERANGEMENT_V1,908ce1f927ae651f,c44d6d6a9e94377b,PAIRING_V1
subj06,fold_2,train,B:W,vis2vis,75,219,50,194,V2V_ROY_WITHIN_SPLIT_DERANGEMENT_V1,908ce1f927ae651f,c44d6d6a9e94377b,PAIRING_V1
subj06,fold_2,train,B:W,vis2vis,87,231,56,200,V2V_ROY_WITHIN_SPLIT_DERANGEMENT_V1,908ce1f927ae651f,c44d6d6a9e94377b,PAIRING_V1
subj06,fold_2,val,A:E,vis2vis,9,9,38,38,V2V_ROY_WITHIN_SPLIT_DERANGEMENT_V1,908ce1f927ae651f,5bd1aaca473267e1,PAIRING_V1
subj06,fold_2,val,A:E,vis2vis,38,38,9,9,V2V_ROY_WITHIN_SPLIT_DERANGEMENT_V1,908ce1f927ae651f,5bd1aaca473267e1,PAIRING_V1
subj06,fold_2,val,A:H,vis2vis,18,18,21,21,V2V_ROY_WITHIN_SPLIT_DERANGEMENT_V1,908ce1f927ae651f,0b4aaadfbf0cf2ab,PAIRING_V1
subj06,fold_2,val,A:H,vis2vis,21,21,18,18,V2V_ROY_WITHIN_SPLIT_DERANGEMENT_V1,908ce1f927ae651f,0b4aaadfbf0cf2ab,PAIRING_V1
subj06,fold_2,val,A:L,vis2vis,7,7,29,29,V2V_ROY_WITHIN_SPLIT_DERANGEMENT_V1,908ce1f927ae651f,540b5976e03ed198,PAIRING_V1
subj06,fold_2,val,A:L,vis2vis,29,29,7,7,V2V_ROY_WITHIN_SPLIT_DERANGEMENT_V1,908ce1f927ae651f,540b5976e03ed198,PAIRING_V1
subj06,fold_2,val,A:P,vis2vis,11,11,37,37,V2V_ROY_WITHIN_SPLIT_DERANGEMENT_V1,908ce1f927ae651f,c5f6aac9c62a4b3c,PAIRING_V1
subj06,fold_2,val,A:P,vis2vis,37,37,11,11,V2V_ROY_WITHIN_SPLIT_DERANGEMENT_V1,908ce1f927ae651f,c5f6aac9c62a4b3c,PAIRING_V1
subj06,fold_2,val,A:R,vis2vis,5,5,44,44,V2V_ROY_WITHIN_SPLIT_DERANGEMENT_V1,908ce1f927ae651f,527cc0f690b98d2c,PAIRING_V1
subj06,fold_2,val,A:R,vis2vis,44,44,5,5,V2V_ROY_WITHIN_SPLIT_DERANGEMENT_V1,908ce1f927ae651f,527cc0f690b98d2c,PAIRING_V1
subj06,fold_2,val,A:V,vis2vis,31,31,33,33,V2V_ROY_WITHIN_SPLIT_DERANGEMENT_V1,908ce1f927ae651f,bc9a333174de41ca,PAIRING_V1
subj06,fold_2,val,A:V,vis2vis,33,33,31,31,V2V_ROY_WITHIN_SPLIT_DERANGEMENT_V1,908ce1f927ae651f,bc9a333174de41ca,PAIRING_V1
subj06,fold_2,val,B:B,vis2vis,83,227,85,229,V2V_ROY_WITHIN_SPLIT_DERANGEMENT_V1,908ce1f927ae651f,668a632c1efe146e,PAIRING_V1
subj06,fold_2,val,B:B,vis2vis,85,229,83,227,V2V_ROY_WITHIN_SPLIT_DERANGEMENT_V1,908ce1f927ae651f,668a632c1efe146e,PAIRING_V1
subj06,fold_2,val,B:C,vis2vis,49,193,73,217,V2V_ROY_WITHIN_SPLIT_DERANGEMENT_V1,908ce1f927ae651f,2192e9a3f4d09794,PAIRING_V1
subj06,fold_2,val,B:C,vis2vis,73,217,49,193,V2V_ROY_WITHIN_SPLIT_DERANGEMENT_V1,908ce1f927ae651f,2192e9a3f4d09794,PAIRING_V1
subj06,fold_2,val,B:D,vis2vis,61,205,65,209,V2V_ROY_WITHIN_SPLIT_DERANGEMENT_V1,908ce1f927ae651f,5dc1735527199abb,PAIRING_V1
subj06,fold_2,val,B:D,vis2vis,65,209,61,205,V2V_ROY_WITHIN_SPLIT_DERANGEMENT_V1,908ce1f927ae651f,5dc1735527199abb,PAIRING_V1
subj06,fold_2,val,B:K,vis2vis,57,201,84,228,V2V_ROY_WITHIN_SPLIT_DERANGEMENT_V1,908ce1f927ae651f,140ee82c970ec902,PAIRING_V1
subj06,fold_2,val,B:K,vis2vis,84,228,57,201,V2V_ROY_WITHIN_SPLIT_DERANGEMENT_V1,908ce1f927ae651f,140ee82c970ec902,PAIRING_V1
subj06,fold_2,val,B:T,vis2vis,69,213,80,224,V2V_ROY_WITHIN_SPLIT_DERANGEMENT_V1,908ce1f927ae651f,991d04ab5d225239,PAIRING_V1
subj06,fold_2,val,B:T,vis2vis,80,224,69,213,V2V_ROY_WITHIN_SPLIT_DERANGEMENT_V1,908ce1f927ae651f,991d04ab5d225239,PAIRING_V1
subj06,fold_2,val,B:W,vis2vis,48,192,63,207,V2V_ROY_WITHIN_SPLIT_DERANGEMENT_V1,908ce1f927ae651f,3fd2b70e375dca32,PAIRING_V1
subj06,fold_2,val,B:W,vis2vis,63,207,48,192,V2V_ROY_WITHIN_SPLIT_DERANGEMENT_V1,908ce1f927ae651f,3fd2b70e375dca32,PAIRING_V1
subj06,fold_2,test,A:E,vis2vis,43,43,47,47,V2V_ROY_WITHIN_SPLIT_DERANGEMENT_V1,908ce1f927ae651f,1cd3221e924ee5ab,PAIRING_V1
subj06,fold_2,test,A:E,vis2vis,47,47,43,43,V2V_ROY_WITHIN_SPLIT_DERANGEMENT_V1,908ce1f927ae651f,1cd3221e924ee5ab,PAIRING_V1
subj06,fold_2,test,A:H,vis2vis,2,2,28,28,V2V_ROY_WITHIN_SPLIT_DERANGEMENT_V1,908ce1f927ae651f,cbd2afd5bc998a1b,PAIRING_V1
subj06,fold_2,test,A:H,vis2vis,28,28,2,2,V2V_ROY_WITHIN_SPLIT_DERANGEMENT_V1,908ce1f927ae651f,cbd2afd5bc998a1b,PAIRING_V1
subj06,fold_2,test,A:L,vis2vis,36,36,42,42,V2V_ROY_WITHIN_SPLIT_DERANGEMENT_V1,908ce1f927ae651f,475a2edab485f305,PAIRING_V1
subj06,fold_2,test,A:L,vis2vis,42,42,36,36,V2V_ROY_WITHIN_SPLIT_DERANGEMENT_V1,908ce1f927ae651f,475a2edab485f305,PAIRING_V1
subj06,fold_2,test,A:P,vis2vis,20,20,41,41,V2V_ROY_WITHIN_SPLIT_DERANGEMENT_V1,908ce1f927ae651f,517532dd7921e7ca,PAIRING_V1
subj06,fold_2,test,A:P,vis2vis,41,41,20,20,V2V_ROY_WITHIN_SPLIT_DERANGEMENT_V1,908ce1f927ae651f,517532dd7921e7ca,PAIRING_V1
subj06,fold_2,test,A:R,vis2vis,25,25,39,39,V2V_ROY_WITHIN_SPLIT_DERANGEMENT_V1,908ce1f927ae651f,9688570ea94863d6,PAIRING_V1
subj06,fold_2,test,A:R,vis2vis,39,39,25,25,V2V_ROY_WITHIN_SPLIT_DERANGEMENT_V1,908ce1f927ae651f,9688570ea94863d6,PAIRING_V1
subj06,fold_2,test,A:V,vis2vis,15,15,19,19,V2V_ROY_WITHIN_SPLIT_DERANGEMENT_V1,908ce1f927ae651f,1366253de8275554,PAIRING_V1
subj06,fold_2,test,A:V,vis2vis,19,19,15,15,V2V_ROY_WITHIN_SPLIT_DERANGEMENT_V1,908ce1f927ae651f,1366253de8275554,PAIRING_V1
subj06,fold_2,test,B:B,vis2vis,53,197,89,233,V2V_ROY_WITHIN_SPLIT_DERANGEMENT_V1,908ce1f927ae651f,381d1bc3d1d88024,PAIRING_V1
subj06,fold_2,test,B:B,vis2vis,89,233,53,197,V2V_ROY_WITHIN_SPLIT_DERANGEMENT_V1,908ce1f927ae651f,381d1bc3d1d88024,PAIRING_V1
subj06,fold_2,test,B:C,vis2vis,62,206,90,234,V2V_ROY_WITHIN_SPLIT_DERANGEMENT_V1,908ce1f927ae651f,bdf9b8bcd897b87d,PAIRING_V1
subj06,fold_2,test,B:C,vis2vis,90,234,62,206,V2V_ROY_WITHIN_SPLIT_DERANGEMENT_V1,908ce1f927ae651f,bdf9b8bcd897b87d,PAIRING_V1
subj06,fold_2,test,B:D,vis2vis,68,212,81,225,V2V_ROY_WITHIN_SPLIT_DERANGEMENT_V1,908ce1f927ae651f,607080cfe19272d2,PAIRING_V1
subj06,fold_2,test,B:D,vis2vis,81,225,68,212,V2V_ROY_WITHIN_SPLIT_DERANGEMENT_V1,908ce1f927ae651f,607080cfe19272d2,PAIRING_V1
subj06,fold_2,test,B:K,vis2vis,59,203,82,226,V2V_ROY_WITHIN_SPLIT_DERANGEMENT_V1,908ce1f927ae651f,5f1b6044747a834f,PAIRING_V1
subj06,fold_2,test,B:K,vis2vis,82,226,59,203,V2V_ROY_WITHIN_SPLIT_DERANGEMENT_V1,908ce1f927ae651f,5f1b6044747a834f,PAIRING_V1
subj06,fold_2,test,B:T,vis2vis,60,204,95,239,V2V_ROY_WITHIN_SPLIT_DERANGEMENT_V1,908ce1f927ae651f,ea46c020817a1ce2,PAIRING_V1
subj06,fold_2,test,B:T,vis2vis,95,239,60,204,V2V_ROY_WITHIN_SPLIT_DERANGEMENT_V1,908ce1f927ae651f,ea46c020817a1ce2,PAIRING_V1
subj06,fold_2,test,B:W,vis2vis,72,216,77,221,V2V_ROY_WITHIN_SPLIT_DERANGEMENT_V1,908ce1f927ae651f,8ed4c264da2c8a76,PAIRING_V1
subj06,fold_2,test,B:W,vis2vis,77,221,72,216,V2V_ROY_WITHIN_SPLIT_DERANGEMENT_V1,908ce1f927ae651f,8ed4c264da2c8a76,PAIRING_V1
subj06,fold_3,train,A:E,vis2vis,6,6,32,32,V2V_ROY_WITHIN_SPLIT_DERANGEMENT_V1,908ce1f927ae651f,0456bb4ffd4693c4,PAIRING_V1
subj06,fold_3,train,A:E,vis2vis,23,23,6,6,V2V_ROY_WITHIN_SPLIT_DERANGEMENT_V1,908ce1f927ae651f,0456bb4ffd4693c4,PAIRING_V1
subj06,fold_3,train,A:E,vis2vis,26,26,23,23,V2V_ROY_WITHIN_SPLIT_DERANGEMENT_V1,908ce1f927ae651f,0456bb4ffd4693c4,PAIRING_V1
subj06,fold_3,train,A:E,vis2vis,32,32,26,26,V2V_ROY_WITHIN_SPLIT_DERANGEMENT_V1,908ce1f927ae651f,0456bb4ffd4693c4,PAIRING_V1
subj06,fold_3,train,A:H,vis2vis,10,10,14,14,V2V_ROY_WITHIN_SPLIT_DERANGEMENT_V1,908ce1f927ae651f,e79a4df6507c5138,PAIRING_V1
subj06,fold_3,train,A:H,vis2vis,14,14,35,35,V2V_ROY_WITHIN_SPLIT_DERANGEMENT_V1,908ce1f927ae651f,e79a4df6507c5138,PAIRING_V1
subj06,fold_3,train,A:H,vis2vis,24,24,10,10,V2V_ROY_WITHIN_SPLIT_DERANGEMENT_V1,908ce1f927ae651f,e79a4df6507c5138,PAIRING_V1
subj06,fold_3,train,A:H,vis2vis,35,35,24,24,V2V_ROY_WITHIN_SPLIT_DERANGEMENT_V1,908ce1f927ae651f,e79a4df6507c5138,PAIRING_V1
subj06,fold_3,train,A:L,vis2vis,0,0,4,4,V2V_ROY_WITHIN_SPLIT_DERANGEMENT_V1,908ce1f927ae651f,3b92eded715c6cbe,PAIRING_V1
subj06,fold_3,train,A:L,vis2vis,4,4,12,12,V2V_ROY_WITHIN_SPLIT_DERANGEMENT_V1,908ce1f927ae651f,3b92eded715c6cbe,PAIRING_V1
subj06,fold_3,train,A:L,vis2vis,12,12,27,27,V2V_ROY_WITHIN_SPLIT_DERANGEMENT_V1,908ce1f927ae651f,3b92eded715c6cbe,PAIRING_V1
subj06,fold_3,train,A:L,vis2vis,27,27,0,0,V2V_ROY_WITHIN_SPLIT_DERANGEMENT_V1,908ce1f927ae651f,3b92eded715c6cbe,PAIRING_V1
subj06,fold_3,train,A:P,vis2vis,8,8,34,34,V2V_ROY_WITHIN_SPLIT_DERANGEMENT_V1,908ce1f927ae651f,4105297af14f7c44,PAIRING_V1
subj06,fold_3,train,A:P,vis2vis,13,13,16,16,V2V_ROY_WITHIN_SPLIT_DERANGEMENT_V1,908ce1f927ae651f,4105297af14f7c44,PAIRING_V1
subj06,fold_3,train,A:P,vis2vis,16,16,8,8,V2V_ROY_WITHIN_SPLIT_DERANGEMENT_V1,908ce1f927ae651f,4105297af14f7c44,PAIRING_V1
subj06,fold_3,train,A:P,vis2vis,34,34,13,13,V2V_ROY_WITHIN_SPLIT_DERANGEMENT_V1,908ce1f927ae651f,4105297af14f7c44,PAIRING_V1
subj06,fold_3,train,A:R,vis2vis,17,17,30,30,V2V_ROY_WITHIN_SPLIT_DERANGEMENT_V1,908ce1f927ae651f,324429024f79a0d4,PAIRING_V1
subj06,fold_3,train,A:R,vis2vis,22,22,17,17,V2V_ROY_WITHIN_SPLIT_DERANGEMENT_V1,908ce1f927ae651f,324429024f79a0d4,PAIRING_V1
subj06,fold_3,train,A:R,vis2vis,30,30,46,46,V2V_ROY_WITHIN_SPLIT_DERANGEMENT_V1,908ce1f927ae651f,324429024f79a0d4,PAIRING_V1
subj06,fold_3,train,A:R,vis2vis,46,46,22,22,V2V_ROY_WITHIN_SPLIT_DERANGEMENT_V1,908ce1f927ae651f,324429024f79a0d4,PAIRING_V1
subj06,fold_3,train,A:V,vis2vis,1,1,45,45,V2V_ROY_WITHIN_SPLIT_DERANGEMENT_V1,908ce1f927ae651f,0d6ab77023163ba9,PAIRING_V1
subj06,fold_3,train,A:V,vis2vis,3,3,1,1,V2V_ROY_WITHIN_SPLIT_DERANGEMENT_V1,908ce1f927ae651f,0d6ab77023163ba9,PAIRING_V1
subj06,fold_3,train,A:V,vis2vis,40,40,3,3,V2V_ROY_WITHIN_SPLIT_DERANGEMENT_V1,908ce1f927ae651f,0d6ab77023163ba9,PAIRING_V1
subj06,fold_3,train,A:V,vis2vis,45,45,40,40,V2V_ROY_WITHIN_SPLIT_DERANGEMENT_V1,908ce1f927ae651f,0d6ab77023163ba9,PAIRING_V1
subj06,fold_3,train,B:B,vis2vis,66,210,76,220,V2V_ROY_WITHIN_SPLIT_DERANGEMENT_V1,908ce1f927ae651f,db1a803607aa4303,PAIRING_V1
subj06,fold_3,train,B:B,vis2vis,76,220,79,223,V2V_ROY_WITHIN_SPLIT_DERANGEMENT_V1,908ce1f927ae651f,db1a803607aa4303,PAIRING_V1
subj06,fold_3,train,B:B,vis2vis,79,223,94,238,V2V_ROY_WITHIN_SPLIT_DERANGEMENT_V1,908ce1f927ae651f,db1a803607aa4303,PAIRING_V1
subj06,fold_3,train,B:B,vis2vis,94,238,66,210,V2V_ROY_WITHIN_SPLIT_DERANGEMENT_V1,908ce1f927ae651f,db1a803607aa4303,PAIRING_V1
subj06,fold_3,train,B:C,vis2vis,58,202,64,208,V2V_ROY_WITHIN_SPLIT_DERANGEMENT_V1,908ce1f927ae651f,24439b1b74c20119,PAIRING_V1
subj06,fold_3,train,B:C,vis2vis,64,208,71,215,V2V_ROY_WITHIN_SPLIT_DERANGEMENT_V1,908ce1f927ae651f,24439b1b74c20119,PAIRING_V1
subj06,fold_3,train,B:C,vis2vis,71,215,86,230,V2V_ROY_WITHIN_SPLIT_DERANGEMENT_V1,908ce1f927ae651f,24439b1b74c20119,PAIRING_V1
subj06,fold_3,train,B:C,vis2vis,86,230,58,202,V2V_ROY_WITHIN_SPLIT_DERANGEMENT_V1,908ce1f927ae651f,24439b1b74c20119,PAIRING_V1
subj06,fold_3,train,B:D,vis2vis,51,195,70,214,V2V_ROY_WITHIN_SPLIT_DERANGEMENT_V1,908ce1f927ae651f,2aa8448d0e91a167,PAIRING_V1
subj06,fold_3,train,B:D,vis2vis,54,198,93,237,V2V_ROY_WITHIN_SPLIT_DERANGEMENT_V1,908ce1f927ae651f,2aa8448d0e91a167,PAIRING_V1
subj06,fold_3,train,B:D,vis2vis,70,214,54,198,V2V_ROY_WITHIN_SPLIT_DERANGEMENT_V1,908ce1f927ae651f,2aa8448d0e91a167,PAIRING_V1
subj06,fold_3,train,B:D,vis2vis,93,237,51,195,V2V_ROY_WITHIN_SPLIT_DERANGEMENT_V1,908ce1f927ae651f,2aa8448d0e91a167,PAIRING_V1
subj06,fold_3,train,B:K,vis2vis,55,199,67,211,V2V_ROY_WITHIN_SPLIT_DERANGEMENT_V1,908ce1f927ae651f,1691b63cbf19d612,PAIRING_V1
subj06,fold_3,train,B:K,vis2vis,67,211,55,199,V2V_ROY_WITHIN_SPLIT_DERANGEMENT_V1,908ce1f927ae651f,1691b63cbf19d612,PAIRING_V1
subj06,fold_3,train,B:K,vis2vis,78,222,91,235,V2V_ROY_WITHIN_SPLIT_DERANGEMENT_V1,908ce1f927ae651f,1691b63cbf19d612,PAIRING_V1
subj06,fold_3,train,B:K,vis2vis,91,235,78,222,V2V_ROY_WITHIN_SPLIT_DERANGEMENT_V1,908ce1f927ae651f,1691b63cbf19d612,PAIRING_V1
subj06,fold_3,train,B:T,vis2vis,52,196,92,236,V2V_ROY_WITHIN_SPLIT_DERANGEMENT_V1,908ce1f927ae651f,45200deaf2c67fb8,PAIRING_V1
subj06,fold_3,train,B:T,vis2vis,74,218,52,196,V2V_ROY_WITHIN_SPLIT_DERANGEMENT_V1,908ce1f927ae651f,45200deaf2c67fb8,PAIRING_V1
subj06,fold_3,train,B:T,vis2vis,88,232,74,218,V2V_ROY_WITHIN_SPLIT_DERANGEMENT_V1,908ce1f927ae651f,45200deaf2c67fb8,PAIRING_V1
subj06,fold_3,train,B:T,vis2vis,92,236,88,232,V2V_ROY_WITHIN_SPLIT_DERANGEMENT_V1,908ce1f927ae651f,45200deaf2c67fb8,PAIRING_V1
subj06,fold_3,train,B:W,vis2vis,50,194,75,219,V2V_ROY_WITHIN_SPLIT_DERANGEMENT_V1,908ce1f927ae651f,14bb30c562071111,PAIRING_V1
subj06,fold_3,train,B:W,vis2vis,56,200,87,231,V2V_ROY_WITHIN_SPLIT_DERANGEMENT_V1,908ce1f927ae651f,14bb30c562071111,PAIRING_V1
subj06,fold_3,train,B:W,vis2vis,75,219,50,194,V2V_ROY_WITHIN_SPLIT_DERANGEMENT_V1,908ce1f927ae651f,14bb30c562071111,PAIRING_V1
subj06,fold_3,train,B:W,vis2vis,87,231,56,200,V2V_ROY_WITHIN_SPLIT_DERANGEMENT_V1,908ce1f927ae651f,14bb30c562071111,PAIRING_V1
subj06,fold_3,val,A:E,vis2vis,43,43,47,47,V2V_ROY_WITHIN_SPLIT_DERANGEMENT_V1,908ce1f927ae651f,91ecd4214a2ce239,PAIRING_V1
subj06,fold_3,val,A:E,vis2vis,47,47,43,43,V2V_ROY_WITHIN_SPLIT_DERANGEMENT_V1,908ce1f927ae651f,91ecd4214a2ce239,PAIRING_V1
subj06,fold_3,val,A:H,vis2vis,2,2,28,28,V2V_ROY_WITHIN_SPLIT_DERANGEMENT_V1,908ce1f927ae651f,9685c87982971f3b,PAIRING_V1
subj06,fold_3,val,A:H,vis2vis,28,28,2,2,V2V_ROY_WITHIN_SPLIT_DERANGEMENT_V1,908ce1f927ae651f,9685c87982971f3b,PAIRING_V1
subj06,fold_3,val,A:L,vis2vis,36,36,42,42,V2V_ROY_WITHIN_SPLIT_DERANGEMENT_V1,908ce1f927ae651f,3c1b75488a5262df,PAIRING_V1
subj06,fold_3,val,A:L,vis2vis,42,42,36,36,V2V_ROY_WITHIN_SPLIT_DERANGEMENT_V1,908ce1f927ae651f,3c1b75488a5262df,PAIRING_V1
subj06,fold_3,val,A:P,vis2vis,20,20,41,41,V2V_ROY_WITHIN_SPLIT_DERANGEMENT_V1,908ce1f927ae651f,d50ee851cb7eb8c7,PAIRING_V1
subj06,fold_3,val,A:P,vis2vis,41,41,20,20,V2V_ROY_WITHIN_SPLIT_DERANGEMENT_V1,908ce1f927ae651f,d50ee851cb7eb8c7,PAIRING_V1
subj06,fold_3,val,A:R,vis2vis,25,25,39,39,V2V_ROY_WITHIN_SPLIT_DERANGEMENT_V1,908ce1f927ae651f,24e8e7fac39e0aaf,PAIRING_V1
subj06,fold_3,val,A:R,vis2vis,39,39,25,25,V2V_ROY_WITHIN_SPLIT_DERANGEMENT_V1,908ce1f927ae651f,24e8e7fac39e0aaf,PAIRING_V1
subj06,fold_3,val,A:V,vis2vis,15,15,19,19,V2V_ROY_WITHIN_SPLIT_DERANGEMENT_V1,908ce1f927ae651f,2a358b56fd6b0642,PAIRING_V1
subj06,fold_3,val,A:V,vis2vis,19,19,15,15,V2V_ROY_WITHIN_SPLIT_DERANGEMENT_V1,908ce1f927ae651f,2a358b56fd6b0642,PAIRING_V1
subj06,fold_3,val,B:B,vis2vis,53,197,89,233,V2V_ROY_WITHIN_SPLIT_DERANGEMENT_V1,908ce1f927ae651f,e597eef1bb6be0fe,PAIRING_V1
subj06,fold_3,val,B:B,vis2vis,89,233,53,197,V2V_ROY_WITHIN_SPLIT_DERANGEMENT_V1,908ce1f927ae651f,e597eef1bb6be0fe,PAIRING_V1
subj06,fold_3,val,B:C,vis2vis,62,206,90,234,V2V_ROY_WITHIN_SPLIT_DERANGEMENT_V1,908ce1f927ae651f,8c24477c9d0399bd,PAIRING_V1
subj06,fold_3,val,B:C,vis2vis,90,234,62,206,V2V_ROY_WITHIN_SPLIT_DERANGEMENT_V1,908ce1f927ae651f,8c24477c9d0399bd,PAIRING_V1
subj06,fold_3,val,B:D,vis2vis,68,212,81,225,V2V_ROY_WITHIN_SPLIT_DERANGEMENT_V1,908ce1f927ae651f,69a0fc71f5ce14b4,PAIRING_V1
subj06,fold_3,val,B:D,vis2vis,81,225,68,212,V2V_ROY_WITHIN_SPLIT_DERANGEMENT_V1,908ce1f927ae651f,69a0fc71f5ce14b4,PAIRING_V1
subj06,fold_3,val,B:K,vis2vis,59,203,82,226,V2V_ROY_WITHIN_SPLIT_DERANGEMENT_V1,908ce1f927ae651f,a3fc8ed79bb9f1a0,PAIRING_V1
subj06,fold_3,val,B:K,vis2vis,82,226,59,203,V2V_ROY_WITHIN_SPLIT_DERANGEMENT_V1,908ce1f927ae651f,a3fc8ed79bb9f1a0,PAIRING_V1
subj06,fold_3,val,B:T,vis2vis,60,204,95,239,V2V_ROY_WITHIN_SPLIT_DERANGEMENT_V1,908ce1f927ae651f,23dc8a2739c90471,PAIRING_V1
subj06,fold_3,val,B:T,vis2vis,95,239,60,204,V2V_ROY_WITHIN_SPLIT_DERANGEMENT_V1,908ce1f927ae651f,23dc8a2739c90471,PAIRING_V1
subj06,fold_3,val,B:W,vis2vis,72,216,77,221,V2V_ROY_WITHIN_SPLIT_DERANGEMENT_V1,908ce1f927ae651f,cb7260217cb7f8f9,PAIRING_V1
subj06,fold_3,val,B:W,vis2vis,77,221,72,216,V2V_ROY_WITHIN_SPLIT_DERANGEMENT_V1,908ce1f927ae651f,cb7260217cb7f8f9,PAIRING_V1
subj06,fold_3,test,A:E,vis2vis,9,9,38,38,V2V_ROY_WITHIN_SPLIT_DERANGEMENT_V1,908ce1f927ae651f,9cd9c45fb9663f9f,PAIRING_V1
subj06,fold_3,test,A:E,vis2vis,38,38,9,9,V2V_ROY_WITHIN_SPLIT_DERANGEMENT_V1,908ce1f927ae651f,9cd9c45fb9663f9f,PAIRING_V1
subj06,fold_3,test,A:H,vis2vis,18,18,21,21,V2V_ROY_WITHIN_SPLIT_DERANGEMENT_V1,908ce1f927ae651f,ad0c2af896fb3e13,PAIRING_V1
subj06,fold_3,test,A:H,vis2vis,21,21,18,18,V2V_ROY_WITHIN_SPLIT_DERANGEMENT_V1,908ce1f927ae651f,ad0c2af896fb3e13,PAIRING_V1
subj06,fold_3,test,A:L,vis2vis,7,7,29,29,V2V_ROY_WITHIN_SPLIT_DERANGEMENT_V1,908ce1f927ae651f,92804d05b5ebb1b6,PAIRING_V1
subj06,fold_3,test,A:L,vis2vis,29,29,7,7,V2V_ROY_WITHIN_SPLIT_DERANGEMENT_V1,908ce1f927ae651f,92804d05b5ebb1b6,PAIRING_V1
subj06,fold_3,test,A:P,vis2vis,11,11,37,37,V2V_ROY_WITHIN_SPLIT_DERANGEMENT_V1,908ce1f927ae651f,c128f53ac681a9cf,PAIRING_V1
subj06,fold_3,test,A:P,vis2vis,37,37,11,11,V2V_ROY_WITHIN_SPLIT_DERANGEMENT_V1,908ce1f927ae651f,c128f53ac681a9cf,PAIRING_V1
subj06,fold_3,test,A:R,vis2vis,5,5,44,44,V2V_ROY_WITHIN_SPLIT_DERANGEMENT_V1,908ce1f927ae651f,d5826138524786e4,PAIRING_V1
subj06,fold_3,test,A:R,vis2vis,44,44,5,5,V2V_ROY_WITHIN_SPLIT_DERANGEMENT_V1,908ce1f927ae651f,d5826138524786e4,PAIRING_V1
subj06,fold_3,test,A:V,vis2vis,31,31,33,33,V2V_ROY_WITHIN_SPLIT_DERANGEMENT_V1,908ce1f927ae651f,b06d09c8371c0dc8,PAIRING_V1
subj06,fold_3,test,A:V,vis2vis,33,33,31,31,V2V_ROY_WITHIN_SPLIT_DERANGEMENT_V1,908ce1f927ae651f,b06d09c8371c0dc8,PAIRING_V1
subj06,fold_3,test,B:B,vis2vis,83,227,85,229,V2V_ROY_WITHIN_SPLIT_DERANGEMENT_V1,908ce1f927ae651f,b376b9de00b15108,PAIRING_V1
subj06,fold_3,test,B:B,vis2vis,85,229,83,227,V2V_ROY_WITHIN_SPLIT_DERANGEMENT_V1,908ce1f927ae651f,b376b9de00b15108,PAIRING_V1
subj06,fold_3,test,B:C,vis2vis,49,193,73,217,V2V_ROY_WITHIN_SPLIT_DERANGEMENT_V1,908ce1f927ae651f,96651c42a61f17b9,PAIRING_V1
subj06,fold_3,test,B:C,vis2vis,73,217,49,193,V2V_ROY_WITHIN_SPLIT_DERANGEMENT_V1,908ce1f927ae651f,96651c42a61f17b9,PAIRING_V1
subj06,fold_3,test,B:D,vis2vis,61,205,65,209,V2V_ROY_WITHIN_SPLIT_DERANGEMENT_V1,908ce1f927ae651f,8131301025185b48,PAIRING_V1
subj06,fold_3,test,B:D,vis2vis,65,209,61,205,V2V_ROY_WITHIN_SPLIT_DERANGEMENT_V1,908ce1f927ae651f,8131301025185b48,PAIRING_V1
subj06,fold_3,test,B:K,vis2vis,57,201,84,228,V2V_ROY_WITHIN_SPLIT_DERANGEMENT_V1,908ce1f927ae651f,984f60be49351946,PAIRING_V1
subj06,fold_3,test,B:K,vis2vis,84,228,57,201,V2V_ROY_WITHIN_SPLIT_DERANGEMENT_V1,908ce1f927ae651f,984f60be49351946,PAIRING_V1
subj06,fold_3,test,B:T,vis2vis,69,213,80,224,V2V_ROY_WITHIN_SPLIT_DERANGEMENT_V1,908ce1f927ae651f,4bbcfd2c138ea5df,PAIRING_V1
subj06,fold_3,test,B:T,vis2vis,80,224,69,213,V2V_ROY_WITHIN_SPLIT_DERANGEMENT_V1,908ce1f927ae651f,4bbcfd2c138ea5df,PAIRING_V1
subj06,fold_3,test,B:W,vis2vis,48,192,63,207,V2V_ROY_WITHIN_SPLIT_DERANGEMENT_V1,908ce1f927ae651f,91685be4d007560e,PAIRING_V1
subj06,fold_3,test,B:W,vis2vis,63,207,48,192,V2V_ROY_WITHIN_SPLIT_DERANGEMENT_V1,908ce1f927ae651f,91685be4d007560e,PAIRING_V1
subj07,fold_0,train,A:E,vis2vis,26,26,43,43,V2V_ROY_WITHIN_SPLIT_DERANGEMENT_V1,908ce1f927ae651f,311f4d49b3931bfb,PAIRING_V1
subj07,fold_0,train,A:E,vis2vis,32,32,47,47,V2V_ROY_WITHIN_SPLIT_DERANGEMENT_V1,908ce1f927ae651f,311f4d49b3931bfb,PAIRING_V1
subj07,fold_0,train,A:E,vis2vis,43,43,26,26,V2V_ROY_WITHIN_SPLIT_DERANGEMENT_V1,908ce1f927ae651f,311f4d49b3931bfb,PAIRING_V1
subj07,fold_0,train,A:E,vis2vis,47,47,32,32,V2V_ROY_WITHIN_SPLIT_DERANGEMENT_V1,908ce1f927ae651f,311f4d49b3931bfb,PAIRING_V1
subj07,fold_0,train,A:H,vis2vis,2,2,14,14,V2V_ROY_WITHIN_SPLIT_DERANGEMENT_V1,908ce1f927ae651f,fd16a18ae88d03bb,PAIRING_V1
subj07,fold_0,train,A:H,vis2vis,10,10,2,2,V2V_ROY_WITHIN_SPLIT_DERANGEMENT_V1,908ce1f927ae651f,fd16a18ae88d03bb,PAIRING_V1
subj07,fold_0,train,A:H,vis2vis,14,14,28,28,V2V_ROY_WITHIN_SPLIT_DERANGEMENT_V1,908ce1f927ae651f,fd16a18ae88d03bb,PAIRING_V1
subj07,fold_0,train,A:H,vis2vis,28,28,10,10,V2V_ROY_WITHIN_SPLIT_DERANGEMENT_V1,908ce1f927ae651f,fd16a18ae88d03bb,PAIRING_V1
subj07,fold_0,train,A:L,vis2vis,12,12,42,42,V2V_ROY_WITHIN_SPLIT_DERANGEMENT_V1,908ce1f927ae651f,fc2a3c34de7622a2,PAIRING_V1
subj07,fold_0,train,A:L,vis2vis,27,27,36,36,V2V_ROY_WITHIN_SPLIT_DERANGEMENT_V1,908ce1f927ae651f,fc2a3c34de7622a2,PAIRING_V1
subj07,fold_0,train,A:L,vis2vis,36,36,12,12,V2V_ROY_WITHIN_SPLIT_DERANGEMENT_V1,908ce1f927ae651f,fc2a3c34de7622a2,PAIRING_V1
subj07,fold_0,train,A:L,vis2vis,42,42,27,27,V2V_ROY_WITHIN_SPLIT_DERANGEMENT_V1,908ce1f927ae651f,fc2a3c34de7622a2,PAIRING_V1
subj07,fold_0,train,A:P,vis2vis,8,8,20,20,V2V_ROY_WITHIN_SPLIT_DERANGEMENT_V1,908ce1f927ae651f,a005ec17b1d3d4b5,PAIRING_V1
subj07,fold_0,train,A:P,vis2vis,13,13,41,41,V2V_ROY_WITHIN_SPLIT_DERANGEMENT_V1,908ce1f927ae651f,a005ec17b1d3d4b5,PAIRING_V1
subj07,fold_0,train,A:P,vis2vis,20,20,8,8,V2V_ROY_WITHIN_SPLIT_DERANGEMENT_V1,908ce1f927ae651f,a005ec17b1d3d4b5,PAIRING_V1
subj07,fold_0,train,A:P,vis2vis,41,41,13,13,V2V_ROY_WITHIN_SPLIT_DERANGEMENT_V1,908ce1f927ae651f,a005ec17b1d3d4b5,PAIRING_V1
subj07,fold_0,train,A:R,vis2vis,22,22,39,39,V2V_ROY_WITHIN_SPLIT_DERANGEMENT_V1,908ce1f927ae651f,5a19d02cf02852ad,PAIRING_V1
subj07,fold_0,train,A:R,vis2vis,25,25,22,22,V2V_ROY_WITHIN_SPLIT_DERANGEMENT_V1,908ce1f927ae651f,5a19d02cf02852ad,PAIRING_V1
subj07,fold_0,train,A:R,vis2vis,30,30,25,25,V2V_ROY_WITHIN_SPLIT_DERANGEMENT_V1,908ce1f927ae651f,5a19d02cf02852ad,PAIRING_V1
subj07,fold_0,train,A:R,vis2vis,39,39,30,30,V2V_ROY_WITHIN_SPLIT_DERANGEMENT_V1,908ce1f927ae651f,5a19d02cf02852ad,PAIRING_V1
subj07,fold_0,train,A:V,vis2vis,1,1,3,3,V2V_ROY_WITHIN_SPLIT_DERANGEMENT_V1,908ce1f927ae651f,5b77578da147c0e9,PAIRING_V1
subj07,fold_0,train,A:V,vis2vis,3,3,15,15,V2V_ROY_WITHIN_SPLIT_DERANGEMENT_V1,908ce1f927ae651f,5b77578da147c0e9,PAIRING_V1
subj07,fold_0,train,A:V,vis2vis,15,15,19,19,V2V_ROY_WITHIN_SPLIT_DERANGEMENT_V1,908ce1f927ae651f,5b77578da147c0e9,PAIRING_V1
subj07,fold_0,train,A:V,vis2vis,19,19,1,1,V2V_ROY_WITHIN_SPLIT_DERANGEMENT_V1,908ce1f927ae651f,5b77578da147c0e9,PAIRING_V1
subj07,fold_0,train,B:B,vis2vis,53,197,89,233,V2V_ROY_WITHIN_SPLIT_DERANGEMENT_V1,908ce1f927ae651f,b7f476240a21e0e9,PAIRING_V1
subj07,fold_0,train,B:B,vis2vis,66,210,79,223,V2V_ROY_WITHIN_SPLIT_DERANGEMENT_V1,908ce1f927ae651f,b7f476240a21e0e9,PAIRING_V1
subj07,fold_0,train,B:B,vis2vis,79,223,66,210,V2V_ROY_WITHIN_SPLIT_DERANGEMENT_V1,908ce1f927ae651f,b7f476240a21e0e9,PAIRING_V1
subj07,fold_0,train,B:B,vis2vis,89,233,53,197,V2V_ROY_WITHIN_SPLIT_DERANGEMENT_V1,908ce1f927ae651f,b7f476240a21e0e9,PAIRING_V1
subj07,fold_0,train,B:C,vis2vis,58,202,71,215,V2V_ROY_WITHIN_SPLIT_DERANGEMENT_V1,908ce1f927ae651f,5ecf87a0bedab6de,PAIRING_V1
subj07,fold_0,train,B:C,vis2vis,62,206,58,202,V2V_ROY_WITHIN_SPLIT_DERANGEMENT_V1,908ce1f927ae651f,5ecf87a0bedab6de,PAIRING_V1
subj07,fold_0,train,B:C,vis2vis,71,215,90,234,V2V_ROY_WITHIN_SPLIT_DERANGEMENT_V1,908ce1f927ae651f,5ecf87a0bedab6de,PAIRING_V1
subj07,fold_0,train,B:C,vis2vis,90,234,62,206,V2V_ROY_WITHIN_SPLIT_DERANGEMENT_V1,908ce1f927ae651f,5ecf87a0bedab6de,PAIRING_V1
subj07,fold_0,train,B:D,vis2vis,68,212,70,214,V2V_ROY_WITHIN_SPLIT_DERANGEMENT_V1,908ce1f927ae651f,22d31d7cd2b78231,PAIRING_V1
subj07,fold_0,train,B:D,vis2vis,70,214,81,225,V2V_ROY_WITHIN_SPLIT_DERANGEMENT_V1,908ce1f927ae651f,22d31d7cd2b78231,PAIRING_V1
subj07,fold_0,train,B:D,vis2vis,81,225,93,237,V2V_ROY_WITHIN_SPLIT_DERANGEMENT_V1,908ce1f927ae651f,22d31d7cd2b78231,PAIRING_V1
subj07,fold_0,train,B:D,vis2vis,93,237,68,212,V2V_ROY_WITHIN_SPLIT_DERANGEMENT_V1,908ce1f927ae651f,22d31d7cd2b78231,PAIRING_V1
subj07,fold_0,train,B:K,vis2vis,59,203,82,226,V2V_ROY_WITHIN_SPLIT_DERANGEMENT_V1,908ce1f927ae651f,41d86e797fe9e7c6,PAIRING_V1
subj07,fold_0,train,B:K,vis2vis,67,211,91,235,V2V_ROY_WITHIN_SPLIT_DERANGEMENT_V1,908ce1f927ae651f,41d86e797fe9e7c6,PAIRING_V1
subj07,fold_0,train,B:K,vis2vis,82,226,59,203,V2V_ROY_WITHIN_SPLIT_DERANGEMENT_V1,908ce1f927ae651f,41d86e797fe9e7c6,PAIRING_V1
subj07,fold_0,train,B:K,vis2vis,91,235,67,211,V2V_ROY_WITHIN_SPLIT_DERANGEMENT_V1,908ce1f927ae651f,41d86e797fe9e7c6,PAIRING_V1
subj07,fold_0,train,B:T,vis2vis,52,196,95,239,V2V_ROY_WITHIN_SPLIT_DERANGEMENT_V1,908ce1f927ae651f,404087a9c0f9103c,PAIRING_V1
subj07,fold_0,train,B:T,vis2vis,60,204,92,236,V2V_ROY_WITHIN_SPLIT_DERANGEMENT_V1,908ce1f927ae651f,404087a9c0f9103c,PAIRING_V1
subj07,fold_0,train,B:T,vis2vis,92,236,60,204,V2V_ROY_WITHIN_SPLIT_DERANGEMENT_V1,908ce1f927ae651f,404087a9c0f9103c,PAIRING_V1
subj07,fold_0,train,B:T,vis2vis,95,239,52,196,V2V_ROY_WITHIN_SPLIT_DERANGEMENT_V1,908ce1f927ae651f,404087a9c0f9103c,PAIRING_V1
subj07,fold_0,train,B:W,vis2vis,56,200,75,219,V2V_ROY_WITHIN_SPLIT_DERANGEMENT_V1,908ce1f927ae651f,e0973ca417b30466,PAIRING_V1
subj07,fold_0,train,B:W,vis2vis,72,216,77,221,V2V_ROY_WITHIN_SPLIT_DERANGEMENT_V1,908ce1f927ae651f,e0973ca417b30466,PAIRING_V1
subj07,fold_0,train,B:W,vis2vis,75,219,72,216,V2V_ROY_WITHIN_SPLIT_DERANGEMENT_V1,908ce1f927ae651f,e0973ca417b30466,PAIRING_V1
subj07,fold_0,train,B:W,vis2vis,77,221,56,200,V2V_ROY_WITHIN_SPLIT_DERANGEMENT_V1,908ce1f927ae651f,e0973ca417b30466,PAIRING_V1
subj07,fold_0,val,A:E,vis2vis,9,9,38,38,V2V_ROY_WITHIN_SPLIT_DERANGEMENT_V1,908ce1f927ae651f,d5f831c687fb0a3a,PAIRING_V1
subj07,fold_0,val,A:E,vis2vis,38,38,9,9,V2V_ROY_WITHIN_SPLIT_DERANGEMENT_V1,908ce1f927ae651f,d5f831c687fb0a3a,PAIRING_V1
subj07,fold_0,val,A:H,vis2vis,18,18,21,21,V2V_ROY_WITHIN_SPLIT_DERANGEMENT_V1,908ce1f927ae651f,35e608d27ac54588,PAIRING_V1
subj07,fold_0,val,A:H,vis2vis,21,21,18,18,V2V_ROY_WITHIN_SPLIT_DERANGEMENT_V1,908ce1f927ae651f,35e608d27ac54588,PAIRING_V1
subj07,fold_0,val,A:L,vis2vis,7,7,29,29,V2V_ROY_WITHIN_SPLIT_DERANGEMENT_V1,908ce1f927ae651f,87b1b7af8008d39c,PAIRING_V1
subj07,fold_0,val,A:L,vis2vis,29,29,7,7,V2V_ROY_WITHIN_SPLIT_DERANGEMENT_V1,908ce1f927ae651f,87b1b7af8008d39c,PAIRING_V1
subj07,fold_0,val,A:P,vis2vis,11,11,37,37,V2V_ROY_WITHIN_SPLIT_DERANGEMENT_V1,908ce1f927ae651f,c6d7e1ed35c8f9c9,PAIRING_V1
subj07,fold_0,val,A:P,vis2vis,37,37,11,11,V2V_ROY_WITHIN_SPLIT_DERANGEMENT_V1,908ce1f927ae651f,c6d7e1ed35c8f9c9,PAIRING_V1
subj07,fold_0,val,A:R,vis2vis,5,5,44,44,V2V_ROY_WITHIN_SPLIT_DERANGEMENT_V1,908ce1f927ae651f,0ea09e0767425e58,PAIRING_V1
subj07,fold_0,val,A:R,vis2vis,44,44,5,5,V2V_ROY_WITHIN_SPLIT_DERANGEMENT_V1,908ce1f927ae651f,0ea09e0767425e58,PAIRING_V1
subj07,fold_0,val,A:V,vis2vis,31,31,33,33,V2V_ROY_WITHIN_SPLIT_DERANGEMENT_V1,908ce1f927ae651f,17a01e65e347aee2,PAIRING_V1
subj07,fold_0,val,A:V,vis2vis,33,33,31,31,V2V_ROY_WITHIN_SPLIT_DERANGEMENT_V1,908ce1f927ae651f,17a01e65e347aee2,PAIRING_V1
subj07,fold_0,val,B:B,vis2vis,83,227,85,229,V2V_ROY_WITHIN_SPLIT_DERANGEMENT_V1,908ce1f927ae651f,966062654b8844a4,PAIRING_V1
subj07,fold_0,val,B:B,vis2vis,85,229,83,227,V2V_ROY_WITHIN_SPLIT_DERANGEMENT_V1,908ce1f927ae651f,966062654b8844a4,PAIRING_V1
subj07,fold_0,val,B:C,vis2vis,49,193,73,217,V2V_ROY_WITHIN_SPLIT_DERANGEMENT_V1,908ce1f927ae651f,535363aab77abce1,PAIRING_V1
subj07,fold_0,val,B:C,vis2vis,73,217,49,193,V2V_ROY_WITHIN_SPLIT_DERANGEMENT_V1,908ce1f927ae651f,535363aab77abce1,PAIRING_V1
subj07,fold_0,val,B:D,vis2vis,61,205,65,209,V2V_ROY_WITHIN_SPLIT_DERANGEMENT_V1,908ce1f927ae651f,602a6740c2bd85d7,PAIRING_V1
subj07,fold_0,val,B:D,vis2vis,65,209,61,205,V2V_ROY_WITHIN_SPLIT_DERANGEMENT_V1,908ce1f927ae651f,602a6740c2bd85d7,PAIRING_V1
subj07,fold_0,val,B:K,vis2vis,57,201,84,228,V2V_ROY_WITHIN_SPLIT_DERANGEMENT_V1,908ce1f927ae651f,ca69322e0cc2cc34,PAIRING_V1
subj07,fold_0,val,B:K,vis2vis,84,228,57,201,V2V_ROY_WITHIN_SPLIT_DERANGEMENT_V1,908ce1f927ae651f,ca69322e0cc2cc34,PAIRING_V1
subj07,fold_0,val,B:T,vis2vis,69,213,80,224,V2V_ROY_WITHIN_SPLIT_DERANGEMENT_V1,908ce1f927ae651f,2f53b30257b6fbf4,PAIRING_V1
subj07,fold_0,val,B:T,vis2vis,80,224,69,213,V2V_ROY_WITHIN_SPLIT_DERANGEMENT_V1,908ce1f927ae651f,2f53b30257b6fbf4,PAIRING_V1
subj07,fold_0,val,B:W,vis2vis,48,192,63,207,V2V_ROY_WITHIN_SPLIT_DERANGEMENT_V1,908ce1f927ae651f,1154032f16b475ef,PAIRING_V1
subj07,fold_0,val,B:W,vis2vis,63,207,48,192,V2V_ROY_WITHIN_SPLIT_DERANGEMENT_V1,908ce1f927ae651f,1154032f16b475ef,PAIRING_V1
subj07,fold_0,test,A:E,vis2vis,6,6,23,23,V2V_ROY_WITHIN_SPLIT_DERANGEMENT_V1,908ce1f927ae651f,09db0f4e8b2d18fd,PAIRING_V1
subj07,fold_0,test,A:E,vis2vis,23,23,6,6,V2V_ROY_WITHIN_SPLIT_DERANGEMENT_V1,908ce1f927ae651f,09db0f4e8b2d18fd,PAIRING_V1
subj07,fold_0,test,A:H,vis2vis,24,24,35,35,V2V_ROY_WITHIN_SPLIT_DERANGEMENT_V1,908ce1f927ae651f,c9ac87b6e20517d2,PAIRING_V1
subj07,fold_0,test,A:H,vis2vis,35,35,24,24,V2V_ROY_WITHIN_SPLIT_DERANGEMENT_V1,908ce1f927ae651f,c9ac87b6e20517d2,PAIRING_V1
subj07,fold_0,test,A:L,vis2vis,0,0,4,4,V2V_ROY_WITHIN_SPLIT_DERANGEMENT_V1,908ce1f927ae651f,7fe12a87c6e3b624,PAIRING_V1
subj07,fold_0,test,A:L,vis2vis,4,4,0,0,V2V_ROY_WITHIN_SPLIT_DERANGEMENT_V1,908ce1f927ae651f,7fe12a87c6e3b624,PAIRING_V1
subj07,fold_0,test,A:P,vis2vis,16,16,34,34,V2V_ROY_WITHIN_SPLIT_DERANGEMENT_V1,908ce1f927ae651f,e541fc57d861ecca,PAIRING_V1
subj07,fold_0,test,A:P,vis2vis,34,34,16,16,V2V_ROY_WITHIN_SPLIT_DERANGEMENT_V1,908ce1f927ae651f,e541fc57d861ecca,PAIRING_V1
subj07,fold_0,test,A:R,vis2vis,17,17,46,46,V2V_ROY_WITHIN_SPLIT_DERANGEMENT_V1,908ce1f927ae651f,d20d7b1e32fe1487,PAIRING_V1
subj07,fold_0,test,A:R,vis2vis,46,46,17,17,V2V_ROY_WITHIN_SPLIT_DERANGEMENT_V1,908ce1f927ae651f,d20d7b1e32fe1487,PAIRING_V1
subj07,fold_0,test,A:V,vis2vis,40,40,45,45,V2V_ROY_WITHIN_SPLIT_DERANGEMENT_V1,908ce1f927ae651f,a38c1d495a16fd66,PAIRING_V1
subj07,fold_0,test,A:V,vis2vis,45,45,40,40,V2V_ROY_WITHIN_SPLIT_DERANGEMENT_V1,908ce1f927ae651f,a38c1d495a16fd66,PAIRING_V1
subj07,fold_0,test,B:B,vis2vis,76,220,94,238,V2V_ROY_WITHIN_SPLIT_DERANGEMENT_V1,908ce1f927ae651f,48ccd4ed6a942746,PAIRING_V1
subj07,fold_0,test,B:B,vis2vis,94,238,76,220,V2V_ROY_WITHIN_SPLIT_DERANGEMENT_V1,908ce1f927ae651f,48ccd4ed6a942746,PAIRING_V1
subj07,fold_0,test,B:C,vis2vis,64,208,86,230,V2V_ROY_WITHIN_SPLIT_DERANGEMENT_V1,908ce1f927ae651f,7823b3aafce7e202,PAIRING_V1
subj07,fold_0,test,B:C,vis2vis,86,230,64,208,V2V_ROY_WITHIN_SPLIT_DERANGEMENT_V1,908ce1f927ae651f,7823b3aafce7e202,PAIRING_V1
subj07,fold_0,test,B:D,vis2vis,51,195,54,198,V2V_ROY_WITHIN_SPLIT_DERANGEMENT_V1,908ce1f927ae651f,e00e7c8852179d2a,PAIRING_V1
subj07,fold_0,test,B:D,vis2vis,54,198,51,195,V2V_ROY_WITHIN_SPLIT_DERANGEMENT_V1,908ce1f927ae651f,e00e7c8852179d2a,PAIRING_V1
subj07,fold_0,test,B:K,vis2vis,55,199,78,222,V2V_ROY_WITHIN_SPLIT_DERANGEMENT_V1,908ce1f927ae651f,b11e3585512df96d,PAIRING_V1
subj07,fold_0,test,B:K,vis2vis,78,222,55,199,V2V_ROY_WITHIN_SPLIT_DERANGEMENT_V1,908ce1f927ae651f,b11e3585512df96d,PAIRING_V1
subj07,fold_0,test,B:T,vis2vis,74,218,88,232,V2V_ROY_WITHIN_SPLIT_DERANGEMENT_V1,908ce1f927ae651f,46b3587e55222aed,PAIRING_V1
subj07,fold_0,test,B:T,vis2vis,88,232,74,218,V2V_ROY_WITHIN_SPLIT_DERANGEMENT_V1,908ce1f927ae651f,46b3587e55222aed,PAIRING_V1
subj07,fold_0,test,B:W,vis2vis,50,194,87,231,V2V_ROY_WITHIN_SPLIT_DERANGEMENT_V1,908ce1f927ae651f,082a6a1680ef59c9,PAIRING_V1
subj07,fold_0,test,B:W,vis2vis,87,231,50,194,V2V_ROY_WITHIN_SPLIT_DERANGEMENT_V1,908ce1f927ae651f,082a6a1680ef59c9,PAIRING_V1
subj07,fold_1,train,A:E,vis2vis,6,6,43,43,V2V_ROY_WITHIN_SPLIT_DERANGEMENT_V1,908ce1f927ae651f,bf959d59c8597c41,PAIRING_V1
subj07,fold_1,train,A:E,vis2vis,23,23,6,6,V2V_ROY_WITHIN_SPLIT_DERANGEMENT_V1,908ce1f927ae651f,bf959d59c8597c41,PAIRING_V1
subj07,fold_1,train,A:E,vis2vis,43,43,47,47,V2V_ROY_WITHIN_SPLIT_DERANGEMENT_V1,908ce1f927ae651f,bf959d59c8597c41,PAIRING_V1
subj07,fold_1,train,A:E,vis2vis,47,47,23,23,V2V_ROY_WITHIN_SPLIT_DERANGEMENT_V1,908ce1f927ae651f,bf959d59c8597c41,PAIRING_V1
subj07,fold_1,train,A:H,vis2vis,2,2,28,28,V2V_ROY_WITHIN_SPLIT_DERANGEMENT_V1,908ce1f927ae651f,13d9086835ff02de,PAIRING_V1
subj07,fold_1,train,A:H,vis2vis,24,24,35,35,V2V_ROY_WITHIN_SPLIT_DERANGEMENT_V1,908ce1f927ae651f,13d9086835ff02de,PAIRING_V1
subj07,fold_1,train,A:H,vis2vis,28,28,2,2,V2V_ROY_WITHIN_SPLIT_DERANGEMENT_V1,908ce1f927ae651f,13d9086835ff02de,PAIRING_V1
subj07,fold_1,train,A:H,vis2vis,35,35,24,24,V2V_ROY_WITHIN_SPLIT_DERANGEMENT_V1,908ce1f927ae651f,13d9086835ff02de,PAIRING_V1
subj07,fold_1,train,A:L,vis2vis,0,0,42,42,V2V_ROY_WITHIN_SPLIT_DERANGEMENT_V1,908ce1f927ae651f,edc028d234b9f163,PAIRING_V1
subj07,fold_1,train,A:L,vis2vis,4,4,36,36,V2V_ROY_WITHIN_SPLIT_DERANGEMENT_V1,908ce1f927ae651f,edc028d234b9f163,PAIRING_V1
subj07,fold_1,train,A:L,vis2vis,36,36,4,4,V2V_ROY_WITHIN_SPLIT_DERANGEMENT_V1,908ce1f927ae651f,edc028d234b9f163,PAIRING_V1
subj07,fold_1,train,A:L,vis2vis,42,42,0,0,V2V_ROY_WITHIN_SPLIT_DERANGEMENT_V1,908ce1f927ae651f,edc028d234b9f163,PAIRING_V1
subj07,fold_1,train,A:P,vis2vis,16,16,41,41,V2V_ROY_WITHIN_SPLIT_DERANGEMENT_V1,908ce1f927ae651f,ea1cbf14c205eaf8,PAIRING_V1
subj07,fold_1,train,A:P,vis2vis,20,20,34,34,V2V_ROY_WITHIN_SPLIT_DERANGEMENT_V1,908ce1f927ae651f,ea1cbf14c205eaf8,PAIRING_V1
subj07,fold_1,train,A:P,vis2vis,34,34,20,20,V2V_ROY_WITHIN_SPLIT_DERANGEMENT_V1,908ce1f927ae651f,ea1cbf14c205eaf8,PAIRING_V1
subj07,fold_1,train,A:P,vis2vis,41,41,16,16,V2V_ROY_WITHIN_SPLIT_DERANGEMENT_V1,908ce1f927ae651f,ea1cbf14c205eaf8,PAIRING_V1
subj07,fold_1,train,A:R,vis2vis,17,17,39,39,V2V_ROY_WITHIN_SPLIT_DERANGEMENT_V1,908ce1f927ae651f,a33ef4c8e8945805,PAIRING_V1
subj07,fold_1,train,A:R,vis2vis,25,25,46,46,V2V_ROY_WITHIN_SPLIT_DERANGEMENT_V1,908ce1f927ae651f,a33ef4c8e8945805,PAIRING_V1
subj07,fold_1,train,A:R,vis2vis,39,39,25,25,V2V_ROY_WITHIN_SPLIT_DERANGEMENT_V1,908ce1f927ae651f,a33ef4c8e8945805,PAIRING_V1
subj07,fold_1,train,A:R,vis2vis,46,46,17,17,V2V_ROY_WITHIN_SPLIT_DERANGEMENT_V1,908ce1f927ae651f,a33ef4c8e8945805,PAIRING_V1
subj07,fold_1,train,A:V,vis2vis,15,15,40,40,V2V_ROY_WITHIN_SPLIT_DERANGEMENT_V1,908ce1f927ae651f,3ea506b7e7d02046,PAIRING_V1
subj07,fold_1,train,A:V,vis2vis,19,19,45,45,V2V_ROY_WITHIN_SPLIT_DERANGEMENT_V1,908ce1f927ae651f,3ea506b7e7d02046,PAIRING_V1
subj07,fold_1,train,A:V,vis2vis,40,40,15,15,V2V_ROY_WITHIN_SPLIT_DERANGEMENT_V1,908ce1f927ae651f,3ea506b7e7d02046,PAIRING_V1
subj07,fold_1,train,A:V,vis2vis,45,45,19,19,V2V_ROY_WITHIN_SPLIT_DERANGEMENT_V1,908ce1f927ae651f,3ea506b7e7d02046,PAIRING_V1
subj07,fold_1,train,B:B,vis2vis,53,197,89,233,V2V_ROY_WITHIN_SPLIT_DERANGEMENT_V1,908ce1f927ae651f,488d400624ce6507,PAIRING_V1
subj07,fold_1,train,B:B,vis2vis,76,220,53,197,V2V_ROY_WITHIN_SPLIT_DERANGEMENT_V1,908ce1f927ae651f,488d400624ce6507,PAIRING_V1
subj07,fold_1,train,B:B,vis2vis,89,233,94,238,V2V_ROY_WITHIN_SPLIT_DERANGEMENT_V1,908ce1f927ae651f,488d400624ce6507,PAIRING_V1
subj07,fold_1,train,B:B,vis2vis,94,238,76,220,V2V_ROY_WITHIN_SPLIT_DERANGEMENT_V1,908ce1f927ae651f,488d400624ce6507,PAIRING_V1
subj07,fold_1,train,B:C,vis2vis,62,206,64,208,V2V_ROY_WITHIN_SPLIT_DERANGEMENT_V1,908ce1f927ae651f,9cd4a5c4df50d09e,PAIRING_V1
subj07,fold_1,train,B:C,vis2vis,64,208,90,234,V2V_ROY_WITHIN_SPLIT_DERANGEMENT_V1,908ce1f927ae651f,9cd4a5c4df50d09e,PAIRING_V1
subj07,fold_1,train,B:C,vis2vis,86,230,62,206,V2V_ROY_WITHIN_SPLIT_DERANGEMENT_V1,908ce1f927ae651f,9cd4a5c4df50d09e,PAIRING_V1
subj07,fold_1,train,B:C,vis2vis,90,234,86,230,V2V_ROY_WITHIN_SPLIT_DERANGEMENT_V1,908ce1f927ae651f,9cd4a5c4df50d09e,PAIRING_V1
subj07,fold_1,train,B:D,vis2vis,51,195,68,212,V2V_ROY_WITHIN_SPLIT_DERANGEMENT_V1,908ce1f927ae651f,247d5129b75c3b3a,PAIRING_V1
subj07,fold_1,train,B:D,vis2vis,54,198,81,225,V2V_ROY_WITHIN_SPLIT_DERANGEMENT_V1,908ce1f927ae651f,247d5129b75c3b3a,PAIRING_V1
subj07,fold_1,train,B:D,vis2vis,68,212,51,195,V2V_ROY_WITHIN_SPLIT_DERANGEMENT_V1,908ce1f927ae651f,247d5129b75c3b3a,PAIRING_V1
subj07,fold_1,train,B:D,vis2vis,81,225,54,198,V2V_ROY_WITHIN_SPLIT_DERANGEMENT_V1,908ce1f927ae651f,247d5129b75c3b3a,PAIRING_V1
subj07,fold_1,train,B:K,vis2vis,55,199,59,203,V2V_ROY_WITHIN_SPLIT_DERANGEMENT_V1,908ce1f927ae651f,c52e806dba348043,PAIRING_V1
subj07,fold_1,train,B:K,vis2vis,59,203,55,199,V2V_ROY_WITHIN_SPLIT_DERANGEMENT_V1,908ce1f927ae651f,c52e806dba348043,PAIRING_V1
subj07,fold_1,train,B:K,vis2vis,78,222,82,226,V2V_ROY_WITHIN_SPLIT_DERANGEMENT_V1,908ce1f927ae651f,c52e806dba348043,PAIRING_V1
subj07,fold_1,train,B:K,vis2vis,82,226,78,222,V2V_ROY_WITHIN_SPLIT_DERANGEMENT_V1,908ce1f927ae651f,c52e806dba348043,PAIRING_V1
subj07,fold_1,train,B:T,vis2vis,60,204,95,239,V2V_ROY_WITHIN_SPLIT_DERANGEMENT_V1,908ce1f927ae651f,d380275dd8c3a9aa,PAIRING_V1
subj07,fold_1,train,B:T,vis2vis,74,218,60,204,V2V_ROY_WITHIN_SPLIT_DERANGEMENT_V1,908ce1f927ae651f,d380275dd8c3a9aa,PAIRING_V1
subj07,fold_1,train,B:T,vis2vis,88,232,74,218,V2V_ROY_WITHIN_SPLIT_DERANGEMENT_V1,908ce1f927ae651f,d380275dd8c3a9aa,PAIRING_V1
subj07,fold_1,train,B:T,vis2vis,95,239,88,232,V2V_ROY_WITHIN_SPLIT_DERANGEMENT_V1,908ce1f927ae651f,d380275dd8c3a9aa,PAIRING_V1
subj07,fold_1,train,B:W,vis2vis,50,194,72,216,V2V_ROY_WITHIN_SPLIT_DERANGEMENT_V1,908ce1f927ae651f,5b644a461dbd833d,PAIRING_V1
subj07,fold_1,train,B:W,vis2vis,72,216,50,194,V2V_ROY_WITHIN_SPLIT_DERANGEMENT_V1,908ce1f927ae651f,5b644a461dbd833d,PAIRING_V1
subj07,fold_1,train,B:W,vis2vis,77,221,87,231,V2V_ROY_WITHIN_SPLIT_DERANGEMENT_V1,908ce1f927ae651f,5b644a461dbd833d,PAIRING_V1
subj07,fold_1,train,B:W,vis2vis,87,231,77,221,V2V_ROY_WITHIN_SPLIT_DERANGEMENT_V1,908ce1f927ae651f,5b644a461dbd833d,PAIRING_V1
subj07,fold_1,val,A:E,vis2vis,9,9,38,38,V2V_ROY_WITHIN_SPLIT_DERANGEMENT_V1,908ce1f927ae651f,e7cc63da02abd866,PAIRING_V1
subj07,fold_1,val,A:E,vis2vis,38,38,9,9,V2V_ROY_WITHIN_SPLIT_DERANGEMENT_V1,908ce1f927ae651f,e7cc63da02abd866,PAIRING_V1
subj07,fold_1,val,A:H,vis2vis,18,18,21,21,V2V_ROY_WITHIN_SPLIT_DERANGEMENT_V1,908ce1f927ae651f,1ddf481fe6a206e8,PAIRING_V1
subj07,fold_1,val,A:H,vis2vis,21,21,18,18,V2V_ROY_WITHIN_SPLIT_DERANGEMENT_V1,908ce1f927ae651f,1ddf481fe6a206e8,PAIRING_V1
subj07,fold_1,val,A:L,vis2vis,7,7,29,29,V2V_ROY_WITHIN_SPLIT_DERANGEMENT_V1,908ce1f927ae651f,bd9aa7e01c9cbc00,PAIRING_V1
subj07,fold_1,val,A:L,vis2vis,29,29,7,7,V2V_ROY_WITHIN_SPLIT_DERANGEMENT_V1,908ce1f927ae651f,bd9aa7e01c9cbc00,PAIRING_V1
subj07,fold_1,val,A:P,vis2vis,11,11,37,37,V2V_ROY_WITHIN_SPLIT_DERANGEMENT_V1,908ce1f927ae651f,e3dc783853f1cc72,PAIRING_V1
subj07,fold_1,val,A:P,vis2vis,37,37,11,11,V2V_ROY_WITHIN_SPLIT_DERANGEMENT_V1,908ce1f927ae651f,e3dc783853f1cc72,PAIRING_V1
subj07,fold_1,val,A:R,vis2vis,5,5,44,44,V2V_ROY_WITHIN_SPLIT_DERANGEMENT_V1,908ce1f927ae651f,bc4f6ed5c40181dd,PAIRING_V1
subj07,fold_1,val,A:R,vis2vis,44,44,5,5,V2V_ROY_WITHIN_SPLIT_DERANGEMENT_V1,908ce1f927ae651f,bc4f6ed5c40181dd,PAIRING_V1
subj07,fold_1,val,A:V,vis2vis,31,31,33,33,V2V_ROY_WITHIN_SPLIT_DERANGEMENT_V1,908ce1f927ae651f,833fef92554ecfb5,PAIRING_V1
subj07,fold_1,val,A:V,vis2vis,33,33,31,31,V2V_ROY_WITHIN_SPLIT_DERANGEMENT_V1,908ce1f927ae651f,833fef92554ecfb5,PAIRING_V1
subj07,fold_1,val,B:B,vis2vis,83,227,85,229,V2V_ROY_WITHIN_SPLIT_DERANGEMENT_V1,908ce1f927ae651f,fb143296e63b56ff,PAIRING_V1
subj07,fold_1,val,B:B,vis2vis,85,229,83,227,V2V_ROY_WITHIN_SPLIT_DERANGEMENT_V1,908ce1f927ae651f,fb143296e63b56ff,PAIRING_V1
subj07,fold_1,val,B:C,vis2vis,49,193,73,217,V2V_ROY_WITHIN_SPLIT_DERANGEMENT_V1,908ce1f927ae651f,7afd86b79e3b445a,PAIRING_V1
subj07,fold_1,val,B:C,vis2vis,73,217,49,193,V2V_ROY_WITHIN_SPLIT_DERANGEMENT_V1,908ce1f927ae651f,7afd86b79e3b445a,PAIRING_V1
subj07,fold_1,val,B:D,vis2vis,61,205,65,209,V2V_ROY_WITHIN_SPLIT_DERANGEMENT_V1,908ce1f927ae651f,64af2c5182c6d364,PAIRING_V1
subj07,fold_1,val,B:D,vis2vis,65,209,61,205,V2V_ROY_WITHIN_SPLIT_DERANGEMENT_V1,908ce1f927ae651f,64af2c5182c6d364,PAIRING_V1
subj07,fold_1,val,B:K,vis2vis,57,201,84,228,V2V_ROY_WITHIN_SPLIT_DERANGEMENT_V1,908ce1f927ae651f,372746cbbe78b16b,PAIRING_V1
subj07,fold_1,val,B:K,vis2vis,84,228,57,201,V2V_ROY_WITHIN_SPLIT_DERANGEMENT_V1,908ce1f927ae651f,372746cbbe78b16b,PAIRING_V1
subj07,fold_1,val,B:T,vis2vis,69,213,80,224,V2V_ROY_WITHIN_SPLIT_DERANGEMENT_V1,908ce1f927ae651f,922182120d747c2c,PAIRING_V1
subj07,fold_1,val,B:T,vis2vis,80,224,69,213,V2V_ROY_WITHIN_SPLIT_DERANGEMENT_V1,908ce1f927ae651f,922182120d747c2c,PAIRING_V1
subj07,fold_1,val,B:W,vis2vis,48,192,63,207,V2V_ROY_WITHIN_SPLIT_DERANGEMENT_V1,908ce1f927ae651f,43f0ce9e134c576b,PAIRING_V1
subj07,fold_1,val,B:W,vis2vis,63,207,48,192,V2V_ROY_WITHIN_SPLIT_DERANGEMENT_V1,908ce1f927ae651f,43f0ce9e134c576b,PAIRING_V1
subj07,fold_1,test,A:E,vis2vis,26,26,32,32,V2V_ROY_WITHIN_SPLIT_DERANGEMENT_V1,908ce1f927ae651f,57085cda6b416a22,PAIRING_V1
subj07,fold_1,test,A:E,vis2vis,32,32,26,26,V2V_ROY_WITHIN_SPLIT_DERANGEMENT_V1,908ce1f927ae651f,57085cda6b416a22,PAIRING_V1
subj07,fold_1,test,A:H,vis2vis,10,10,14,14,V2V_ROY_WITHIN_SPLIT_DERANGEMENT_V1,908ce1f927ae651f,e72e20998abedb7c,PAIRING_V1
subj07,fold_1,test,A:H,vis2vis,14,14,10,10,V2V_ROY_WITHIN_SPLIT_DERANGEMENT_V1,908ce1f927ae651f,e72e20998abedb7c,PAIRING_V1
subj07,fold_1,test,A:L,vis2vis,12,12,27,27,V2V_ROY_WITHIN_SPLIT_DERANGEMENT_V1,908ce1f927ae651f,9af5e0ee45ccca08,PAIRING_V1
subj07,fold_1,test,A:L,vis2vis,27,27,12,12,V2V_ROY_WITHIN_SPLIT_DERANGEMENT_V1,908ce1f927ae651f,9af5e0ee45ccca08,PAIRING_V1
subj07,fold_1,test,A:P,vis2vis,8,8,13,13,V2V_ROY_WITHIN_SPLIT_DERANGEMENT_V1,908ce1f927ae651f,0374752541940325,PAIRING_V1
subj07,fold_1,test,A:P,vis2vis,13,13,8,8,V2V_ROY_WITHIN_SPLIT_DERANGEMENT_V1,908ce1f927ae651f,0374752541940325,PAIRING_V1
subj07,fold_1,test,A:R,vis2vis,22,22,30,30,V2V_ROY_WITHIN_SPLIT_DERANGEMENT_V1,908ce1f927ae651f,43bdfa92971157b4,PAIRING_V1
subj07,fold_1,test,A:R,vis2vis,30,30,22,22,V2V_ROY_WITHIN_SPLIT_DERANGEMENT_V1,908ce1f927ae651f,43bdfa92971157b4,PAIRING_V1
subj07,fold_1,test,A:V,vis2vis,1,1,3,3,V2V_ROY_WITHIN_SPLIT_DERANGEMENT_V1,908ce1f927ae651f,cfbe98233af4e91e,PAIRING_V1
subj07,fold_1,test,A:V,vis2vis,3,3,1,1,V2V_ROY_WITHIN_SPLIT_DERANGEMENT_V1,908ce1f927ae651f,cfbe98233af4e91e,PAIRING_V1
subj07,fold_1,test,B:B,vis2vis,66,210,79,223,V2V_ROY_WITHIN_SPLIT_DERANGEMENT_V1,908ce1f927ae651f,698ad4a74a9d4396,PAIRING_V1
subj07,fold_1,test,B:B,vis2vis,79,223,66,210,V2V_ROY_WITHIN_SPLIT_DERANGEMENT_V1,908ce1f927ae651f,698ad4a74a9d4396,PAIRING_V1
subj07,fold_1,test,B:C,vis2vis,58,202,71,215,V2V_ROY_WITHIN_SPLIT_DERANGEMENT_V1,908ce1f927ae651f,176e85361e836cb8,PAIRING_V1
subj07,fold_1,test,B:C,vis2vis,71,215,58,202,V2V_ROY_WITHIN_SPLIT_DERANGEMENT_V1,908ce1f927ae651f,176e85361e836cb8,PAIRING_V1
subj07,fold_1,test,B:D,vis2vis,70,214,93,237,V2V_ROY_WITHIN_SPLIT_DERANGEMENT_V1,908ce1f927ae651f,f0e5c4d07b7246b5,PAIRING_V1
subj07,fold_1,test,B:D,vis2vis,93,237,70,214,V2V_ROY_WITHIN_SPLIT_DERANGEMENT_V1,908ce1f927ae651f,f0e5c4d07b7246b5,PAIRING_V1
subj07,fold_1,test,B:K,vis2vis,67,211,91,235,V2V_ROY_WITHIN_SPLIT_DERANGEMENT_V1,908ce1f927ae651f,b9d0850a4db792c8,PAIRING_V1
subj07,fold_1,test,B:K,vis2vis,91,235,67,211,V2V_ROY_WITHIN_SPLIT_DERANGEMENT_V1,908ce1f927ae651f,b9d0850a4db792c8,PAIRING_V1
subj07,fold_1,test,B:T,vis2vis,52,196,92,236,V2V_ROY_WITHIN_SPLIT_DERANGEMENT_V1,908ce1f927ae651f,56a3a5fb55c8d234,PAIRING_V1
subj07,fold_1,test,B:T,vis2vis,92,236,52,196,V2V_ROY_WITHIN_SPLIT_DERANGEMENT_V1,908ce1f927ae651f,56a3a5fb55c8d234,PAIRING_V1
subj07,fold_1,test,B:W,vis2vis,56,200,75,219,V2V_ROY_WITHIN_SPLIT_DERANGEMENT_V1,908ce1f927ae651f,4d529e6834227f17,PAIRING_V1
subj07,fold_1,test,B:W,vis2vis,75,219,56,200,V2V_ROY_WITHIN_SPLIT_DERANGEMENT_V1,908ce1f927ae651f,4d529e6834227f17,PAIRING_V1
subj07,fold_2,train,A:E,vis2vis,6,6,26,26,V2V_ROY_WITHIN_SPLIT_DERANGEMENT_V1,908ce1f927ae651f,604992e45bda6d14,PAIRING_V1
subj07,fold_2,train,A:E,vis2vis,23,23,32,32,V2V_ROY_WITHIN_SPLIT_DERANGEMENT_V1,908ce1f927ae651f,604992e45bda6d14,PAIRING_V1
subj07,fold_2,train,A:E,vis2vis,26,26,23,23,V2V_ROY_WITHIN_SPLIT_DERANGEMENT_V1,908ce1f927ae651f,604992e45bda6d14,PAIRING_V1
subj07,fold_2,train,A:E,vis2vis,32,32,6,6,V2V_ROY_WITHIN_SPLIT_DERANGEMENT_V1,908ce1f927ae651f,604992e45bda6d14,PAIRING_V1
subj07,fold_2,train,A:H,vis2vis,10,10,14,14,V2V_ROY_WITHIN_SPLIT_DERANGEMENT_V1,908ce1f927ae651f,706979ec0b4bce0f,PAIRING_V1
subj07,fold_2,train,A:H,vis2vis,14,14,24,24,V2V_ROY_WITHIN_SPLIT_DERANGEMENT_V1,908ce1f927ae651f,706979ec0b4bce0f,PAIRING_V1
subj07,fold_2,train,A:H,vis2vis,24,24,35,35,V2V_ROY_WITHIN_SPLIT_DERANGEMENT_V1,908ce1f927ae651f,706979ec0b4bce0f,PAIRING_V1
subj07,fold_2,train,A:H,vis2vis,35,35,10,10,V2V_ROY_WITHIN_SPLIT_DERANGEMENT_V1,908ce1f927ae651f,706979ec0b4bce0f,PAIRING_V1
subj07,fold_2,train,A:L,vis2vis,0,0,27,27,V2V_ROY_WITHIN_SPLIT_DERANGEMENT_V1,908ce1f927ae651f,d6f4619582dcaff7,PAIRING_V1
subj07,fold_2,train,A:L,vis2vis,4,4,12,12,V2V_ROY_WITHIN_SPLIT_DERANGEMENT_V1,908ce1f927ae651f,d6f4619582dcaff7,PAIRING_V1
subj07,fold_2,train,A:L,vis2vis,12,12,4,4,V2V_ROY_WITHIN_SPLIT_DERANGEMENT_V1,908ce1f927ae651f,d6f4619582dcaff7,PAIRING_V1
subj07,fold_2,train,A:L,vis2vis,27,27,0,0,V2V_ROY_WITHIN_SPLIT_DERANGEMENT_V1,908ce1f927ae651f,d6f4619582dcaff7,PAIRING_V1
subj07,fold_2,train,A:P,vis2vis,8,8,34,34,V2V_ROY_WITHIN_SPLIT_DERANGEMENT_V1,908ce1f927ae651f,c29bfc6f0a6de4d2,PAIRING_V1
subj07,fold_2,train,A:P,vis2vis,13,13,8,8,V2V_ROY_WITHIN_SPLIT_DERANGEMENT_V1,908ce1f927ae651f,c29bfc6f0a6de4d2,PAIRING_V1
subj07,fold_2,train,A:P,vis2vis,16,16,13,13,V2V_ROY_WITHIN_SPLIT_DERANGEMENT_V1,908ce1f927ae651f,c29bfc6f0a6de4d2,PAIRING_V1
subj07,fold_2,train,A:P,vis2vis,34,34,16,16,V2V_ROY_WITHIN_SPLIT_DERANGEMENT_V1,908ce1f927ae651f,c29bfc6f0a6de4d2,PAIRING_V1
subj07,fold_2,train,A:R,vis2vis,17,17,22,22,V2V_ROY_WITHIN_SPLIT_DERANGEMENT_V1,908ce1f927ae651f,efc2d61c246b4fcb,PAIRING_V1
subj07,fold_2,train,A:R,vis2vis,22,22,17,17,V2V_ROY_WITHIN_SPLIT_DERANGEMENT_V1,908ce1f927ae651f,efc2d61c246b4fcb,PAIRING_V1
subj07,fold_2,train,A:R,vis2vis,30,30,46,46,V2V_ROY_WITHIN_SPLIT_DERANGEMENT_V1,908ce1f927ae651f,efc2d61c246b4fcb,PAIRING_V1
subj07,fold_2,train,A:R,vis2vis,46,46,30,30,V2V_ROY_WITHIN_SPLIT_DERANGEMENT_V1,908ce1f927ae651f,efc2d61c246b4fcb,PAIRING_V1
subj07,fold_2,train,A:V,vis2vis,1,1,45,45,V2V_ROY_WITHIN_SPLIT_DERANGEMENT_V1,908ce1f927ae651f,551a72d67213a5b6,PAIRING_V1
subj07,fold_2,train,A:V,vis2vis,3,3,40,40,V2V_ROY_WITHIN_SPLIT_DERANGEMENT_V1,908ce1f927ae651f,551a72d67213a5b6,PAIRING_V1
subj07,fold_2,train,A:V,vis2vis,40,40,1,1,V2V_ROY_WITHIN_SPLIT_DERANGEMENT_V1,908ce1f927ae651f,551a72d67213a5b6,PAIRING_V1
subj07,fold_2,train,A:V,vis2vis,45,45,3,3,V2V_ROY_WITHIN_SPLIT_DERANGEMENT_V1,908ce1f927ae651f,551a72d67213a5b6,PAIRING_V1
subj07,fold_2,train,B:B,vis2vis,66,210,79,223,V2V_ROY_WITHIN_SPLIT_DERANGEMENT_V1,908ce1f927ae651f,e88d4ae0c07b2fd7,PAIRING_V1
subj07,fold_2,train,B:B,vis2vis,76,220,94,238,V2V_ROY_WITHIN_SPLIT_DERANGEMENT_V1,908ce1f927ae651f,e88d4ae0c07b2fd7,PAIRING_V1
subj07,fold_2,train,B:B,vis2vis,79,223,76,220,V2V_ROY_WITHIN_SPLIT_DERANGEMENT_V1,908ce1f927ae651f,e88d4ae0c07b2fd7,PAIRING_V1
subj07,fold_2,train,B:B,vis2vis,94,238,66,210,V2V_ROY_WITHIN_SPLIT_DERANGEMENT_V1,908ce1f927ae651f,e88d4ae0c07b2fd7,PAIRING_V1
subj07,fold_2,train,B:C,vis2vis,58,202,64,208,V2V_ROY_WITHIN_SPLIT_DERANGEMENT_V1,908ce1f927ae651f,e076f9223a400786,PAIRING_V1
subj07,fold_2,train,B:C,vis2vis,64,208,58,202,V2V_ROY_WITHIN_SPLIT_DERANGEMENT_V1,908ce1f927ae651f,e076f9223a400786,PAIRING_V1
subj07,fold_2,train,B:C,vis2vis,71,215,86,230,V2V_ROY_WITHIN_SPLIT_DERANGEMENT_V1,908ce1f927ae651f,e076f9223a400786,PAIRING_V1
subj07,fold_2,train,B:C,vis2vis,86,230,71,215,V2V_ROY_WITHIN_SPLIT_DERANGEMENT_V1,908ce1f927ae651f,e076f9223a400786,PAIRING_V1
subj07,fold_2,train,B:D,vis2vis,51,195,54,198,V2V_ROY_WITHIN_SPLIT_DERANGEMENT_V1,908ce1f927ae651f,bd1ba7a1e15af69d,PAIRING_V1
subj07,fold_2,train,B:D,vis2vis,54,198,93,237,V2V_ROY_WITHIN_SPLIT_DERANGEMENT_V1,908ce1f927ae651f,bd1ba7a1e15af69d,PAIRING_V1
subj07,fold_2,train,B:D,vis2vis,70,214,51,195,V2V_ROY_WITHIN_SPLIT_DERANGEMENT_V1,908ce1f927ae651f,bd1ba7a1e15af69d,PAIRING_V1
subj07,fold_2,train,B:D,vis2vis,93,237,70,214,V2V_ROY_WITHIN_SPLIT_DERANGEMENT_V1,908ce1f927ae651f,bd1ba7a1e15af69d,PAIRING_V1
subj07,fold_2,train,B:K,vis2vis,55,199,67,211,V2V_ROY_WITHIN_SPLIT_DERANGEMENT_V1,908ce1f927ae651f,f8ff9021a94d1cda,PAIRING_V1
subj07,fold_2,train,B:K,vis2vis,67,211,55,199,V2V_ROY_WITHIN_SPLIT_DERANGEMENT_V1,908ce1f927ae651f,f8ff9021a94d1cda,PAIRING_V1
subj07,fold_2,train,B:K,vis2vis,78,222,91,235,V2V_ROY_WITHIN_SPLIT_DERANGEMENT_V1,908ce1f927ae651f,f8ff9021a94d1cda,PAIRING_V1
subj07,fold_2,train,B:K,vis2vis,91,235,78,222,V2V_ROY_WITHIN_SPLIT_DERANGEMENT_V1,908ce1f927ae651f,f8ff9021a94d1cda,PAIRING_V1
subj07,fold_2,train,B:T,vis2vis,52,196,92,236,V2V_ROY_WITHIN_SPLIT_DERANGEMENT_V1,908ce1f927ae651f,75765cfafccb002c,PAIRING_V1
subj07,fold_2,train,B:T,vis2vis,74,218,88,232,V2V_ROY_WITHIN_SPLIT_DERANGEMENT_V1,908ce1f927ae651f,75765cfafccb002c,PAIRING_V1
subj07,fold_2,train,B:T,vis2vis,88,232,74,218,V2V_ROY_WITHIN_SPLIT_DERANGEMENT_V1,908ce1f927ae651f,75765cfafccb002c,PAIRING_V1
subj07,fold_2,train,B:T,vis2vis,92,236,52,196,V2V_ROY_WITHIN_SPLIT_DERANGEMENT_V1,908ce1f927ae651f,75765cfafccb002c,PAIRING_V1
subj07,fold_2,train,B:W,vis2vis,50,194,56,200,V2V_ROY_WITHIN_SPLIT_DERANGEMENT_V1,908ce1f927ae651f,40eec354cef7149e,PAIRING_V1
subj07,fold_2,train,B:W,vis2vis,56,200,75,219,V2V_ROY_WITHIN_SPLIT_DERANGEMENT_V1,908ce1f927ae651f,40eec354cef7149e,PAIRING_V1
subj07,fold_2,train,B:W,vis2vis,75,219,87,231,V2V_ROY_WITHIN_SPLIT_DERANGEMENT_V1,908ce1f927ae651f,40eec354cef7149e,PAIRING_V1
subj07,fold_2,train,B:W,vis2vis,87,231,50,194,V2V_ROY_WITHIN_SPLIT_DERANGEMENT_V1,908ce1f927ae651f,40eec354cef7149e,PAIRING_V1
subj07,fold_2,val,A:E,vis2vis,9,9,38,38,V2V_ROY_WITHIN_SPLIT_DERANGEMENT_V1,908ce1f927ae651f,d7973f404abf4ed6,PAIRING_V1
subj07,fold_2,val,A:E,vis2vis,38,38,9,9,V2V_ROY_WITHIN_SPLIT_DERANGEMENT_V1,908ce1f927ae651f,d7973f404abf4ed6,PAIRING_V1
subj07,fold_2,val,A:H,vis2vis,18,18,21,21,V2V_ROY_WITHIN_SPLIT_DERANGEMENT_V1,908ce1f927ae651f,e5c7cc169f5c3f00,PAIRING_V1
subj07,fold_2,val,A:H,vis2vis,21,21,18,18,V2V_ROY_WITHIN_SPLIT_DERANGEMENT_V1,908ce1f927ae651f,e5c7cc169f5c3f00,PAIRING_V1
subj07,fold_2,val,A:L,vis2vis,7,7,29,29,V2V_ROY_WITHIN_SPLIT_DERANGEMENT_V1,908ce1f927ae651f,6ef7fdfacca62cbb,PAIRING_V1
subj07,fold_2,val,A:L,vis2vis,29,29,7,7,V2V_ROY_WITHIN_SPLIT_DERANGEMENT_V1,908ce1f927ae651f,6ef7fdfacca62cbb,PAIRING_V1
subj07,fold_2,val,A:P,vis2vis,11,11,37,37,V2V_ROY_WITHIN_SPLIT_DERANGEMENT_V1,908ce1f927ae651f,fb4e8e8c61ba618d,PAIRING_V1
subj07,fold_2,val,A:P,vis2vis,37,37,11,11,V2V_ROY_WITHIN_SPLIT_DERANGEMENT_V1,908ce1f927ae651f,fb4e8e8c61ba618d,PAIRING_V1
subj07,fold_2,val,A:R,vis2vis,5,5,44,44,V2V_ROY_WITHIN_SPLIT_DERANGEMENT_V1,908ce1f927ae651f,215a7db7b94718d9,PAIRING_V1
subj07,fold_2,val,A:R,vis2vis,44,44,5,5,V2V_ROY_WITHIN_SPLIT_DERANGEMENT_V1,908ce1f927ae651f,215a7db7b94718d9,PAIRING_V1
subj07,fold_2,val,A:V,vis2vis,31,31,33,33,V2V_ROY_WITHIN_SPLIT_DERANGEMENT_V1,908ce1f927ae651f,ac206b249557e5fe,PAIRING_V1
subj07,fold_2,val,A:V,vis2vis,33,33,31,31,V2V_ROY_WITHIN_SPLIT_DERANGEMENT_V1,908ce1f927ae651f,ac206b249557e5fe,PAIRING_V1
subj07,fold_2,val,B:B,vis2vis,83,227,85,229,V2V_ROY_WITHIN_SPLIT_DERANGEMENT_V1,908ce1f927ae651f,a319cc3ced674f82,PAIRING_V1
subj07,fold_2,val,B:B,vis2vis,85,229,83,227,V2V_ROY_WITHIN_SPLIT_DERANGEMENT_V1,908ce1f927ae651f,a319cc3ced674f82,PAIRING_V1
subj07,fold_2,val,B:C,vis2vis,49,193,73,217,V2V_ROY_WITHIN_SPLIT_DERANGEMENT_V1,908ce1f927ae651f,1e20de8254527fc8,PAIRING_V1
subj07,fold_2,val,B:C,vis2vis,73,217,49,193,V2V_ROY_WITHIN_SPLIT_DERANGEMENT_V1,908ce1f927ae651f,1e20de8254527fc8,PAIRING_V1
subj07,fold_2,val,B:D,vis2vis,61,205,65,209,V2V_ROY_WITHIN_SPLIT_DERANGEMENT_V1,908ce1f927ae651f,c848531d5c352cd6,PAIRING_V1
subj07,fold_2,val,B:D,vis2vis,65,209,61,205,V2V_ROY_WITHIN_SPLIT_DERANGEMENT_V1,908ce1f927ae651f,c848531d5c352cd6,PAIRING_V1
subj07,fold_2,val,B:K,vis2vis,57,201,84,228,V2V_ROY_WITHIN_SPLIT_DERANGEMENT_V1,908ce1f927ae651f,d8e4bca59342bc85,PAIRING_V1
subj07,fold_2,val,B:K,vis2vis,84,228,57,201,V2V_ROY_WITHIN_SPLIT_DERANGEMENT_V1,908ce1f927ae651f,d8e4bca59342bc85,PAIRING_V1
subj07,fold_2,val,B:T,vis2vis,69,213,80,224,V2V_ROY_WITHIN_SPLIT_DERANGEMENT_V1,908ce1f927ae651f,cfabd0852fba3be2,PAIRING_V1
subj07,fold_2,val,B:T,vis2vis,80,224,69,213,V2V_ROY_WITHIN_SPLIT_DERANGEMENT_V1,908ce1f927ae651f,cfabd0852fba3be2,PAIRING_V1
subj07,fold_2,val,B:W,vis2vis,48,192,63,207,V2V_ROY_WITHIN_SPLIT_DERANGEMENT_V1,908ce1f927ae651f,c7ecd360d731b8cf,PAIRING_V1
subj07,fold_2,val,B:W,vis2vis,63,207,48,192,V2V_ROY_WITHIN_SPLIT_DERANGEMENT_V1,908ce1f927ae651f,c7ecd360d731b8cf,PAIRING_V1
subj07,fold_2,test,A:E,vis2vis,43,43,47,47,V2V_ROY_WITHIN_SPLIT_DERANGEMENT_V1,908ce1f927ae651f,7c65d8db2d9fa72b,PAIRING_V1
subj07,fold_2,test,A:E,vis2vis,47,47,43,43,V2V_ROY_WITHIN_SPLIT_DERANGEMENT_V1,908ce1f927ae651f,7c65d8db2d9fa72b,PAIRING_V1
subj07,fold_2,test,A:H,vis2vis,2,2,28,28,V2V_ROY_WITHIN_SPLIT_DERANGEMENT_V1,908ce1f927ae651f,2fa6677302f328bb,PAIRING_V1
subj07,fold_2,test,A:H,vis2vis,28,28,2,2,V2V_ROY_WITHIN_SPLIT_DERANGEMENT_V1,908ce1f927ae651f,2fa6677302f328bb,PAIRING_V1
subj07,fold_2,test,A:L,vis2vis,36,36,42,42,V2V_ROY_WITHIN_SPLIT_DERANGEMENT_V1,908ce1f927ae651f,c9de29d1f6c48368,PAIRING_V1
subj07,fold_2,test,A:L,vis2vis,42,42,36,36,V2V_ROY_WITHIN_SPLIT_DERANGEMENT_V1,908ce1f927ae651f,c9de29d1f6c48368,PAIRING_V1
subj07,fold_2,test,A:P,vis2vis,20,20,41,41,V2V_ROY_WITHIN_SPLIT_DERANGEMENT_V1,908ce1f927ae651f,f5ec8e11c94c125c,PAIRING_V1
subj07,fold_2,test,A:P,vis2vis,41,41,20,20,V2V_ROY_WITHIN_SPLIT_DERANGEMENT_V1,908ce1f927ae651f,f5ec8e11c94c125c,PAIRING_V1
subj07,fold_2,test,A:R,vis2vis,25,25,39,39,V2V_ROY_WITHIN_SPLIT_DERANGEMENT_V1,908ce1f927ae651f,293f80640eda28d8,PAIRING_V1
subj07,fold_2,test,A:R,vis2vis,39,39,25,25,V2V_ROY_WITHIN_SPLIT_DERANGEMENT_V1,908ce1f927ae651f,293f80640eda28d8,PAIRING_V1
subj07,fold_2,test,A:V,vis2vis,15,15,19,19,V2V_ROY_WITHIN_SPLIT_DERANGEMENT_V1,908ce1f927ae651f,ca22749c83b682ce,PAIRING_V1
subj07,fold_2,test,A:V,vis2vis,19,19,15,15,V2V_ROY_WITHIN_SPLIT_DERANGEMENT_V1,908ce1f927ae651f,ca22749c83b682ce,PAIRING_V1
subj07,fold_2,test,B:B,vis2vis,53,197,89,233,V2V_ROY_WITHIN_SPLIT_DERANGEMENT_V1,908ce1f927ae651f,888da0972d935fdf,PAIRING_V1
subj07,fold_2,test,B:B,vis2vis,89,233,53,197,V2V_ROY_WITHIN_SPLIT_DERANGEMENT_V1,908ce1f927ae651f,888da0972d935fdf,PAIRING_V1
subj07,fold_2,test,B:C,vis2vis,62,206,90,234,V2V_ROY_WITHIN_SPLIT_DERANGEMENT_V1,908ce1f927ae651f,3a74a4a0a0e0aeb2,PAIRING_V1
subj07,fold_2,test,B:C,vis2vis,90,234,62,206,V2V_ROY_WITHIN_SPLIT_DERANGEMENT_V1,908ce1f927ae651f,3a74a4a0a0e0aeb2,PAIRING_V1
subj07,fold_2,test,B:D,vis2vis,68,212,81,225,V2V_ROY_WITHIN_SPLIT_DERANGEMENT_V1,908ce1f927ae651f,0ab2f53cd80495ce,PAIRING_V1
subj07,fold_2,test,B:D,vis2vis,81,225,68,212,V2V_ROY_WITHIN_SPLIT_DERANGEMENT_V1,908ce1f927ae651f,0ab2f53cd80495ce,PAIRING_V1
subj07,fold_2,test,B:K,vis2vis,59,203,82,226,V2V_ROY_WITHIN_SPLIT_DERANGEMENT_V1,908ce1f927ae651f,767157e0e615fc98,PAIRING_V1
subj07,fold_2,test,B:K,vis2vis,82,226,59,203,V2V_ROY_WITHIN_SPLIT_DERANGEMENT_V1,908ce1f927ae651f,767157e0e615fc98,PAIRING_V1
subj07,fold_2,test,B:T,vis2vis,60,204,95,239,V2V_ROY_WITHIN_SPLIT_DERANGEMENT_V1,908ce1f927ae651f,bc497047fd6e287b,PAIRING_V1
subj07,fold_2,test,B:T,vis2vis,95,239,60,204,V2V_ROY_WITHIN_SPLIT_DERANGEMENT_V1,908ce1f927ae651f,bc497047fd6e287b,PAIRING_V1
subj07,fold_2,test,B:W,vis2vis,72,216,77,221,V2V_ROY_WITHIN_SPLIT_DERANGEMENT_V1,908ce1f927ae651f,ad85792a24fe2eff,PAIRING_V1
subj07,fold_2,test,B:W,vis2vis,77,221,72,216,V2V_ROY_WITHIN_SPLIT_DERANGEMENT_V1,908ce1f927ae651f,ad85792a24fe2eff,PAIRING_V1
subj07,fold_3,train,A:E,vis2vis,6,6,26,26,V2V_ROY_WITHIN_SPLIT_DERANGEMENT_V1,908ce1f927ae651f,0e49823dd0a2b55a,PAIRING_V1
subj07,fold_3,train,A:E,vis2vis,23,23,6,6,V2V_ROY_WITHIN_SPLIT_DERANGEMENT_V1,908ce1f927ae651f,0e49823dd0a2b55a,PAIRING_V1
subj07,fold_3,train,A:E,vis2vis,26,26,32,32,V2V_ROY_WITHIN_SPLIT_DERANGEMENT_V1,908ce1f927ae651f,0e49823dd0a2b55a,PAIRING_V1
subj07,fold_3,train,A:E,vis2vis,32,32,23,23,V2V_ROY_WITHIN_SPLIT_DERANGEMENT_V1,908ce1f927ae651f,0e49823dd0a2b55a,PAIRING_V1
subj07,fold_3,train,A:H,vis2vis,10,10,35,35,V2V_ROY_WITHIN_SPLIT_DERANGEMENT_V1,908ce1f927ae651f,05aa57473bb28cf0,PAIRING_V1
subj07,fold_3,train,A:H,vis2vis,14,14,24,24,V2V_ROY_WITHIN_SPLIT_DERANGEMENT_V1,908ce1f927ae651f,05aa57473bb28cf0,PAIRING_V1
subj07,fold_3,train,A:H,vis2vis,24,24,10,10,V2V_ROY_WITHIN_SPLIT_DERANGEMENT_V1,908ce1f927ae651f,05aa57473bb28cf0,PAIRING_V1
subj07,fold_3,train,A:H,vis2vis,35,35,14,14,V2V_ROY_WITHIN_SPLIT_DERANGEMENT_V1,908ce1f927ae651f,05aa57473bb28cf0,PAIRING_V1
subj07,fold_3,train,A:L,vis2vis,0,0,27,27,V2V_ROY_WITHIN_SPLIT_DERANGEMENT_V1,908ce1f927ae651f,ca79cbe60c02f8b6,PAIRING_V1
subj07,fold_3,train,A:L,vis2vis,4,4,0,0,V2V_ROY_WITHIN_SPLIT_DERANGEMENT_V1,908ce1f927ae651f,ca79cbe60c02f8b6,PAIRING_V1
subj07,fold_3,train,A:L,vis2vis,12,12,4,4,V2V_ROY_WITHIN_SPLIT_DERANGEMENT_V1,908ce1f927ae651f,ca79cbe60c02f8b6,PAIRING_V1
subj07,fold_3,train,A:L,vis2vis,27,27,12,12,V2V_ROY_WITHIN_SPLIT_DERANGEMENT_V1,908ce1f927ae651f,ca79cbe60c02f8b6,PAIRING_V1
subj07,fold_3,train,A:P,vis2vis,8,8,34,34,V2V_ROY_WITHIN_SPLIT_DERANGEMENT_V1,908ce1f927ae651f,c8991f310617823b,PAIRING_V1
subj07,fold_3,train,A:P,vis2vis,13,13,8,8,V2V_ROY_WITHIN_SPLIT_DERANGEMENT_V1,908ce1f927ae651f,c8991f310617823b,PAIRING_V1
subj07,fold_3,train,A:P,vis2vis,16,16,13,13,V2V_ROY_WITHIN_SPLIT_DERANGEMENT_V1,908ce1f927ae651f,c8991f310617823b,PAIRING_V1
subj07,fold_3,train,A:P,vis2vis,34,34,16,16,V2V_ROY_WITHIN_SPLIT_DERANGEMENT_V1,908ce1f927ae651f,c8991f310617823b,PAIRING_V1
subj07,fold_3,train,A:R,vis2vis,17,17,46,46,V2V_ROY_WITHIN_SPLIT_DERANGEMENT_V1,908ce1f927ae651f,26322ddc286c9a7b,PAIRING_V1
subj07,fold_3,train,A:R,vis2vis,22,22,30,30,V2V_ROY_WITHIN_SPLIT_DERANGEMENT_V1,908ce1f927ae651f,26322ddc286c9a7b,PAIRING_V1
subj07,fold_3,train,A:R,vis2vis,30,30,17,17,V2V_ROY_WITHIN_SPLIT_DERANGEMENT_V1,908ce1f927ae651f,26322ddc286c9a7b,PAIRING_V1
subj07,fold_3,train,A:R,vis2vis,46,46,22,22,V2V_ROY_WITHIN_SPLIT_DERANGEMENT_V1,908ce1f927ae651f,26322ddc286c9a7b,PAIRING_V1
subj07,fold_3,train,A:V,vis2vis,1,1,3,3,V2V_ROY_WITHIN_SPLIT_DERANGEMENT_V1,908ce1f927ae651f,f5a968132eef7b50,PAIRING_V1
subj07,fold_3,train,A:V,vis2vis,3,3,1,1,V2V_ROY_WITHIN_SPLIT_DERANGEMENT_V1,908ce1f927ae651f,f5a968132eef7b50,PAIRING_V1
subj07,fold_3,train,A:V,vis2vis,40,40,45,45,V2V_ROY_WITHIN_SPLIT_DERANGEMENT_V1,908ce1f927ae651f,f5a968132eef7b50,PAIRING_V1
subj07,fold_3,train,A:V,vis2vis,45,45,40,40,V2V_ROY_WITHIN_SPLIT_DERANGEMENT_V1,908ce1f927ae651f,f5a968132eef7b50,PAIRING_V1
subj07,fold_3,train,B:B,vis2vis,66,210,79,223,V2V_ROY_WITHIN_SPLIT_DERANGEMENT_V1,908ce1f927ae651f,913a92655c6be31a,PAIRING_V1
subj07,fold_3,train,B:B,vis2vis,76,220,94,238,V2V_ROY_WITHIN_SPLIT_DERANGEMENT_V1,908ce1f927ae651f,913a92655c6be31a,PAIRING_V1
subj07,fold_3,train,B:B,vis2vis,79,223,76,220,V2V_ROY_WITHIN_SPLIT_DERANGEMENT_V1,908ce1f927ae651f,913a92655c6be31a,PAIRING_V1
subj07,fold_3,train,B:B,vis2vis,94,238,66,210,V2V_ROY_WITHIN_SPLIT_DERANGEMENT_V1,908ce1f927ae651f,913a92655c6be31a,PAIRING_V1
subj07,fold_3,train,B:C,vis2vis,58,202,86,230,V2V_ROY_WITHIN_SPLIT_DERANGEMENT_V1,908ce1f927ae651f,3306cb79c3586bf5,PAIRING_V1
subj07,fold_3,train,B:C,vis2vis,64,208,71,215,V2V_ROY_WITHIN_SPLIT_DERANGEMENT_V1,908ce1f927ae651f,3306cb79c3586bf5,PAIRING_V1
subj07,fold_3,train,B:C,vis2vis,71,215,58,202,V2V_ROY_WITHIN_SPLIT_DERANGEMENT_V1,908ce1f927ae651f,3306cb79c3586bf5,PAIRING_V1
subj07,fold_3,train,B:C,vis2vis,86,230,64,208,V2V_ROY_WITHIN_SPLIT_DERANGEMENT_V1,908ce1f927ae651f,3306cb79c3586bf5,PAIRING_V1
subj07,fold_3,train,B:D,vis2vis,51,195,93,237,V2V_ROY_WITHIN_SPLIT_DERANGEMENT_V1,908ce1f927ae651f,4e008ba20bc20f92,PAIRING_V1
subj07,fold_3,train,B:D,vis2vis,54,198,51,195,V2V_ROY_WITHIN_SPLIT_DERANGEMENT_V1,908ce1f927ae651f,4e008ba20bc20f92,PAIRING_V1
subj07,fold_3,train,B:D,vis2vis,70,214,54,198,V2V_ROY_WITHIN_SPLIT_DERANGEMENT_V1,908ce1f927ae651f,4e008ba20bc20f92,PAIRING_V1
subj07,fold_3,train,B:D,vis2vis,93,237,70,214,V2V_ROY_WITHIN_SPLIT_DERANGEMENT_V1,908ce1f927ae651f,4e008ba20bc20f92,PAIRING_V1
subj07,fold_3,train,B:K,vis2vis,55,199,91,235,V2V_ROY_WITHIN_SPLIT_DERANGEMENT_V1,908ce1f927ae651f,a81e8a1fe2a1da26,PAIRING_V1
subj07,fold_3,train,B:K,vis2vis,67,211,55,199,V2V_ROY_WITHIN_SPLIT_DERANGEMENT_V1,908ce1f927ae651f,a81e8a1fe2a1da26,PAIRING_V1
subj07,fold_3,train,B:K,vis2vis,78,222,67,211,V2V_ROY_WITHIN_SPLIT_DERANGEMENT_V1,908ce1f927ae651f,a81e8a1fe2a1da26,PAIRING_V1
subj07,fold_3,train,B:K,vis2vis,91,235,78,222,V2V_ROY_WITHIN_SPLIT_DERANGEMENT_V1,908ce1f927ae651f,a81e8a1fe2a1da26,PAIRING_V1
subj07,fold_3,train,B:T,vis2vis,52,196,74,218,V2V_ROY_WITHIN_SPLIT_DERANGEMENT_V1,908ce1f927ae651f,f6cb478913e8197e,PAIRING_V1
subj07,fold_3,train,B:T,vis2vis,74,218,88,232,V2V_ROY_WITHIN_SPLIT_DERANGEMENT_V1,908ce1f927ae651f,f6cb478913e8197e,PAIRING_V1
subj07,fold_3,train,B:T,vis2vis,88,232,92,236,V2V_ROY_WITHIN_SPLIT_DERANGEMENT_V1,908ce1f927ae651f,f6cb478913e8197e,PAIRING_V1
subj07,fold_3,train,B:T,vis2vis,92,236,52,196,V2V_ROY_WITHIN_SPLIT_DERANGEMENT_V1,908ce1f927ae651f,f6cb478913e8197e,PAIRING_V1
subj07,fold_3,train,B:W,vis2vis,50,194,87,231,V2V_ROY_WITHIN_SPLIT_DERANGEMENT_V1,908ce1f927ae651f,5f0000845fb62be0,PAIRING_V1
subj07,fold_3,train,B:W,vis2vis,56,200,75,219,V2V_ROY_WITHIN_SPLIT_DERANGEMENT_V1,908ce1f927ae651f,5f0000845fb62be0,PAIRING_V1
subj07,fold_3,train,B:W,vis2vis,75,219,50,194,V2V_ROY_WITHIN_SPLIT_DERANGEMENT_V1,908ce1f927ae651f,5f0000845fb62be0,PAIRING_V1
subj07,fold_3,train,B:W,vis2vis,87,231,56,200,V2V_ROY_WITHIN_SPLIT_DERANGEMENT_V1,908ce1f927ae651f,5f0000845fb62be0,PAIRING_V1
subj07,fold_3,val,A:E,vis2vis,43,43,47,47,V2V_ROY_WITHIN_SPLIT_DERANGEMENT_V1,908ce1f927ae651f,37867466f77e8699,PAIRING_V1
subj07,fold_3,val,A:E,vis2vis,47,47,43,43,V2V_ROY_WITHIN_SPLIT_DERANGEMENT_V1,908ce1f927ae651f,37867466f77e8699,PAIRING_V1
subj07,fold_3,val,A:H,vis2vis,2,2,28,28,V2V_ROY_WITHIN_SPLIT_DERANGEMENT_V1,908ce1f927ae651f,1878451555650569,PAIRING_V1
subj07,fold_3,val,A:H,vis2vis,28,28,2,2,V2V_ROY_WITHIN_SPLIT_DERANGEMENT_V1,908ce1f927ae651f,1878451555650569,PAIRING_V1
subj07,fold_3,val,A:L,vis2vis,36,36,42,42,V2V_ROY_WITHIN_SPLIT_DERANGEMENT_V1,908ce1f927ae651f,75c407abcd437f24,PAIRING_V1
subj07,fold_3,val,A:L,vis2vis,42,42,36,36,V2V_ROY_WITHIN_SPLIT_DERANGEMENT_V1,908ce1f927ae651f,75c407abcd437f24,PAIRING_V1
subj07,fold_3,val,A:P,vis2vis,20,20,41,41,V2V_ROY_WITHIN_SPLIT_DERANGEMENT_V1,908ce1f927ae651f,3af8efcd2c6dd07e,PAIRING_V1
subj07,fold_3,val,A:P,vis2vis,41,41,20,20,V2V_ROY_WITHIN_SPLIT_DERANGEMENT_V1,908ce1f927ae651f,3af8efcd2c6dd07e,PAIRING_V1
subj07,fold_3,val,A:R,vis2vis,25,25,39,39,V2V_ROY_WITHIN_SPLIT_DERANGEMENT_V1,908ce1f927ae651f,4990db5b77719e64,PAIRING_V1
subj07,fold_3,val,A:R,vis2vis,39,39,25,25,V2V_ROY_WITHIN_SPLIT_DERANGEMENT_V1,908ce1f927ae651f,4990db5b77719e64,PAIRING_V1
subj07,fold_3,val,A:V,vis2vis,15,15,19,19,V2V_ROY_WITHIN_SPLIT_DERANGEMENT_V1,908ce1f927ae651f,b1e496995c14dc84,PAIRING_V1
subj07,fold_3,val,A:V,vis2vis,19,19,15,15,V2V_ROY_WITHIN_SPLIT_DERANGEMENT_V1,908ce1f927ae651f,b1e496995c14dc84,PAIRING_V1
subj07,fold_3,val,B:B,vis2vis,53,197,89,233,V2V_ROY_WITHIN_SPLIT_DERANGEMENT_V1,908ce1f927ae651f,9bf3f46a2fbff532,PAIRING_V1
subj07,fold_3,val,B:B,vis2vis,89,233,53,197,V2V_ROY_WITHIN_SPLIT_DERANGEMENT_V1,908ce1f927ae651f,9bf3f46a2fbff532,PAIRING_V1
subj07,fold_3,val,B:C,vis2vis,62,206,90,234,V2V_ROY_WITHIN_SPLIT_DERANGEMENT_V1,908ce1f927ae651f,85ed75da944901b4,PAIRING_V1
subj07,fold_3,val,B:C,vis2vis,90,234,62,206,V2V_ROY_WITHIN_SPLIT_DERANGEMENT_V1,908ce1f927ae651f,85ed75da944901b4,PAIRING_V1
subj07,fold_3,val,B:D,vis2vis,68,212,81,225,V2V_ROY_WITHIN_SPLIT_DERANGEMENT_V1,908ce1f927ae651f,4e34719aa7187215,PAIRING_V1
subj07,fold_3,val,B:D,vis2vis,81,225,68,212,V2V_ROY_WITHIN_SPLIT_DERANGEMENT_V1,908ce1f927ae651f,4e34719aa7187215,PAIRING_V1
subj07,fold_3,val,B:K,vis2vis,59,203,82,226,V2V_ROY_WITHIN_SPLIT_DERANGEMENT_V1,908ce1f927ae651f,a210060940a76393,PAIRING_V1
subj07,fold_3,val,B:K,vis2vis,82,226,59,203,V2V_ROY_WITHIN_SPLIT_DERANGEMENT_V1,908ce1f927ae651f,a210060940a76393,PAIRING_V1
subj07,fold_3,val,B:T,vis2vis,60,204,95,239,V2V_ROY_WITHIN_SPLIT_DERANGEMENT_V1,908ce1f927ae651f,c9b091452eedc66e,PAIRING_V1
subj07,fold_3,val,B:T,vis2vis,95,239,60,204,V2V_ROY_WITHIN_SPLIT_DERANGEMENT_V1,908ce1f927ae651f,c9b091452eedc66e,PAIRING_V1
subj07,fold_3,val,B:W,vis2vis,72,216,77,221,V2V_ROY_WITHIN_SPLIT_DERANGEMENT_V1,908ce1f927ae651f,3ef5a4382cebb4a9,PAIRING_V1
subj07,fold_3,val,B:W,vis2vis,77,221,72,216,V2V_ROY_WITHIN_SPLIT_DERANGEMENT_V1,908ce1f927ae651f,3ef5a4382cebb4a9,PAIRING_V1
subj07,fold_3,test,A:E,vis2vis,9,9,38,38,V2V_ROY_WITHIN_SPLIT_DERANGEMENT_V1,908ce1f927ae651f,1218d988cc4efef4,PAIRING_V1
subj07,fold_3,test,A:E,vis2vis,38,38,9,9,V2V_ROY_WITHIN_SPLIT_DERANGEMENT_V1,908ce1f927ae651f,1218d988cc4efef4,PAIRING_V1
subj07,fold_3,test,A:H,vis2vis,18,18,21,21,V2V_ROY_WITHIN_SPLIT_DERANGEMENT_V1,908ce1f927ae651f,33e71d99e6c127b9,PAIRING_V1
subj07,fold_3,test,A:H,vis2vis,21,21,18,18,V2V_ROY_WITHIN_SPLIT_DERANGEMENT_V1,908ce1f927ae651f,33e71d99e6c127b9,PAIRING_V1
subj07,fold_3,test,A:L,vis2vis,7,7,29,29,V2V_ROY_WITHIN_SPLIT_DERANGEMENT_V1,908ce1f927ae651f,15dbf4a4a3eae814,PAIRING_V1
subj07,fold_3,test,A:L,vis2vis,29,29,7,7,V2V_ROY_WITHIN_SPLIT_DERANGEMENT_V1,908ce1f927ae651f,15dbf4a4a3eae814,PAIRING_V1
subj07,fold_3,test,A:P,vis2vis,11,11,37,37,V2V_ROY_WITHIN_SPLIT_DERANGEMENT_V1,908ce1f927ae651f,9bda7f1d0ba49f58,PAIRING_V1
subj07,fold_3,test,A:P,vis2vis,37,37,11,11,V2V_ROY_WITHIN_SPLIT_DERANGEMENT_V1,908ce1f927ae651f,9bda7f1d0ba49f58,PAIRING_V1
subj07,fold_3,test,A:R,vis2vis,5,5,44,44,V2V_ROY_WITHIN_SPLIT_DERANGEMENT_V1,908ce1f927ae651f,6051e0197605c63d,PAIRING_V1
subj07,fold_3,test,A:R,vis2vis,44,44,5,5,V2V_ROY_WITHIN_SPLIT_DERANGEMENT_V1,908ce1f927ae651f,6051e0197605c63d,PAIRING_V1
subj07,fold_3,test,A:V,vis2vis,31,31,33,33,V2V_ROY_WITHIN_SPLIT_DERANGEMENT_V1,908ce1f927ae651f,1dbd115f79f35b22,PAIRING_V1
subj07,fold_3,test,A:V,vis2vis,33,33,31,31,V2V_ROY_WITHIN_SPLIT_DERANGEMENT_V1,908ce1f927ae651f,1dbd115f79f35b22,PAIRING_V1
subj07,fold_3,test,B:B,vis2vis,83,227,85,229,V2V_ROY_WITHIN_SPLIT_DERANGEMENT_V1,908ce1f927ae651f,a6e8ad872bab26e9,PAIRING_V1
subj07,fold_3,test,B:B,vis2vis,85,229,83,227,V2V_ROY_WITHIN_SPLIT_DERANGEMENT_V1,908ce1f927ae651f,a6e8ad872bab26e9,PAIRING_V1
subj07,fold_3,test,B:C,vis2vis,49,193,73,217,V2V_ROY_WITHIN_SPLIT_DERANGEMENT_V1,908ce1f927ae651f,7ac2caa467731462,PAIRING_V1
subj07,fold_3,test,B:C,vis2vis,73,217,49,193,V2V_ROY_WITHIN_SPLIT_DERANGEMENT_V1,908ce1f927ae651f,7ac2caa467731462,PAIRING_V1
subj07,fold_3,test,B:D,vis2vis,61,205,65,209,V2V_ROY_WITHIN_SPLIT_DERANGEMENT_V1,908ce1f927ae651f,8b1c31282b4c26d3,PAIRING_V1
subj07,fold_3,test,B:D,vis2vis,65,209,61,205,V2V_ROY_WITHIN_SPLIT_DERANGEMENT_V1,908ce1f927ae651f,8b1c31282b4c26d3,PAIRING_V1
subj07,fold_3,test,B:K,vis2vis,57,201,84,228,V2V_ROY_WITHIN_SPLIT_DERANGEMENT_V1,908ce1f927ae651f,ed18b7a3c65d4fa5,PAIRING_V1
subj07,fold_3,test,B:K,vis2vis,84,228,57,201,V2V_ROY_WITHIN_SPLIT_DERANGEMENT_V1,908ce1f927ae651f,ed18b7a3c65d4fa5,PAIRING_V1
subj07,fold_3,test,B:T,vis2vis,69,213,80,224,V2V_ROY_WITHIN_SPLIT_DERANGEMENT_V1,908ce1f927ae651f,7990521104aa7714,PAIRING_V1
subj07,fold_3,test,B:T,vis2vis,80,224,69,213,V2V_ROY_WITHIN_SPLIT_DERANGEMENT_V1,908ce1f927ae651f,7990521104aa7714,PAIRING_V1
subj07,fold_3,test,B:W,vis2vis,48,192,63,207,V2V_ROY_WITHIN_SPLIT_DERANGEMENT_V1,908ce1f927ae651f,a90a5d3455b88a9e,PAIRING_V1
subj07,fold_3,test,B:W,vis2vis,63,207,48,192,V2V_ROY_WITHIN_SPLIT_DERANGEMENT_V1,908ce1f927ae651f,a90a5d3455b88a9e,PAIRING_V1
subj08,fold_0,train,A:E,vis2vis,26,26,47,47,V2V_ROY_WITHIN_SPLIT_DERANGEMENT_V1,908ce1f927ae651f,0406596f8aa383df,PAIRING_V1
subj08,fold_0,train,A:E,vis2vis,32,32,43,43,V2V_ROY_WITHIN_SPLIT_DERANGEMENT_V1,908ce1f927ae651f,0406596f8aa383df,PAIRING_V1
subj08,fold_0,train,A:E,vis2vis,43,43,26,26,V2V_ROY_WITHIN_SPLIT_DERANGEMENT_V1,908ce1f927ae651f,0406596f8aa383df,PAIRING_V1
subj08,fold_0,train,A:E,vis2vis,47,47,32,32,V2V_ROY_WITHIN_SPLIT_DERANGEMENT_V1,908ce1f927ae651f,0406596f8aa383df,PAIRING_V1
subj08,fold_0,train,A:H,vis2vis,2,2,28,28,V2V_ROY_WITHIN_SPLIT_DERANGEMENT_V1,908ce1f927ae651f,74205c9365e705b1,PAIRING_V1
subj08,fold_0,train,A:H,vis2vis,10,10,2,2,V2V_ROY_WITHIN_SPLIT_DERANGEMENT_V1,908ce1f927ae651f,74205c9365e705b1,PAIRING_V1
subj08,fold_0,train,A:H,vis2vis,14,14,10,10,V2V_ROY_WITHIN_SPLIT_DERANGEMENT_V1,908ce1f927ae651f,74205c9365e705b1,PAIRING_V1
subj08,fold_0,train,A:H,vis2vis,28,28,14,14,V2V_ROY_WITHIN_SPLIT_DERANGEMENT_V1,908ce1f927ae651f,74205c9365e705b1,PAIRING_V1
subj08,fold_0,train,A:L,vis2vis,12,12,27,27,V2V_ROY_WITHIN_SPLIT_DERANGEMENT_V1,908ce1f927ae651f,fab462ce54a4e659,PAIRING_V1
subj08,fold_0,train,A:L,vis2vis,27,27,42,42,V2V_ROY_WITHIN_SPLIT_DERANGEMENT_V1,908ce1f927ae651f,fab462ce54a4e659,PAIRING_V1
subj08,fold_0,train,A:L,vis2vis,36,36,12,12,V2V_ROY_WITHIN_SPLIT_DERANGEMENT_V1,908ce1f927ae651f,fab462ce54a4e659,PAIRING_V1
subj08,fold_0,train,A:L,vis2vis,42,42,36,36,V2V_ROY_WITHIN_SPLIT_DERANGEMENT_V1,908ce1f927ae651f,fab462ce54a4e659,PAIRING_V1
subj08,fold_0,train,A:P,vis2vis,8,8,41,41,V2V_ROY_WITHIN_SPLIT_DERANGEMENT_V1,908ce1f927ae651f,b6b277ba30080369,PAIRING_V1
subj08,fold_0,train,A:P,vis2vis,13,13,20,20,V2V_ROY_WITHIN_SPLIT_DERANGEMENT_V1,908ce1f927ae651f,b6b277ba30080369,PAIRING_V1
subj08,fold_0,train,A:P,vis2vis,20,20,8,8,V2V_ROY_WITHIN_SPLIT_DERANGEMENT_V1,908ce1f927ae651f,b6b277ba30080369,PAIRING_V1
subj08,fold_0,train,A:P,vis2vis,41,41,13,13,V2V_ROY_WITHIN_SPLIT_DERANGEMENT_V1,908ce1f927ae651f,b6b277ba30080369,PAIRING_V1
subj08,fold_0,train,A:R,vis2vis,22,22,25,25,V2V_ROY_WITHIN_SPLIT_DERANGEMENT_V1,908ce1f927ae651f,20085a9f21564bc3,PAIRING_V1
subj08,fold_0,train,A:R,vis2vis,25,25,39,39,V2V_ROY_WITHIN_SPLIT_DERANGEMENT_V1,908ce1f927ae651f,20085a9f21564bc3,PAIRING_V1
subj08,fold_0,train,A:R,vis2vis,30,30,22,22,V2V_ROY_WITHIN_SPLIT_DERANGEMENT_V1,908ce1f927ae651f,20085a9f21564bc3,PAIRING_V1
subj08,fold_0,train,A:R,vis2vis,39,39,30,30,V2V_ROY_WITHIN_SPLIT_DERANGEMENT_V1,908ce1f927ae651f,20085a9f21564bc3,PAIRING_V1
subj08,fold_0,train,A:V,vis2vis,1,1,19,19,V2V_ROY_WITHIN_SPLIT_DERANGEMENT_V1,908ce1f927ae651f,1b5a68d8aa94b71f,PAIRING_V1
subj08,fold_0,train,A:V,vis2vis,3,3,15,15,V2V_ROY_WITHIN_SPLIT_DERANGEMENT_V1,908ce1f927ae651f,1b5a68d8aa94b71f,PAIRING_V1
subj08,fold_0,train,A:V,vis2vis,15,15,1,1,V2V_ROY_WITHIN_SPLIT_DERANGEMENT_V1,908ce1f927ae651f,1b5a68d8aa94b71f,PAIRING_V1
subj08,fold_0,train,A:V,vis2vis,19,19,3,3,V2V_ROY_WITHIN_SPLIT_DERANGEMENT_V1,908ce1f927ae651f,1b5a68d8aa94b71f,PAIRING_V1
subj08,fold_0,train,B:B,vis2vis,53,197,66,210,V2V_ROY_WITHIN_SPLIT_DERANGEMENT_V1,908ce1f927ae651f,02cd26d7475e2b32,PAIRING_V1
subj08,fold_0,train,B:B,vis2vis,66,210,79,223,V2V_ROY_WITHIN_SPLIT_DERANGEMENT_V1,908ce1f927ae651f,02cd26d7475e2b32,PAIRING_V1
subj08,fold_0,train,B:B,vis2vis,79,223,89,233,V2V_ROY_WITHIN_SPLIT_DERANGEMENT_V1,908ce1f927ae651f,02cd26d7475e2b32,PAIRING_V1
subj08,fold_0,train,B:B,vis2vis,89,233,53,197,V2V_ROY_WITHIN_SPLIT_DERANGEMENT_V1,908ce1f927ae651f,02cd26d7475e2b32,PAIRING_V1
subj08,fold_0,train,B:C,vis2vis,58,202,62,206,V2V_ROY_WITHIN_SPLIT_DERANGEMENT_V1,908ce1f927ae651f,0af41f50443b0cca,PAIRING_V1
subj08,fold_0,train,B:C,vis2vis,62,206,90,234,V2V_ROY_WITHIN_SPLIT_DERANGEMENT_V1,908ce1f927ae651f,0af41f50443b0cca,PAIRING_V1
subj08,fold_0,train,B:C,vis2vis,71,215,58,202,V2V_ROY_WITHIN_SPLIT_DERANGEMENT_V1,908ce1f927ae651f,0af41f50443b0cca,PAIRING_V1
subj08,fold_0,train,B:C,vis2vis,90,234,71,215,V2V_ROY_WITHIN_SPLIT_DERANGEMENT_V1,908ce1f927ae651f,0af41f50443b0cca,PAIRING_V1
subj08,fold_0,train,B:D,vis2vis,68,212,70,214,V2V_ROY_WITHIN_SPLIT_DERANGEMENT_V1,908ce1f927ae651f,74d32c0f28da95ee,PAIRING_V1
subj08,fold_0,train,B:D,vis2vis,70,214,93,237,V2V_ROY_WITHIN_SPLIT_DERANGEMENT_V1,908ce1f927ae651f,74d32c0f28da95ee,PAIRING_V1
subj08,fold_0,train,B:D,vis2vis,81,225,68,212,V2V_ROY_WITHIN_SPLIT_DERANGEMENT_V1,908ce1f927ae651f,74d32c0f28da95ee,PAIRING_V1
subj08,fold_0,train,B:D,vis2vis,93,237,81,225,V2V_ROY_WITHIN_SPLIT_DERANGEMENT_V1,908ce1f927ae651f,74d32c0f28da95ee,PAIRING_V1
subj08,fold_0,train,B:K,vis2vis,59,203,91,235,V2V_ROY_WITHIN_SPLIT_DERANGEMENT_V1,908ce1f927ae651f,37cf86d8cab1388e,PAIRING_V1
subj08,fold_0,train,B:K,vis2vis,67,211,82,226,V2V_ROY_WITHIN_SPLIT_DERANGEMENT_V1,908ce1f927ae651f,37cf86d8cab1388e,PAIRING_V1
subj08,fold_0,train,B:K,vis2vis,82,226,67,211,V2V_ROY_WITHIN_SPLIT_DERANGEMENT_V1,908ce1f927ae651f,37cf86d8cab1388e,PAIRING_V1
subj08,fold_0,train,B:K,vis2vis,91,235,59,203,V2V_ROY_WITHIN_SPLIT_DERANGEMENT_V1,908ce1f927ae651f,37cf86d8cab1388e,PAIRING_V1
subj08,fold_0,train,B:T,vis2vis,52,196,92,236,V2V_ROY_WITHIN_SPLIT_DERANGEMENT_V1,908ce1f927ae651f,df040e9054d7ff95,PAIRING_V1
subj08,fold_0,train,B:T,vis2vis,60,204,95,239,V2V_ROY_WITHIN_SPLIT_DERANGEMENT_V1,908ce1f927ae651f,df040e9054d7ff95,PAIRING_V1
subj08,fold_0,train,B:T,vis2vis,92,236,60,204,V2V_ROY_WITHIN_SPLIT_DERANGEMENT_V1,908ce1f927ae651f,df040e9054d7ff95,PAIRING_V1
subj08,fold_0,train,B:T,vis2vis,95,239,52,196,V2V_ROY_WITHIN_SPLIT_DERANGEMENT_V1,908ce1f927ae651f,df040e9054d7ff95,PAIRING_V1
subj08,fold_0,train,B:W,vis2vis,56,200,75,219,V2V_ROY_WITHIN_SPLIT_DERANGEMENT_V1,908ce1f927ae651f,23752a956dbaffd0,PAIRING_V1
subj08,fold_0,train,B:W,vis2vis,72,216,56,200,V2V_ROY_WITHIN_SPLIT_DERANGEMENT_V1,908ce1f927ae651f,23752a956dbaffd0,PAIRING_V1
subj08,fold_0,train,B:W,vis2vis,75,219,77,221,V2V_ROY_WITHIN_SPLIT_DERANGEMENT_V1,908ce1f927ae651f,23752a956dbaffd0,PAIRING_V1
subj08,fold_0,train,B:W,vis2vis,77,221,72,216,V2V_ROY_WITHIN_SPLIT_DERANGEMENT_V1,908ce1f927ae651f,23752a956dbaffd0,PAIRING_V1
subj08,fold_0,val,A:E,vis2vis,9,9,38,38,V2V_ROY_WITHIN_SPLIT_DERANGEMENT_V1,908ce1f927ae651f,d1878f811c8f825d,PAIRING_V1
subj08,fold_0,val,A:E,vis2vis,38,38,9,9,V2V_ROY_WITHIN_SPLIT_DERANGEMENT_V1,908ce1f927ae651f,d1878f811c8f825d,PAIRING_V1
subj08,fold_0,val,A:H,vis2vis,18,18,21,21,V2V_ROY_WITHIN_SPLIT_DERANGEMENT_V1,908ce1f927ae651f,fdb1f16a7e602b02,PAIRING_V1
subj08,fold_0,val,A:H,vis2vis,21,21,18,18,V2V_ROY_WITHIN_SPLIT_DERANGEMENT_V1,908ce1f927ae651f,fdb1f16a7e602b02,PAIRING_V1
subj08,fold_0,val,A:L,vis2vis,7,7,29,29,V2V_ROY_WITHIN_SPLIT_DERANGEMENT_V1,908ce1f927ae651f,ea96edf985e15ca1,PAIRING_V1
subj08,fold_0,val,A:L,vis2vis,29,29,7,7,V2V_ROY_WITHIN_SPLIT_DERANGEMENT_V1,908ce1f927ae651f,ea96edf985e15ca1,PAIRING_V1
subj08,fold_0,val,A:P,vis2vis,11,11,37,37,V2V_ROY_WITHIN_SPLIT_DERANGEMENT_V1,908ce1f927ae651f,449b1f724a784f52,PAIRING_V1
subj08,fold_0,val,A:P,vis2vis,37,37,11,11,V2V_ROY_WITHIN_SPLIT_DERANGEMENT_V1,908ce1f927ae651f,449b1f724a784f52,PAIRING_V1
subj08,fold_0,val,A:R,vis2vis,5,5,44,44,V2V_ROY_WITHIN_SPLIT_DERANGEMENT_V1,908ce1f927ae651f,62d34a5cdd68c10b,PAIRING_V1
subj08,fold_0,val,A:R,vis2vis,44,44,5,5,V2V_ROY_WITHIN_SPLIT_DERANGEMENT_V1,908ce1f927ae651f,62d34a5cdd68c10b,PAIRING_V1
subj08,fold_0,val,A:V,vis2vis,31,31,33,33,V2V_ROY_WITHIN_SPLIT_DERANGEMENT_V1,908ce1f927ae651f,52054d8b220e3812,PAIRING_V1
subj08,fold_0,val,A:V,vis2vis,33,33,31,31,V2V_ROY_WITHIN_SPLIT_DERANGEMENT_V1,908ce1f927ae651f,52054d8b220e3812,PAIRING_V1
subj08,fold_0,val,B:B,vis2vis,83,227,85,229,V2V_ROY_WITHIN_SPLIT_DERANGEMENT_V1,908ce1f927ae651f,a3612a534b34d8e2,PAIRING_V1
subj08,fold_0,val,B:B,vis2vis,85,229,83,227,V2V_ROY_WITHIN_SPLIT_DERANGEMENT_V1,908ce1f927ae651f,a3612a534b34d8e2,PAIRING_V1
subj08,fold_0,val,B:C,vis2vis,49,193,73,217,V2V_ROY_WITHIN_SPLIT_DERANGEMENT_V1,908ce1f927ae651f,0842917e6507c5d0,PAIRING_V1
subj08,fold_0,val,B:C,vis2vis,73,217,49,193,V2V_ROY_WITHIN_SPLIT_DERANGEMENT_V1,908ce1f927ae651f,0842917e6507c5d0,PAIRING_V1
subj08,fold_0,val,B:D,vis2vis,61,205,65,209,V2V_ROY_WITHIN_SPLIT_DERANGEMENT_V1,908ce1f927ae651f,506d32fbd082a986,PAIRING_V1
subj08,fold_0,val,B:D,vis2vis,65,209,61,205,V2V_ROY_WITHIN_SPLIT_DERANGEMENT_V1,908ce1f927ae651f,506d32fbd082a986,PAIRING_V1
subj08,fold_0,val,B:K,vis2vis,57,201,84,228,V2V_ROY_WITHIN_SPLIT_DERANGEMENT_V1,908ce1f927ae651f,0ef4820751d5070c,PAIRING_V1
subj08,fold_0,val,B:K,vis2vis,84,228,57,201,V2V_ROY_WITHIN_SPLIT_DERANGEMENT_V1,908ce1f927ae651f,0ef4820751d5070c,PAIRING_V1
subj08,fold_0,val,B:T,vis2vis,69,213,80,224,V2V_ROY_WITHIN_SPLIT_DERANGEMENT_V1,908ce1f927ae651f,304929713750b101,PAIRING_V1
subj08,fold_0,val,B:T,vis2vis,80,224,69,213,V2V_ROY_WITHIN_SPLIT_DERANGEMENT_V1,908ce1f927ae651f,304929713750b101,PAIRING_V1
subj08,fold_0,val,B:W,vis2vis,48,192,63,207,V2V_ROY_WITHIN_SPLIT_DERANGEMENT_V1,908ce1f927ae651f,d2bbf9745572b932,PAIRING_V1
subj08,fold_0,val,B:W,vis2vis,63,207,48,192,V2V_ROY_WITHIN_SPLIT_DERANGEMENT_V1,908ce1f927ae651f,d2bbf9745572b932,PAIRING_V1
subj08,fold_0,test,A:E,vis2vis,6,6,23,23,V2V_ROY_WITHIN_SPLIT_DERANGEMENT_V1,908ce1f927ae651f,ce581795769d1c98,PAIRING_V1
subj08,fold_0,test,A:E,vis2vis,23,23,6,6,V2V_ROY_WITHIN_SPLIT_DERANGEMENT_V1,908ce1f927ae651f,ce581795769d1c98,PAIRING_V1
subj08,fold_0,test,A:H,vis2vis,24,24,35,35,V2V_ROY_WITHIN_SPLIT_DERANGEMENT_V1,908ce1f927ae651f,2f483a53f03176d0,PAIRING_V1
subj08,fold_0,test,A:H,vis2vis,35,35,24,24,V2V_ROY_WITHIN_SPLIT_DERANGEMENT_V1,908ce1f927ae651f,2f483a53f03176d0,PAIRING_V1
subj08,fold_0,test,A:L,vis2vis,0,0,4,4,V2V_ROY_WITHIN_SPLIT_DERANGEMENT_V1,908ce1f927ae651f,f830ff28a82a3b46,PAIRING_V1
subj08,fold_0,test,A:L,vis2vis,4,4,0,0,V2V_ROY_WITHIN_SPLIT_DERANGEMENT_V1,908ce1f927ae651f,f830ff28a82a3b46,PAIRING_V1
subj08,fold_0,test,A:P,vis2vis,16,16,34,34,V2V_ROY_WITHIN_SPLIT_DERANGEMENT_V1,908ce1f927ae651f,9d9ff03b450a5427,PAIRING_V1
subj08,fold_0,test,A:P,vis2vis,34,34,16,16,V2V_ROY_WITHIN_SPLIT_DERANGEMENT_V1,908ce1f927ae651f,9d9ff03b450a5427,PAIRING_V1
subj08,fold_0,test,A:R,vis2vis,17,17,46,46,V2V_ROY_WITHIN_SPLIT_DERANGEMENT_V1,908ce1f927ae651f,86b9007721059155,PAIRING_V1
subj08,fold_0,test,A:R,vis2vis,46,46,17,17,V2V_ROY_WITHIN_SPLIT_DERANGEMENT_V1,908ce1f927ae651f,86b9007721059155,PAIRING_V1
subj08,fold_0,test,A:V,vis2vis,40,40,45,45,V2V_ROY_WITHIN_SPLIT_DERANGEMENT_V1,908ce1f927ae651f,8d463d24519309a5,PAIRING_V1
subj08,fold_0,test,A:V,vis2vis,45,45,40,40,V2V_ROY_WITHIN_SPLIT_DERANGEMENT_V1,908ce1f927ae651f,8d463d24519309a5,PAIRING_V1
subj08,fold_0,test,B:B,vis2vis,76,220,94,238,V2V_ROY_WITHIN_SPLIT_DERANGEMENT_V1,908ce1f927ae651f,92e6e9bbcf6696b0,PAIRING_V1
subj08,fold_0,test,B:B,vis2vis,94,238,76,220,V2V_ROY_WITHIN_SPLIT_DERANGEMENT_V1,908ce1f927ae651f,92e6e9bbcf6696b0,PAIRING_V1
subj08,fold_0,test,B:C,vis2vis,64,208,86,230,V2V_ROY_WITHIN_SPLIT_DERANGEMENT_V1,908ce1f927ae651f,8cb22a7cc112a367,PAIRING_V1
subj08,fold_0,test,B:C,vis2vis,86,230,64,208,V2V_ROY_WITHIN_SPLIT_DERANGEMENT_V1,908ce1f927ae651f,8cb22a7cc112a367,PAIRING_V1
subj08,fold_0,test,B:D,vis2vis,51,195,54,198,V2V_ROY_WITHIN_SPLIT_DERANGEMENT_V1,908ce1f927ae651f,71c8562737deaad6,PAIRING_V1
subj08,fold_0,test,B:D,vis2vis,54,198,51,195,V2V_ROY_WITHIN_SPLIT_DERANGEMENT_V1,908ce1f927ae651f,71c8562737deaad6,PAIRING_V1
subj08,fold_0,test,B:K,vis2vis,55,199,78,222,V2V_ROY_WITHIN_SPLIT_DERANGEMENT_V1,908ce1f927ae651f,5a8882c1b3d218be,PAIRING_V1
subj08,fold_0,test,B:K,vis2vis,78,222,55,199,V2V_ROY_WITHIN_SPLIT_DERANGEMENT_V1,908ce1f927ae651f,5a8882c1b3d218be,PAIRING_V1
subj08,fold_0,test,B:T,vis2vis,74,218,88,232,V2V_ROY_WITHIN_SPLIT_DERANGEMENT_V1,908ce1f927ae651f,5541fbe269029964,PAIRING_V1
subj08,fold_0,test,B:T,vis2vis,88,232,74,218,V2V_ROY_WITHIN_SPLIT_DERANGEMENT_V1,908ce1f927ae651f,5541fbe269029964,PAIRING_V1
subj08,fold_0,test,B:W,vis2vis,50,194,87,231,V2V_ROY_WITHIN_SPLIT_DERANGEMENT_V1,908ce1f927ae651f,d88d73b966a7a46a,PAIRING_V1
subj08,fold_0,test,B:W,vis2vis,87,231,50,194,V2V_ROY_WITHIN_SPLIT_DERANGEMENT_V1,908ce1f927ae651f,d88d73b966a7a46a,PAIRING_V1
subj08,fold_1,train,A:E,vis2vis,6,6,47,47,V2V_ROY_WITHIN_SPLIT_DERANGEMENT_V1,908ce1f927ae651f,f5796012b552a31a,PAIRING_V1
subj08,fold_1,train,A:E,vis2vis,23,23,43,43,V2V_ROY_WITHIN_SPLIT_DERANGEMENT_V1,908ce1f927ae651f,f5796012b552a31a,PAIRING_V1
subj08,fold_1,train,A:E,vis2vis,43,43,23,23,V2V_ROY_WITHIN_SPLIT_DERANGEMENT_V1,908ce1f927ae651f,f5796012b552a31a,PAIRING_V1
subj08,fold_1,train,A:E,vis2vis,47,47,6,6,V2V_ROY_WITHIN_SPLIT_DERANGEMENT_V1,908ce1f927ae651f,f5796012b552a31a,PAIRING_V1
subj08,fold_1,train,A:H,vis2vis,2,2,28,28,V2V_ROY_WITHIN_SPLIT_DERANGEMENT_V1,908ce1f927ae651f,c010a389278bfe41,PAIRING_V1
subj08,fold_1,train,A:H,vis2vis,24,24,35,35,V2V_ROY_WITHIN_SPLIT_DERANGEMENT_V1,908ce1f927ae651f,c010a389278bfe41,PAIRING_V1
subj08,fold_1,train,A:H,vis2vis,28,28,24,24,V2V_ROY_WITHIN_SPLIT_DERANGEMENT_V1,908ce1f927ae651f,c010a389278bfe41,PAIRING_V1
subj08,fold_1,train,A:H,vis2vis,35,35,2,2,V2V_ROY_WITHIN_SPLIT_DERANGEMENT_V1,908ce1f927ae651f,c010a389278bfe41,PAIRING_V1
subj08,fold_1,train,A:L,vis2vis,0,0,42,42,V2V_ROY_WITHIN_SPLIT_DERANGEMENT_V1,908ce1f927ae651f,758d4d1012b452f0,PAIRING_V1
subj08,fold_1,train,A:L,vis2vis,4,4,36,36,V2V_ROY_WITHIN_SPLIT_DERANGEMENT_V1,908ce1f927ae651f,758d4d1012b452f0,PAIRING_V1
subj08,fold_1,train,A:L,vis2vis,36,36,4,4,V2V_ROY_WITHIN_SPLIT_DERANGEMENT_V1,908ce1f927ae651f,758d4d1012b452f0,PAIRING_V1
subj08,fold_1,train,A:L,vis2vis,42,42,0,0,V2V_ROY_WITHIN_SPLIT_DERANGEMENT_V1,908ce1f927ae651f,758d4d1012b452f0,PAIRING_V1
subj08,fold_1,train,A:P,vis2vis,16,16,34,34,V2V_ROY_WITHIN_SPLIT_DERANGEMENT_V1,908ce1f927ae651f,6bb7365ef1f9ede7,PAIRING_V1
subj08,fold_1,train,A:P,vis2vis,20,20,41,41,V2V_ROY_WITHIN_SPLIT_DERANGEMENT_V1,908ce1f927ae651f,6bb7365ef1f9ede7,PAIRING_V1
subj08,fold_1,train,A:P,vis2vis,34,34,16,16,V2V_ROY_WITHIN_SPLIT_DERANGEMENT_V1,908ce1f927ae651f,6bb7365ef1f9ede7,PAIRING_V1
subj08,fold_1,train,A:P,vis2vis,41,41,20,20,V2V_ROY_WITHIN_SPLIT_DERANGEMENT_V1,908ce1f927ae651f,6bb7365ef1f9ede7,PAIRING_V1
subj08,fold_1,train,A:R,vis2vis,17,17,25,25,V2V_ROY_WITHIN_SPLIT_DERANGEMENT_V1,908ce1f927ae651f,da07acaec96a8d4f,PAIRING_V1
subj08,fold_1,train,A:R,vis2vis,25,25,46,46,V2V_ROY_WITHIN_SPLIT_DERANGEMENT_V1,908ce1f927ae651f,da07acaec96a8d4f,PAIRING_V1
subj08,fold_1,train,A:R,vis2vis,39,39,17,17,V2V_ROY_WITHIN_SPLIT_DERANGEMENT_V1,908ce1f927ae651f,da07acaec96a8d4f,PAIRING_V1
subj08,fold_1,train,A:R,vis2vis,46,46,39,39,V2V_ROY_WITHIN_SPLIT_DERANGEMENT_V1,908ce1f927ae651f,da07acaec96a8d4f,PAIRING_V1
subj08,fold_1,train,A:V,vis2vis,15,15,45,45,V2V_ROY_WITHIN_SPLIT_DERANGEMENT_V1,908ce1f927ae651f,2c9d9b13acad6c37,PAIRING_V1
subj08,fold_1,train,A:V,vis2vis,19,19,40,40,V2V_ROY_WITHIN_SPLIT_DERANGEMENT_V1,908ce1f927ae651f,2c9d9b13acad6c37,PAIRING_V1
subj08,fold_1,train,A:V,vis2vis,40,40,15,15,V2V_ROY_WITHIN_SPLIT_DERANGEMENT_V1,908ce1f927ae651f,2c9d9b13acad6c37,PAIRING_V1
subj08,fold_1,train,A:V,vis2vis,45,45,19,19,V2V_ROY_WITHIN_SPLIT_DERANGEMENT_V1,908ce1f927ae651f,2c9d9b13acad6c37,PAIRING_V1
subj08,fold_1,train,B:B,vis2vis,53,197,94,238,V2V_ROY_WITHIN_SPLIT_DERANGEMENT_V1,908ce1f927ae651f,1722e42537bf4706,PAIRING_V1
subj08,fold_1,train,B:B,vis2vis,76,220,89,233,V2V_ROY_WITHIN_SPLIT_DERANGEMENT_V1,908ce1f927ae651f,1722e42537bf4706,PAIRING_V1
subj08,fold_1,train,B:B,vis2vis,89,233,53,197,V2V_ROY_WITHIN_SPLIT_DERANGEMENT_V1,908ce1f927ae651f,1722e42537bf4706,PAIRING_V1
subj08,fold_1,train,B:B,vis2vis,94,238,76,220,V2V_ROY_WITHIN_SPLIT_DERANGEMENT_V1,908ce1f927ae651f,1722e42537bf4706,PAIRING_V1
subj08,fold_1,train,B:C,vis2vis,62,206,86,230,V2V_ROY_WITHIN_SPLIT_DERANGEMENT_V1,908ce1f927ae651f,b448b999d8e7c394,PAIRING_V1
subj08,fold_1,train,B:C,vis2vis,64,208,62,206,V2V_ROY_WITHIN_SPLIT_DERANGEMENT_V1,908ce1f927ae651f,b448b999d8e7c394,PAIRING_V1
subj08,fold_1,train,B:C,vis2vis,86,230,90,234,V2V_ROY_WITHIN_SPLIT_DERANGEMENT_V1,908ce1f927ae651f,b448b999d8e7c394,PAIRING_V1
subj08,fold_1,train,B:C,vis2vis,90,234,64,208,V2V_ROY_WITHIN_SPLIT_DERANGEMENT_V1,908ce1f927ae651f,b448b999d8e7c394,PAIRING_V1
subj08,fold_1,train,B:D,vis2vis,51,195,68,212,V2V_ROY_WITHIN_SPLIT_DERANGEMENT_V1,908ce1f927ae651f,620598cd355f2b0b,PAIRING_V1
subj08,fold_1,train,B:D,vis2vis,54,198,81,225,V2V_ROY_WITHIN_SPLIT_DERANGEMENT_V1,908ce1f927ae651f,620598cd355f2b0b,PAIRING_V1
subj08,fold_1,train,B:D,vis2vis,68,212,54,198,V2V_ROY_WITHIN_SPLIT_DERANGEMENT_V1,908ce1f927ae651f,620598cd355f2b0b,PAIRING_V1
subj08,fold_1,train,B:D,vis2vis,81,225,51,195,V2V_ROY_WITHIN_SPLIT_DERANGEMENT_V1,908ce1f927ae651f,620598cd355f2b0b,PAIRING_V1
subj08,fold_1,train,B:K,vis2vis,55,199,59,203,V2V_ROY_WITHIN_SPLIT_DERANGEMENT_V1,908ce1f927ae651f,6d2979f636d145d9,PAIRING_V1
subj08,fold_1,train,B:K,vis2vis,59,203,82,226,V2V_ROY_WITHIN_SPLIT_DERANGEMENT_V1,908ce1f927ae651f,6d2979f636d145d9,PAIRING_V1
subj08,fold_1,train,B:K,vis2vis,78,222,55,199,V2V_ROY_WITHIN_SPLIT_DERANGEMENT_V1,908ce1f927ae651f,6d2979f636d145d9,PAIRING_V1
subj08,fold_1,train,B:K,vis2vis,82,226,78,222,V2V_ROY_WITHIN_SPLIT_DERANGEMENT_V1,908ce1f927ae651f,6d2979f636d145d9,PAIRING_V1
subj08,fold_1,train,B:T,vis2vis,60,204,88,232,V2V_ROY_WITHIN_SPLIT_DERANGEMENT_V1,908ce1f927ae651f,f4c1077b65bcbf80,PAIRING_V1
subj08,fold_1,train,B:T,vis2vis,74,218,60,204,V2V_ROY_WITHIN_SPLIT_DERANGEMENT_V1,908ce1f927ae651f,f4c1077b65bcbf80,PAIRING_V1
subj08,fold_1,train,B:T,vis2vis,88,232,95,239,V2V_ROY_WITHIN_SPLIT_DERANGEMENT_V1,908ce1f927ae651f,f4c1077b65bcbf80,PAIRING_V1
subj08,fold_1,train,B:T,vis2vis,95,239,74,218,V2V_ROY_WITHIN_SPLIT_DERANGEMENT_V1,908ce1f927ae651f,f4c1077b65bcbf80,PAIRING_V1
subj08,fold_1,train,B:W,vis2vis,50,194,72,216,V2V_ROY_WITHIN_SPLIT_DERANGEMENT_V1,908ce1f927ae651f,d6bd06bf67d6570b,PAIRING_V1
subj08,fold_1,train,B:W,vis2vis,72,216,50,194,V2V_ROY_WITHIN_SPLIT_DERANGEMENT_V1,908ce1f927ae651f,d6bd06bf67d6570b,PAIRING_V1
subj08,fold_1,train,B:W,vis2vis,77,221,87,231,V2V_ROY_WITHIN_SPLIT_DERANGEMENT_V1,908ce1f927ae651f,d6bd06bf67d6570b,PAIRING_V1
subj08,fold_1,train,B:W,vis2vis,87,231,77,221,V2V_ROY_WITHIN_SPLIT_DERANGEMENT_V1,908ce1f927ae651f,d6bd06bf67d6570b,PAIRING_V1
subj08,fold_1,val,A:E,vis2vis,9,9,38,38,V2V_ROY_WITHIN_SPLIT_DERANGEMENT_V1,908ce1f927ae651f,6950b4d3cdfe1d28,PAIRING_V1
subj08,fold_1,val,A:E,vis2vis,38,38,9,9,V2V_ROY_WITHIN_SPLIT_DERANGEMENT_V1,908ce1f927ae651f,6950b4d3cdfe1d28,PAIRING_V1
subj08,fold_1,val,A:H,vis2vis,18,18,21,21,V2V_ROY_WITHIN_SPLIT_DERANGEMENT_V1,908ce1f927ae651f,7b4a2f6fb27ce2ad,PAIRING_V1
subj08,fold_1,val,A:H,vis2vis,21,21,18,18,V2V_ROY_WITHIN_SPLIT_DERANGEMENT_V1,908ce1f927ae651f,7b4a2f6fb27ce2ad,PAIRING_V1
subj08,fold_1,val,A:L,vis2vis,7,7,29,29,V2V_ROY_WITHIN_SPLIT_DERANGEMENT_V1,908ce1f927ae651f,8640e7403781b69a,PAIRING_V1
subj08,fold_1,val,A:L,vis2vis,29,29,7,7,V2V_ROY_WITHIN_SPLIT_DERANGEMENT_V1,908ce1f927ae651f,8640e7403781b69a,PAIRING_V1
subj08,fold_1,val,A:P,vis2vis,11,11,37,37,V2V_ROY_WITHIN_SPLIT_DERANGEMENT_V1,908ce1f927ae651f,f33f920143a0cb55,PAIRING_V1
subj08,fold_1,val,A:P,vis2vis,37,37,11,11,V2V_ROY_WITHIN_SPLIT_DERANGEMENT_V1,908ce1f927ae651f,f33f920143a0cb55,PAIRING_V1
subj08,fold_1,val,A:R,vis2vis,5,5,44,44,V2V_ROY_WITHIN_SPLIT_DERANGEMENT_V1,908ce1f927ae651f,9e5f2cf7ce2fcbd4,PAIRING_V1
subj08,fold_1,val,A:R,vis2vis,44,44,5,5,V2V_ROY_WITHIN_SPLIT_DERANGEMENT_V1,908ce1f927ae651f,9e5f2cf7ce2fcbd4,PAIRING_V1
subj08,fold_1,val,A:V,vis2vis,31,31,33,33,V2V_ROY_WITHIN_SPLIT_DERANGEMENT_V1,908ce1f927ae651f,504cb8ee67170220,PAIRING_V1
subj08,fold_1,val,A:V,vis2vis,33,33,31,31,V2V_ROY_WITHIN_SPLIT_DERANGEMENT_V1,908ce1f927ae651f,504cb8ee67170220,PAIRING_V1
subj08,fold_1,val,B:B,vis2vis,83,227,85,229,V2V_ROY_WITHIN_SPLIT_DERANGEMENT_V1,908ce1f927ae651f,de41da373a89c9c8,PAIRING_V1
subj08,fold_1,val,B:B,vis2vis,85,229,83,227,V2V_ROY_WITHIN_SPLIT_DERANGEMENT_V1,908ce1f927ae651f,de41da373a89c9c8,PAIRING_V1
subj08,fold_1,val,B:C,vis2vis,49,193,73,217,V2V_ROY_WITHIN_SPLIT_DERANGEMENT_V1,908ce1f927ae651f,79b41e989197c039,PAIRING_V1
subj08,fold_1,val,B:C,vis2vis,73,217,49,193,V2V_ROY_WITHIN_SPLIT_DERANGEMENT_V1,908ce1f927ae651f,79b41e989197c039,PAIRING_V1
subj08,fold_1,val,B:D,vis2vis,61,205,65,209,V2V_ROY_WITHIN_SPLIT_DERANGEMENT_V1,908ce1f927ae651f,10f8b901a039db31,PAIRING_V1
subj08,fold_1,val,B:D,vis2vis,65,209,61,205,V2V_ROY_WITHIN_SPLIT_DERANGEMENT_V1,908ce1f927ae651f,10f8b901a039db31,PAIRING_V1
subj08,fold_1,val,B:K,vis2vis,57,201,84,228,V2V_ROY_WITHIN_SPLIT_DERANGEMENT_V1,908ce1f927ae651f,bcaba83c01b33046,PAIRING_V1
subj08,fold_1,val,B:K,vis2vis,84,228,57,201,V2V_ROY_WITHIN_SPLIT_DERANGEMENT_V1,908ce1f927ae651f,bcaba83c01b33046,PAIRING_V1
subj08,fold_1,val,B:T,vis2vis,69,213,80,224,V2V_ROY_WITHIN_SPLIT_DERANGEMENT_V1,908ce1f927ae651f,86c255a24689cc01,PAIRING_V1
subj08,fold_1,val,B:T,vis2vis,80,224,69,213,V2V_ROY_WITHIN_SPLIT_DERANGEMENT_V1,908ce1f927ae651f,86c255a24689cc01,PAIRING_V1
subj08,fold_1,val,B:W,vis2vis,48,192,63,207,V2V_ROY_WITHIN_SPLIT_DERANGEMENT_V1,908ce1f927ae651f,2688a72d72a01cbd,PAIRING_V1
subj08,fold_1,val,B:W,vis2vis,63,207,48,192,V2V_ROY_WITHIN_SPLIT_DERANGEMENT_V1,908ce1f927ae651f,2688a72d72a01cbd,PAIRING_V1
subj08,fold_1,test,A:E,vis2vis,26,26,32,32,V2V_ROY_WITHIN_SPLIT_DERANGEMENT_V1,908ce1f927ae651f,7dfb1442082cc622,PAIRING_V1
subj08,fold_1,test,A:E,vis2vis,32,32,26,26,V2V_ROY_WITHIN_SPLIT_DERANGEMENT_V1,908ce1f927ae651f,7dfb1442082cc622,PAIRING_V1
subj08,fold_1,test,A:H,vis2vis,10,10,14,14,V2V_ROY_WITHIN_SPLIT_DERANGEMENT_V1,908ce1f927ae651f,dac3bae2715cd969,PAIRING_V1
subj08,fold_1,test,A:H,vis2vis,14,14,10,10,V2V_ROY_WITHIN_SPLIT_DERANGEMENT_V1,908ce1f927ae651f,dac3bae2715cd969,PAIRING_V1
subj08,fold_1,test,A:L,vis2vis,12,12,27,27,V2V_ROY_WITHIN_SPLIT_DERANGEMENT_V1,908ce1f927ae651f,1bff56ec01d061e9,PAIRING_V1
subj08,fold_1,test,A:L,vis2vis,27,27,12,12,V2V_ROY_WITHIN_SPLIT_DERANGEMENT_V1,908ce1f927ae651f,1bff56ec01d061e9,PAIRING_V1
subj08,fold_1,test,A:P,vis2vis,8,8,13,13,V2V_ROY_WITHIN_SPLIT_DERANGEMENT_V1,908ce1f927ae651f,89a59229b45c8aa9,PAIRING_V1
subj08,fold_1,test,A:P,vis2vis,13,13,8,8,V2V_ROY_WITHIN_SPLIT_DERANGEMENT_V1,908ce1f927ae651f,89a59229b45c8aa9,PAIRING_V1
subj08,fold_1,test,A:R,vis2vis,22,22,30,30,V2V_ROY_WITHIN_SPLIT_DERANGEMENT_V1,908ce1f927ae651f,78f37d52c3f27106,PAIRING_V1
subj08,fold_1,test,A:R,vis2vis,30,30,22,22,V2V_ROY_WITHIN_SPLIT_DERANGEMENT_V1,908ce1f927ae651f,78f37d52c3f27106,PAIRING_V1
subj08,fold_1,test,A:V,vis2vis,1,1,3,3,V2V_ROY_WITHIN_SPLIT_DERANGEMENT_V1,908ce1f927ae651f,d86d465a00a6aa38,PAIRING_V1
subj08,fold_1,test,A:V,vis2vis,3,3,1,1,V2V_ROY_WITHIN_SPLIT_DERANGEMENT_V1,908ce1f927ae651f,d86d465a00a6aa38,PAIRING_V1
subj08,fold_1,test,B:B,vis2vis,66,210,79,223,V2V_ROY_WITHIN_SPLIT_DERANGEMENT_V1,908ce1f927ae651f,b5fa83577fcc59aa,PAIRING_V1
subj08,fold_1,test,B:B,vis2vis,79,223,66,210,V2V_ROY_WITHIN_SPLIT_DERANGEMENT_V1,908ce1f927ae651f,b5fa83577fcc59aa,PAIRING_V1
subj08,fold_1,test,B:C,vis2vis,58,202,71,215,V2V_ROY_WITHIN_SPLIT_DERANGEMENT_V1,908ce1f927ae651f,ed3f7f529848e5c3,PAIRING_V1
subj08,fold_1,test,B:C,vis2vis,71,215,58,202,V2V_ROY_WITHIN_SPLIT_DERANGEMENT_V1,908ce1f927ae651f,ed3f7f529848e5c3,PAIRING_V1
subj08,fold_1,test,B:D,vis2vis,70,214,93,237,V2V_ROY_WITHIN_SPLIT_DERANGEMENT_V1,908ce1f927ae651f,caf52d44adcc9557,PAIRING_V1
subj08,fold_1,test,B:D,vis2vis,93,237,70,214,V2V_ROY_WITHIN_SPLIT_DERANGEMENT_V1,908ce1f927ae651f,caf52d44adcc9557,PAIRING_V1
subj08,fold_1,test,B:K,vis2vis,67,211,91,235,V2V_ROY_WITHIN_SPLIT_DERANGEMENT_V1,908ce1f927ae651f,18a6174d6ac4938b,PAIRING_V1
subj08,fold_1,test,B:K,vis2vis,91,235,67,211,V2V_ROY_WITHIN_SPLIT_DERANGEMENT_V1,908ce1f927ae651f,18a6174d6ac4938b,PAIRING_V1
subj08,fold_1,test,B:T,vis2vis,52,196,92,236,V2V_ROY_WITHIN_SPLIT_DERANGEMENT_V1,908ce1f927ae651f,7d3cb7fc11201778,PAIRING_V1
subj08,fold_1,test,B:T,vis2vis,92,236,52,196,V2V_ROY_WITHIN_SPLIT_DERANGEMENT_V1,908ce1f927ae651f,7d3cb7fc11201778,PAIRING_V1
subj08,fold_1,test,B:W,vis2vis,56,200,75,219,V2V_ROY_WITHIN_SPLIT_DERANGEMENT_V1,908ce1f927ae651f,42b1955a1c02c819,PAIRING_V1
subj08,fold_1,test,B:W,vis2vis,75,219,56,200,V2V_ROY_WITHIN_SPLIT_DERANGEMENT_V1,908ce1f927ae651f,42b1955a1c02c819,PAIRING_V1
subj08,fold_2,train,A:E,vis2vis,6,6,32,32,V2V_ROY_WITHIN_SPLIT_DERANGEMENT_V1,908ce1f927ae651f,045ea2e117edd598,PAIRING_V1
subj08,fold_2,train,A:E,vis2vis,23,23,26,26,V2V_ROY_WITHIN_SPLIT_DERANGEMENT_V1,908ce1f927ae651f,045ea2e117edd598,PAIRING_V1
subj08,fold_2,train,A:E,vis2vis,26,26,6,6,V2V_ROY_WITHIN_SPLIT_DERANGEMENT_V1,908ce1f927ae651f,045ea2e117edd598,PAIRING_V1
subj08,fold_2,train,A:E,vis2vis,32,32,23,23,V2V_ROY_WITHIN_SPLIT_DERANGEMENT_V1,908ce1f927ae651f,045ea2e117edd598,PAIRING_V1
subj08,fold_2,train,A:H,vis2vis,10,10,35,35,V2V_ROY_WITHIN_SPLIT_DERANGEMENT_V1,908ce1f927ae651f,e158528534446845,PAIRING_V1
subj08,fold_2,train,A:H,vis2vis,14,14,24,24,V2V_ROY_WITHIN_SPLIT_DERANGEMENT_V1,908ce1f927ae651f,e158528534446845,PAIRING_V1
subj08,fold_2,train,A:H,vis2vis,24,24,14,14,V2V_ROY_WITHIN_SPLIT_DERANGEMENT_V1,908ce1f927ae651f,e158528534446845,PAIRING_V1
subj08,fold_2,train,A:H,vis2vis,35,35,10,10,V2V_ROY_WITHIN_SPLIT_DERANGEMENT_V1,908ce1f927ae651f,e158528534446845,PAIRING_V1
subj08,fold_2,train,A:L,vis2vis,0,0,27,27,V2V_ROY_WITHIN_SPLIT_DERANGEMENT_V1,908ce1f927ae651f,9f04378c898114fe,PAIRING_V1
subj08,fold_2,train,A:L,vis2vis,4,4,12,12,V2V_ROY_WITHIN_SPLIT_DERANGEMENT_V1,908ce1f927ae651f,9f04378c898114fe,PAIRING_V1
subj08,fold_2,train,A:L,vis2vis,12,12,4,4,V2V_ROY_WITHIN_SPLIT_DERANGEMENT_V1,908ce1f927ae651f,9f04378c898114fe,PAIRING_V1
subj08,fold_2,train,A:L,vis2vis,27,27,0,0,V2V_ROY_WITHIN_SPLIT_DERANGEMENT_V1,908ce1f927ae651f,9f04378c898114fe,PAIRING_V1
subj08,fold_2,train,A:P,vis2vis,8,8,13,13,V2V_ROY_WITHIN_SPLIT_DERANGEMENT_V1,908ce1f927ae651f,2f4a8aa7317de095,PAIRING_V1
subj08,fold_2,train,A:P,vis2vis,13,13,8,8,V2V_ROY_WITHIN_SPLIT_DERANGEMENT_V1,908ce1f927ae651f,2f4a8aa7317de095,PAIRING_V1
subj08,fold_2,train,A:P,vis2vis,16,16,34,34,V2V_ROY_WITHIN_SPLIT_DERANGEMENT_V1,908ce1f927ae651f,2f4a8aa7317de095,PAIRING_V1
subj08,fold_2,train,A:P,vis2vis,34,34,16,16,V2V_ROY_WITHIN_SPLIT_DERANGEMENT_V1,908ce1f927ae651f,2f4a8aa7317de095,PAIRING_V1
subj08,fold_2,train,A:R,vis2vis,17,17,30,30,V2V_ROY_WITHIN_SPLIT_DERANGEMENT_V1,908ce1f927ae651f,3ae2298cbb06fb19,PAIRING_V1
subj08,fold_2,train,A:R,vis2vis,22,22,46,46,V2V_ROY_WITHIN_SPLIT_DERANGEMENT_V1,908ce1f927ae651f,3ae2298cbb06fb19,PAIRING_V1
subj08,fold_2,train,A:R,vis2vis,30,30,17,17,V2V_ROY_WITHIN_SPLIT_DERANGEMENT_V1,908ce1f927ae651f,3ae2298cbb06fb19,PAIRING_V1
subj08,fold_2,train,A:R,vis2vis,46,46,22,22,V2V_ROY_WITHIN_SPLIT_DERANGEMENT_V1,908ce1f927ae651f,3ae2298cbb06fb19,PAIRING_V1
subj08,fold_2,train,A:V,vis2vis,1,1,45,45,V2V_ROY_WITHIN_SPLIT_DERANGEMENT_V1,908ce1f927ae651f,cc50121b778e46e9,PAIRING_V1
subj08,fold_2,train,A:V,vis2vis,3,3,40,40,V2V_ROY_WITHIN_SPLIT_DERANGEMENT_V1,908ce1f927ae651f,cc50121b778e46e9,PAIRING_V1
subj08,fold_2,train,A:V,vis2vis,40,40,3,3,V2V_ROY_WITHIN_SPLIT_DERANGEMENT_V1,908ce1f927ae651f,cc50121b778e46e9,PAIRING_V1
subj08,fold_2,train,A:V,vis2vis,45,45,1,1,V2V_ROY_WITHIN_SPLIT_DERANGEMENT_V1,908ce1f927ae651f,cc50121b778e46e9,PAIRING_V1
subj08,fold_2,train,B:B,vis2vis,66,210,79,223,V2V_ROY_WITHIN_SPLIT_DERANGEMENT_V1,908ce1f927ae651f,5be48a3acc06857a,PAIRING_V1
subj08,fold_2,train,B:B,vis2vis,76,220,94,238,V2V_ROY_WITHIN_SPLIT_DERANGEMENT_V1,908ce1f927ae651f,5be48a3acc06857a,PAIRING_V1
subj08,fold_2,train,B:B,vis2vis,79,223,66,210,V2V_ROY_WITHIN_SPLIT_DERANGEMENT_V1,908ce1f927ae651f,5be48a3acc06857a,PAIRING_V1
subj08,fold_2,train,B:B,vis2vis,94,238,76,220,V2V_ROY_WITHIN_SPLIT_DERANGEMENT_V1,908ce1f927ae651f,5be48a3acc06857a,PAIRING_V1
subj08,fold_2,train,B:C,vis2vis,58,202,64,208,V2V_ROY_WITHIN_SPLIT_DERANGEMENT_V1,908ce1f927ae651f,4f8135845c79c5ae,PAIRING_V1
subj08,fold_2,train,B:C,vis2vis,64,208,58,202,V2V_ROY_WITHIN_SPLIT_DERANGEMENT_V1,908ce1f927ae651f,4f8135845c79c5ae,PAIRING_V1
subj08,fold_2,train,B:C,vis2vis,71,215,86,230,V2V_ROY_WITHIN_SPLIT_DERANGEMENT_V1,908ce1f927ae651f,4f8135845c79c5ae,PAIRING_V1
subj08,fold_2,train,B:C,vis2vis,86,230,71,215,V2V_ROY_WITHIN_SPLIT_DERANGEMENT_V1,908ce1f927ae651f,4f8135845c79c5ae,PAIRING_V1
subj08,fold_2,train,B:D,vis2vis,51,195,54,198,V2V_ROY_WITHIN_SPLIT_DERANGEMENT_V1,908ce1f927ae651f,1dca5e1940b2a18d,PAIRING_V1
subj08,fold_2,train,B:D,vis2vis,54,198,93,237,V2V_ROY_WITHIN_SPLIT_DERANGEMENT_V1,908ce1f927ae651f,1dca5e1940b2a18d,PAIRING_V1
subj08,fold_2,train,B:D,vis2vis,70,214,51,195,V2V_ROY_WITHIN_SPLIT_DERANGEMENT_V1,908ce1f927ae651f,1dca5e1940b2a18d,PAIRING_V1
subj08,fold_2,train,B:D,vis2vis,93,237,70,214,V2V_ROY_WITHIN_SPLIT_DERANGEMENT_V1,908ce1f927ae651f,1dca5e1940b2a18d,PAIRING_V1
subj08,fold_2,train,B:K,vis2vis,55,199,91,235,V2V_ROY_WITHIN_SPLIT_DERANGEMENT_V1,908ce1f927ae651f,d252b5f2c9129eed,PAIRING_V1
subj08,fold_2,train,B:K,vis2vis,67,211,55,199,V2V_ROY_WITHIN_SPLIT_DERANGEMENT_V1,908ce1f927ae651f,d252b5f2c9129eed,PAIRING_V1
subj08,fold_2,train,B:K,vis2vis,78,222,67,211,V2V_ROY_WITHIN_SPLIT_DERANGEMENT_V1,908ce1f927ae651f,d252b5f2c9129eed,PAIRING_V1
subj08,fold_2,train,B:K,vis2vis,91,235,78,222,V2V_ROY_WITHIN_SPLIT_DERANGEMENT_V1,908ce1f927ae651f,d252b5f2c9129eed,PAIRING_V1
subj08,fold_2,train,B:T,vis2vis,52,196,92,236,V2V_ROY_WITHIN_SPLIT_DERANGEMENT_V1,908ce1f927ae651f,e58ca9323b7bcc1d,PAIRING_V1
subj08,fold_2,train,B:T,vis2vis,74,218,88,232,V2V_ROY_WITHIN_SPLIT_DERANGEMENT_V1,908ce1f927ae651f,e58ca9323b7bcc1d,PAIRING_V1
subj08,fold_2,train,B:T,vis2vis,88,232,52,196,V2V_ROY_WITHIN_SPLIT_DERANGEMENT_V1,908ce1f927ae651f,e58ca9323b7bcc1d,PAIRING_V1
subj08,fold_2,train,B:T,vis2vis,92,236,74,218,V2V_ROY_WITHIN_SPLIT_DERANGEMENT_V1,908ce1f927ae651f,e58ca9323b7bcc1d,PAIRING_V1
subj08,fold_2,train,B:W,vis2vis,50,194,56,200,V2V_ROY_WITHIN_SPLIT_DERANGEMENT_V1,908ce1f927ae651f,01511f8cd7211550,PAIRING_V1
subj08,fold_2,train,B:W,vis2vis,56,200,75,219,V2V_ROY_WITHIN_SPLIT_DERANGEMENT_V1,908ce1f927ae651f,01511f8cd7211550,PAIRING_V1
subj08,fold_2,train,B:W,vis2vis,75,219,87,231,V2V_ROY_WITHIN_SPLIT_DERANGEMENT_V1,908ce1f927ae651f,01511f8cd7211550,PAIRING_V1
subj08,fold_2,train,B:W,vis2vis,87,231,50,194,V2V_ROY_WITHIN_SPLIT_DERANGEMENT_V1,908ce1f927ae651f,01511f8cd7211550,PAIRING_V1
subj08,fold_2,val,A:E,vis2vis,9,9,38,38,V2V_ROY_WITHIN_SPLIT_DERANGEMENT_V1,908ce1f927ae651f,21fafe489b87d674,PAIRING_V1
subj08,fold_2,val,A:E,vis2vis,38,38,9,9,V2V_ROY_WITHIN_SPLIT_DERANGEMENT_V1,908ce1f927ae651f,21fafe489b87d674,PAIRING_V1
subj08,fold_2,val,A:H,vis2vis,18,18,21,21,V2V_ROY_WITHIN_SPLIT_DERANGEMENT_V1,908ce1f927ae651f,3e236e087743d015,PAIRING_V1
subj08,fold_2,val,A:H,vis2vis,21,21,18,18,V2V_ROY_WITHIN_SPLIT_DERANGEMENT_V1,908ce1f927ae651f,3e236e087743d015,PAIRING_V1
subj08,fold_2,val,A:L,vis2vis,7,7,29,29,V2V_ROY_WITHIN_SPLIT_DERANGEMENT_V1,908ce1f927ae651f,2dfab3d19799df27,PAIRING_V1
subj08,fold_2,val,A:L,vis2vis,29,29,7,7,V2V_ROY_WITHIN_SPLIT_DERANGEMENT_V1,908ce1f927ae651f,2dfab3d19799df27,PAIRING_V1
subj08,fold_2,val,A:P,vis2vis,11,11,37,37,V2V_ROY_WITHIN_SPLIT_DERANGEMENT_V1,908ce1f927ae651f,c1a23e4db55e189d,PAIRING_V1
subj08,fold_2,val,A:P,vis2vis,37,37,11,11,V2V_ROY_WITHIN_SPLIT_DERANGEMENT_V1,908ce1f927ae651f,c1a23e4db55e189d,PAIRING_V1
subj08,fold_2,val,A:R,vis2vis,5,5,44,44,V2V_ROY_WITHIN_SPLIT_DERANGEMENT_V1,908ce1f927ae651f,f2b7b63b970efbfa,PAIRING_V1
subj08,fold_2,val,A:R,vis2vis,44,44,5,5,V2V_ROY_WITHIN_SPLIT_DERANGEMENT_V1,908ce1f927ae651f,f2b7b63b970efbfa,PAIRING_V1
subj08,fold_2,val,A:V,vis2vis,31,31,33,33,V2V_ROY_WITHIN_SPLIT_DERANGEMENT_V1,908ce1f927ae651f,51d195708f9e1971,PAIRING_V1
subj08,fold_2,val,A:V,vis2vis,33,33,31,31,V2V_ROY_WITHIN_SPLIT_DERANGEMENT_V1,908ce1f927ae651f,51d195708f9e1971,PAIRING_V1
subj08,fold_2,val,B:B,vis2vis,83,227,85,229,V2V_ROY_WITHIN_SPLIT_DERANGEMENT_V1,908ce1f927ae651f,a4237914cb7d2e19,PAIRING_V1
subj08,fold_2,val,B:B,vis2vis,85,229,83,227,V2V_ROY_WITHIN_SPLIT_DERANGEMENT_V1,908ce1f927ae651f,a4237914cb7d2e19,PAIRING_V1
subj08,fold_2,val,B:C,vis2vis,49,193,73,217,V2V_ROY_WITHIN_SPLIT_DERANGEMENT_V1,908ce1f927ae651f,efd6655de9bb0cfb,PAIRING_V1
subj08,fold_2,val,B:C,vis2vis,73,217,49,193,V2V_ROY_WITHIN_SPLIT_DERANGEMENT_V1,908ce1f927ae651f,efd6655de9bb0cfb,PAIRING_V1
subj08,fold_2,val,B:D,vis2vis,61,205,65,209,V2V_ROY_WITHIN_SPLIT_DERANGEMENT_V1,908ce1f927ae651f,839dd4e93bcd70ea,PAIRING_V1
subj08,fold_2,val,B:D,vis2vis,65,209,61,205,V2V_ROY_WITHIN_SPLIT_DERANGEMENT_V1,908ce1f927ae651f,839dd4e93bcd70ea,PAIRING_V1
subj08,fold_2,val,B:K,vis2vis,57,201,84,228,V2V_ROY_WITHIN_SPLIT_DERANGEMENT_V1,908ce1f927ae651f,4e10c16734310030,PAIRING_V1
subj08,fold_2,val,B:K,vis2vis,84,228,57,201,V2V_ROY_WITHIN_SPLIT_DERANGEMENT_V1,908ce1f927ae651f,4e10c16734310030,PAIRING_V1
subj08,fold_2,val,B:T,vis2vis,69,213,80,224,V2V_ROY_WITHIN_SPLIT_DERANGEMENT_V1,908ce1f927ae651f,12441870cccf6fda,PAIRING_V1
subj08,fold_2,val,B:T,vis2vis,80,224,69,213,V2V_ROY_WITHIN_SPLIT_DERANGEMENT_V1,908ce1f927ae651f,12441870cccf6fda,PAIRING_V1
subj08,fold_2,val,B:W,vis2vis,48,192,63,207,V2V_ROY_WITHIN_SPLIT_DERANGEMENT_V1,908ce1f927ae651f,03e52d65671fe4eb,PAIRING_V1
subj08,fold_2,val,B:W,vis2vis,63,207,48,192,V2V_ROY_WITHIN_SPLIT_DERANGEMENT_V1,908ce1f927ae651f,03e52d65671fe4eb,PAIRING_V1
subj08,fold_2,test,A:E,vis2vis,43,43,47,47,V2V_ROY_WITHIN_SPLIT_DERANGEMENT_V1,908ce1f927ae651f,81d13424625dc1bd,PAIRING_V1
subj08,fold_2,test,A:E,vis2vis,47,47,43,43,V2V_ROY_WITHIN_SPLIT_DERANGEMENT_V1,908ce1f927ae651f,81d13424625dc1bd,PAIRING_V1
subj08,fold_2,test,A:H,vis2vis,2,2,28,28,V2V_ROY_WITHIN_SPLIT_DERANGEMENT_V1,908ce1f927ae651f,a1a5ac501ad12ee4,PAIRING_V1
subj08,fold_2,test,A:H,vis2vis,28,28,2,2,V2V_ROY_WITHIN_SPLIT_DERANGEMENT_V1,908ce1f927ae651f,a1a5ac501ad12ee4,PAIRING_V1
subj08,fold_2,test,A:L,vis2vis,36,36,42,42,V2V_ROY_WITHIN_SPLIT_DERANGEMENT_V1,908ce1f927ae651f,9b3ad605e6e8865b,PAIRING_V1
subj08,fold_2,test,A:L,vis2vis,42,42,36,36,V2V_ROY_WITHIN_SPLIT_DERANGEMENT_V1,908ce1f927ae651f,9b3ad605e6e8865b,PAIRING_V1
subj08,fold_2,test,A:P,vis2vis,20,20,41,41,V2V_ROY_WITHIN_SPLIT_DERANGEMENT_V1,908ce1f927ae651f,a6b22e3f48d82911,PAIRING_V1
subj08,fold_2,test,A:P,vis2vis,41,41,20,20,V2V_ROY_WITHIN_SPLIT_DERANGEMENT_V1,908ce1f927ae651f,a6b22e3f48d82911,PAIRING_V1
subj08,fold_2,test,A:R,vis2vis,25,25,39,39,V2V_ROY_WITHIN_SPLIT_DERANGEMENT_V1,908ce1f927ae651f,cfbdd2d1a91d690b,PAIRING_V1
subj08,fold_2,test,A:R,vis2vis,39,39,25,25,V2V_ROY_WITHIN_SPLIT_DERANGEMENT_V1,908ce1f927ae651f,cfbdd2d1a91d690b,PAIRING_V1
subj08,fold_2,test,A:V,vis2vis,15,15,19,19,V2V_ROY_WITHIN_SPLIT_DERANGEMENT_V1,908ce1f927ae651f,8cd69a8960f9a458,PAIRING_V1
subj08,fold_2,test,A:V,vis2vis,19,19,15,15,V2V_ROY_WITHIN_SPLIT_DERANGEMENT_V1,908ce1f927ae651f,8cd69a8960f9a458,PAIRING_V1
subj08,fold_2,test,B:B,vis2vis,53,197,89,233,V2V_ROY_WITHIN_SPLIT_DERANGEMENT_V1,908ce1f927ae651f,ff987dd464a63a01,PAIRING_V1
subj08,fold_2,test,B:B,vis2vis,89,233,53,197,V2V_ROY_WITHIN_SPLIT_DERANGEMENT_V1,908ce1f927ae651f,ff987dd464a63a01,PAIRING_V1
subj08,fold_2,test,B:C,vis2vis,62,206,90,234,V2V_ROY_WITHIN_SPLIT_DERANGEMENT_V1,908ce1f927ae651f,afb3a45004b359e8,PAIRING_V1
subj08,fold_2,test,B:C,vis2vis,90,234,62,206,V2V_ROY_WITHIN_SPLIT_DERANGEMENT_V1,908ce1f927ae651f,afb3a45004b359e8,PAIRING_V1
subj08,fold_2,test,B:D,vis2vis,68,212,81,225,V2V_ROY_WITHIN_SPLIT_DERANGEMENT_V1,908ce1f927ae651f,4a8d0add443ff885,PAIRING_V1
subj08,fold_2,test,B:D,vis2vis,81,225,68,212,V2V_ROY_WITHIN_SPLIT_DERANGEMENT_V1,908ce1f927ae651f,4a8d0add443ff885,PAIRING_V1
subj08,fold_2,test,B:K,vis2vis,59,203,82,226,V2V_ROY_WITHIN_SPLIT_DERANGEMENT_V1,908ce1f927ae651f,7bc60f2514b44a0a,PAIRING_V1
subj08,fold_2,test,B:K,vis2vis,82,226,59,203,V2V_ROY_WITHIN_SPLIT_DERANGEMENT_V1,908ce1f927ae651f,7bc60f2514b44a0a,PAIRING_V1
subj08,fold_2,test,B:T,vis2vis,60,204,95,239,V2V_ROY_WITHIN_SPLIT_DERANGEMENT_V1,908ce1f927ae651f,73170fd974d7aba0,PAIRING_V1
subj08,fold_2,test,B:T,vis2vis,95,239,60,204,V2V_ROY_WITHIN_SPLIT_DERANGEMENT_V1,908ce1f927ae651f,73170fd974d7aba0,PAIRING_V1
subj08,fold_2,test,B:W,vis2vis,72,216,77,221,V2V_ROY_WITHIN_SPLIT_DERANGEMENT_V1,908ce1f927ae651f,d1166b09c5f365ea,PAIRING_V1
subj08,fold_2,test,B:W,vis2vis,77,221,72,216,V2V_ROY_WITHIN_SPLIT_DERANGEMENT_V1,908ce1f927ae651f,d1166b09c5f365ea,PAIRING_V1
subj08,fold_3,train,A:E,vis2vis,6,6,32,32,V2V_ROY_WITHIN_SPLIT_DERANGEMENT_V1,908ce1f927ae651f,e7870171f459a73f,PAIRING_V1
subj08,fold_3,train,A:E,vis2vis,23,23,26,26,V2V_ROY_WITHIN_SPLIT_DERANGEMENT_V1,908ce1f927ae651f,e7870171f459a73f,PAIRING_V1
subj08,fold_3,train,A:E,vis2vis,26,26,23,23,V2V_ROY_WITHIN_SPLIT_DERANGEMENT_V1,908ce1f927ae651f,e7870171f459a73f,PAIRING_V1
subj08,fold_3,train,A:E,vis2vis,32,32,6,6,V2V_ROY_WITHIN_SPLIT_DERANGEMENT_V1,908ce1f927ae651f,e7870171f459a73f,PAIRING_V1
subj08,fold_3,train,A:H,vis2vis,10,10,35,35,V2V_ROY_WITHIN_SPLIT_DERANGEMENT_V1,908ce1f927ae651f,4b7e88fc2356c13e,PAIRING_V1
subj08,fold_3,train,A:H,vis2vis,14,14,24,24,V2V_ROY_WITHIN_SPLIT_DERANGEMENT_V1,908ce1f927ae651f,4b7e88fc2356c13e,PAIRING_V1
subj08,fold_3,train,A:H,vis2vis,24,24,10,10,V2V_ROY_WITHIN_SPLIT_DERANGEMENT_V1,908ce1f927ae651f,4b7e88fc2356c13e,PAIRING_V1
subj08,fold_3,train,A:H,vis2vis,35,35,14,14,V2V_ROY_WITHIN_SPLIT_DERANGEMENT_V1,908ce1f927ae651f,4b7e88fc2356c13e,PAIRING_V1
subj08,fold_3,train,A:L,vis2vis,0,0,4,4,V2V_ROY_WITHIN_SPLIT_DERANGEMENT_V1,908ce1f927ae651f,f2d383b2ad8dd2ee,PAIRING_V1
subj08,fold_3,train,A:L,vis2vis,4,4,27,27,V2V_ROY_WITHIN_SPLIT_DERANGEMENT_V1,908ce1f927ae651f,f2d383b2ad8dd2ee,PAIRING_V1
subj08,fold_3,train,A:L,vis2vis,12,12,0,0,V2V_ROY_WITHIN_SPLIT_DERANGEMENT_V1,908ce1f927ae651f,f2d383b2ad8dd2ee,PAIRING_V1
subj08,fold_3,train,A:L,vis2vis,27,27,12,12,V2V_ROY_WITHIN_SPLIT_DERANGEMENT_V1,908ce1f927ae651f,f2d383b2ad8dd2ee,PAIRING_V1
subj08,fold_3,train,A:P,vis2vis,8,8,34,34,V2V_ROY_WITHIN_SPLIT_DERANGEMENT_V1,908ce1f927ae651f,9c33888a28acc933,PAIRING_V1
subj08,fold_3,train,A:P,vis2vis,13,13,8,8,V2V_ROY_WITHIN_SPLIT_DERANGEMENT_V1,908ce1f927ae651f,9c33888a28acc933,PAIRING_V1
subj08,fold_3,train,A:P,vis2vis,16,16,13,13,V2V_ROY_WITHIN_SPLIT_DERANGEMENT_V1,908ce1f927ae651f,9c33888a28acc933,PAIRING_V1
subj08,fold_3,train,A:P,vis2vis,34,34,16,16,V2V_ROY_WITHIN_SPLIT_DERANGEMENT_V1,908ce1f927ae651f,9c33888a28acc933,PAIRING_V1
subj08,fold_3,train,A:R,vis2vis,17,17,30,30,V2V_ROY_WITHIN_SPLIT_DERANGEMENT_V1,908ce1f927ae651f,d224d213a9a2c215,PAIRING_V1
subj08,fold_3,train,A:R,vis2vis,22,22,17,17,V2V_ROY_WITHIN_SPLIT_DERANGEMENT_V1,908ce1f927ae651f,d224d213a9a2c215,PAIRING_V1
subj08,fold_3,train,A:R,vis2vis,30,30,46,46,V2V_ROY_WITHIN_SPLIT_DERANGEMENT_V1,908ce1f927ae651f,d224d213a9a2c215,PAIRING_V1
subj08,fold_3,train,A:R,vis2vis,46,46,22,22,V2V_ROY_WITHIN_SPLIT_DERANGEMENT_V1,908ce1f927ae651f,d224d213a9a2c215,PAIRING_V1
subj08,fold_3,train,A:V,vis2vis,1,1,40,40,V2V_ROY_WITHIN_SPLIT_DERANGEMENT_V1,908ce1f927ae651f,396c0184e1de9b9c,PAIRING_V1
subj08,fold_3,train,A:V,vis2vis,3,3,45,45,V2V_ROY_WITHIN_SPLIT_DERANGEMENT_V1,908ce1f927ae651f,396c0184e1de9b9c,PAIRING_V1
subj08,fold_3,train,A:V,vis2vis,40,40,3,3,V2V_ROY_WITHIN_SPLIT_DERANGEMENT_V1,908ce1f927ae651f,396c0184e1de9b9c,PAIRING_V1
subj08,fold_3,train,A:V,vis2vis,45,45,1,1,V2V_ROY_WITHIN_SPLIT_DERANGEMENT_V1,908ce1f927ae651f,396c0184e1de9b9c,PAIRING_V1
subj08,fold_3,train,B:B,vis2vis,66,210,76,220,V2V_ROY_WITHIN_SPLIT_DERANGEMENT_V1,908ce1f927ae651f,96d47f8f7b14da12,PAIRING_V1
subj08,fold_3,train,B:B,vis2vis,76,220,66,210,V2V_ROY_WITHIN_SPLIT_DERANGEMENT_V1,908ce1f927ae651f,96d47f8f7b14da12,PAIRING_V1
subj08,fold_3,train,B:B,vis2vis,79,223,94,238,V2V_ROY_WITHIN_SPLIT_DERANGEMENT_V1,908ce1f927ae651f,96d47f8f7b14da12,PAIRING_V1
subj08,fold_3,train,B:B,vis2vis,94,238,79,223,V2V_ROY_WITHIN_SPLIT_DERANGEMENT_V1,908ce1f927ae651f,96d47f8f7b14da12,PAIRING_V1
subj08,fold_3,train,B:C,vis2vis,58,202,64,208,V2V_ROY_WITHIN_SPLIT_DERANGEMENT_V1,908ce1f927ae651f,c8f896e44630aec2,PAIRING_V1
subj08,fold_3,train,B:C,vis2vis,64,208,58,202,V2V_ROY_WITHIN_SPLIT_DERANGEMENT_V1,908ce1f927ae651f,c8f896e44630aec2,PAIRING_V1
subj08,fold_3,train,B:C,vis2vis,71,215,86,230,V2V_ROY_WITHIN_SPLIT_DERANGEMENT_V1,908ce1f927ae651f,c8f896e44630aec2,PAIRING_V1
subj08,fold_3,train,B:C,vis2vis,86,230,71,215,V2V_ROY_WITHIN_SPLIT_DERANGEMENT_V1,908ce1f927ae651f,c8f896e44630aec2,PAIRING_V1
subj08,fold_3,train,B:D,vis2vis,51,195,70,214,V2V_ROY_WITHIN_SPLIT_DERANGEMENT_V1,908ce1f927ae651f,fea6ce7931f370a2,PAIRING_V1
subj08,fold_3,train,B:D,vis2vis,54,198,93,237,V2V_ROY_WITHIN_SPLIT_DERANGEMENT_V1,908ce1f927ae651f,fea6ce7931f370a2,PAIRING_V1
subj08,fold_3,train,B:D,vis2vis,70,214,51,195,V2V_ROY_WITHIN_SPLIT_DERANGEMENT_V1,908ce1f927ae651f,fea6ce7931f370a2,PAIRING_V1
subj08,fold_3,train,B:D,vis2vis,93,237,54,198,V2V_ROY_WITHIN_SPLIT_DERANGEMENT_V1,908ce1f927ae651f,fea6ce7931f370a2,PAIRING_V1
subj08,fold_3,train,B:K,vis2vis,55,199,67,211,V2V_ROY_WITHIN_SPLIT_DERANGEMENT_V1,908ce1f927ae651f,79660d5606a32f46,PAIRING_V1
subj08,fold_3,train,B:K,vis2vis,67,211,91,235,V2V_ROY_WITHIN_SPLIT_DERANGEMENT_V1,908ce1f927ae651f,79660d5606a32f46,PAIRING_V1
subj08,fold_3,train,B:K,vis2vis,78,222,55,199,V2V_ROY_WITHIN_SPLIT_DERANGEMENT_V1,908ce1f927ae651f,79660d5606a32f46,PAIRING_V1
subj08,fold_3,train,B:K,vis2vis,91,235,78,222,V2V_ROY_WITHIN_SPLIT_DERANGEMENT_V1,908ce1f927ae651f,79660d5606a32f46,PAIRING_V1
subj08,fold_3,train,B:T,vis2vis,52,196,88,232,V2V_ROY_WITHIN_SPLIT_DERANGEMENT_V1,908ce1f927ae651f,ed1d62b032e89a2d,PAIRING_V1
subj08,fold_3,train,B:T,vis2vis,74,218,92,236,V2V_ROY_WITHIN_SPLIT_DERANGEMENT_V1,908ce1f927ae651f,ed1d62b032e89a2d,PAIRING_V1
subj08,fold_3,train,B:T,vis2vis,88,232,74,218,V2V_ROY_WITHIN_SPLIT_DERANGEMENT_V1,908ce1f927ae651f,ed1d62b032e89a2d,PAIRING_V1
subj08,fold_3,train,B:T,vis2vis,92,236,52,196,V2V_ROY_WITHIN_SPLIT_DERANGEMENT_V1,908ce1f927ae651f,ed1d62b032e89a2d,PAIRING_V1
subj08,fold_3,train,B:W,vis2vis,50,194,75,219,V2V_ROY_WITHIN_SPLIT_DERANGEMENT_V1,908ce1f927ae651f,5e70ccf403ba05f0,PAIRING_V1
subj08,fold_3,train,B:W,vis2vis,56,200,87,231,V2V_ROY_WITHIN_SPLIT_DERANGEMENT_V1,908ce1f927ae651f,5e70ccf403ba05f0,PAIRING_V1
subj08,fold_3,train,B:W,vis2vis,75,219,50,194,V2V_ROY_WITHIN_SPLIT_DERANGEMENT_V1,908ce1f927ae651f,5e70ccf403ba05f0,PAIRING_V1
subj08,fold_3,train,B:W,vis2vis,87,231,56,200,V2V_ROY_WITHIN_SPLIT_DERANGEMENT_V1,908ce1f927ae651f,5e70ccf403ba05f0,PAIRING_V1
subj08,fold_3,val,A:E,vis2vis,43,43,47,47,V2V_ROY_WITHIN_SPLIT_DERANGEMENT_V1,908ce1f927ae651f,8302656b222c77ce,PAIRING_V1
subj08,fold_3,val,A:E,vis2vis,47,47,43,43,V2V_ROY_WITHIN_SPLIT_DERANGEMENT_V1,908ce1f927ae651f,8302656b222c77ce,PAIRING_V1
subj08,fold_3,val,A:H,vis2vis,2,2,28,28,V2V_ROY_WITHIN_SPLIT_DERANGEMENT_V1,908ce1f927ae651f,4dc52f282beebdc0,PAIRING_V1
subj08,fold_3,val,A:H,vis2vis,28,28,2,2,V2V_ROY_WITHIN_SPLIT_DERANGEMENT_V1,908ce1f927ae651f,4dc52f282beebdc0,PAIRING_V1
subj08,fold_3,val,A:L,vis2vis,36,36,42,42,V2V_ROY_WITHIN_SPLIT_DERANGEMENT_V1,908ce1f927ae651f,0df85b2202243e18,PAIRING_V1
subj08,fold_3,val,A:L,vis2vis,42,42,36,36,V2V_ROY_WITHIN_SPLIT_DERANGEMENT_V1,908ce1f927ae651f,0df85b2202243e18,PAIRING_V1
subj08,fold_3,val,A:P,vis2vis,20,20,41,41,V2V_ROY_WITHIN_SPLIT_DERANGEMENT_V1,908ce1f927ae651f,3c2e2779fcd3bdd7,PAIRING_V1
subj08,fold_3,val,A:P,vis2vis,41,41,20,20,V2V_ROY_WITHIN_SPLIT_DERANGEMENT_V1,908ce1f927ae651f,3c2e2779fcd3bdd7,PAIRING_V1
subj08,fold_3,val,A:R,vis2vis,25,25,39,39,V2V_ROY_WITHIN_SPLIT_DERANGEMENT_V1,908ce1f927ae651f,1c72e196986ea6b7,PAIRING_V1
subj08,fold_3,val,A:R,vis2vis,39,39,25,25,V2V_ROY_WITHIN_SPLIT_DERANGEMENT_V1,908ce1f927ae651f,1c72e196986ea6b7,PAIRING_V1
subj08,fold_3,val,A:V,vis2vis,15,15,19,19,V2V_ROY_WITHIN_SPLIT_DERANGEMENT_V1,908ce1f927ae651f,ea2db435af1c98cb,PAIRING_V1
subj08,fold_3,val,A:V,vis2vis,19,19,15,15,V2V_ROY_WITHIN_SPLIT_DERANGEMENT_V1,908ce1f927ae651f,ea2db435af1c98cb,PAIRING_V1
subj08,fold_3,val,B:B,vis2vis,53,197,89,233,V2V_ROY_WITHIN_SPLIT_DERANGEMENT_V1,908ce1f927ae651f,faf3f4668058c80b,PAIRING_V1
subj08,fold_3,val,B:B,vis2vis,89,233,53,197,V2V_ROY_WITHIN_SPLIT_DERANGEMENT_V1,908ce1f927ae651f,faf3f4668058c80b,PAIRING_V1
subj08,fold_3,val,B:C,vis2vis,62,206,90,234,V2V_ROY_WITHIN_SPLIT_DERANGEMENT_V1,908ce1f927ae651f,58efecc6a25d5b39,PAIRING_V1
subj08,fold_3,val,B:C,vis2vis,90,234,62,206,V2V_ROY_WITHIN_SPLIT_DERANGEMENT_V1,908ce1f927ae651f,58efecc6a25d5b39,PAIRING_V1
subj08,fold_3,val,B:D,vis2vis,68,212,81,225,V2V_ROY_WITHIN_SPLIT_DERANGEMENT_V1,908ce1f927ae651f,26ef3f63afdcd423,PAIRING_V1
subj08,fold_3,val,B:D,vis2vis,81,225,68,212,V2V_ROY_WITHIN_SPLIT_DERANGEMENT_V1,908ce1f927ae651f,26ef3f63afdcd423,PAIRING_V1
subj08,fold_3,val,B:K,vis2vis,59,203,82,226,V2V_ROY_WITHIN_SPLIT_DERANGEMENT_V1,908ce1f927ae651f,a5d297c0546b780d,PAIRING_V1
subj08,fold_3,val,B:K,vis2vis,82,226,59,203,V2V_ROY_WITHIN_SPLIT_DERANGEMENT_V1,908ce1f927ae651f,a5d297c0546b780d,PAIRING_V1
subj08,fold_3,val,B:T,vis2vis,60,204,95,239,V2V_ROY_WITHIN_SPLIT_DERANGEMENT_V1,908ce1f927ae651f,d8d603f89009bd8f,PAIRING_V1
subj08,fold_3,val,B:T,vis2vis,95,239,60,204,V2V_ROY_WITHIN_SPLIT_DERANGEMENT_V1,908ce1f927ae651f,d8d603f89009bd8f,PAIRING_V1
subj08,fold_3,val,B:W,vis2vis,72,216,77,221,V2V_ROY_WITHIN_SPLIT_DERANGEMENT_V1,908ce1f927ae651f,066bf5fed9fba310,PAIRING_V1
subj08,fold_3,val,B:W,vis2vis,77,221,72,216,V2V_ROY_WITHIN_SPLIT_DERANGEMENT_V1,908ce1f927ae651f,066bf5fed9fba310,PAIRING_V1
subj08,fold_3,test,A:E,vis2vis,9,9,38,38,V2V_ROY_WITHIN_SPLIT_DERANGEMENT_V1,908ce1f927ae651f,849b32d1dd6ae566,PAIRING_V1
subj08,fold_3,test,A:E,vis2vis,38,38,9,9,V2V_ROY_WITHIN_SPLIT_DERANGEMENT_V1,908ce1f927ae651f,849b32d1dd6ae566,PAIRING_V1
subj08,fold_3,test,A:H,vis2vis,18,18,21,21,V2V_ROY_WITHIN_SPLIT_DERANGEMENT_V1,908ce1f927ae651f,038634c41083ea58,PAIRING_V1
subj08,fold_3,test,A:H,vis2vis,21,21,18,18,V2V_ROY_WITHIN_SPLIT_DERANGEMENT_V1,908ce1f927ae651f,038634c41083ea58,PAIRING_V1
subj08,fold_3,test,A:L,vis2vis,7,7,29,29,V2V_ROY_WITHIN_SPLIT_DERANGEMENT_V1,908ce1f927ae651f,ee772efedf5e05f8,PAIRING_V1
subj08,fold_3,test,A:L,vis2vis,29,29,7,7,V2V_ROY_WITHIN_SPLIT_DERANGEMENT_V1,908ce1f927ae651f,ee772efedf5e05f8,PAIRING_V1
subj08,fold_3,test,A:P,vis2vis,11,11,37,37,V2V_ROY_WITHIN_SPLIT_DERANGEMENT_V1,908ce1f927ae651f,d555fffe732ee5c4,PAIRING_V1
subj08,fold_3,test,A:P,vis2vis,37,37,11,11,V2V_ROY_WITHIN_SPLIT_DERANGEMENT_V1,908ce1f927ae651f,d555fffe732ee5c4,PAIRING_V1
subj08,fold_3,test,A:R,vis2vis,5,5,44,44,V2V_ROY_WITHIN_SPLIT_DERANGEMENT_V1,908ce1f927ae651f,c8fe63c1a7efda8d,PAIRING_V1
subj08,fold_3,test,A:R,vis2vis,44,44,5,5,V2V_ROY_WITHIN_SPLIT_DERANGEMENT_V1,908ce1f927ae651f,c8fe63c1a7efda8d,PAIRING_V1
subj08,fold_3,test,A:V,vis2vis,31,31,33,33,V2V_ROY_WITHIN_SPLIT_DERANGEMENT_V1,908ce1f927ae651f,e8506d2c3e9a0e97,PAIRING_V1
subj08,fold_3,test,A:V,vis2vis,33,33,31,31,V2V_ROY_WITHIN_SPLIT_DERANGEMENT_V1,908ce1f927ae651f,e8506d2c3e9a0e97,PAIRING_V1
subj08,fold_3,test,B:B,vis2vis,83,227,85,229,V2V_ROY_WITHIN_SPLIT_DERANGEMENT_V1,908ce1f927ae651f,b48cda7d3b38aefa,PAIRING_V1
subj08,fold_3,test,B:B,vis2vis,85,229,83,227,V2V_ROY_WITHIN_SPLIT_DERANGEMENT_V1,908ce1f927ae651f,b48cda7d3b38aefa,PAIRING_V1
subj08,fold_3,test,B:C,vis2vis,49,193,73,217,V2V_ROY_WITHIN_SPLIT_DERANGEMENT_V1,908ce1f927ae651f,6ba796ae57751647,PAIRING_V1
subj08,fold_3,test,B:C,vis2vis,73,217,49,193,V2V_ROY_WITHIN_SPLIT_DERANGEMENT_V1,908ce1f927ae651f,6ba796ae57751647,PAIRING_V1
subj08,fold_3,test,B:D,vis2vis,61,205,65,209,V2V_ROY_WITHIN_SPLIT_DERANGEMENT_V1,908ce1f927ae651f,98c4295680242086,PAIRING_V1
subj08,fold_3,test,B:D,vis2vis,65,209,61,205,V2V_ROY_WITHIN_SPLIT_DERANGEMENT_V1,908ce1f927ae651f,98c4295680242086,PAIRING_V1
subj08,fold_3,test,B:K,vis2vis,57,201,84,228,V2V_ROY_WITHIN_SPLIT_DERANGEMENT_V1,908ce1f927ae651f,db007cf0c81469e1,PAIRING_V1
subj08,fold_3,test,B:K,vis2vis,84,228,57,201,V2V_ROY_WITHIN_SPLIT_DERANGEMENT_V1,908ce1f927ae651f,db007cf0c81469e1,PAIRING_V1
subj08,fold_3,test,B:T,vis2vis,69,213,80,224,V2V_ROY_WITHIN_SPLIT_DERANGEMENT_V1,908ce1f927ae651f,8345541199eb7fbb,PAIRING_V1
subj08,fold_3,test,B:T,vis2vis,80,224,69,213,V2V_ROY_WITHIN_SPLIT_DERANGEMENT_V1,908ce1f927ae651f,8345541199eb7fbb,PAIRING_V1
subj08,fold_3,test,B:W,vis2vis,48,192,63,207,V2V_ROY_WITHIN_SPLIT_DERANGEMENT_V1,908ce1f927ae651f,89b2900e8c9578ad,PAIRING_V1
subj08,fold_3,test,B:W,vis2vis,63,207,48,192,V2V_ROY_WITHIN_SPLIT_DERANGEMENT_V1,908ce1f927ae651f,89b2900e8c9578ad,PAIRING_V1
